{
"type": "FeatureCollection",
"name": "pm25",
"crs": { "type": "name", "properties": { "name": "urn:ogc:def:crs:EPSG::4269" } },
"features": [
{ "type": "Feature", "properties": { "AREA_NAME": "Lebanon, PA", "Status": null, "Status_120": "Nonattainment", "Id": 0, "NAME": null, "COMPOSID": "PM-2.5.2012.Lebanon_Co" }, "geometry": { "type": "MultiPolygon", "coordinates": [ [ [ [ -76.251244236933474, 40.37825146976752 ], [ -76.249763125834079, 40.377246470141074 ], [ -76.249767014755548, 40.377403692332734 ], [ -76.246156459206873, 40.374850359929496 ], [ -76.245797014766367, 40.374611471130265 ], [ -76.243545348196506, 40.373458693848761 ], [ -76.243436459310999, 40.373396471651802 ], [ -76.232316459465324, 40.36616536328404 ], [ -76.232203126142963, 40.366136474414475 ], [ -76.229908126388807, 40.36566147478743 ], [ -76.224415349199205, 40.364523697901916 ], [ -76.224105349231252, 40.364454253508939 ], [ -76.223531460404047, 40.364336475824075 ], [ -76.205557017891522, 40.360653700959119 ], [ -76.19867312883531, 40.354932591782472 ], [ -76.198572017730328, 40.354889258469711 ], [ -76.198383128857699, 40.354831480726261 ], [ -76.197090351000725, 40.35353037002136 ], [ -76.196727017664784, 40.353257592340242 ], [ -76.195508128763436, 40.35232648155602 ], [ -76.194290350941287, 40.351244259689224 ], [ -76.190003128563831, 40.347438705384491 ], [ -76.176825350478452, 40.336548709074805 ], [ -76.173351461509185, 40.333681487824663 ], [ -76.165955350225431, 40.327569267673539 ], [ -76.162490350144765, 40.32470760197657 ], [ -76.161778127925686, 40.324212602158354 ], [ -76.152040349947356, 40.316293715971256 ], [ -76.151678127712898, 40.315976493853839 ], [ -76.151623127713776, 40.315941493867285 ], [ -76.151440349932784, 40.3157953828063 ], [ -76.16001645902827, 40.312332604630456 ], [ -76.175715344327045, 40.306469270478715 ], [ -76.186692008454543, 40.302232603266134 ], [ -76.197845339246442, 40.298112602676895 ], [ -76.201738116091747, 40.296457602512589 ], [ -76.203801448946137, 40.29565371352254 ], [ -76.210929225066991, 40.29286537984251 ], [ -76.211939224830928, 40.292463713128029 ], [ -76.215286446280174, 40.29117871296063 ], [ -76.218636445499158, 40.289857601688482 ], [ -76.218858112114276, 40.289770379455717 ], [ -76.223953110931063, 40.287782601429228 ], [ -76.231811442442449, 40.284731489931914 ], [ -76.238005329886903, 40.282287600746315 ], [ -76.241563106828664, 40.280852600581738 ], [ -76.242561995487847, 40.280474267197576 ], [ -76.249688104952781, 40.277736489064523 ], [ -76.260984213442327, 40.273340377401155 ], [ -76.271576988756465, 40.269192599110909 ], [ -76.272466432992587, 40.268837599069116 ], [ -76.28382920813209, 40.264410376293199 ], [ -76.284228096928473, 40.264255376273582 ], [ -76.29037698439015, 40.261862598195876 ], [ -76.307641424812857, 40.255074264034249 ], [ -76.3077530914519, 40.255022597363677 ], [ -76.308450313549372, 40.254929263962595 ], [ -76.311031424200792, 40.254591485932337 ], [ -76.324746421769646, 40.252855373468378 ], [ -76.326104199307053, 40.252685373334259 ], [ -76.330335309669408, 40.252156484026784 ], [ -76.332816975894389, 40.251834261561385 ], [ -76.336206419739369, 40.251412594559042 ], [ -76.343935307258334, 40.250437593796448 ], [ -76.347289195560393, 40.250051482347317 ], [ -76.350400306117933, 40.249649259820217 ], [ -76.364030303649201, 40.247681480745086 ], [ -76.365706414418582, 40.247256480620536 ], [ -76.374696968374735, 40.246099257515993 ], [ -76.386103077448126, 40.244591478626887 ], [ -76.401800296863655, 40.242509254876836 ], [ -76.403899185370562, 40.242199254678553 ], [ -76.405361407351904, 40.242103698961955 ], [ -76.416748071959773, 40.240486475652176 ], [ -76.42938918080813, 40.238804252201362 ], [ -76.436421401766836, 40.237846473744469 ], [ -76.437848068130108, 40.237426473649634 ], [ -76.448191399210828, 40.234129250788499 ], [ -76.455108064373917, 40.231938694803034 ], [ -76.467323061716229, 40.22805869404641 ], [ -76.4679252838053, 40.227857582900015 ], [ -76.4687830614007, 40.227605360620714 ], [ -76.468918061369834, 40.227555360613735 ], [ -76.469260283513961, 40.227429249484715 ], [ -76.471090283114336, 40.226841471594867 ], [ -76.483340280452808, 40.222970359721671 ], [ -76.484961946766305, 40.222454248510473 ], [ -76.48515916894587, 40.222392581831457 ], [ -76.495314166740286, 40.219188692310297 ], [ -76.495879166618181, 40.219013692274473 ], [ -76.499704165827097, 40.217997580888891 ], [ -76.500189165725317, 40.217861469744491 ], [ -76.501861387607278, 40.217444247396998 ], [ -76.504761386995085, 40.216614247200425 ], [ -76.510185274693868, 40.214846469095903 ], [ -76.510456941300959, 40.214757580190735 ], [ -76.516151384494492, 40.212894246515816 ], [ -76.521521938882074, 40.21119424618314 ], [ -76.52721638207089, 40.209308690290413 ], [ -76.534056380578932, 40.207122578759481 ], [ -76.538553046261029, 40.205667578487066 ], [ -76.556348042364732, 40.199911466297863 ], [ -76.55656193120717, 40.199844244062263 ], [ -76.561406374590433, 40.198275354880309 ], [ -76.566351929084192, 40.196777576783745 ], [ -76.569288039568789, 40.195907576590798 ], [ -76.569388039549779, 40.195889243248814 ], [ -76.569766372824972, 40.195885354314328 ], [ -76.569841928464427, 40.196344243106523 ], [ -76.570691373353952, 40.199105353587015 ], [ -76.571101929081351, 40.200231464433045 ], [ -76.572141929516249, 40.203082574873065 ], [ -76.572404151833098, 40.203728685828878 ], [ -76.573966374624035, 40.207604240454032 ], [ -76.573991374634204, 40.207671462660301 ], [ -76.574001930194186, 40.207700351542371 ], [ -76.574038041319398, 40.207794240408987 ], [ -76.57429193030822, 40.208460351362078 ], [ -76.579163043162453, 40.220393681822713 ], [ -76.579213043196717, 40.220595348444817 ], [ -76.580693043786539, 40.224509236405709 ], [ -76.581116932838995, 40.225604236144989 ], [ -76.58140026628115, 40.226333680415621 ], [ -76.58206637748475, 40.227264235712084 ], [ -76.58225415531831, 40.22766923561187 ], [ -76.583748045029438, 40.23270867891182 ], [ -76.583989156238033, 40.233352567648296 ], [ -76.58569304576497, 40.23765923328466 ], [ -76.586950268432417, 40.240714232547873 ], [ -76.587438046408295, 40.242021454460939 ], [ -76.588519158047347, 40.245344231472359 ], [ -76.590076380812206, 40.24908423056803 ], [ -76.59051193651726, 40.250119230317068 ], [ -76.591205270157786, 40.252099229854366 ], [ -76.592258048261044, 40.254428673725386 ], [ -76.59577138302393, 40.263847560386409 ], [ -76.596691383387906, 40.266263670923649 ], [ -76.597795272683243, 40.269017559151848 ], [ -76.598075272786161, 40.269715336762147 ], [ -76.601035273896969, 40.277197557193631 ], [ -76.604209163972371, 40.285196444166843 ], [ -76.60456638639306, 40.286407555002995 ], [ -76.604666386436236, 40.286687554937203 ], [ -76.60581194252336, 40.290068665262595 ], [ -76.606618053891793, 40.291888664816327 ], [ -76.606751943087261, 40.293454220056617 ], [ -76.606741943163854, 40.293814219989031 ], [ -76.606951943236254, 40.294313664312483 ], [ -76.607104165501426, 40.29463033090002 ], [ -76.607406387800893, 40.295220330750396 ], [ -76.607636943426485, 40.29572366395945 ], [ -76.608491943686886, 40.297593663497594 ], [ -76.609406943965496, 40.29959421855915 ], [ -76.609915277509117, 40.300971440456181 ], [ -76.60989916641239, 40.301028662669466 ], [ -76.609973055312992, 40.301138662639289 ], [ -76.610229166457543, 40.30148532920839 ], [ -76.611214166507807, 40.302443662238204 ], [ -76.611526388824871, 40.303125328736371 ], [ -76.612049166954364, 40.305189217167197 ], [ -76.612211944841249, 40.305830328135926 ], [ -76.612975278517183, 40.308026438734203 ], [ -76.614656390457412, 40.313218659759059 ], [ -76.614969168353866, 40.314014215124303 ], [ -76.61584916867838, 40.316207547930901 ], [ -76.615991946504778, 40.316544214515829 ], [ -76.616625280053142, 40.318034214153613 ], [ -76.617028057967786, 40.318982547256496 ], [ -76.622406393195376, 40.331957544119575 ], [ -76.624690282889446, 40.337469209453673 ], [ -76.624728060680013, 40.337557542765524 ], [ -76.625430283131664, 40.339165320149959 ], [ -76.625706394368763, 40.339968653296125 ], [ -76.626106950088001, 40.341042541930847 ], [ -76.628966951097482, 40.347947540261316 ], [ -76.629033062235351, 40.348123651330695 ], [ -76.631524174297795, 40.354480316477634 ], [ -76.633675286223593, 40.359936426282843 ], [ -76.63616139833141, 40.366503646945432 ], [ -76.638786399375135, 40.37339420086272 ], [ -76.639471399636363, 40.375139200445233 ], [ -76.640329177764272, 40.37743364434607 ], [ -76.64035695555458, 40.37751419988291 ], [ -76.641683067148733, 40.38078253242918 ], [ -76.642938067605428, 40.383873642795606 ], [ -76.644318068096709, 40.387220308653468 ], [ -76.644408068139512, 40.387490308590884 ], [ -76.64444695703645, 40.387556419684586 ], [ -76.64494029055561, 40.388801419386141 ], [ -76.646198068790852, 40.391897529751361 ], [ -76.649328070017248, 40.400019194481956 ], [ -76.649773070191543, 40.401173638651187 ], [ -76.65053307048953, 40.403146415958759 ], [ -76.650883070626605, 40.40405363796458 ], [ -76.656236406059293, 40.417945301319492 ], [ -76.657073073026652, 40.419985300826738 ], [ -76.657791406569345, 40.421504189337213 ], [ -76.658206962309748, 40.422686411282427 ], [ -76.659629185168342, 40.426749188109 ], [ -76.661159185763893, 40.430695298278124 ], [ -76.662121963918594, 40.433188631016435 ], [ -76.664253075863655, 40.438705296366948 ], [ -76.664848076098053, 40.440252518220518 ], [ -76.665600298613185, 40.442192517757178 ], [ -76.665684187535135, 40.442410295483 ], [ -76.66592640985192, 40.443036406444662 ], [ -76.666691410151373, 40.445016405972353 ], [ -76.667231410363286, 40.446416405638217 ], [ -76.667556966046163, 40.447258627659608 ], [ -76.667971410650921, 40.448321405183208 ], [ -76.67082696732723, 40.455724181195137 ], [ -76.6714664120218, 40.457377514133782 ], [ -76.67496419117083, 40.46643417863902 ], [ -76.678136414637208, 40.474647510012119 ], [ -76.666794195496891, 40.48105028795834 ], [ -76.655545309664717, 40.487400288125968 ], [ -76.644296423832998, 40.493751399404857 ], [ -76.633046982446047, 40.500102510684371 ], [ -76.624756984699218, 40.504782510808695 ], [ -76.610160322000127, 40.513022511028623 ], [ -76.595571992636792, 40.521278622356419 ], [ -76.58925143879884, 40.52484362245275 ], [ -76.574831998272543, 40.532974178229324 ], [ -76.566597000510626, 40.537618622800096 ], [ -76.55406811502678, 40.544683622992977 ], [ -76.549079227497941, 40.547516400844017 ], [ -76.541519229540654, 40.551722512083074 ], [ -76.538281452636738, 40.553519178805345 ], [ -76.535364231212384, 40.555187512179373 ], [ -76.534485342335245, 40.554610290175617 ], [ -76.532619231240176, 40.553342512869733 ], [ -76.523296453639773, 40.547470292917126 ], [ -76.513951453824745, 40.54161862851862 ], [ -76.51361312049778, 40.541405295267623 ], [ -76.513149231618911, 40.541118628712752 ], [ -76.506976453961101, 40.537244185768145 ], [ -76.505223120662208, 40.536145297305097 ], [ -76.49974923185232, 40.532580298659639 ], [ -76.496557009721073, 40.530713632742334 ], [ -76.493265343126211, 40.52868530020146 ], [ -76.488944232222366, 40.526556412251125 ], [ -76.484599232207074, 40.523358635618649 ], [ -76.484137009992082, 40.523060302399188 ], [ -76.481402010048271, 40.52135919194933 ], [ -76.475792010195448, 40.518020304388415 ], [ -76.474388121388927, 40.517400304679768 ], [ -76.474110343627387, 40.517277526959504 ], [ -76.474074232517921, 40.517259193634118 ], [ -76.473977010299734, 40.517208638100271 ], [ -76.473810343645027, 40.517145304799556 ], [ -76.473737010311936, 40.517093638151721 ], [ -76.473216454732039, 40.51660419386485 ], [ -76.471884232516231, 40.515676416428107 ], [ -76.468656454830921, 40.513792528295994 ], [ -76.468387010394451, 40.513636417247994 ], [ -76.468085343739347, 40.51347419509375 ], [ -76.467215343715566, 40.512736417563985 ], [ -76.463477010490635, 40.510561418439181 ], [ -76.456762010572675, 40.506121420113004 ], [ -76.447019233003061, 40.500102533571862 ], [ -76.446842010785019, 40.499995311391899 ], [ -76.441818122015775, 40.496950312591252 ], [ -76.440220344270074, 40.49595364631125 ], [ -76.432344233328081, 40.491093648207936 ], [ -76.423477011325986, 40.48576420587159 ], [ -76.421931455799324, 40.484790317358659 ], [ -76.421412011364851, 40.484464206373673 ], [ -76.413887011501174, 40.47970365265212 ], [ -76.405621456097947, 40.474487543552982 ], [ -76.405495344986264, 40.474394210252967 ], [ -76.404509233879708, 40.4737075438386 ], [ -76.403860345007274, 40.47331921065927 ], [ -76.397966456272968, 40.4698186564965 ], [ -76.397816456273688, 40.46971421209048 ], [ -76.395193122953685, 40.467893657204797 ], [ -76.381106456637099, 40.459436438328453 ], [ -76.377188123453664, 40.457333661433779 ], [ -76.376332012374121, 40.45686866162788 ], [ -76.376201456824617, 40.456803661656238 ], [ -76.376111456825186, 40.456741439456948 ], [ -76.375481456828197, 40.456303661840082 ], [ -76.366511456884496, 40.450131441898179 ], [ -76.364316456897825, 40.448619220234207 ], [ -76.358882012620086, 40.445508665940054 ], [ -76.35342534608651, 40.44222366723767 ], [ -76.353001457200207, 40.441931445123259 ], [ -76.352655346091353, 40.441693667433299 ], [ -76.35256812386973, 40.441634223010908 ], [ -76.352254234983207, 40.441420334201496 ], [ -76.34652423511227, 40.437920335573324 ], [ -76.341785346252209, 40.434656447889495 ], [ -76.341623124031457, 40.434547559041164 ], [ -76.341159235153327, 40.434265336929855 ], [ -76.341000346268061, 40.434168670301233 ], [ -76.340905346276202, 40.434139225874048 ], [ -76.340390346277445, 40.433775337117766 ], [ -76.340074235176587, 40.433597559412874 ], [ -76.339599235180231, 40.433273670644041 ], [ -76.338765346325545, 40.432837559718564 ], [ -76.338513124111103, 40.432693670888284 ], [ -76.336206457516482, 40.431380338088957 ], [ -76.335513124201213, 40.430968671585958 ], [ -76.335152013097684, 40.430745338339648 ], [ -76.334823124221828, 40.430571449524336 ], [ -76.333797013138621, 40.429967560876776 ], [ -76.33330812426442, 40.429686449879341 ], [ -76.329982013240397, 40.427713672886568 ], [ -76.328238124393124, 40.426660339968464 ], [ -76.327982013283133, 40.426481451145207 ], [ -76.327896457728286, 40.426423673388967 ], [ -76.327838124395385, 40.426383673403791 ], [ -76.324952013323923, 40.424501451895139 ], [ -76.320973124479451, 40.421858675110172 ], [ -76.319947013299156, 40.420794230994773 ], [ -76.319384235481039, 40.420199231177151 ], [ -76.31917812436825, 40.420043675676766 ], [ -76.317528124378555, 40.418909231651298 ], [ -76.312094235798099, 40.416475343894547 ], [ -76.311371457978396, 40.415758677453312 ], [ -76.308580346968881, 40.414239233641695 ], [ -76.308443124751648, 40.41416423367275 ], [ -76.306181458147591, 40.412839234203318 ], [ -76.302834235967453, 40.410639235034182 ], [ -76.302549235978347, 40.41048645732053 ], [ -76.302324235983974, 40.410351457373793 ], [ -76.301527013781879, 40.409875346451599 ], [ -76.300773124903856, 40.409386457748383 ], [ -76.300566458240155, 40.409252568910574 ], [ -76.300124236027102, 40.408979235683603 ], [ -76.299954236027588, 40.408859235727277 ], [ -76.299144236038273, 40.408329235927852 ], [ -76.298983124925826, 40.408207569304238 ], [ -76.297348124915516, 40.406986458626818 ], [ -76.293256458325004, 40.404414237397702 ], [ -76.284022014076982, 40.398727572949554 ], [ -76.280669236339122, 40.396513684894671 ], [ -76.279987014150151, 40.396182573930389 ], [ -76.274387014254614, 40.392665353066491 ], [ -76.267375347700408, 40.388174243672779 ], [ -76.261005347843422, 40.38428924519576 ], [ -76.258558125671641, 40.382775356896047 ], [ -76.255796459044348, 40.38098369091 ], [ -76.254804236857012, 40.380438691135794 ], [ -76.254577014640688, 40.380304246744856 ], [ -76.253961459110656, 40.379984246881463 ], [ -76.253702014673195, 40.379831469164571 ], [ -76.251244236933474, 40.37825146976752 ] ] ] ] } },
{ "type": "Feature", "properties": { "AREA_NAME": "Allegheny County, PA", "Status": null, "Status_120": "Nonattainment", "Id": 0, "NAME": null, "COMPOSID": "PM-2.5.2012.Allegheny_Co" }, "geometry": { "type": "MultiPolygon", "coordinates": [ [ [ [ -80.140596455944092, 40.674265942062675 ], [ -80.136952567646745, 40.674164831403459 ], [ -80.134923679102087, 40.674180942751605 ], [ -80.134299790319062, 40.674185942824693 ], [ -80.133246457164489, 40.67419483183653 ], [ -80.132072568474882, 40.674204831973611 ], [ -80.131850901845723, 40.674205943110735 ], [ -80.130307568774242, 40.674218721068826 ], [ -80.130091457681601, 40.674132054445067 ], [ -80.128261457876931, 40.673583165882746 ], [ -80.126810902584225, 40.673677054924667 ], [ -80.126022569393797, 40.673728166118906 ], [ -80.124366458554391, 40.673697055210198 ], [ -80.124029791943087, 40.673690944140333 ], [ -80.123145903245984, 40.67390316642485 ], [ -80.121907570181122, 40.674198722068127 ], [ -80.121256459151425, 40.674062055505772 ], [ -80.120611459231952, 40.673925944498365 ], [ -80.119097570619715, 40.67403594465577 ], [ -80.116964793232114, 40.674192055988328 ], [ -80.113015905009661, 40.674208167564245 ], [ -80.109583683367305, 40.67422594574515 ], [ -80.105454795175547, 40.674244835119623 ], [ -80.104088684289934, 40.674225946396518 ], [ -80.102310906808555, 40.674215946609195 ], [ -80.101741462459472, 40.674214835565863 ], [ -80.101584795818269, 40.674210946696178 ], [ -80.100493684889898, 40.67420872460383 ], [ -80.098778685179866, 40.67421872480503 ], [ -80.098717574078876, 40.674218724812306 ], [ -80.098626462983134, 40.674218724822936 ], [ -80.097063685468356, 40.674222058340945 ], [ -80.095883685667047, 40.67422483625802 ], [ -80.095740907912784, 40.674223169608638 ], [ -80.09548979684422, 40.674224836304745 ], [ -80.094222574837772, 40.674239836452045 ], [ -80.091807575241546, 40.674232058961877 ], [ -80.084744798651855, 40.674245948685211 ], [ -80.08292479894908, 40.674205948909105 ], [ -80.082551465676602, 40.674197060066206 ], [ -80.078504799670441, 40.674107060563983 ], [ -80.07640591112397, 40.674059838600044 ], [ -80.070493689866794, 40.673928728215969 ], [ -80.068812579033761, 40.673909839530154 ], [ -80.068371467996144, 40.673907061805266 ], [ -80.063795913229228, 40.674010951215905 ], [ -80.063433691067701, 40.674010951258936 ], [ -80.061311469198813, 40.673998173735356 ], [ -80.055508692386979, 40.673963174430355 ], [ -80.052102581827114, 40.673865952631388 ], [ -80.051026470919453, 40.67397873051442 ], [ -80.036237584485775, 40.673862065625144 ], [ -80.034901473631294, 40.674022065751501 ], [ -80.034203695980977, 40.674073176935281 ], [ -80.033488696099255, 40.674065954799289 ], [ -80.03217147409498, 40.674052066069294 ], [ -80.028237585857141, 40.674012066544037 ], [ -80.026870919376279, 40.673800955637319 ], [ -80.025791475098572, 40.673732066890182 ], [ -80.022863697814671, 40.673748733900879 ], [ -80.021933697976294, 40.673777067338847 ], [ -80.012699810622621, 40.673719846223548 ], [ -80.010530922094404, 40.673707068705653 ], [ -80.009618700024248, 40.673703735481297 ], [ -80.002714812290378, 40.67369818074593 ], [ -79.997127590940863, 40.673390959247911 ], [ -79.996821479883579, 40.673403181504227 ], [ -79.996678702137615, 40.673442070402189 ], [ -79.996262591093114, 40.673427070454579 ], [ -79.993376480491065, 40.67355373743851 ], [ -79.992894813904343, 40.673549848607536 ], [ -79.991094814191513, 40.673480959946005 ], [ -79.989467592238157, 40.673463737920429 ], [ -79.98889092566094, 40.673428737995721 ], [ -79.988576481265227, 40.673409849147902 ], [ -79.987667592523394, 40.673384849260913 ], [ -79.98688481487153, 40.67335984935869 ], [ -79.986394814950359, 40.673344849419777 ], [ -79.985531481756254, 40.673318738416469 ], [ -79.985154815149997, 40.67330596068598 ], [ -79.984879815194574, 40.673298738497806 ], [ -79.984168704198339, 40.673278183030618 ], [ -79.984069815325256, 40.673274849709799 ], [ -79.983921482016001, 40.673270960839204 ], [ -79.98322148212884, 40.673249849815363 ], [ -79.977453705292191, 40.67313207274583 ], [ -79.976859816503293, 40.673134850593499 ], [ -79.971605928438066, 40.672863740159983 ], [ -79.964101485179583, 40.672523741118653 ], [ -79.963734818559942, 40.672453741176241 ], [ -79.96345870749235, 40.672440963433814 ], [ -79.962990929799048, 40.672470963483363 ], [ -79.96266259652117, 40.672473741299598 ], [ -79.962260929919864, 40.672464852460052 ], [ -79.961982596634357, 40.672470963603132 ], [ -79.961113707891798, 40.672475963705153 ], [ -79.947519821291678, 40.672549854193335 ], [ -79.932482601666209, 40.672953189231976 ], [ -79.932394823899813, 40.672937078134453 ], [ -79.930549824195168, 40.6728731894774 ], [ -79.927995935738807, 40.672900967553062 ], [ -79.925454825062104, 40.6729481900677 ], [ -79.916267604374127, 40.672943191159902 ], [ -79.914828715725719, 40.672943191330774 ], [ -79.910421494239415, 40.672940969632577 ], [ -79.903302606539, 40.672937081590192 ], [ -79.892221497228661, 40.672693749621885 ], [ -79.888760942235535, 40.672618194492657 ], [ -79.88486372063204, 40.672462083875587 ], [ -79.881880943338899, 40.672397084243073 ], [ -79.881403721193635, 40.672383750969004 ], [ -79.881128721239008, 40.672380973224563 ], [ -79.880772610184465, 40.67236708438071 ], [ -79.876773721943152, 40.672269862653195 ], [ -79.868880945475894, 40.672235974708997 ], [ -79.867370945726464, 40.672228752667706 ], [ -79.865799834881159, 40.672247086184086 ], [ -79.860265946928905, 40.672310975718119 ], [ -79.852056503873428, 40.67240486556409 ], [ -79.843127616434685, 40.672213755552548 ], [ -79.837909839406109, 40.671623756290444 ], [ -79.83180372923556, 40.671244868202962 ], [ -79.828497618627694, 40.67101097975376 ], [ -79.82550984136833, 40.671109868978192 ], [ -79.82530650808701, 40.671198202318124 ], [ -79.816107620884111, 40.671942092152847 ], [ -79.812074843848109, 40.672282092564842 ], [ -79.800234845760826, 40.671988205142725 ], [ -79.798547623838203, 40.672078205325647 ], [ -79.798416512732786, 40.671999872023321 ], [ -79.797596512840869, 40.671860983259705 ], [ -79.785242625935155, 40.671497095912969 ], [ -79.779964848960958, 40.671129874391681 ], [ -79.765358740147121, 40.670474876259902 ], [ -79.764133740344732, 40.670443765300718 ], [ -79.762751518369896, 40.670528765448296 ], [ -79.761390963033136, 40.670490987840026 ], [ -79.760089852131898, 40.670458765778903 ], [ -79.75948874109406, 40.670328210320918 ], [ -79.758001519124491, 40.670353210492976 ], [ -79.754834852950523, 40.670185988680942 ], [ -79.746475965369825, 40.669783211978142 ], [ -79.744559854539546, 40.669598767798391 ], [ -79.743642632484807, 40.669670990115378 ], [ -79.735182633825161, 40.669344880076153 ], [ -79.734335967283641, 40.669268769080929 ], [ -79.733668745152954, 40.669173769179338 ], [ -79.731961523221855, 40.669208769375643 ], [ -79.730845967858556, 40.669242102835028 ], [ -79.729898745787352, 40.669209880732012 ], [ -79.722565969302082, 40.669565992645289 ], [ -79.721772636108426, 40.669603770510037 ], [ -79.720406525242595, 40.669692103988325 ], [ -79.718861525525881, 40.669820993035671 ], [ -79.714603748506136, 40.670064882382974 ], [ -79.714493748524035, 40.67006321572984 ], [ -79.714151526358762, 40.67006321577054 ], [ -79.713947637504532, 40.670067104683028 ], [ -79.712897637674928, 40.670047104811943 ], [ -79.712294859994302, 40.670032104886729 ], [ -79.699273751015141, 40.669874884246269 ], [ -79.698534862246674, 40.669863773225416 ], [ -79.697139862467054, 40.669808217846935 ], [ -79.695944862655779, 40.669759884665609 ], [ -79.695047640575069, 40.66972321811312 ], [ -79.694470973999501, 40.669699884853003 ], [ -79.693493751950712, 40.669753773847617 ], [ -79.693165974224939, 40.669742107222419 ], [ -79.693062640908011, 40.669738218346538 ], [ -79.692987640919739, 40.669734885022876 ], [ -79.692954863147179, 40.669733773915766 ], [ -79.692875974270407, 40.669728773926181 ], [ -79.692532640990009, 40.669708773971081 ], [ -79.692489863102765, 40.669140996311171 ], [ -79.692462640847623, 40.668958774128384 ], [ -79.692447640824355, 40.668833774155019 ], [ -79.692427640695598, 40.668190996507349 ], [ -79.694402639988539, 40.666345996638938 ], [ -79.6947759731475, 40.665798774481004 ], [ -79.695179861813813, 40.665042107916577 ], [ -79.695421528279496, 40.664258774710106 ], [ -79.695502639221729, 40.663502108184218 ], [ -79.695508750200588, 40.662863219421524 ], [ -79.695479861193462, 40.662263775099632 ], [ -79.69543374997312, 40.661694886329428 ], [ -79.695329860983179, 40.661118219789614 ], [ -79.695150971968474, 40.660360997739247 ], [ -79.694902638537201, 40.659683220125828 ], [ -79.69465486068475, 40.659118775823003 ], [ -79.694390971742621, 40.658645998170584 ], [ -79.693975971709392, 40.658148220541136 ], [ -79.69323986053314, 40.657235998587907 ], [ -79.692775971553885, 40.656419887694199 ], [ -79.692791527106863, 40.65641988769238 ], [ -79.692775971540755, 40.656355998818128 ], [ -79.692743749310807, 40.656292109945639 ], [ -79.692679860406145, 40.656163776645542 ], [ -79.692455971488812, 40.655843776735765 ], [ -79.691575971372174, 40.654563777094893 ], [ -79.690855971238818, 40.653332110758697 ], [ -79.690215971066038, 40.651972111105181 ], [ -79.689527637508775, 40.65032377818136 ], [ -79.688999859487126, 40.648708223009749 ], [ -79.688855970385703, 40.647556001033593 ], [ -79.688775970123118, 40.646212112421324 ], [ -79.688800969743795, 40.644383779448276 ], [ -79.688951525044558, 40.643263224097552 ], [ -79.689162636002322, 40.642687113075738 ], [ -79.689454858044712, 40.642047113168246 ], [ -79.689697635664061, 40.641471002142509 ], [ -79.689957635502708, 40.640894891115011 ], [ -79.690054857662801, 40.640671002259126 ], [ -79.691413745847342, 40.638337113672208 ], [ -79.693374856061496, 40.635552113992276 ], [ -79.69364485595753, 40.635263780684113 ], [ -79.693865966976261, 40.634992114045019 ], [ -79.694182633514686, 40.634623225191717 ], [ -79.696227632744467, 40.63252378092119 ], [ -79.69667152148071, 40.632138780944956 ], [ -79.697082632392323, 40.631498781023083 ], [ -79.698648742855084, 40.62960489232421 ], [ -79.699256520377162, 40.628849892402116 ], [ -79.699768742415642, 40.628368225770032 ], [ -79.700136520079525, 40.628111003555262 ], [ -79.700408742227125, 40.627967114662454 ], [ -79.702682630536856, 40.626983781254182 ], [ -79.703787630228135, 40.62637322568844 ], [ -79.704202630116185, 40.626163781236244 ], [ -79.705035963218791, 40.62571322567112 ], [ -79.705979851828999, 40.625118225676943 ], [ -79.707132629253806, 40.624329892363107 ], [ -79.708956517573142, 40.623028781293783 ], [ -79.711059850248716, 40.621523781342603 ], [ -79.7113337390536, 40.621336003569525 ], [ -79.713681516058216, 40.619466003662069 ], [ -79.715768737342728, 40.616581003987221 ], [ -79.717236514178921, 40.613173782267666 ], [ -79.721281512441976, 40.60797211615386 ], [ -79.733349842768916, 40.603079893469271 ], [ -79.740925952160637, 40.600829893016112 ], [ -79.741029841025977, 40.600798781898732 ], [ -79.741163729884647, 40.600759893001623 ], [ -79.748723728192658, 40.598631003637479 ], [ -79.753896504847319, 40.597343781056509 ], [ -79.755002615716762, 40.597061003203464 ], [ -79.755096504583037, 40.597027114310151 ], [ -79.755944837696688, 40.596642114285942 ], [ -79.757490948407053, 40.595939892019658 ], [ -79.762052613879007, 40.593806003013015 ], [ -79.763763724541832, 40.593004891857959 ], [ -79.770434833168054, 40.586274892403878 ], [ -79.771650943895736, 40.585388225769009 ], [ -79.773075942716559, 40.580777115405795 ], [ -79.773988719721274, 40.577736004791063 ], [ -79.774360941512668, 40.575929893994896 ], [ -79.774315940271777, 40.569817117438276 ], [ -79.772530939619401, 40.565168785241269 ], [ -79.772187606158298, 40.564263785462174 ], [ -79.771740939314782, 40.563033230204269 ], [ -79.770363716727786, 40.560124897612809 ], [ -79.769097605307365, 40.557578231602861 ], [ -79.768324827350625, 40.55607212088313 ], [ -79.765928715597624, 40.550974899958874 ], [ -79.765185937619663, 40.549388789251395 ], [ -79.762782604899087, 40.550434900439825 ], [ -79.762437604984768, 40.550573789341968 ], [ -79.761658716289503, 40.550888789371925 ], [ -79.761259827489312, 40.550998789397397 ], [ -79.761157605289441, 40.551024900515472 ], [ -79.761073716414501, 40.551024900525249 ], [ -79.760827605352119, 40.55106323388037 ], [ -79.760496494304107, 40.55110323391159 ], [ -79.760305938779254, 40.551098789490766 ], [ -79.760144827685735, 40.551053233963387 ], [ -79.760009827696308, 40.550994900657543 ], [ -79.759372605502563, 40.550616011919601 ], [ -79.759302605510868, 40.550599900820089 ], [ -79.759209827744428, 40.550579900835146 ], [ -79.758208716744377, 40.550308789896633 ], [ -79.757488716860735, 40.550293234429887 ], [ -79.757154828025136, 40.550282123360489 ], [ -79.75685982807488, 40.550286012283607 ], [ -79.756367605943126, 40.55032879011128 ], [ -79.75613482820836, 40.550349901245795 ], [ -79.755924828253853, 40.550402123482684 ], [ -79.755206495052164, 40.550462123556031 ], [ -79.754822606211803, 40.550387123616417 ], [ -79.754364828505118, 40.550363234786687 ], [ -79.753980939688745, 40.55040601260157 ], [ -79.753670939764163, 40.550523234837385 ], [ -79.753422606502795, 40.550673790392409 ], [ -79.753298717661437, 40.550806012603061 ], [ -79.753242606570325, 40.55085823482159 ], [ -79.753112606600098, 40.550898234828992 ], [ -79.752964828849713, 40.550912123732701 ], [ -79.752926495538247, 40.550988234833255 ], [ -79.752933717781218, 40.551096012588687 ], [ -79.752945940039012, 40.551279901439671 ], [ -79.752802606757768, 40.551418790317825 ], [ -79.752654829033418, 40.551559901418386 ], [ -79.752195940251227, 40.551709901443076 ], [ -79.751873718106765, 40.551828234791344 ], [ -79.751712607026207, 40.551847123695495 ], [ -79.751526495942244, 40.551828234832556 ], [ -79.751198718198623, 40.551728790446703 ], [ -79.75051594050916, 40.551606012774414 ], [ -79.749499829529327, 40.551422124042574 ], [ -79.74911260736144, 40.551373235209496 ], [ -79.748799829619031, 40.551292124151757 ], [ -79.748489829644541, 40.551164901991456 ], [ -79.748316496318353, 40.551058790922184 ], [ -79.74796649635806, 40.550968235426126 ], [ -79.747724829718038, 40.55090212435681 ], [ -79.747526496408966, 40.550859902166621 ], [ -79.747272607555374, 40.55082601331469 ], [ -79.747061496474032, 40.550799902233734 ], [ -79.746872607605951, 40.550748235599769 ], [ -79.746695940956101, 40.550687124521801 ], [ -79.746559829852288, 40.550612124552686 ], [ -79.746457607617629, 40.55046823570467 ], [ -79.746290940932795, 40.550243235769187 ], [ -79.746029829813779, 40.549992124739106 ], [ -79.745738718706093, 40.549772124817366 ], [ -79.742779830060726, 40.548557125410127 ], [ -79.742652607852051, 40.548519903210376 ], [ -79.742584830087822, 40.548531014327409 ], [ -79.742510941218427, 40.548567125440059 ], [ -79.742362607939697, 40.54871379209527 ], [ -79.742258719089193, 40.548817125420442 ], [ -79.742015941407431, 40.549089903172842 ], [ -79.741835941457168, 40.549187125397054 ], [ -79.741614830393928, 40.549242125412434 ], [ -79.741353719339486, 40.54930712543046 ], [ -79.741191497152613, 40.54934823655276 ], [ -79.740945941647226, 40.549394903239261 ], [ -79.740540941723509, 40.549438792167507 ], [ -79.740308719542099, 40.549449903303866 ], [ -79.739122608628804, 40.549453792332883 ], [ -79.739027608642516, 40.549443792346096 ], [ -79.73894149754409, 40.549436014580124 ], [ -79.738800942006606, 40.549409903490982 ], [ -79.738291497631621, 40.549336014677181 ], [ -79.737796497701595, 40.549276014747875 ], [ -79.737462608861847, 40.549244903682677 ], [ -79.737201497803028, 40.54928879259387 ], [ -79.737188720026552, 40.549284903707303 ], [ -79.737012608947964, 40.54930101483609 ], [ -79.736761497874681, 40.549282125980653 ], [ -79.736441497916871, 40.549228237140596 ], [ -79.736039831297603, 40.549133792762575 ], [ -79.735854831314214, 40.549064903909368 ], [ -79.735228720240968, 40.548741015159237 ], [ -79.73511983135279, 40.548656015188953 ], [ -79.734964831341358, 40.548473793021287 ], [ -79.734806497973693, 40.548177126432392 ], [ -79.734524831256465, 40.547699904338572 ], [ -79.734212609018698, 40.547369904441325 ], [ -79.734067608978762, 40.547056015631938 ], [ -79.733999831162748, 40.546813793466072 ], [ -79.733951497827206, 40.546763237926257 ], [ -79.733875942280122, 40.546743793494556 ], [ -79.733772608966774, 40.54675712683752 ], [ -79.733308720153161, 40.546748793561051 ], [ -79.733149831286482, 40.546728238028322 ], [ -79.732892609095757, 40.546673238069786 ], [ -79.732661498007019, 40.546594904779511 ], [ -79.732537609123142, 40.54651879369834 ], [ -79.732479831342346, 40.546457127050758 ], [ -79.732455942446506, 40.546403793730747 ], [ -79.732456497981843, 40.546304904861415 ], [ -79.732579831269959, 40.546183793759781 ], [ -79.732658720128882, 40.546101015989223 ], [ -79.732696497881818, 40.546009904891548 ], [ -79.732647608979278, 40.545903238252095 ], [ -79.732582608952328, 40.545718238296445 ], [ -79.732445942271966, 40.545539905014834 ], [ -79.732152608930846, 40.545263238438054 ], [ -79.732025942255405, 40.545117127370986 ], [ -79.731914831153119, 40.545069905171317 ], [ -79.731649831171524, 40.544944905227624 ], [ -79.731199831222227, 40.54482712752656 ], [ -79.730573720191103, 40.544709905402158 ], [ -79.730404831312399, 40.544622127661853 ], [ -79.730184831306303, 40.544413238840605 ], [ -79.729909831298642, 40.544152127813902 ], [ -79.729654831301445, 40.543958238993923 ], [ -79.729441497971322, 40.543801016828297 ], [ -79.729069831330719, 40.54362601690724 ], [ -79.728781498019714, 40.543501016966388 ], [ -79.728402609165926, 40.543364905927319 ], [ -79.728093720314575, 40.543297128199697 ], [ -79.727893720349698, 40.543307128221329 ], [ -79.727666498158953, 40.543276017143512 ], [ -79.72748872040836, 40.54326490605564 ], [ -79.727109831558948, 40.543149906123404 ], [ -79.726766498260758, 40.543043239518795 ], [ -79.726552609378643, 40.542902128461208 ], [ -79.726429831595453, 40.542776017389542 ], [ -79.72632594271596, 40.542737128520912 ], [ -79.726167609411505, 40.542749906315009 ], [ -79.725968720546064, 40.542703239681089 ], [ -79.725693720566255, 40.542578239738589 ], [ -79.725280942827169, 40.542432128705627 ], [ -79.724868720644565, 40.542291017671289 ], [ -79.724565942900995, 40.542212128834137 ], [ -79.724290942934886, 40.542154906656037 ], [ -79.724111498531897, 40.542212128888139 ], [ -79.723919831907835, 40.542264906678099 ], [ -79.723726498591986, 40.542193795604135 ], [ -79.723561498609968, 40.542147128966292 ], [ -79.72341094307933, 40.542147128984197 ], [ -79.723272609768912, 40.542147129000739 ], [ -79.723094832029176, 40.54218879568009 ], [ -79.722880943178893, 40.542203795702619 ], [ -79.722688720995166, 40.542236017941207 ], [ -79.722523721014909, 40.542198795746117 ], [ -79.722420943226552, 40.542063240229595 ], [ -79.722337609868646, 40.541874906943576 ], [ -79.722148720951623, 40.5415837959128 ], [ -79.722032609807627, 40.541328240421763 ], [ -79.721902609783911, 40.541106018259086 ], [ -79.721744831964202, 40.540772129455377 ], [ -79.721662609730117, 40.540647129489969 ], [ -79.721565943069834, 40.540599907288538 ], [ -79.721483720869855, 40.540642129512321 ], [ -79.721366498701116, 40.540808796159752 ], [ -79.721421498732752, 40.541008240557971 ], [ -79.721318720996464, 40.541128240546243 ], [ -79.721201498792709, 40.541123240561262 ], [ -79.721112609904594, 40.541054907251976 ], [ -79.720936498782919, 40.540859907311642 ], [ -79.720839832093702, 40.540671018471812 ], [ -79.720675943189747, 40.540463796310235 ], [ -79.720497609849986, 40.540287129700005 ], [ -79.7203776098454, 40.540167129737881 ], [ -79.720196498691223, 40.539808796497482 ], [ -79.720142609776019, 40.539636018760291 ], [ -79.720121498642925, 40.539511018787778 ], [ -79.720146498625127, 40.539443796575767 ], [ -79.720268720798458, 40.539303796589081 ], [ -79.720335942987958, 40.53919824104662 ], [ -79.720322609641926, 40.539124907729445 ], [ -79.720196498527002, 40.539003796657312 ], [ -79.720112609629837, 40.538894907800113 ], [ -79.719877609630487, 40.53870713008746 ], [ -79.71958372074215, 40.53847101905825 ], [ -79.71938372072924, 40.538244908015827 ], [ -79.719166498479922, 40.537934908103296 ], [ -79.719108720694578, 40.537851019237849 ], [ -79.718832609536889, 40.537398241582821 ], [ -79.718754831738124, 40.537232130513928 ], [ -79.718705942843087, 40.537162130533716 ], [ -79.718597609495362, 40.537003241689263 ], [ -79.718380942809688, 40.536733797324132 ], [ -79.717947609467046, 40.536336019676867 ], [ -79.717819831681481, 40.536193797497958 ], [ -79.717743720563533, 40.536098241970535 ], [ -79.717320942744038, 40.53554990879627 ], [ -79.716735942697994, 40.534848242338569 ], [ -79.716328720459217, 40.534436020246517 ], [ -79.715939831531159, 40.5339282426159 ], [ -79.715473720418515, 40.533541020526002 ], [ -79.715040942654923, 40.533258242855879 ], [ -79.714456498241645, 40.532936020766897 ], [ -79.713795942766865, 40.532794909762401 ], [ -79.713422609482507, 40.532731020930385 ], [ -79.713165942869978, 40.532788243171751 ], [ -79.712846498472288, 40.532757132104791 ], [ -79.712672609610763, 40.53274990990468 ], [ -79.712448720767384, 40.532791021034313 ], [ -79.712120943049626, 40.532818798845312 ], [ -79.711819831994262, 40.532847132208872 ], [ -79.711568720905689, 40.532753243368347 ], [ -79.711386498686068, 40.532618243416835 ], [ -79.71116372092547, 40.532521021240427 ], [ -79.710848720947354, 40.532372132418402 ], [ -79.710542609875574, 40.532316021354916 ], [ -79.710164832122985, 40.532132132547417 ], [ -79.7098764987972, 40.531934910398604 ], [ -79.709443721012121, 40.531547132749324 ], [ -79.709201498773325, 40.531268799500083 ], [ -79.708931498778611, 40.531074910681809 ], [ -79.708519832147374, 40.530913799651501 ], [ -79.708090943273533, 40.530638799757185 ], [ -79.707837609939816, 40.53043102205072 ], [ -79.707548721034073, 40.530113244370455 ], [ -79.707233720999739, 40.529688800047722 ], [ -79.707109832084143, 40.529457133441838 ], [ -79.707068720947802, 40.529299911255634 ], [ -79.706980943138149, 40.529072133533589 ], [ -79.706967609799165, 40.529033800209334 ], [ -79.706851498634308, 40.528676022516549 ], [ -79.706762609705379, 40.528407133691587 ], [ -79.706509831881135, 40.527973800474456 ], [ -79.706364831866267, 40.527783244973989 ], [ -79.705739831849655, 40.527193800720738 ], [ -79.705600942955243, 40.527053245209686 ], [ -79.705434831858497, 40.526988245242364 ], [ -79.705113720787608, 40.526924911959725 ], [ -79.704726498607158, 40.526814912027533 ], [ -79.704466498640102, 40.526764912068359 ], [ -79.704383720870226, 40.526736023194985 ], [ -79.704267609749252, 40.526593245459424 ], [ -79.703968720856665, 40.52633213443562 ], [ -79.703509831985059, 40.526043801214144 ], [ -79.702939832032598, 40.525813245771985 ], [ -79.702358720973564, 40.525596023661819 ], [ -79.701992609894091, 40.525453245956101 ], [ -79.70173872101924, 40.525316023791106 ], [ -79.701549832139506, 40.52520713494647 ], [ -79.701592609866907, 40.524994912761201 ], [ -79.701834831793519, 40.523742135203634 ], [ -79.702086498019185, 40.521783802229436 ], [ -79.702125941983525, 40.519461024908537 ], [ -79.70227871941637, 40.517893247424013 ], [ -79.702356494229605, 40.503408250292637 ], [ -79.702204824757871, 40.489508808627477 ], [ -79.702320935504758, 40.487813808950477 ], [ -79.702352601812834, 40.486078253735911 ], [ -79.702253712509957, 40.483963254167918 ], [ -79.702297601188434, 40.482964921027701 ], [ -79.702534822551854, 40.47893714402187 ], [ -79.702538711417276, 40.478824921821456 ], [ -79.702538711381578, 40.478649921856174 ], [ -79.702572599981579, 40.477257144351142 ], [ -79.702574822187387, 40.477178255477725 ], [ -79.70257648883404, 40.477081033274487 ], [ -79.702584821991991, 40.476226033443368 ], [ -79.702815931763155, 40.469826034687344 ], [ -79.702809820629511, 40.469709923600021 ], [ -79.702883709268974, 40.4685438127118 ], [ -79.703002598036164, 40.468042146130813 ], [ -79.702930931265769, 40.467473257363451 ], [ -79.702918708984669, 40.467173812979865 ], [ -79.703091486132962, 40.464218257990808 ], [ -79.703078708228986, 40.463587147006706 ], [ -79.703215929824694, 40.460617147580422 ], [ -79.703230929754511, 40.460283814311538 ], [ -79.703439817720266, 40.45591214848838 ], [ -79.703459817309806, 40.453908259995387 ], [ -79.703474817115477, 40.45296381573678 ], [ -79.703546483105072, 40.449689927489544 ], [ -79.703735926245884, 40.443426039822498 ], [ -79.703688703438331, 40.440504929297276 ], [ -79.703802592050579, 40.439234929536099 ], [ -79.703921480748932, 40.438393818577993 ], [ -79.704619813765589, 40.437403818691791 ], [ -79.704908702498983, 40.436873263207474 ], [ -79.704755924539541, 40.435853818983503 ], [ -79.704602590931131, 40.434373819295729 ], [ -79.704524812922557, 40.433173263987896 ], [ -79.704603701480039, 40.431604930956667 ], [ -79.704860922845569, 40.427593265056373 ], [ -79.704854811708572, 40.427461042861239 ], [ -79.705362589212427, 40.42652493187569 ], [ -79.705817589056892, 40.426129931900391 ], [ -79.70686092199702, 40.425043820881342 ], [ -79.707083699652458, 40.424622154272129 ], [ -79.707133699610949, 40.424458265409839 ], [ -79.70714981069375, 40.42433215432186 ], [ -79.707125921739987, 40.423993265503157 ], [ -79.707100921630342, 40.423432154506372 ], [ -79.707133699354245, 40.423193265660984 ], [ -79.707174810417712, 40.422992154585074 ], [ -79.707282588126532, 40.422739932400077 ], [ -79.707401476963241, 40.422579932417932 ], [ -79.707585921343195, 40.422412154651511 ], [ -79.70950092072917, 40.420948821382012 ], [ -79.710352587167961, 40.420521043588224 ], [ -79.710534809343358, 40.42043882136079 ], [ -79.710674809311286, 40.420394932463978 ], [ -79.710740920413002, 40.420402154677049 ], [ -79.710930920401722, 40.420502154634676 ], [ -79.711079809268483, 40.420514932392223 ], [ -79.711195920355351, 40.420489932383362 ], [ -79.711319809199438, 40.420369932392646 ], [ -79.711336475841733, 40.420263265745064 ], [ -79.711344809154525, 40.420168821318555 ], [ -79.711393698016025, 40.420073821331471 ], [ -79.711484809090337, 40.419967154675305 ], [ -79.711592586831273, 40.419873265792148 ], [ -79.711741475666145, 40.419728265803428 ], [ -79.711914808935035, 40.419552154706707 ], [ -79.712071475554012, 40.419444932487352 ], [ -79.712187586619109, 40.419313265833068 ], [ -79.712245919904433, 40.419123821419305 ], [ -79.712253697645281, 40.418948265897711 ], [ -79.712353697599383, 40.418803265914676 ], [ -79.712592586417372, 40.418648821472573 ], [ -79.714580919229888, 40.417704932535742 ], [ -79.714819808054983, 40.417584932531156 ], [ -79.715076474665182, 40.41751604362554 ], [ -79.715324807944626, 40.417453265830886 ], [ -79.715662585669065, 40.41746604356598 ], [ -79.715853696735792, 40.417403265778034 ], [ -79.715952585594096, 40.417333265780258 ], [ -79.716018696670005, 40.417213821351709 ], [ -79.716034807551353, 40.41609382157236 ], [ -79.716067585281564, 40.415886043831904 ], [ -79.716117585255517, 40.415798266065735 ], [ -79.716208696334888, 40.415716043848931 ], [ -79.716340918523485, 40.415658821622515 ], [ -79.716456474047504, 40.415597154954469 ], [ -79.716753696183275, 40.415413821622337 ], [ -79.716919807235115, 40.415257154967037 ], [ -79.716960918310008, 40.415112154990936 ], [ -79.716927584949076, 40.414948821693997 ], [ -79.716798696024796, 40.414668821764963 ], [ -79.7167659181913, 40.414367155162154 ], [ -79.716765918170779, 40.414266044071098 ], [ -79.71682369591872, 40.414166044084141 ], [ -79.716964806973181, 40.414002155210994 ], [ -79.717046473611163, 40.413927155216186 ], [ -79.71717091802077, 40.41385715521551 ], [ -79.717393695745216, 40.413776044093993 ], [ -79.717633695693848, 40.413718821854786 ], [ -79.717839806767074, 40.413699932945292 ], [ -79.718005917851826, 40.41370604403545 ], [ -79.718319806694069, 40.413732155104299 ], [ -79.718558695540708, 40.413718821745135 ], [ -79.718773695494917, 40.41366882172963 ], [ -79.719071473219515, 40.413649932809165 ], [ -79.719244806524216, 40.413649932788758 ], [ -79.719682584229474, 40.41364993273686 ], [ -79.720046473084892, 40.413782154889759 ], [ -79.720864806337431, 40.414052154739238 ], [ -79.721458695190563, 40.414361043496342 ], [ -79.722227584037455, 40.414782154432658 ], [ -79.722532584007354, 40.414883265487674 ], [ -79.722772583980316, 40.414946043224461 ], [ -79.722987583948452, 40.414963820973298 ], [ -79.723193695024236, 40.414958265394375 ], [ -79.723458694972521, 40.414919932037265 ], [ -79.723631472710395, 40.414863820916878 ], [ -79.723954805977314, 40.4148010431133 ], [ -79.724292583690328, 40.414757154193069 ], [ -79.724962583565286, 40.414688265238624 ], [ -79.725370916818918, 40.414628265202055 ], [ -79.725709805635177, 40.414547154067009 ], [ -79.726130916661077, 40.414471042920979 ], [ -79.72660980545902, 40.414413820653522 ], [ -79.726766472096187, 40.414396042860801 ], [ -79.726932583170878, 40.414352153960806 ], [ -79.727097583125442, 40.414263265070076 ], [ -79.727212583078312, 40.414124931750678 ], [ -79.727303694140005, 40.41395493177356 ], [ -79.727411471855305, 40.413734931804584 ], [ -79.727493694027032, 40.413553265164296 ], [ -79.727535916202783, 40.413358265197871 ], [ -79.72756869394442, 40.413207154112968 ], [ -79.72763480501402, 40.413056043024028 ], [ -79.727758693851627, 40.412904931928267 ], [ -79.727799804930498, 40.412778820837275 ], [ -79.72776258269198, 40.412668265308298 ], [ -79.727671471566737, 40.412523820903232 ], [ -79.727551471561696, 40.412401043164152 ], [ -79.727438693771433, 40.412247154319175 ], [ -79.727186471557559, 40.412082154381721 ], [ -79.726712582706796, 40.411883265588472 ], [ -79.726379804972964, 40.411828265638803 ], [ -79.726063693915307, 40.411833821230744 ], [ -79.725743693970458, 40.4118438212667 ], [ -79.725534805108964, 40.411808265743048 ], [ -79.725326471793721, 40.411727154672633 ], [ -79.725061471796835, 40.411526043632819 ], [ -79.72470369400537, 40.411166043746732 ], [ -79.72437369400177, 40.410878821620656 ], [ -79.724147582898695, 40.410733821676331 ], [ -79.724049805127038, 40.410683821697774 ], [ -79.723831471809035, 40.410581043966204 ], [ -79.723737582924969, 40.410528266210179 ], [ -79.723571471812988, 40.410388266257598 ], [ -79.723123694059268, 40.410141044137447 ], [ -79.722999805176926, 40.410072155276964 ], [ -79.722768694068918, 40.409898266449943 ], [ -79.722542582949131, 40.409671044299671 ], [ -79.722418694047576, 40.409507155457959 ], [ -79.722320916251874, 40.409338822169673 ], [ -79.722243694008853, 40.409173266656182 ], [ -79.722226471769318, 40.409073266678149 ], [ -79.72228258282928, 40.408867155601286 ], [ -79.722354805019052, 40.408766044501704 ], [ -79.722478693850519, 40.408583822301011 ], [ -79.722657582679403, 40.408433822309576 ], [ -79.722798693752793, 40.408363266751394 ], [ -79.723046471475698, 40.40829493340226 ], [ -79.723388693641937, 40.408298266694487 ], [ -79.723629804721213, 40.408338266657836 ], [ -79.723814804696701, 40.408368822185537 ], [ -79.72411369356513, 40.408512155455071 ], [ -79.724434804633006, 40.408561044296107 ], [ -79.724536471288161, 40.408587155390023 ], [ -79.724852582349399, 40.408599933127846 ], [ -79.725454804458138, 40.408532155292221 ], [ -79.726141470993582, 40.408446044116943 ], [ -79.726726470884159, 40.408383821837731 ], [ -79.727162581922641, 40.408382155119739 ], [ -79.727503692978587, 40.408388821744666 ], [ -79.727827581815859, 40.408398266148879 ], [ -79.728140915105826, 40.408441043880998 ], [ -79.729701470489829, 40.408869932500011 ], [ -79.729858692687799, 40.408878821368489 ], [ -79.729984803777256, 40.408874932465437 ], [ -79.730240914839328, 40.40884215466383 ], [ -79.730262581466093, 40.408663265807888 ], [ -79.730297581431955, 40.408523265831491 ], [ -79.730258692522455, 40.408389932529417 ], [ -79.730049803636462, 40.408233265918511 ], [ -79.72985980363228, 40.408057154864935 ], [ -79.729751470288818, 40.407918821571855 ], [ -79.729702581383719, 40.407798821601546 ], [ -79.729685914695665, 40.407679932738176 ], [ -79.729693692449132, 40.407566043870929 ], [ -79.729726470198671, 40.407453266111702 ], [ -79.729793692391809, 40.407364932787971 ], [ -79.729900914568361, 40.407227155024884 ], [ -79.730032581196554, 40.407144932803305 ], [ -79.730230914475385, 40.407038266134577 ], [ -79.730396469994446, 40.40699382167918 ], [ -79.730536469966239, 40.406968821667704 ], [ -79.730701469931262, 40.406931043877762 ], [ -79.730958692085323, 40.406804932761361 ], [ -79.731115914252143, 40.406659932771561 ], [ -79.731263691946765, 40.406371043922547 ], [ -79.731343691897678, 40.406193821725992 ], [ -79.731464802905577, 40.405783266237677 ], [ -79.731491469509365, 40.405494932958504 ], [ -79.731463691682109, 40.405228266348104 ], [ -79.731477580520902, 40.404992155282287 ], [ -79.731436469347784, 40.404652155354711 ], [ -79.731355913726475, 40.404262155441813 ], [ -79.731274802564144, 40.403943266625845 ], [ -79.731139802534415, 40.403686044470589 ], [ -79.730950913612332, 40.403368266778443 ], [ -79.73068091355924, 40.402884933572977 ], [ -79.730572580187641, 40.402607155863336 ], [ -79.730518691247141, 40.402308822595558 ], [ -79.730559802282869, 40.401969933769237 ], [ -79.730613691115025, 40.401733822698645 ], [ -79.730680913259391, 40.40140493386707 ], [ -79.730815913189133, 40.401168267231469 ], [ -79.731045913101127, 40.400922156142087 ], [ -79.731261468581522, 40.400727156155256 ], [ -79.731585912911783, 40.400428822842741 ], [ -79.731952579443032, 40.400059933983698 ], [ -79.732006468301165, 40.399952156220991 ], [ -79.732100912706926, 40.399838822899085 ], [ -79.732789801356091, 40.399218267385038 ], [ -79.733005912379213, 40.398961045188457 ], [ -79.733140912322426, 40.398791045206337 ], [ -79.733281467803636, 40.398538823017645 ], [ -79.733355912207799, 40.398401045258311 ], [ -79.733551467660163, 40.398051045304669 ], [ -79.733700912054871, 40.397928267533587 ], [ -79.733828689802294, 40.397882156416529 ], [ -79.734024800872589, 40.397841045290477 ], [ -79.734300911937908, 40.397841045257792 ], [ -79.73467868965713, 40.39786104520897 ], [ -79.734800911862123, 40.397876045191595 ], [ -79.734915911855637, 40.397938267387872 ], [ -79.735048689634368, 40.398051045127545 ], [ -79.735237578540932, 40.3982932672792 ], [ -79.735339800782754, 40.398473267231395 ], [ -79.735460911929863, 40.398749933828753 ], [ -79.735474800840336, 40.398868267136891 ], [ -79.735453689763915, 40.39902215599767 ], [ -79.735518689790183, 40.399204933731426 ], [ -79.735687578682189, 40.399358822569639 ], [ -79.735801467568933, 40.399441044762227 ], [ -79.735916467560514, 40.399493266960349 ], [ -79.736031467547491, 40.399523266940832 ], [ -79.73619368974181, 40.399518266922655 ], [ -79.73636257859647, 40.399487155797772 ], [ -79.736544800777096, 40.399431044676135 ], [ -79.736679800737988, 40.399348822454215 ], [ -79.736807578477851, 40.399266044677745 ], [ -79.736949800653747, 40.399153266905557 ], [ -79.737070911715648, 40.399009933586512 ], [ -79.737239800551549, 40.398886044702124 ], [ -79.737454800496209, 40.398788822473762 ], [ -79.737643689338313, 40.398712155800069 ], [ -79.737845911509226, 40.398623822460308 ], [ -79.738007578128247, 40.398521044683775 ], [ -79.738122578086347, 40.398408266914828 ], [ -79.738277578031386, 40.398263822480601 ], [ -79.738507577942528, 40.398013266947657 ], [ -79.73858146679089, 40.397873822522229 ], [ -79.738615911197485, 40.397714933660893 ], [ -79.73863591116185, 40.397554933690287 ], [ -79.738635911125357, 40.397374933726041 ], [ -79.738601466622299, 40.397057156015364 ], [ -79.738554799911242, 40.396799933849877 ], [ -79.738480911003364, 40.396646045000296 ], [ -79.738385910974614, 40.39642604505525 ], [ -79.738311466505991, 40.396246045099872 ], [ -79.738271466478182, 40.396076045138386 ], [ -79.738257577572938, 40.395983822936103 ], [ -79.738271466436686, 40.395871045179149 ], [ -79.738352577506191, 40.3957321563081 ], [ -79.738433688590362, 40.395664934089723 ], [ -79.738554799662836, 40.395573267427039 ], [ -79.738730910723746, 40.395469934093285 ], [ -79.738885910683564, 40.395398267422479 ], [ -79.739131466188724, 40.395349934069714 ], [ -79.739310910601375, 40.395339934050412 ], [ -79.739441466134281, 40.39533493403593 ], [ -79.739598688333558, 40.395349934014462 ], [ -79.739795910531143, 40.395389933983154 ], [ -79.739939799403317, 40.395424933959191 ], [ -79.740122577163788, 40.395488822813604 ], [ -79.740339799375306, 40.395613822762982 ], [ -79.741584799365057, 40.396582155756676 ], [ -79.741689799363826, 40.396662155728336 ], [ -79.74185979935703, 40.396767155687257 ], [ -79.742071466003097, 40.396838822314749 ], [ -79.742314799300232, 40.396858822281956 ], [ -79.742530910372466, 40.39684382225937 ], [ -79.742779799207881, 40.396783822241787 ], [ -79.742904799176131, 40.396728822237947 ], [ -79.743179799113364, 40.396643822222245 ], [ -79.743297576856378, 40.396568822223117 ], [ -79.74351368790667, 40.396444933333385 ], [ -79.74367757675725, 40.39638993332494 ], [ -79.743795910053734, 40.396304933327713 ], [ -79.744299798730935, 40.395672155616239 ], [ -79.744541465301154, 40.395393266754013 ], [ -79.744901465156602, 40.394973822350323 ], [ -79.745910909186364, 40.393752155806965 ], [ -79.746381464533613, 40.393108266990168 ], [ -79.746636464405469, 40.392683822599963 ], [ -79.746708686586373, 40.392538822620281 ], [ -79.746839797605105, 40.392189933785176 ], [ -79.747287575050564, 40.390914933985528 ], [ -79.747418686110848, 40.390771045109773 ], [ -79.747503686083519, 40.390706045112609 ], [ -79.747615908276032, 40.390651045110189 ], [ -79.747739797140355, 40.39063104509944 ], [ -79.747864797119632, 40.390631045084717 ], [ -79.748099797084706, 40.390651045052948 ], [ -79.748266463728385, 40.390673822806548 ], [ -79.748383685935266, 40.390693822788649 ], [ -79.748541463698018, 40.390748822759065 ], [ -79.749425908112016, 40.391322155873752 ], [ -79.749601463650549, 40.391382155841086 ], [ -79.749772574736369, 40.39139715581797 ], [ -79.749890908050133, 40.391397155803929 ], [ -79.750020908023544, 40.391372155793533 ], [ -79.750254796861725, 40.391313266888574 ], [ -79.750423685706835, 40.391234933550891 ], [ -79.7505614634415, 40.391134933554326 ], [ -79.750770907816047, 40.390961044675237 ], [ -79.751052574361097, 40.39059104471545 ], [ -79.751163685391248, 40.390282155874729 ], [ -79.751176463137824, 40.390138267013015 ], [ -79.751157574206502, 40.389913267059967 ], [ -79.751137574166478, 40.389698822660478 ], [ -79.751085907469871, 40.389508822704443 ], [ -79.751070907440578, 40.389352156070629 ], [ -79.7510459074187, 40.389223267210184 ], [ -79.751030907399866, 40.389118267232902 ], [ -79.751052573992467, 40.388769933966159 ], [ -79.751059796172058, 40.38856493400607 ], [ -79.751099796143819, 40.388458267355759 ], [ -79.751125907239782, 40.38840493403012 ], [ -79.75122646276759, 40.388349934029122 ], [ -79.7513497960731, 40.388313822910561 ], [ -79.751814795981204, 40.388239933981311 ], [ -79.752345907006315, 40.38824993391637 ], [ -79.752699795841636, 40.388274933869582 ], [ -79.753222573540882, 40.388314933799904 ], [ -79.753537573494725, 40.388344933756571 ], [ -79.753897573456129, 40.388448822582291 ], [ -79.754935906656272, 40.388641044643464 ], [ -79.7583414620496, 40.390628266067722 ], [ -79.75963646198835, 40.391386043541729 ], [ -79.760288684150225, 40.391622154528648 ], [ -79.761850906338282, 40.392732154123109 ], [ -79.762040906288462, 40.392642154118505 ], [ -79.762275906214199, 40.392467154125541 ], [ -79.763114794806484, 40.391688820847719 ], [ -79.76478368307238, 40.389978265434479 ], [ -79.764855905265506, 40.389893265442879 ], [ -79.764928683008009, 40.389778265457153 ], [ -79.764960905208625, 40.389698265469235 ], [ -79.765006460731456, 40.38957382104411 ], [ -79.765019794027182, 40.389398821077236 ], [ -79.764973682865275, 40.389109932251358 ], [ -79.764468682684537, 40.387803265904097 ], [ -79.764323682595546, 40.387244932698877 ], [ -79.764206460322157, 40.386896043893159 ], [ -79.764190904748432, 40.386793266137829 ], [ -79.76419479361499, 40.386686043936379 ], [ -79.764255904685172, 40.38653382173726 ], [ -79.763432571302985, 40.385618266461051 ], [ -79.76441645970101, 40.383998266666481 ], [ -79.765157570666872, 40.383887155489845 ], [ -79.765829792802492, 40.384009933163782 ], [ -79.765944792760934, 40.383898822061042 ], [ -79.766098681607332, 40.383814933170697 ], [ -79.766563681349396, 40.382921044404497 ], [ -79.766687570187457, 40.382771044419428 ], [ -79.767006458933963, 40.38232882224753 ], [ -79.767074792209712, 40.382099933395978 ], [ -79.767163681023192, 40.381799933445222 ], [ -79.767167569897765, 40.381732155680311 ], [ -79.767189792039403, 40.381352155753348 ], [ -79.767492569624324, 40.380647155857559 ], [ -79.767600902905599, 40.380478266989485 ], [ -79.767698680637864, 40.38033326700662 ], [ -79.768001458266838, 40.379846044845522 ], [ -79.7685464580033, 40.37898993384016 ], [ -79.768720902363157, 40.378714933874051 ], [ -79.769068679915506, 40.377884933997962 ], [ -79.769438679787129, 40.377553267353392 ], [ -79.769750901966631, 40.377598267307576 ], [ -79.769780901940067, 40.377491045103113 ], [ -79.769890901855092, 40.37716104515556 ], [ -79.769993679553124, 40.376851045205058 ], [ -79.770173679414256, 40.37631215640198 ], [ -79.770399790351405, 40.375637156509526 ], [ -79.770539790242935, 40.37521604546555 ], [ -79.770679790135432, 40.374798267754272 ], [ -79.77088979005606, 40.374578267773018 ], [ -79.770919790041773, 40.374532156667669 ], [ -79.770820901163233, 40.374502156685082 ], [ -79.772486454824104, 40.366496046968393 ], [ -79.773452565185778, 40.363579936322651 ], [ -79.773437565181609, 40.36354715855316 ], [ -79.773386454056492, 40.363436047470145 ], [ -79.773402565154299, 40.363383269700989 ], [ -79.773421454027925, 40.363323269710577 ], [ -79.773290898346033, 40.36259104764946 ], [ -79.773309787112566, 40.362001047764466 ], [ -79.773330898093377, 40.36137382566443 ], [ -79.773387564687994, 40.361063825719384 ], [ -79.773627564429489, 40.359981048128418 ], [ -79.773862564166507, 40.358872159432167 ], [ -79.774129786206004, 40.358187159536612 ], [ -79.774375897148389, 40.357553826300091 ], [ -79.774453674872916, 40.357353826330609 ], [ -79.775300896444492, 40.354828271176984 ], [ -79.775318674200491, 40.354734937860087 ], [ -79.775436451833627, 40.354116049080233 ], [ -79.775493673998142, 40.353877160232003 ], [ -79.775528673823999, 40.353043271504646 ], [ -79.775533673793859, 40.352898271532979 ], [ -79.775596451273543, 40.351473827364316 ], [ -79.776092561879182, 40.349378272166689 ], [ -79.776421450433531, 40.347991050181236 ], [ -79.778011448817551, 40.341292162435764 ], [ -79.778404781702989, 40.339396051655172 ], [ -79.779320891781367, 40.335031052414365 ], [ -79.779456447190569, 40.334417163631542 ], [ -79.77979866904559, 40.332878275008056 ], [ -79.780240890825496, 40.331048830874977 ], [ -79.781564778328345, 40.325264942979231 ], [ -79.781913666864625, 40.323803276561819 ], [ -79.782065888955117, 40.323274943315539 ], [ -79.782440888598785, 40.321816054672411 ], [ -79.782637555078622, 40.321051054801103 ], [ -79.782963665832483, 40.319547166172583 ], [ -79.783073665740574, 40.319182166232224 ], [ -79.783125887924484, 40.319034944033035 ], [ -79.783147554569496, 40.318944944048326 ], [ -79.783199776743913, 40.318751055191854 ], [ -79.783976442678352, 40.315757166806293 ], [ -79.784406442253555, 40.314003278215125 ], [ -79.785275885715691, 40.30984383449487 ], [ -79.78557866314901, 40.308383279193777 ], [ -79.787608660963656, 40.299204947444935 ], [ -79.787822549617772, 40.298214947616543 ], [ -79.787822549593841, 40.298096058751185 ], [ -79.787878660620606, 40.297723281040987 ], [ -79.781828660911685, 40.294193282456888 ], [ -79.777429772001199, 40.290468839271909 ], [ -79.776212549797833, 40.289561061818176 ], [ -79.775915883116568, 40.289244950805084 ], [ -79.775617549762387, 40.288896062020683 ], [ -79.775161438615271, 40.288342173295575 ], [ -79.774974771886093, 40.2878782845209 ], [ -79.774881438526563, 40.287671062351023 ], [ -79.774879771647932, 40.286617173671743 ], [ -79.774911438222659, 40.286186062642571 ], [ -79.775042549208365, 40.28567106272925 ], [ -79.775541437882623, 40.285014951689789 ], [ -79.776005882150571, 40.284519951733216 ], [ -79.776885881863109, 40.283816062880419 ], [ -79.777508659441253, 40.283336062902379 ], [ -79.778020881491614, 40.282903840705501 ], [ -79.778546436864474, 40.282428285182334 ], [ -79.778970881193459, 40.28220384073245 ], [ -79.779373658878001, 40.282072174044401 ], [ -79.779416436641839, 40.282038285157171 ], [ -79.780189769810534, 40.28185606287991 ], [ -79.781266436281442, 40.281768840547954 ], [ -79.782311436101566, 40.281734951542433 ], [ -79.783639769256922, 40.281943284677538 ], [ -79.784999769053456, 40.28205106227341 ], [ -79.787033657635504, 40.282199950892561 ], [ -79.788568657386293, 40.282224950706507 ], [ -79.790244768245032, 40.282349950483763 ], [ -79.791671434639397, 40.282171061461952 ], [ -79.793063656605341, 40.282043283545363 ], [ -79.794042545303739, 40.281902172346747 ], [ -79.795185878370773, 40.281519950065501 ], [ -79.795871433704178, 40.280979950091876 ], [ -79.796361433484321, 40.280291061282242 ], [ -79.796546433293372, 40.279493839196562 ], [ -79.79665865522378, 40.278136061675411 ], [ -79.79639087708847, 40.27613828432635 ], [ -79.796364765966587, 40.276063284344275 ], [ -79.795946432451672, 40.274816062419461 ], [ -79.7956525434833, 40.274178840358559 ], [ -79.795502543386363, 40.273573284940994 ], [ -79.795453654476546, 40.273428840530983 ], [ -79.795287543264635, 40.272791062899557 ], [ -79.794993654286884, 40.272107174181258 ], [ -79.794587543115142, 40.271471063244576 ], [ -79.793458654199753, 40.270409952477507 ], [ -79.788595876143063, 40.265018843011603 ], [ -79.788368653891553, 40.264686065326941 ], [ -79.788205876082998, 40.264398843180913 ], [ -79.788058653811618, 40.264033287715392 ], [ -79.787882542649015, 40.263632176704846 ], [ -79.787787542613444, 40.26337717676671 ], [ -79.787755875913149, 40.263183843475474 ], [ -79.787676431369391, 40.262623843596089 ], [ -79.787654764596937, 40.262079954817807 ], [ -79.78783976444447, 40.261473843805447 ], [ -79.788024764332079, 40.261067177197845 ], [ -79.788253653104618, 40.26067717724834 ], [ -79.788535875198306, 40.260269955073625 ], [ -79.788818652850637, 40.259878844006892 ], [ -79.78915643050766, 40.259556066253367 ], [ -79.789699763663748, 40.259122177386701 ], [ -79.78989143026331, 40.25894606628799 ], [ -79.794254762126968, 40.255227177623397 ], [ -79.794881428569965, 40.254631066556954 ], [ -79.795317539512098, 40.254148844379017 ], [ -79.795365872824277, 40.254083844386287 ], [ -79.795591428274747, 40.253746066648944 ], [ -79.795944761446265, 40.253232177820564 ], [ -79.796331427922553, 40.252603289011063 ], [ -79.796782538797231, 40.251798289117858 ], [ -79.79710476081101, 40.251026067011139 ], [ -79.797201427422749, 40.250832178149381 ], [ -79.797973649206767, 40.249287178365421 ], [ -79.798263648964564, 40.248321067412064 ], [ -79.799119759598398, 40.246649956532167 ], [ -79.799372537251202, 40.246236067695747 ], [ -79.799626426005204, 40.245773845535439 ], [ -79.800039759174126, 40.245296067803736 ], [ -79.800420870126345, 40.244818845631585 ], [ -79.800738647762103, 40.244373845682503 ], [ -79.800832536596943, 40.244182179042809 ], [ -79.802484758193827, 40.242429956974036 ], [ -79.802770869200003, 40.242143845886119 ], [ -79.803214757945113, 40.241793290347744 ], [ -79.803627535609621, 40.241569957010142 ], [ -79.804040868842492, 40.24140995699338 ], [ -79.804263646570519, 40.24134606809082 ], [ -79.804865868670504, 40.24123384581992 ], [ -79.805077535278315, 40.241114956929721 ], [ -79.805637535110975, 40.240743290270814 ], [ -79.805748646121913, 40.240336068116505 ], [ -79.806189756967285, 40.23937606825524 ], [ -79.806217534726386, 40.239306068265932 ], [ -79.806859756524545, 40.237723290727047 ], [ -79.806897534256052, 40.237523846317799 ], [ -79.806901423114084, 40.237373846347111 ], [ -79.806930867474364, 40.236978846422289 ], [ -79.8069397563292, 40.236816068675637 ], [ -79.806964756142861, 40.235908846630934 ], [ -79.806897533821939, 40.235361068969837 ], [ -79.806583644725265, 40.234067180375177 ], [ -79.806290866881852, 40.23349884718931 ], [ -79.805938644673063, 40.233274958386517 ], [ -79.805750866868209, 40.232984958466261 ], [ -79.805544755750475, 40.232782180753077 ], [ -79.805291422410505, 40.232539958608868 ], [ -79.80505142241185, 40.232348847564026 ], [ -79.804574755772364, 40.23209106989367 ], [ -79.804229755804386, 40.231966069959185 ], [ -79.803905866951879, 40.231879958903335 ], [ -79.79960753413377, 40.230902181826764 ], [ -79.789204757676771, 40.228904961227727 ], [ -79.789029757696142, 40.228857183480102 ], [ -79.788712535497666, 40.228713850212728 ], [ -79.788521424392684, 40.228587183593675 ], [ -79.78810975773672, 40.22830107258801 ], [ -79.787744757752478, 40.2280782948975 ], [ -79.787521424430565, 40.22795107272691 ], [ -79.786823646752168, 40.22787107282511 ], [ -79.781979758616046, 40.227628851222164 ], [ -79.78315475834097, 40.227227184496655 ], [ -79.783532536031259, 40.227102184477076 ], [ -79.783760869313824, 40.227037184463029 ], [ -79.783927535938346, 40.226964962235513 ], [ -79.785945868798024, 40.226268851024713 ], [ -79.787607535074699, 40.225694962053865 ], [ -79.787901423896358, 40.225602184260083 ], [ -79.794389755705765, 40.223358295052151 ], [ -79.805478641992806, 40.219536072282551 ], [ -79.805832530800615, 40.219423850040926 ], [ -79.810360863093024, 40.217971072018031 ], [ -79.817179750417949, 40.215801071645956 ], [ -79.831132524945531, 40.211112182045269 ], [ -79.835235857328826, 40.209762181830342 ], [ -79.839113634194575, 40.208416070530234 ], [ -79.840183633943298, 40.208046070477792 ], [ -79.84032252279934, 40.207997181582186 ], [ -79.841605855831176, 40.20755329263045 ], [ -79.850139742713623, 40.204593847769388 ], [ -79.859950851525923, 40.201232180616046 ], [ -79.866787516596503, 40.198918846938 ], [ -79.867183627615248, 40.198784958028966 ], [ -79.867587516415597, 40.198677180225218 ], [ -79.868542516181719, 40.19829995796556 ], [ -79.869568627044032, 40.197906069034104 ], [ -79.870634737886292, 40.197446069000137 ], [ -79.871292515551602, 40.197428846703872 ], [ -79.873485848498092, 40.197312179802282 ], [ -79.876195848025191, 40.197193846173548 ], [ -79.878371403184588, 40.197016068175174 ], [ -79.880187513952762, 40.196807179113932 ], [ -79.881722513644092, 40.196536067876082 ], [ -79.883787513200275, 40.196028845511705 ], [ -79.885259735108548, 40.195679956519029 ], [ -79.887326401321275, 40.195123289719959 ], [ -79.888830845457335, 40.194828845157019 ], [ -79.89008751188328, 40.19466717837463 ], [ -79.892070844842294, 40.194439955964128 ], [ -79.893392511270406, 40.194343289161225 ], [ -79.894327511121389, 40.194373289045245 ], [ -79.894486399984601, 40.194377177914703 ], [ -79.894976399905772, 40.194388844521427 ], [ -79.896581399660647, 40.194493844311637 ], [ -79.899100843770952, 40.194912177265337 ], [ -79.90057139913398, 40.195168843707904 ], [ -79.901666398984389, 40.195328843547259 ], [ -79.904361398641583, 40.195849954237474 ], [ -79.90698084275283, 40.196356064939607 ], [ -79.909105842488543, 40.196797175713129 ], [ -79.910922508945191, 40.197253286519697 ], [ -79.912477508781024, 40.197722175132242 ], [ -79.913262508716286, 40.198049952752569 ], [ -79.914198619761635, 40.198497174775525 ], [ -79.914228619761161, 40.198519952545269 ], [ -79.914854730823095, 40.198793285750583 ], [ -79.916152508533969, 40.199534952116949 ], [ -79.916524730730146, 40.199713840926506 ], [ -79.916850841818587, 40.199871063079115 ], [ -79.91771973064823, 40.200294951781416 ], [ -79.918810841763104, 40.201218840358081 ], [ -79.919713619518404, 40.201854951236328 ], [ -79.920803619484786, 40.202591062072599 ], [ -79.921314730578104, 40.202926061945789 ], [ -79.921635841719535, 40.203343839602724 ], [ -79.92180473060364, 40.203459950670833 ], [ -79.922562508355668, 40.203959950482158 ], [ -79.923252508327664, 40.204392172537155 ], [ -79.923794730530744, 40.204746061291871 ], [ -79.924006397186815, 40.204868839020321 ], [ -79.924234730513206, 40.205023283407172 ], [ -79.924689730496709, 40.205318283294787 ], [ -79.925046397147469, 40.205534949876551 ], [ -79.925564730456813, 40.205844949753896 ], [ -79.926131397085214, 40.206123282965109 ], [ -79.926696397033993, 40.206336060634044 ], [ -79.927310841425424, 40.206581060512917 ], [ -79.927698619169291, 40.206733282659229 ], [ -79.927988619139228, 40.206823282607161 ], [ -79.928197508005439, 40.206883282570743 ], [ -79.928341396883184, 40.206947171429931 ], [ -79.928515841311707, 40.2070121713964 ], [ -79.928706396848725, 40.207077171361107 ], [ -79.928976396823145, 40.207173282421365 ], [ -79.929261396794914, 40.207268837924289 ], [ -79.929769730073076, 40.207414948946564 ], [ -79.930404730003374, 40.207593282169796 ], [ -79.930975841045836, 40.207723837632216 ], [ -79.931594729861217, 40.207869948641189 ], [ -79.932340840884081, 40.208048281851291 ], [ -79.933134729667302, 40.208178837287619 ], [ -79.933911396247368, 40.208389948265392 ], [ -79.934689729506147, 40.208663837008146 ], [ -79.935324729445824, 40.208888836888605 ], [ -79.936053618265589, 40.209148281195667 ], [ -79.936990840396788, 40.209471058798897 ], [ -79.937640840327504, 40.209663836461743 ], [ -79.938910840165647, 40.209908836263651 ], [ -79.939230840146763, 40.210079947303143 ], [ -79.939708617857207, 40.21013994723495 ], [ -79.939977506701098, 40.210138280536853 ], [ -79.940503617723664, 40.210132169365181 ], [ -79.941044728750228, 40.210158835962829 ], [ -79.94168083976399, 40.210199946990826 ], [ -79.942285839665431, 40.210209946917757 ], [ -79.94295361733441, 40.210219946837242 ], [ -79.943717506107646, 40.210276057847295 ], [ -79.944481394880881, 40.210332168857349 ], [ -79.945214728110273, 40.210421057642407 ], [ -79.94570750582119, 40.210496057569401 ], [ -79.946425839059259, 40.210616057461039 ], [ -79.947252505618792, 40.210767168444818 ], [ -79.947461394481252, 40.210808279523121 ], [ -79.948060838851575, 40.210934946094198 ], [ -79.948874727647251, 40.211144945956505 ], [ -79.949751394210125, 40.211353834700674 ], [ -79.950707505213927, 40.211611056759239 ], [ -79.951616394009648, 40.211899945483765 ], [ -79.952445838377116, 40.212203834214449 ], [ -79.953146393864529, 40.212444945195273 ], [ -79.953880838241503, 40.212717167276935 ], [ -79.954740838178793, 40.213118278206991 ], [ -79.955043615935153, 40.213262167031587 ], [ -79.955154727034142, 40.213293833678847 ], [ -79.95539472701023, 40.213373833634819 ], [ -79.955537504777283, 40.213438278049637 ], [ -79.956143615857968, 40.213789944574842 ], [ -79.956764726946062, 40.214189944422117 ], [ -79.957370838027089, 40.214543277613984 ], [ -79.958103615763264, 40.214943277448128 ], [ -79.958772504640081, 40.215438277270778 ], [ -79.959632504612387, 40.216013832610543 ], [ -79.959648615746516, 40.216142165916494 ], [ -79.960112504626352, 40.216482165794162 ], [ -79.960528615719852, 40.216739943471737 ], [ -79.961295837950559, 40.217418832135081 ], [ -79.962141393507977, 40.218129943005181 ], [ -79.962907504624354, 40.218792165005425 ], [ -79.963721393520302, 40.219503275879276 ], [ -79.964391393537994, 40.220148275672045 ], [ -79.965254726883074, 40.220923275416055 ], [ -79.965541393555952, 40.221192164217769 ], [ -79.966109726901323, 40.221723830711539 ], [ -79.966804726926057, 40.222424941601446 ], [ -79.967500838062165, 40.223127163601816 ], [ -79.968146393647771, 40.223813274500401 ], [ -79.968856393698729, 40.224657163137749 ], [ -79.96915639373168, 40.225071051908799 ], [ -79.969329727096863, 40.225373829605985 ], [ -79.969582504896266, 40.225692162846258 ], [ -79.969834727143734, 40.226027162749801 ], [ -79.97011750494454, 40.22637716264677 ], [ -79.970322504990122, 40.226774940321206 ], [ -79.970322504993362, 40.226791051429245 ], [ -79.970542505055448, 40.227283829082921 ], [ -79.970697505134638, 40.227808273404662 ], [ -79.970792505189138, 40.228158828879316 ], [ -79.970869727474735, 40.228539939905431 ], [ -79.970930838658489, 40.228953273149102 ], [ -79.970960838729638, 40.229333273070097 ], [ -79.970958616587268, 40.229729939658 ], [ -79.970893616686965, 40.230173828466036 ], [ -79.970827505682223, 40.230649939490036 ], [ -79.970810839040553, 40.230761050581066 ], [ -79.970778616849145, 40.23088827278184 ], [ -79.970761394658325, 40.231031050533034 ], [ -79.970713616923319, 40.231204939392967 ], [ -79.970664728080692, 40.231394939360939 ], [ -79.970664728163968, 40.231811050389069 ], [ -79.970583617098214, 40.231969939255919 ], [ -79.970503617133943, 40.232082161465371 ], [ -79.970439728287658, 40.232242161440979 ], [ -79.970263617276544, 40.232594939169246 ], [ -79.970119728459395, 40.232833828027253 ], [ -79.96994361743532, 40.233122161324047 ], [ -79.969718617543094, 40.233473272391734 ], [ -79.969510839854195, 40.233744939028668 ], [ -79.969286395504867, 40.234033272330976 ], [ -79.969110840026531, 40.234273272303767 ], [ -79.968870840114391, 40.234512161173313 ], [ -79.968614729093758, 40.234752161155711 ], [ -79.968294729204501, 40.235038827802953 ], [ -79.967942507111502, 40.235392161107427 ], [ -79.967781396065561, 40.235583272199335 ], [ -79.967364729532278, 40.235903272184771 ], [ -79.9669325074521, 40.236253827721384 ], [ -79.966436396497215, 40.23662216103952 ], [ -79.966084729946488, 40.236908827690513 ], [ -79.965700841159901, 40.237101049919715 ], [ -79.965284730178553, 40.237403827686137 ], [ -79.96502861913234, 40.237514938805191 ], [ -79.964773619203584, 40.237658827695498 ], [ -79.964484730385379, 40.237772161040198 ], [ -79.964292508214157, 40.237867161043937 ], [ -79.964116397141822, 40.237914938833001 ], [ -79.964004730503405, 40.237963272169793 ], [ -79.963764730562502, 40.238058827734505 ], [ -79.963380841772505, 40.238233827744864 ], [ -79.962822508572913, 40.23843827221441 ], [ -79.962203619840295, 40.23870493890081 ], [ -79.961678619971678, 40.238924938918672 ], [ -79.96074139796491, 40.239223272302979 ], [ -79.960662509095357, 40.239253827861603 ], [ -79.96064639799016, 40.239269938971404 ], [ -79.960392509162261, 40.239363827871614 ], [ -79.960057509252692, 40.239537161209853 ], [ -79.959454731609412, 40.239708827913262 ], [ -79.959040842805109, 40.239787161279537 ], [ -79.958564731788442, 40.239863827987051 ], [ -79.958231398519729, 40.239909939128268 ], [ -79.957819731943346, 40.240018828043901 ], [ -79.957373620931378, 40.240143828071496 ], [ -79.957088620985076, 40.240174939210021 ], [ -79.956706398845085, 40.240268828125181 ], [ -79.956532509991405, 40.240299939250576 ], [ -79.95611973229768, 40.240377161505819 ], [ -79.955769732371493, 40.240454939309416 ], [ -79.955563621300769, 40.240486050438562 ], [ -79.955341399118538, 40.24050105046183 ], [ -79.955119732497906, 40.240547161589689 ], [ -79.954881399210478, 40.240578272722757 ], [ -79.954531399274686, 40.240608272757925 ], [ -79.95410251046934, 40.240669939462748 ], [ -79.953864732737372, 40.24070105059559 ], [ -79.953563621676039, 40.240699939520312 ], [ -79.953214732851166, 40.240729939555251 ], [ -79.952658621838282, 40.240758828503942 ], [ -79.952188621923824, 40.240796050774009 ], [ -79.952037510840967, 40.240812161899782 ], [ -79.951421399842332, 40.240862161962355 ], [ -79.95108139989901, 40.240863273113177 ], [ -79.950789733287422, 40.240896050918877 ], [ -79.950676399972906, 40.240896050932179 ], [ -79.95012473340455, 40.24092882876829 ], [ -79.949590844614306, 40.240978828821255 ], [ -79.948828622528765, 40.24102882890088 ], [ -79.948309733729616, 40.241046051180888 ], [ -79.947580844965273, 40.241063829040741 ], [ -79.947012511733135, 40.241097162434414 ], [ -79.946169734105354, 40.241147162523646 ], [ -79.945797511948342, 40.241163829230914 ], [ -79.9446947343543, 40.241166051582468 ], [ -79.943025845762747, 40.241266051758998 ], [ -79.941404734947525, 40.241398829701211 ], [ -79.939835846327298, 40.241438829877893 ], [ -79.939034735364658, 40.241516052179009 ], [ -79.938363624377587, 40.241578274467827 ], [ -79.937644735620268, 40.241638830096065 ], [ -79.937317513465302, 40.241703274566078 ], [ -79.936336402535574, 40.241794941330056 ], [ -79.935355847161588, 40.241888274760299 ], [ -79.934635847303298, 40.241998274823004 ], [ -79.933588625316133, 40.242303274885728 ], [ -79.932999736537397, 40.242364941609367 ], [ -79.932164736714412, 40.242556052780685 ], [ -79.931346403558678, 40.242763830613512 ], [ -79.930282514904263, 40.243052164014784 ], [ -79.929153626263826, 40.243356052976026 ], [ -79.928028626523258, 40.24371827525863 ], [ -79.927105848973554, 40.244091053070804 ], [ -79.926092515921027, 40.244652164189574 ], [ -79.925078627284961, 40.245073275336267 ], [ -79.924511405221153, 40.245393830894727 ], [ -79.924188627522994, 40.245523275351445 ], [ -79.923942516472323, 40.245621053138734 ], [ -79.923512516588801, 40.245846053144589 ], [ -79.922851405639619, 40.246106053170706 ], [ -79.922268628023062, 40.246427164286558 ], [ -79.921639739315196, 40.246808830951238 ], [ -79.920995850604072, 40.247162164289989 ], [ -79.920643628479013, 40.247354942070899 ], [ -79.920458628526035, 40.247436053187698 ], [ -79.920136406392601, 40.247612164301643 ], [ -79.919678628760835, 40.247961053175004 ], [ -79.918958628970074, 40.24840827539316 ], [ -79.918206406956358, 40.248824942065369 ], [ -79.918175851412116, 40.248856053173881 ], [ -79.917670851566356, 40.249207164274651 ], [ -79.917135851725675, 40.249558275378888 ], [ -79.916553629676685, 40.249939942038054 ], [ -79.916035852073946, 40.25038383089958 ], [ -79.915912518783159, 40.25049383089231 ], [ -79.915549741150869, 40.250918830850367 ], [ -79.915045852428364, 40.251331053049853 ], [ -79.914671408196568, 40.252081052944618 ], [ -79.914430852750343, 40.252427164015273 ], [ -79.915909741495511, 40.252934941517765 ], [ -79.916131408138256, 40.252998830367915 ], [ -79.918063630165932, 40.253628830015032 ], [ -79.918207519041687, 40.253682163320775 ], [ -79.918369741242884, 40.253712163295575 ], [ -79.919337518903376, 40.253928274249745 ], [ -79.92108862983298, 40.254473273934991 ], [ -79.922217518615412, 40.254877162610512 ], [ -79.923133629611129, 40.255059940243939 ], [ -79.923522518446134, 40.255113273520919 ], [ -79.92385140730255, 40.25522382901579 ], [ -79.924689740552481, 40.255502162195057 ], [ -79.924987518300156, 40.255598828807365 ], [ -79.925276407158492, 40.255686050978227 ], [ -79.940513627775829, 40.260303826042218 ], [ -79.942990849738351, 40.261062158932759 ], [ -79.943780849658594, 40.261318269899846 ], [ -79.944822516219858, 40.261656047487804 ], [ -79.956444737214952, 40.265168267641968 ], [ -79.957849737061736, 40.265568822952332 ], [ -79.958835848063245, 40.26583993389346 ], [ -79.959249736907566, 40.265961044931657 ], [ -79.959507514653751, 40.266017156001226 ], [ -79.959843625730343, 40.266123267051682 ], [ -79.962399736556449, 40.266821044389417 ], [ -79.964007514156719, 40.267268821888763 ], [ -79.968254735909625, 40.268449932264502 ], [ -79.968770846964901, 40.268599932173913 ], [ -79.96894473583194, 40.268634932146426 ], [ -79.969130846926134, 40.268704932110609 ], [ -79.96944584688805, 40.268776043170419 ], [ -79.970660846751286, 40.269102154073494 ], [ -79.972004735495204, 40.269493264948551 ], [ -79.972724735416762, 40.269698820378494 ], [ -79.97284140207006, 40.26972882035858 ], [ -79.973432513112584, 40.269877153592802 ], [ -79.973679735265932, 40.269738820257999 ], [ -79.97388084632064, 40.269624931368014 ], [ -79.974244735195953, 40.269858820167542 ], [ -79.974326401916642, 40.270196042313046 ], [ -79.974381401949188, 40.270403264487584 ], [ -79.983937512039404, 40.273238262797634 ], [ -79.984759734174247, 40.273484929318442 ], [ -79.985416400769395, 40.273673262536818 ], [ -79.999545843689248, 40.277793815608163 ], [ -80.002783621116635, 40.278733815039743 ], [ -80.005703620793724, 40.279547147867277 ], [ -80.017330841771866, 40.282996034700147 ], [ -80.018409730548115, 40.283329923395513 ], [ -80.0218147301876, 40.28435992278952 ], [ -80.022245841253209, 40.28449103382377 ], [ -80.023107507818963, 40.284703811457632 ], [ -80.023555841100233, 40.284816033604784 ], [ -80.024680840975236, 40.285127144521368 ], [ -80.025224729806382, 40.285291033313683 ], [ -80.025461396448122, 40.285363255493564 ], [ -80.025855840850795, 40.285482144312368 ], [ -80.029176396066362, 40.286544921487405 ], [ -80.029744729324875, 40.286643810289831 ], [ -80.031673617966646, 40.287013809988935 ], [ -80.031815840178467, 40.287079921070188 ], [ -80.031898617957722, 40.287156032156361 ], [ -80.032209729092017, 40.287529920934048 ], [ -80.033741395617255, 40.288097142863023 ], [ -80.033804728943835, 40.288116031740685 ], [ -80.036147506420946, 40.288563253598113 ], [ -80.038269728409034, 40.289158808785146 ], [ -80.040303617077996, 40.2897521417608 ], [ -80.045206394333434, 40.29122102977982 ], [ -80.047254727460654, 40.291894918293337 ], [ -80.053228615737169, 40.293806028320375 ], [ -80.053394726831357, 40.293859917179077 ], [ -80.053518615707333, 40.293898806045434 ], [ -80.053607504586694, 40.293924917140941 ], [ -80.057129726433857, 40.294982138737794 ], [ -80.05733139308029, 40.295048805367514 ], [ -80.058126392988299, 40.295251027455834 ], [ -80.058624726262224, 40.295368805151497 ], [ -80.059156392865077, 40.295493249508581 ], [ -80.059495837269367, 40.295574916119108 ], [ -80.05969750391489, 40.295637138305096 ], [ -80.059826392793582, 40.295693249389956 ], [ -80.059894726123332, 40.29573213826302 ], [ -80.059980837232501, 40.295793804907248 ], [ -80.061674725941089, 40.296303249050652 ], [ -80.063013614687463, 40.296706026590698 ], [ -80.066378614329494, 40.297718248215062 ], [ -80.069259725133747, 40.298583803258907 ], [ -80.072297502566016, 40.299387136074643 ], [ -80.072674724747685, 40.299498247119118 ], [ -80.073045835817652, 40.299602135943758 ], [ -80.077002502050789, 40.300731024141783 ], [ -80.081085834910084, 40.301763245677762 ], [ -80.08258250143291, 40.302291023174121 ], [ -80.082915834727885, 40.302377134228948 ], [ -80.082936390281418, 40.302383800891903 ], [ -80.083003612498544, 40.302414911988876 ], [ -80.086145834433125, 40.303593800272779 ], [ -80.086936389916332, 40.303891022342668 ], [ -80.087555834283307, 40.304019911133139 ], [ -80.089310834063326, 40.30438379974288 ], [ -80.090851389448801, 40.304817132808466 ], [ -80.09461972236528, 40.305873798820983 ], [ -80.094839722341817, 40.305939909893141 ], [ -80.094965833438323, 40.305972132094041 ], [ -80.097757499822592, 40.306887131583039 ], [ -80.098873610820419, 40.307251020268041 ], [ -80.099439721874205, 40.307436020164516 ], [ -80.099626388522665, 40.307501020129564 ], [ -80.104792499111568, 40.309196019183616 ], [ -80.106308610045346, 40.309573796707696 ], [ -80.109902498490499, 40.310353240573761 ], [ -80.111728609406498, 40.31090101802755 ], [ -80.11225583157244, 40.311058795711801 ], [ -80.113526386997535, 40.311466017703253 ], [ -80.114660831322169, 40.31181323972271 ], [ -80.116227497822706, 40.31228879499912 ], [ -80.123120830424227, 40.31437990488206 ], [ -80.123345830397625, 40.314434904844688 ], [ -80.131158607342513, 40.31678879234471 ], [ -80.142283606154081, 40.320131012591219 ], [ -80.14372082822257, 40.320562123447246 ], [ -80.1444063837057, 40.320772123324787 ], [ -80.145693605790257, 40.321158234207473 ], [ -80.145828605775762, 40.321198234183612 ], [ -80.145973605760503, 40.321243234157464 ], [ -80.146836383446043, 40.321502122893321 ], [ -80.150194716438989, 40.322603788945059 ], [ -80.155032493691124, 40.324014899205508 ], [ -80.161645826318079, 40.326004898030249 ], [ -80.171171380859391, 40.328889896334147 ], [ -80.172384714063185, 40.32925600722939 ], [ -80.173878602792797, 40.329707118074737 ], [ -80.175070824887712, 40.330067117862768 ], [ -80.176161380327073, 40.330397117668554 ], [ -80.177420824637068, 40.330777117444597 ], [ -80.178689713392487, 40.331169894994787 ], [ -80.180472490976513, 40.331691005791981 ], [ -80.181166379792103, 40.331903783445796 ], [ -80.181968601926656, 40.332136005527332 ], [ -80.182172490792937, 40.332193227714129 ], [ -80.18237582410427, 40.332253227678279 ], [ -80.18286749072206, 40.332419894253746 ], [ -80.182998601820316, 40.332464894229417 ], [ -80.183138601805695, 40.332508783093147 ], [ -80.183484712911991, 40.332773227444022 ], [ -80.192025824028292, 40.33991989167879 ], [ -80.199942490689523, 40.346492111657199 ], [ -80.200297490689138, 40.346786000445661 ], [ -80.200662490695549, 40.347122111446765 ], [ -80.200943601831057, 40.34747822245356 ], [ -80.20148637958539, 40.347813777878287 ], [ -80.212415824038317, 40.356968219208568 ], [ -80.220788601856839, 40.364152105677192 ], [ -80.22181971296294, 40.364987105389048 ], [ -80.223304712973913, 40.366279882733807 ], [ -80.227825824063473, 40.369942103692495 ], [ -80.227992490728582, 40.370073770313354 ], [ -80.228849712949511, 40.370782103404224 ], [ -80.229046379613351, 40.370932103351095 ], [ -80.229515824050736, 40.371288214335891 ], [ -80.229906379606632, 40.371615992002205 ], [ -80.230664712926682, 40.372182102910926 ], [ -80.230969712973035, 40.372667102778053 ], [ -80.23125860186309, 40.37291376936156 ], [ -80.231925824075972, 40.373423769180988 ], [ -80.232407490735568, 40.373789880162349 ], [ -80.233191379615448, 40.374398768837466 ], [ -80.233563601833225, 40.374687102069288 ], [ -80.234345824037177, 40.375248768531776 ], [ -80.234697490695908, 40.375502101773066 ], [ -80.23509082401506, 40.375759879452971 ], [ -80.235513601777654, 40.376037101570091 ], [ -80.236993601807399, 40.377418767786537 ], [ -80.237883601799922, 40.378123767540956 ], [ -80.238587490674945, 40.378642100687841 ], [ -80.239317490676797, 40.379259878256278 ], [ -80.23992749067213, 40.379745989198568 ], [ -80.248929712854931, 40.387057097789295 ], [ -80.254598601725263, 40.39169320730673 ], [ -80.255247490610998, 40.392218207125438 ], [ -80.255911379494933, 40.392747095830543 ], [ -80.258814712806043, 40.395058206138117 ], [ -80.258984712805614, 40.395198206090186 ], [ -80.25961360169498, 40.395724872577489 ], [ -80.261491379483232, 40.397343205366326 ], [ -80.263924712811161, 40.399345982457362 ], [ -80.272428601676779, 40.406323757839573 ], [ -80.27334860168429, 40.407128757570433 ], [ -80.276260823893836, 40.409494867865703 ], [ -80.276730823891683, 40.409875978845264 ], [ -80.27794860165767, 40.410833756288241 ], [ -80.286522490438244, 40.417448198401189 ], [ -80.288188601513127, 40.418658753518685 ], [ -80.288813601508878, 40.41915819778967 ], [ -80.290885823720203, 40.420833752766214 ], [ -80.292702490378019, 40.422304863369334 ], [ -80.293560823706798, 40.42299875201843 ], [ -80.294605823701716, 40.42384486283737 ], [ -80.295347490364804, 40.424445973741001 ], [ -80.296234712582532, 40.425163751270702 ], [ -80.297128601466852, 40.425887084354258 ], [ -80.297223601468431, 40.425974862103203 ], [ -80.297251379246916, 40.426000973205817 ], [ -80.297280823691835, 40.426028195419292 ], [ -80.297333601469632, 40.426072084293139 ], [ -80.297362490358751, 40.426097084284777 ], [ -80.297417490358782, 40.426143195380121 ], [ -80.297629712579123, 40.426310973099305 ], [ -80.297802490356617, 40.42645375082833 ], [ -80.298108601466424, 40.42670319518686 ], [ -80.298505823686583, 40.427023750631406 ], [ -80.298984712572462, 40.427408750498103 ], [ -80.299422490347411, 40.427759861487459 ], [ -80.310062490268422, 40.436245969649008 ], [ -80.310820823626955, 40.43700374718594 ], [ -80.316055823606405, 40.441269856827489 ], [ -80.316181379164277, 40.441385967900601 ], [ -80.316439712498266, 40.441604856715401 ], [ -80.317136379161298, 40.44216818985393 ], [ -80.317260823604954, 40.442268745374804 ], [ -80.323611379127101, 40.447402076933599 ], [ -80.328512490239461, 40.45149818664828 ], [ -80.330847490206509, 40.453283741571738 ], [ -80.331020823537301, 40.453415963747204 ], [ -80.331365823535464, 40.453694852539627 ], [ -80.333307490193079, 40.455269851995979 ], [ -80.337260823511542, 40.458495961996277 ], [ -80.337838601287046, 40.458967072945086 ], [ -80.338119712397088, 40.459195961755029 ], [ -80.338762490172542, 40.459720961574305 ], [ -80.347525823472438, 40.466869848000954 ], [ -80.34826749013655, 40.467475958903435 ], [ -80.348863601244091, 40.467955958737264 ], [ -80.349295823463706, 40.468303736394432 ], [ -80.350567490123012, 40.469328736039586 ], [ -80.351464712339862, 40.470050958011768 ], [ -80.360867490054545, 40.477587066507397 ], [ -80.35826860197227, 40.479414844225005 ], [ -80.354955825222021, 40.481740955260364 ], [ -80.35419638101672, 40.482292066350453 ], [ -80.354084714385408, 40.482373733013958 ], [ -80.351487492980539, 40.484255955165054 ], [ -80.351349715245703, 40.484353177383923 ], [ -80.351232493058887, 40.484430955160008 ], [ -80.351193604179684, 40.484447066272423 ], [ -80.350847493178492, 40.484702066262116 ], [ -80.350666382127372, 40.484848177365393 ], [ -80.349371382538379, 40.485803177326488 ], [ -80.349331382549451, 40.485824843993498 ], [ -80.349285827009396, 40.485863732880091 ], [ -80.348712493852076, 40.486257066202086 ], [ -80.348311382864381, 40.486533732860551 ], [ -80.34577360588105, 40.488350955017665 ], [ -80.344817495068696, 40.489033177215902 ], [ -80.344251384140307, 40.489465954973696 ], [ -80.342255829204817, 40.490872066038264 ], [ -80.329177499951641, 40.5001659546067 ], [ -80.326830834033956, 40.501917065643681 ], [ -80.324222501533029, 40.503862065561577 ], [ -80.319532503030075, 40.507360954302612 ], [ -80.315630837608978, 40.510272065290792 ], [ -80.306767507044924, 40.516585953960316 ], [ -80.304800840964447, 40.517847065050887 ], [ -80.303548619156174, 40.518850953886385 ], [ -80.302587508327974, 40.519449842768722 ], [ -80.300815842226086, 40.520767064936138 ], [ -80.292104733823294, 40.526903731401603 ], [ -80.291078623031126, 40.527625953600307 ], [ -80.287726401851558, 40.529988731300705 ], [ -80.284643625031492, 40.532155953452673 ], [ -80.279245848931737, 40.53595595332888 ], [ -80.277769738279005, 40.536992064406888 ], [ -80.276011405522809, 40.538380953225214 ], [ -80.275732516724702, 40.538597064325984 ], [ -80.274440850481767, 40.539615953163434 ], [ -80.274304739415413, 40.539723175380345 ], [ -80.272291406745808, 40.541327064185737 ], [ -80.27221751788079, 40.541383730849816 ], [ -80.272034740163235, 40.541528730842288 ], [ -80.26382974272866, 40.547374841751946 ], [ -80.251352524355241, 40.556003174831631 ], [ -80.250628635741293, 40.556758174766003 ], [ -80.249891413799048, 40.557527063588111 ], [ -80.248956414099155, 40.558230952446593 ], [ -80.246959748025972, 40.559500952428266 ], [ -80.24669752588386, 40.559678174645967 ], [ -80.246060859411216, 40.560107063524299 ], [ -80.245150859659418, 40.560575952426746 ], [ -80.24496085971964, 40.5607148413103 ], [ -80.243982526696868, 40.561434841281766 ], [ -80.237808639767593, 40.565973729991754 ], [ -80.23352641890466, 40.569122063201007 ], [ -80.233138641249923, 40.569407063189772 ], [ -80.232044752708248, 40.570210952047148 ], [ -80.23104141969344, 40.570948729795873 ], [ -80.230720864239686, 40.571184840897615 ], [ -80.230048642230884, 40.571678729767143 ], [ -80.228293642787946, 40.572968729716479 ], [ -80.226752532166188, 40.574102063005228 ], [ -80.226267532299687, 40.57435817412221 ], [ -80.225899754619491, 40.574533729686266 ], [ -80.225395865859412, 40.5747509519245 ], [ -80.224966421518616, 40.574905951944288 ], [ -80.224537532728789, 40.575038729746154 ], [ -80.224132532841111, 40.575255951972679 ], [ -80.223862532929616, 40.57546817418438 ], [ -80.223761421857319, 40.575575951952601 ], [ -80.22372086632646, 40.575663729717576 ], [ -80.223604755281599, 40.575893729685276 ], [ -80.223604755293707, 40.575953174117785 ], [ -80.223638644188043, 40.57600817410281 ], [ -80.223829755304735, 40.576193729598742 ], [ -80.223885866434443, 40.576332062897848 ], [ -80.223980866451825, 40.576495951742743 ], [ -80.22403142202711, 40.576634840597819 ], [ -80.224090866488609, 40.576768173897449 ], [ -80.224134755414923, 40.576988729403752 ], [ -80.224144755434736, 40.57709484049235 ], [ -80.224148644340914, 40.577183173807612 ], [ -80.224073644371913, 40.577273729353976 ], [ -80.223936422181851, 40.577318173805793 ], [ -80.223745866695026, 40.577498729347724 ], [ -80.223535866755981, 40.577624840458441 ], [ -80.223504755654972, 40.577648729346095 ], [ -80.223193644643914, 40.577883729335838 ], [ -80.223132533553667, 40.577935951554934 ], [ -80.223057533571534, 40.577962062669656 ], [ -80.222971422474984, 40.577962062679774 ], [ -80.222848644711974, 40.577933173811232 ], [ -80.222677533612284, 40.577848173848395 ], [ -80.222606422510466, 40.577834840526236 ], [ -80.222506422526749, 40.577832062760649 ], [ -80.222342533674805, 40.57787872943743 ], [ -80.222277533693841, 40.577918173881756 ], [ -80.222260867044099, 40.577988173869755 ], [ -80.222247533727341, 40.578058173857244 ], [ -80.222219755962101, 40.578097062741733 ], [ -80.221824756107424, 40.578485951599362 ], [ -80.221715867258979, 40.578594840479354 ], [ -80.221677533933871, 40.578603173815679 ], [ -80.22155142284322, 40.578599840497873 ], [ -80.221438645093258, 40.578643173835871 ], [ -80.221308645144632, 40.57878872937772 ], [ -80.221007534148157, 40.579103173794692 ], [ -80.220942534190556, 40.57925817377145 ], [ -80.220789756508509, 40.579603173720443 ], [ -80.220710867654191, 40.579708173708866 ], [ -80.220594756578862, 40.579788173706618 ], [ -80.220457534387208, 40.579824840382173 ], [ -80.220252534420979, 40.579822062629034 ], [ -80.220023645559763, 40.57976817377795 ], [ -80.219931423339347, 40.579700951580207 ], [ -80.219791423339302, 40.579584840508858 ], [ -80.219439756686882, 40.579363729483362 ], [ -80.219360867805165, 40.579333729498671 ], [ -80.219169756730082, 40.579353173961749 ], [ -80.218991423438752, 40.579412062860115 ], [ -80.218797534600242, 40.579499840643223 ], [ -80.218745867959228, 40.579583173965887 ], [ -80.218756423546608, 40.579748729487164 ], [ -80.218885868062387, 40.580207062713441 ], [ -80.21912753483781, 40.580942062538043 ], [ -80.219192534896536, 40.581284840239505 ], [ -80.219200868263158, 40.581455951315434 ], [ -80.219238646071346, 40.581637062385937 ], [ -80.219235868315707, 40.581743173476127 ], [ -80.219197535004639, 40.581820951242946 ], [ -80.219132535022425, 40.581854840132678 ], [ -80.21898253505708, 40.581900951252237 ], [ -80.21888642396209, 40.581900951263606 ], [ -80.218722535100767, 40.581900951282933 ], [ -80.218514757355877, 40.581890951309504 ], [ -80.218253646282392, 40.581859840235609 ], [ -80.218035868537129, 40.581839840265218 ], [ -80.217906424103774, 40.581787062513229 ], [ -80.217685868560409, 40.581664840341659 ], [ -80.21730975748585, 40.581533729301043 ], [ -80.216660868648432, 40.581249840545524 ], [ -80.216410868674927, 40.581173729479303 ], [ -80.216086424258265, 40.581042062877202 ], [ -80.215503646550303, 40.580903729640454 ], [ -80.215031424388656, 40.580810951937053 ], [ -80.214895868847009, 40.580767063072983 ], [ -80.214779757752069, 40.580750951978644 ], [ -80.214652535552261, 40.580755951992728 ], [ -80.214587535566523, 40.580772063108384 ], [ -80.214492535596037, 40.580838729772893 ], [ -80.214160869037471, 40.581095951982832 ], [ -80.213853646912071, 40.581318729752411 ], [ -80.213514758119004, 40.581509840865294 ], [ -80.213077536012406, 40.581717063097756 ], [ -80.212790869417347, 40.581832063108664 ], [ -80.212397536185392, 40.582005952009126 ], [ -80.212024758516009, 40.582230952008217 ], [ -80.211954758549609, 40.582338174217284 ], [ -80.21191642523803, 40.582413174206749 ], [ -80.211862536382796, 40.582534840855601 ], [ -80.211783647533025, 40.582662063061719 ], [ -80.211698647562685, 40.582737063056754 ], [ -80.211609758708164, 40.582833174159077 ], [ -80.211509758741101, 40.582912063044034 ], [ -80.211379758790656, 40.58304872969876 ], [ -80.211311425502572, 40.583214840784706 ], [ -80.211243647792287, 40.58349095184866 ], [ -80.211123647892748, 40.583885951783827 ], [ -80.211055870168707, 40.584093729528149 ], [ -80.210973648003915, 40.584308729494808 ], [ -80.210963648047311, 40.584513729455068 ], [ -80.211123648076978, 40.584792062713746 ], [ -80.211202536987912, 40.584965951558559 ], [ -80.211202537004169, 40.58504595154244 ], [ -80.21116475924066, 40.585084840428181 ], [ -80.211120870367097, 40.585123729314432 ], [ -80.210998648182624, 40.585208729311887 ], [ -80.210611426092839, 40.585539840402589 ], [ -80.210423648375809, 40.585683173729478 ], [ -80.210132537353275, 40.585878173724836 ], [ -80.209982537396797, 40.585968729280069 ], [ -80.209722537464359, 40.586085951509517 ], [ -80.209578648608272, 40.586128173740349 ], [ -80.209220870914123, 40.586243729315072 ], [ -80.20912753760706, 40.586295951537863 ], [ -80.208957537657227, 40.586402062647835 ], [ -80.208820871036721, 40.586515951530146 ], [ -80.208697537753551, 40.586660951515682 ], [ -80.208533648930711, 40.586849840386094 ], [ -80.208478648970186, 40.586998729251775 ], [ -80.208492537888503, 40.587154840329958 ], [ -80.208523649030155, 40.58733095140235 ], [ -80.208550871274781, 40.587463729150272 ], [ -80.208485871311609, 40.587590951354628 ], [ -80.208372538027845, 40.587740951338219 ], [ -80.208212538089242, 40.587910951323011 ], [ -80.208051427041596, 40.588089840195266 ], [ -80.207904760422593, 40.588203729078657 ], [ -80.20772087157593, 40.588258729089375 ], [ -80.20755976049395, 40.588268729106403 ], [ -80.207409760517066, 40.588258729126153 ], [ -80.207252538318244, 40.588243729147848 ], [ -80.207077538344095, 40.588225951394179 ], [ -80.206756427279629, 40.588189840328198 ], [ -80.20660642730121, 40.588172062571687 ], [ -80.206363649558966, 40.588145951494482 ], [ -80.206168649593735, 40.588155951515546 ], [ -80.205943649642222, 40.588208173754026 ], [ -80.205629760819591, 40.588274840444512 ], [ -80.20521587201938, 40.588368729363367 ], [ -80.204491427725827, 40.588512062753693 ], [ -80.204429761070571, 40.588517062759934 ], [ -80.204248649994497, 40.588539840554517 ], [ -80.204057538932489, 40.588623173893893 ], [ -80.203927538982327, 40.588760951659424 ], [ -80.203841427925795, 40.588958173852461 ], [ -80.203695872476317, 40.589359840455927 ], [ -80.203633650286179, 40.589465951553279 ], [ -80.203562539201243, 40.589535951547703 ], [ -80.20318642819791, 40.589754840437081 ], [ -80.202954761601347, 40.589908173767299 ], [ -80.2026258728161, 40.590145951536329 ], [ -80.202553650637981, 40.590303729291122 ], [ -80.202465872905236, 40.590452062605266 ], [ -80.202386428496766, 40.590563729258974 ], [ -80.202348650745989, 40.590664840354293 ], [ -80.202301428553767, 40.590773729226953 ], [ -80.20224642858841, 40.590898173653102 ], [ -80.20213753974042, 40.591009840310164 ], [ -80.202024761995233, 40.591077062532463 ], [ -80.201942539794345, 40.591113729201481 ], [ -80.201671428735665, 40.591147062560083 ], [ -80.201446428793986, 40.591248173677627 ], [ -80.201271428840244, 40.591330951459611 ], [ -80.201018651128152, 40.591444840355621 ], [ -80.200578651255, 40.59170484035559 ], [ -80.200291429116135, 40.591878173688201 ], [ -80.200041429185603, 40.592013173690816 ], [ -80.199908651446322, 40.592092062579525 ], [ -80.199682540384345, 40.592147062595245 ], [ -80.199425873763403, 40.592159840400882 ], [ -80.199316429341081, 40.592178173743378 ], [ -80.199179762703068, 40.59220595153181 ], [ -80.199070873844619, 40.592265951532681 ], [ -80.198793651710105, 40.592468173747307 ], [ -80.198554762901722, 40.592665951513766 ], [ -80.198284762995286, 40.592903173720401 ], [ -80.198089763064957, 40.593084840373876 ], [ -80.197697541005539, 40.593560951436075 ], [ -80.197522541086244, 40.593813173628575 ], [ -80.197392541152851, 40.594033173600053 ], [ -80.197208652338986, 40.594249840245027 ], [ -80.197065874620364, 40.594423173560529 ], [ -80.196996430213858, 40.594552062432058 ], [ -80.19695254135047, 40.594640951308179 ], [ -80.196839763605908, 40.594710951307604 ], [ -80.196727541410382, 40.594749840202041 ], [ -80.196580874776771, 40.594790951322238 ], [ -80.19649476369176, 40.594848173543141 ], [ -80.196364763735801, 40.594957062425749 ], [ -80.196248652678946, 40.59512817351623 ], [ -80.196040874962932, 40.595259840181143 ], [ -80.195944763883858, 40.595338173510129 ], [ -80.19541865294309, 40.595740951269704 ], [ -80.195284764112046, 40.595914840139585 ], [ -80.195223653055564, 40.596133173436442 ], [ -80.195202541980791, 40.596293728962507 ], [ -80.195168653136648, 40.596485951150328 ], [ -80.195103653176545, 40.596628728907092 ], [ -80.194974764333836, 40.596748728898547 ], [ -80.194801431040162, 40.596800951130774 ], [ -80.194593653300615, 40.596817062263085 ], [ -80.194081431154927, 40.596769840110881 ], [ -80.193936431181328, 40.596779840126089 ], [ -80.193846431202985, 40.596812062352399 ], [ -80.193576431263182, 40.596884840147538 ], [ -80.193240875770073, 40.596914840181284 ], [ -80.192967542475515, 40.596879840220709 ], [ -80.192821431379684, 40.596833729135938 ], [ -80.192458653635811, 40.596700951427692 ], [ -80.192245875887181, 40.596668173681621 ], [ -80.192026431472584, 40.596633729269854 ], [ -80.191901431481256, 40.596573173741263 ], [ -80.191837542577673, 40.596448173773751 ], [ -80.191686431471737, 40.596348729367094 ], [ -80.191558653710217, 40.59632317383182 ], [ -80.191367542630189, 40.596318173855366 ], [ -80.190992542667288, 40.596190951702908 ], [ -80.190776431586983, 40.596163173956199 ], [ -80.190755876033791, 40.596158173959566 ], [ -80.190388653859145, 40.596088729572386 ], [ -80.190076431691409, 40.596098174051917 ], [ -80.189431431821447, 40.596204840773396 ], [ -80.189100876329746, 40.596245951915478 ], [ -80.18861976530718, 40.596283729742538 ], [ -80.188118654276366, 40.596264840916604 ], [ -80.187739765442473, 40.596222063192272 ], [ -80.187305876607184, 40.5961270632626 ], [ -80.186824765562505, 40.596055952222514 ], [ -80.186643654486602, 40.59607984112813 ], [ -80.186430876771794, 40.596213174459876 ], [ -80.186111432422479, 40.596417063345712 ], [ -80.185861432493311, 40.596558730013669 ], [ -80.185586432566652, 40.596692063352862 ], [ -80.185442543717272, 40.596768174465808 ], [ -80.185248654869781, 40.596810952257954 ], [ -80.184741432736871, 40.596830952313837 ], [ -80.184535877217456, 40.596838730114428 ], [ -80.184435877239252, 40.596863174565897 ], [ -80.18431087727555, 40.59693873012111 ], [ -80.184210877321277, 40.597080952326678 ], [ -80.184179766236809, 40.597185952309417 ], [ -80.184204766251924, 40.597280952287463 ], [ -80.184463655145976, 40.597519841097892 ], [ -80.184598655177069, 40.597784841029011 ], [ -80.185388655128634, 40.598198729741682 ], [ -80.186295877274574, 40.598573174004116 ], [ -80.187463654936266, 40.598967062676195 ], [ -80.187788654908729, 40.599099840389101 ], [ -80.188094765986705, 40.59918984033493 ], [ -80.188344765990166, 40.599413173593973 ], [ -80.188438654887364, 40.599532062447963 ], [ -80.188620877100391, 40.599637062405463 ], [ -80.18873254376939, 40.599740951260344 ], [ -80.188763654893648, 40.59983095123863 ], [ -80.18869587714579, 40.599922062339715 ], [ -80.188557543851971, 40.600002062339911 ], [ -80.188094766196514, 40.600220951239805 ], [ -80.187414766371774, 40.600520951260194 ], [ -80.18689476649638, 40.600703729063071 ], [ -80.186488655477149, 40.600819840198881 ], [ -80.1860508778027, 40.600965951332569 ], [ -80.185699766757182, 40.600998729145374 ], [ -80.185205877955354, 40.601018173644377 ], [ -80.184723655809023, 40.600993729261688 ], [ -80.184460878078426, 40.601008173734328 ], [ -80.184279767009286, 40.601064840411198 ], [ -80.184169767039634, 40.601123173745805 ], [ -80.184135878159282, 40.601137062635814 ], [ -80.18397976709457, 40.601235951523449 ], [ -80.183916433789307, 40.601322062624831 ], [ -80.183910878251254, 40.601403173720428 ], [ -80.183935878266368, 40.601498173698474 ], [ -80.18401087828147, 40.601634840328813 ], [ -80.184241433893135, 40.602100951319699 ], [ -80.184336433915746, 40.602289840159585 ], [ -80.184468656148738, 40.602452062333725 ], [ -80.184631433925233, 40.602579840066653 ], [ -80.184731433932598, 40.602698728919904 ], [ -80.184799767293725, 40.602892062206536 ], [ -80.184824767319583, 40.603039839951805 ], [ -80.184818656252105, 40.603248728799713 ], [ -80.184699767451775, 40.603585950968636 ], [ -80.1845936564049, 40.603813728713419 ], [ -80.18449976756375, 40.603970950915254 ], [ -80.18442476759958, 40.604084839790289 ], [ -80.184317545429394, 40.604252061991701 ], [ -80.184240878790774, 40.604327061985828 ], [ -80.184111434396698, 40.604467061973082 ], [ -80.183998656666802, 40.604609839735645 ], [ -80.183779767853423, 40.604799839723682 ], [ -80.183479767936944, 40.604962061948811 ], [ -80.183197545808355, 40.605189839714569 ], [ -80.183006434742367, 40.605253173057747 ], [ -80.182816434787469, 40.605318173067189 ], [ -80.182578657062152, 40.605379839749617 ], [ -80.182428657104992, 40.605465950861287 ], [ -80.18213365719879, 40.605683728630424 ], [ -80.181682546235265, 40.606035950835633 ], [ -80.181557546285319, 40.606178728599616 ], [ -80.181488657440013, 40.606335950798609 ], [ -80.18136976861058, 40.606529839662869 ], [ -80.18119476868651, 40.606758728526643 ], [ -80.180816435480779, 40.60707317295288 ], [ -80.180744768835098, 40.607117061841507 ], [ -80.180569768892553, 40.607254839612551 ], [ -80.180469768941407, 40.607412061815126 ], [ -80.18049476898841, 40.60766372842852 ], [ -80.180531435713988, 40.607983172804722 ], [ -80.180586435722148, 40.608068728336605 ], [ -80.180613657948243, 40.608110950547257 ], [ -80.180581435744216, 40.608173172760928 ], [ -80.180237546983733, 40.608519839398923 ], [ -80.180249769227032, 40.608633728263669 ], [ -80.180331435890594, 40.608685950465656 ], [ -80.180419769213017, 40.608704839340476 ], [ -80.180500880315321, 40.608728728214999 ], [ -80.180519769210662, 40.608775950425525 ], [ -80.180487547010387, 40.608857061524134 ], [ -80.180406435921611, 40.608899839302978 ], [ -80.18031254705727, 40.608943172638817 ], [ -80.18027588041997, 40.609057061509247 ], [ -80.180300880439006, 40.609170950372402 ], [ -80.18032588046276, 40.609308728119629 ], [ -80.180300880488289, 40.609413172546283 ], [ -80.180206436070421, 40.609465950324534 ], [ -80.179999769441281, 40.609479839235178 ], [ -80.179849769462692, 40.609460950367804 ], [ -80.179767547239805, 40.609389839280652 ], [ -80.179767547224174, 40.6093131726293 ], [ -80.179792547197735, 40.609203728203681 ], [ -80.179761436079275, 40.609142061553086 ], [ -80.179404769435905, 40.608962061631246 ], [ -80.179223658342494, 40.608899839442984 ], [ -80.17908588058026, 40.608862061688853 ], [ -80.178960880586772, 40.608790950606874 ], [ -80.178847547258727, 40.608723728411405 ], [ -80.178709769494674, 40.608677061770379 ], [ -80.178559769529329, 40.608723728445511 ], [ -80.178440880670223, 40.608772061783213 ], [ -80.178371436253769, 40.608852061775451 ], [ -80.178390880710765, 40.608929839535335 ], [ -80.178516436265625, 40.609029839500408 ], [ -80.178735880700344, 40.609163172781223 ], [ -80.178754769601426, 40.609238728319383 ], [ -80.178716436289278, 40.609310950531778 ], [ -80.178622547422719, 40.609343728314059 ], [ -80.178509769671734, 40.609382061653207 ], [ -80.178384769695526, 40.609395950554074 ], [ -80.178278658609202, 40.609429839448637 ], [ -80.178215880856499, 40.609500950553013 ], [ -80.178084769769271, 40.609509839455598 ], [ -80.177996436451735, 40.609514839465078 ], [ -80.177927547564877, 40.609468172815866 ], [ -80.177883658663006, 40.609368172840959 ], [ -80.177827547532161, 40.60922483954306 ], [ -80.177752547523596, 40.609120950683746 ], [ -80.177476436419909, 40.608929839643508 ], [ -80.177176436430955, 40.608735950828816 ], [ -80.176625880904908, 40.608427062066767 ], [ -80.176345880930683, 40.608322062120976 ], [ -80.176219769836848, 40.60830317325059 ], [ -80.176088658748881, 40.608308173265243 ], [ -80.175975880983003, 40.608273728840857 ], [ -80.175875880991271, 40.608232062194531 ], [ -80.175750881010345, 40.608222062211269 ], [ -80.175631436577021, 40.608178728900668 ], [ -80.175462547711845, 40.608155951147467 ], [ -80.17525588108856, 40.608198173385631 ], [ -80.175111436675309, 40.608232062284742 ], [ -80.175048658905041, 40.608217062295239 ], [ -80.175017547789423, 40.608169840086191 ], [ -80.174992547779084, 40.608098173436872 ], [ -80.174823658901346, 40.608013173473694 ], [ -80.17433254784703, 40.607887062445911 ], [ -80.173765881238126, 40.607703729216269 ], [ -80.173596436820162, 40.607693729238349 ], [ -80.17349643684588, 40.607737062574756 ], [ -80.173352547996615, 40.607813173687703 ], [ -80.173174770263472, 40.607885951472042 ], [ -80.173035881413512, 40.607962062584306 ], [ -80.172889770334052, 40.607997062594507 ], [ -80.172799770351446, 40.608008173714154 ], [ -80.172720881474504, 40.608002062613537 ], [ -80.172681437024778, 40.607943173741091 ], [ -80.172631437023028, 40.60789372931248 ], [ -80.172552548143585, 40.60787484043658 ], [ -80.172427548167889, 40.607890951559341 ], [ -80.172323659302549, 40.607920951565518 ], [ -80.172284770424994, 40.607944840454252 ], [ -80.172266437103758, 40.607988729336682 ], [ -80.172226437126653, 40.608068173769936 ], [ -80.172198659367268, 40.608135951537292 ], [ -80.172165881606588, 40.608193173751999 ], [ -80.172120881618071, 40.608212062642451 ], [ -80.172031437190185, 40.608219840429228 ], [ -80.171937548314133, 40.608204840443477 ], [ -80.17175643721896, 40.608133729367864 ], [ -80.171593659455141, 40.608068173844686 ], [ -80.171493659465966, 40.608038729417899 ], [ -80.17125588172712, 40.608033729447129 ], [ -80.171073659529895, 40.608005951696384 ], [ -80.170954770646176, 40.607933729502633 ], [ -80.170873659531367, 40.607848729529167 ], [ -80.170785881748088, 40.60774872955966 ], [ -80.170746437306605, 40.607730951789961 ], [ -80.170672548423227, 40.60769706291677 ], [ -80.170566437326102, 40.607678174044054 ], [ -80.170458659573342, 40.607712062938958 ], [ -80.170365881824921, 40.607779840714159 ], [ -80.170290881845347, 40.607818174048703 ], [ -80.170204770754367, 40.607845951831109 ], [ -80.170104770772582, 40.607853729619137 ], [ -80.170011437446817, 40.607813174082764 ], [ -80.169921437452501, 40.607767062991456 ], [ -80.169810881891181, 40.607647063028594 ], [ -80.169739770762249, 40.60750095195516 ], [ -80.16972643742605, 40.60747595196159 ], [ -80.169620881847891, 40.607278174235887 ], [ -80.169620881828621, 40.607183174254828 ], [ -80.16963977069679, 40.60709706315879 ], [ -80.16969588178199, 40.607015952057111 ], [ -80.169789770647412, 40.606978174275866 ], [ -80.169852548400172, 40.606907063171661 ], [ -80.169902548374466, 40.606822063182562 ], [ -80.169902548354912, 40.606725952090699 ], [ -80.16978254834288, 40.606568174358642 ], [ -80.169601437235485, 40.606437063295118 ], [ -80.169489770564212, 40.606322063331447 ], [ -80.169257548364726, 40.606242063374737 ], [ -80.169044770630251, 40.606279841170249 ], [ -80.168850881798164, 40.606398174502885 ], [ -80.168794770717739, 40.606503174488466 ], [ -80.168769770738436, 40.606583730030763 ], [ -80.168681437429484, 40.606630952254079 ], [ -80.168362548601863, 40.606668730062154 ], [ -80.167884770903299, 40.606663174564062 ], [ -80.167755882030406, 40.606635952362467 ], [ -80.167623659834362, 40.606654841263435 ], [ -80.167505882084129, 40.606693174602924 ], [ -80.167223659909268, 40.606693174636348 ], [ -80.167054771051596, 40.606707063542387 ], [ -80.166966437729286, 40.606688174667738 ], [ -80.166891437733284, 40.60664595246277 ], [ -80.166860882161529, 40.606540952487308 ], [ -80.166866437661952, 40.606274841428785 ], [ -80.166809770965074, 40.606079841474468 ], [ -80.166753659839117, 40.605960952615931 ], [ -80.166709770943214, 40.605889841524288 ], [ -80.16660977095512, 40.605865952652096 ], [ -80.166471437651637, 40.605898730439492 ], [ -80.166396437670301, 40.605928174887083 ], [ -80.166359771023167, 40.605993730433681 ], [ -80.166365882152604, 40.606088730414001 ], [ -80.16636588216619, 40.606155952622998 ], [ -80.166315882183369, 40.606198730398091 ], [ -80.166240882198849, 40.606213174848506 ], [ -80.166133659992624, 40.60620317486314 ], [ -80.165995882226355, 40.606145952668669 ], [ -80.165945882222331, 40.606084841575637 ], [ -80.165883660005704, 40.606060952698954 ], [ -80.165726437813703, 40.606079841602536 ], [ -80.165607548954426, 40.606127063829376 ], [ -80.165288660146985, 40.606264841617531 ], [ -80.165200882395766, 40.606322063838604 ], [ -80.165081437991716, 40.606422063832838 ], [ -80.165006438020782, 40.606503174936449 ], [ -80.164975882482963, 40.606564841594547 ], [ -80.164937549202591, 40.606793174886718 ], [ -80.164780882604475, 40.607000952641556 ], [ -80.164639771527789, 40.607053174870032 ], [ -80.164428660464864, 40.607115952660138 ], [ -80.164242549399432, 40.607187063779065 ], [ -80.164018660562817, 40.607258730457886 ], [ -80.163817549529199, 40.607473174883296 ], [ -80.163698660681916, 40.607579841542645 ], [ -80.16352977184124, 40.607677063765436 ], [ -80.163363660775076, 40.607760952657202 ], [ -80.163266438579171, 40.607809841547805 ], [ -80.163103660852869, 40.60792873043215 ], [ -80.163022549786376, 40.6080809526336 ], [ -80.162865883181894, 40.608257063728161 ], [ -80.162484772180221, 40.608479841506437 ], [ -80.162089772297065, 40.60872817483687 ], [ -80.161876439021796, 40.608837063729254 ], [ -80.161219772552556, 40.609264841499112 ], [ -80.161025883718423, 40.609373730389166 ], [ -80.160743661578351, 40.609544841499542 ], [ -80.160580883837838, 40.60959317484236 ], [ -80.16034866166018, 40.60962095264216 ], [ -80.15996643949444, 40.609583174917191 ], [ -80.159603661761764, 40.609504841642206 ], [ -80.159359772902349, 40.609448730571216 ], [ -80.15906588404556, 40.609363730622988 ], [ -80.158821439627786, 40.609293175110452 ], [ -80.158574772986981, 40.609217064043662 ], [ -80.158259773021939, 40.609128730765406 ], [ -80.158085884148932, 40.609063175243477 ], [ -80.15789255083024, 40.608975953061474 ], [ -80.157672550851487, 40.60889873088081 ], [ -80.157398661989134, 40.608803175376693 ], [ -80.156949773142628, 40.608640953240013 ], [ -80.156560884266639, 40.608383731115168 ], [ -80.156404773166344, 40.608308175593152 ], [ -80.155930884322004, 40.608135953461442 ], [ -80.155346439958407, 40.60805095354749 ], [ -80.155126439990397, 40.608027064689509 ], [ -80.155006440011903, 40.608033175813546 ], [ -80.154901440036895, 40.608069842485236 ], [ -80.154663662340852, 40.608274842472497 ], [ -80.154517551277081, 40.608387064689623 ], [ -80.154450884630762, 40.608432064688543 ], [ -80.154375884649085, 40.608459842469529 ], [ -80.154193662457487, 40.608459842491015 ], [ -80.153905884714277, 40.608393175871754 ], [ -80.153793662504256, 40.6083598425584 ], [ -80.153741440291469, 40.608363175897182 ], [ -80.153700884746172, 40.608379842565398 ], [ -80.153649773653001, 40.608425953673247 ], [ -80.153508662607067, 40.608629842538107 ], [ -80.153463662626677, 40.6086887314205 ], [ -80.152919773944063, 40.609253175816605 ], [ -80.152679774012427, 40.609390953595152 ], [ -80.152466440724652, 40.609438731388593 ], [ -80.152297551864081, 40.609438731408659 ], [ -80.152134774096112, 40.609353175889567 ], [ -80.152053663002789, 40.609373175895144 ], [ -80.151959774141062, 40.609428731450635 ], [ -80.151802552007325, 40.609733731408198 ], [ -80.151758663181795, 40.610008731358505 ], [ -80.151696441046624, 40.6103848424018 ], [ -80.151708663306522, 40.610579842361403 ], [ -80.151660885568845, 40.610737064557952 ], [ -80.151650885592801, 40.61084706453704 ], [ -80.151656441180876, 40.611010953392565 ], [ -80.151634774541265, 40.611125953372266 ], [ -80.151576441230191, 40.611187064477917 ], [ -80.151402552403567, 40.611349842243783 ], [ -80.151376441316074, 40.611443731116992 ], [ -80.1514025524408, 40.611532064429582 ], [ -80.151530885770171, 40.6116187310638 ], [ -80.151688663539801, 40.611708731027193 ], [ -80.151791441319688, 40.611803730995973 ], [ -80.151816441325821, 40.611854842093862 ], [ -80.15183088577902, 40.611909842081218 ], [ -80.151810885796749, 40.611979842069616 ], [ -80.151662552499261, 40.612033730965265 ], [ -80.151537552520722, 40.612035953201882 ], [ -80.1514114414353, 40.61205817543464 ], [ -80.1512608859191, 40.612127064327467 ], [ -80.151089774855791, 40.6122209532179 ], [ -80.150996441547875, 40.61226873099713 ], [ -80.150854774902541, 40.612257064349592 ], [ -80.150702552701091, 40.612233175483368 ], [ -80.150406441629116, 40.612180953306563 ], [ -80.150168663877821, 40.612114842236906 ], [ -80.149940886117633, 40.612013731173022 ], [ -80.149812552793321, 40.611952064533739 ], [ -80.149561441716571, 40.611913731237735 ], [ -80.149287552858198, 40.611838175729758 ], [ -80.149068663983996, 40.611729842443992 ], [ -80.148917552891476, 40.611695953579613 ], [ -80.148780886242605, 40.611670953600822 ], [ -80.148543664075021, 40.611743731392266 ], [ -80.148424775204717, 40.611737064740851 ], [ -80.148260886337084, 40.611705953655417 ], [ -80.148104775253557, 40.611713175894749 ], [ -80.147890886414018, 40.611778731462493 ], [ -80.147569775394402, 40.611963175907988 ], [ -80.147132553284564, 40.612154842588211 ], [ -80.146775886716568, 40.612344842592393 ], [ -80.146474775684908, 40.612487064821721 ], [ -80.146355886822334, 40.61251817594075 ], [ -80.146224775753751, 40.612618731491693 ], [ -80.145890886993641, 40.612975953681996 ], [ -80.14574977593702, 40.61312706477969 ], [ -80.14551255381275, 40.613412064750833 ], [ -80.145400887176208, 40.613468175863943 ], [ -80.145342553855016, 40.613479842535128 ], [ -80.145284776084964, 40.613469842544077 ], [ -80.145242553860157, 40.613422064780821 ], [ -80.145203664962253, 40.613345953689304 ], [ -80.14518477606407, 40.613284842592691 ], [ -80.145126442736057, 40.613263175937391 ], [ -80.145055887192939, 40.613265953722873 ], [ -80.144643665051717, 40.613323731537946 ], [ -80.144600887407648, 40.613944842529918 ], [ -80.14459255409696, 40.614048731399123 ], [ -80.144588665219032, 40.614099842500423 ], [ -80.144587554113912, 40.614128175828284 ], [ -80.144637554202404, 40.614603731282898 ], [ -80.145340888792077, 40.621348729851945 ], [ -80.145449777872045, 40.622375951856156 ], [ -80.145955890452967, 40.630003172494526 ], [ -80.146352558928641, 40.639199837276578 ], [ -80.146354781160369, 40.639248726155472 ], [ -80.146436448321765, 40.641740947870176 ], [ -80.146467559475866, 40.641977058930308 ], [ -80.146879782847805, 40.647950946576714 ], [ -80.146978672014711, 40.649394835165481 ], [ -80.147308673278019, 40.655855944946381 ], [ -80.14757978542508, 40.661152054967147 ], [ -80.148201453774504, 40.669902053145051 ], [ -80.148218676051499, 40.670184830864173 ], [ -80.148230898288602, 40.670268164179333 ], [ -80.148245898303685, 40.670353719716047 ], [ -80.148245898321704, 40.67044205303182 ], [ -80.148343676418165, 40.672082052692531 ], [ -80.148352565328878, 40.672195941557618 ], [ -80.148438676544799, 40.672779830319485 ], [ -80.14862256557484, 40.673622052351675 ], [ -80.148699787903809, 40.674208163336516 ], [ -80.148703676862738, 40.674553718822608 ], [ -80.143135899976357, 40.674337052858675 ], [ -80.140596455944092, 40.674265942062675 ] ] ] ] } },
{ "type": "Feature", "properties": { "AREA_NAME": "Delaware County, PA", "Status": null, "Status_120": "Nonattainment", "Id": 0, "NAME": null, "COMPOSID": "PM-2.5.2012.Delaware_Co" }, "geometry": { "type": "MultiPolygon", "coordinates": [ [ [ [ -75.320986521353404, 40.016488874949061 ], [ -75.320712076891596, 40.016213875034509 ], [ -75.319510410510588, 40.01674165286164 ], [ -75.319392077205123, 40.016792763977719 ], [ -75.318462077425636, 40.017198875127576 ], [ -75.315711522529625, 40.018435541901681 ], [ -75.313758189649889, 40.019242764213629 ], [ -75.31291930098223, 40.0197166531172 ], [ -75.312306523276845, 40.019634430986059 ], [ -75.311487079020026, 40.019960542137142 ], [ -75.310837078894679, 40.018905542415041 ], [ -75.310801523322425, 40.018800542439237 ], [ -75.310723189965813, 40.018634431368923 ], [ -75.309907078764695, 40.017632764990822 ], [ -75.309261523198188, 40.017128876275876 ], [ -75.309160412074164, 40.016996654091031 ], [ -75.309173189838646, 40.01694165409981 ], [ -75.309211523114641, 40.016693876363661 ], [ -75.309244300843716, 40.016483876398866 ], [ -75.308872078561649, 40.015936654325174 ], [ -75.308251522924195, 40.015110543445587 ], [ -75.307854300651854, 40.014592765813973 ], [ -75.306594300568065, 40.013310543987473 ], [ -75.305737078237428, 40.012191655414199 ], [ -75.305543189333548, 40.011984433254781 ], [ -75.303853189204119, 40.010182767134324 ], [ -75.302612078003563, 40.008886656419179 ], [ -75.302139300195904, 40.008412767677612 ], [ -75.301589300161652, 40.007864434514943 ], [ -75.301565411264733, 40.007809434528156 ], [ -75.301253189008435, 40.007427767971478 ], [ -75.301039300096534, 40.0071677680466 ], [ -75.300491522240293, 40.006408879367598 ], [ -75.300234299988972, 40.006089435014815 ], [ -75.299707077706159, 40.005430546314415 ], [ -75.299125410969339, 40.004687768747658 ], [ -75.298543188685812, 40.003986657839675 ], [ -75.297891521944678, 40.003174435850099 ], [ -75.297814299715924, 40.003089435875609 ], [ -75.297191521856746, 40.002263880551595 ], [ -75.296978188495132, 40.001978880631384 ], [ -75.296742077355134, 40.001675547383968 ], [ -75.296246521739761, 40.001042769786011 ], [ -75.295960410595626, 40.000683880999588 ], [ -75.295375410537019, 39.999994436756538 ], [ -75.294925410483188, 39.999421659141717 ], [ -75.294821521584026, 39.999299436955198 ], [ -75.293822077038044, 39.998114437300501 ], [ -75.292796521378648, 39.996899437654747 ], [ -75.291984299070123, 39.995917771272275 ], [ -75.290550410046933, 39.994271660646689 ], [ -75.290460410037895, 39.994165549566389 ], [ -75.290412076701728, 39.994117771803644 ], [ -75.290266521132992, 39.993952771852548 ], [ -75.289289298823121, 39.992849438846406 ], [ -75.288963187675279, 39.992445550073512 ], [ -75.288159298730989, 39.991617772550001 ], [ -75.287390409789225, 39.990826661681979 ], [ -75.286711520832171, 39.990025550804774 ], [ -75.284667076186224, 39.987629440394812 ], [ -75.284407076148625, 39.98726777382808 ], [ -75.282556520493074, 39.985494441055152 ], [ -75.281650409230792, 39.984135552532734 ], [ -75.280622075745043, 39.982685552931287 ], [ -75.280187075678157, 39.982060553101974 ], [ -75.279510408931856, 39.98120555334566 ], [ -75.278903186635944, 39.980427775788428 ], [ -75.278247075409809, 39.979416664947735 ], [ -75.276873186372541, 39.977744443208337 ], [ -75.276404297398813, 39.977009443403858 ], [ -75.277708185964286, 39.976369443362955 ], [ -75.279124296709597, 39.97560388777606 ], [ -75.280283185309145, 39.975025554408148 ], [ -75.280168185281809, 39.974813887795392 ], [ -75.280152074142961, 39.974669443380037 ], [ -75.280075407465517, 39.974564443409179 ], [ -75.279858185238197, 39.974387776802359 ], [ -75.279573185241986, 39.974206665760278 ], [ -75.27927929637508, 39.974106665815384 ], [ -75.279198185268001, 39.974069443610176 ], [ -75.279149296373078, 39.974006665850141 ], [ -75.279051518564017, 39.973787777014195 ], [ -75.279010407421197, 39.9736066659421 ], [ -75.278888185159531, 39.973331666008846 ], [ -75.278798185108599, 39.973024443855195 ], [ -75.278765407274534, 39.972731666136326 ], [ -75.278716518343231, 39.97249388840919 ], [ -75.278635407208697, 39.972324444006347 ], [ -75.278491518303099, 39.972143888502444 ], [ -75.278389296068724, 39.972013888539323 ], [ -75.278218184952436, 39.971869444143124 ], [ -75.278128184949935, 39.971794444168211 ], [ -75.277982073847056, 39.971731666420226 ], [ -75.277810407198785, 39.971700555336213 ], [ -75.277655407213786, 39.971663888695446 ], [ -75.277533184990943, 39.971575555393713 ], [ -75.277517073869376, 39.97151388874056 ], [ -75.277533184962522, 39.971438888752687 ], [ -75.277598184945077, 39.971400555418484 ], [ -75.277631518265878, 39.971363888754638 ], [ -75.277664296021783, 39.971281666543746 ], [ -75.27762318490494, 39.971225555448257 ], [ -75.277558184901523, 39.971163888801129 ], [ -75.277476518238757, 39.97112555548506 ], [ -75.277403184914931, 39.971119444384101 ], [ -75.277297073815362, 39.971100555511782 ], [ -75.277199296051776, 39.97110055552389 ], [ -75.277023184975405, 39.971143888870756 ], [ -75.276823185024284, 39.971238888877679 ], [ -75.276636518393616, 39.971281666670563 ], [ -75.276530407289101, 39.971238888913774 ], [ -75.276473185060809, 39.971169444489533 ], [ -75.276456518365308, 39.971019444519527 ], [ -75.276514296081416, 39.970763889004843 ], [ -75.276481518253604, 39.970500555724868 ], [ -75.276440407127552, 39.97040055574854 ], [ -75.276334296022753, 39.970356666881116 ], [ -75.276081518276669, 39.970331666916877 ], [ -75.275828184984164, 39.970350555833591 ], [ -75.27566540721574, 39.970281666977542 ], [ -75.27560151831409, 39.970175555894286 ], [ -75.27548651828522, 39.969956667060615 ], [ -75.275429296045218, 39.969831667090943 ], [ -75.275422073812081, 39.969773889324927 ], [ -75.275311518202614, 39.969437778290455 ], [ -75.275270407082871, 39.969367778308651 ], [ -75.275215407082044, 39.969325556101069 ], [ -75.275156518198344, 39.969308889444903 ], [ -75.275060407101591, 39.969310556123048 ], [ -75.274768184923005, 39.969315556158108 ], [ -75.274328184989088, 39.969325556210492 ], [ -75.273750407290549, 39.969301667397417 ], [ -75.273411518447574, 39.969285556330988 ], [ -75.273213185148109, 39.969309445239958 ], [ -75.273116518495556, 39.969309445251838 ], [ -75.272957074070803, 39.969292778607951 ], [ -75.272780407421919, 39.969254445303591 ], [ -75.2725665185514, 39.969192778674824 ], [ -75.272108185251625, 39.969033889872264 ], [ -75.272039296365051, 39.968996667665465 ], [ -75.271960407474694, 39.968934445464697 ], [ -75.271856518572861, 39.968799445502782 ], [ -75.271752074131314, 39.968740556637783 ], [ -75.271641518587501, 39.968719445544252 ], [ -75.271527074160645, 39.968723890002082 ], [ -75.270615407621051, 39.968696667897291 ], [ -75.270515407622668, 39.968634445699081 ], [ -75.270435407614173, 39.968537779060455 ], [ -75.270382074269321, 39.968445556862036 ], [ -75.270291518688168, 39.9682588902416 ], [ -75.270084296403127, 39.96781277923958 ], [ -75.26989651855672, 39.967351668237939 ], [ -75.269828185228278, 39.967327779361995 ], [ -75.269682074141599, 39.967342779377248 ], [ -75.26951540751088, 39.967398890498316 ], [ -75.269335407543508, 39.967429446070298 ], [ -75.269175407560454, 39.967398890540267 ], [ -75.269075407561161, 39.967332779453898 ], [ -75.269007074213619, 39.967216668372942 ], [ -75.268942074193944, 39.967076668407174 ], [ -75.268835407513166, 39.966933890669281 ], [ -75.268742074173133, 39.966836668476674 ], [ -75.268234296405296, 39.966529446374693 ], [ -75.267462074223317, 39.966182779868177 ], [ -75.26734929644914, 39.966121668782421 ], [ -75.26719540757, 39.96606055770178 ], [ -75.267044296472761, 39.966021668838778 ], [ -75.266868185386102, 39.966015557750609 ], [ -75.266657074311581, 39.966043891104562 ], [ -75.266424296566584, 39.96603889113436 ], [ -75.266258185474896, 39.966015557825756 ], [ -75.266030407713515, 39.965935557868875 ], [ -75.265853185494734, 39.965827780133168 ], [ -75.265595407668911, 39.965416669130832 ], [ -75.265483185438484, 39.965298891388954 ], [ -75.265283185452745, 39.965227780315843 ], [ -75.265104296583502, 39.965196669232569 ], [ -75.264964296598123, 39.965169447032793 ], [ -75.264695407750423, 39.965178891508572 ], [ -75.264523185557721, 39.965200558192464 ], [ -75.264300407833616, 39.965302780422974 ], [ -75.264054296796303, 39.965484447085998 ], [ -75.263895407948439, 39.965570558200511 ], [ -75.263668185769689, 39.9656205582192 ], [ -75.26348929689857, 39.965580558248746 ], [ -75.263324296906603, 39.965503891616777 ], [ -75.263237074690494, 39.965472780522305 ], [ -75.2631315191515, 39.965477780534457 ], [ -75.263051519171654, 39.965518891647719 ], [ -75.262971519195901, 39.965579447201719 ], [ -75.262891519218158, 39.965630558313137 ], [ -75.262619297041624, 39.965659447230166 ], [ -75.262506519286774, 39.965690558349365 ], [ -75.262257074902834, 39.965806669469544 ], [ -75.262152074937489, 39.965899447242919 ], [ -75.262119297177378, 39.965961669457499 ], [ -75.262011519445537, 39.966106669443548 ], [ -75.261890408362888, 39.966159447226403 ], [ -75.261776519494845, 39.966179447236755 ], [ -75.26162707506478, 39.966143891706338 ], [ -75.26145207507642, 39.966077780629178 ], [ -75.261344297308995, 39.966051669536171 ], [ -75.261223186220889, 39.966077780657429 ], [ -75.261048186262371, 39.966154447331178 ], [ -75.260920408525124, 39.966259447327218 ], [ -75.260833186320724, 39.966283891777948 ], [ -75.260732075226429, 39.966294447344012 ], [ -75.26048318636964, 39.966274447378396 ], [ -75.260390408606384, 39.966279447388956 ], [ -75.260290408614537, 39.966248891851478 ], [ -75.259829297544059, 39.966121669709992 ], [ -75.25965651977333, 39.966034447525317 ], [ -75.259549297539081, 39.96590166978558 ], [ -75.259529297525091, 39.965820558692315 ], [ -75.259483186407863, 39.965758892042743 ], [ -75.259283186423204, 39.965692780968766 ], [ -75.258989297572953, 39.965672781008664 ], [ -75.258823186477343, 39.965631669925813 ], [ -75.258723186459918, 39.965477781077993 ], [ -75.258663186403794, 39.965166670032602 ], [ -75.258543186329916, 39.964727781240811 ], [ -75.258476519636702, 39.964553892392644 ], [ -75.258370408524968, 39.964476670197939 ], [ -75.258203186323897, 39.964461670221397 ], [ -75.258043186345105, 39.964451670242966 ], [ -75.257963186341783, 39.964379448044212 ], [ -75.257930408544439, 39.96426278140342 ], [ -75.257956519613458, 39.964078892545672 ], [ -75.25801040844766, 39.963853892581255 ], [ -75.258010408421171, 39.963726670382812 ], [ -75.257956519526147, 39.963659448179897 ], [ -75.257856519533163, 39.963623892643227 ], [ -75.257723186224666, 39.963649448210504 ], [ -75.25755040848162, 39.963695559334326 ], [ -75.257383186286859, 39.96371055935208 ], [ -75.257190408540509, 39.96372667048405 ], [ -75.256769297481924, 39.963684448321544 ], [ -75.25655651975751, 39.963791670549995 ], [ -75.256403186483681, 39.963970559424183 ], [ -75.256230408770421, 39.964159448299029 ], [ -75.255963186631675, 39.964373892736376 ], [ -75.255750408914651, 39.964516670513547 ], [ -75.255516520079027, 39.964608892747492 ], [ -75.255356520106488, 39.964629448318931 ], [ -75.255056520159826, 39.964675559458385 ], [ -75.254643186938836, 39.964925559462529 ], [ -75.25441707590852, 39.965155559447282 ], [ -75.254317075949757, 39.965283892768866 ], [ -75.254143187111595, 39.965405559434203 ], [ -75.254010409359637, 39.965436670555903 ], [ -75.253917076040921, 39.965441670566463 ], [ -75.25369040939654, 39.965390559492846 ], [ -75.253450409410334, 39.96528889287481 ], [ -75.253170409438155, 39.965226670698939 ], [ -75.252997076126917, 39.965211670723079 ], [ -75.252684298395707, 39.96521667076064 ], [ -75.252437076212743, 39.965232781899203 ], [ -75.252011520735209, 39.965309448603989 ], [ -75.251832076320966, 39.965329448622356 ], [ -75.251618187476197, 39.965391670859333 ], [ -75.251505409713786, 39.965386670874182 ], [ -75.251418187495688, 39.965345559781497 ], [ -75.251345409714645, 39.965278893136485 ], [ -75.251265409697453, 39.965140559838801 ], [ -75.251172076349235, 39.965003893209314 ], [ -75.251059298570794, 39.964921671016327 ], [ -75.250945409695078, 39.964905559922386 ], [ -75.250859298596538, 39.964905559932845 ], [ -75.250725409739005, 39.96496278216091 ], [ -75.250512076452594, 39.965038893284145 ], [ -75.250352076483239, 39.965074448852761 ], [ -75.250166520948312, 39.965043893325799 ], [ -75.249933187636259, 39.964982782254936 ], [ -75.249653187656804, 39.964885560085406 ], [ -75.249519298769258, 39.96479889345153 ], [ -75.249041520990829, 39.96446167135133 ], [ -75.248447076599973, 39.964303893676515 ], [ -75.248247076609914, 39.964211671496173 ], [ -75.248054298832585, 39.964079449322526 ], [ -75.247661521042915, 39.963747782766461 ], [ -75.247561521042371, 39.963675560570039 ], [ -75.247467076590567, 39.96357389393404 ], [ -75.247429298797954, 39.963476671734725 ], [ -75.247387076557516, 39.963359449539723 ], [ -75.247406520977165, 39.963253894001355 ], [ -75.247555409798508, 39.963033894024363 ], [ -75.247666520863049, 39.962887782926771 ], [ -75.247704298627355, 39.962849449595922 ], [ -75.247722076394439, 39.962810560712171 ], [ -75.247722076373293, 39.962708894064633 ], [ -75.247803187410113, 39.962409449666097 ], [ -75.247829298492093, 39.962287783019065 ], [ -75.247776520693094, 39.962148894162738 ], [ -75.247750409570131, 39.96207389417998 ], [ -75.247736520661988, 39.961971671978574 ], [ -75.247905409401767, 39.961373894292024 ], [ -75.24791818712788, 39.961134449890835 ], [ -75.248020409299841, 39.960964449910023 ], [ -75.248242075887561, 39.960740561035607 ], [ -75.248312075862827, 39.96067056104016 ], [ -75.248357075822412, 39.960507783287426 ], [ -75.248419298010162, 39.960385561080329 ], [ -75.248507075758084, 39.960303894418075 ], [ -75.248755409032526, 39.960194449963524 ], [ -75.249012075639541, 39.960087783285189 ], [ -75.249261520011089, 39.95991167217619 ], [ -75.249434297734581, 39.959771672181148 ], [ -75.250125408682095, 39.959469449930339 ], [ -75.250450408601978, 39.959311672142007 ], [ -75.250751519638868, 39.959165561021109 ], [ -75.25087151960571, 39.959090561020446 ], [ -75.250925408461399, 39.958968894369832 ], [ -75.250902075098168, 39.95880889440275 ], [ -75.250827075060954, 39.958577783344083 ], [ -75.250667075031117, 39.958322783411631 ], [ -75.25033040833722, 39.957956672410603 ], [ -75.250161519430549, 39.957752783580645 ], [ -75.249877074979793, 39.957523894769849 ], [ -75.249560408307616, 39.957276672632872 ], [ -75.249292074973312, 39.957083894924381 ], [ -75.248980408319198, 39.956926672769953 ], [ -75.248941519407822, 39.956791672800023 ], [ -75.248951519391085, 39.956717783923864 ], [ -75.248951519359821, 39.956567783951925 ], [ -75.248980408219722, 39.956448895081621 ], [ -75.249107074844289, 39.95633556175386 ], [ -75.249185408154005, 39.956276672866466 ], [ -75.24924429700468, 39.956134450663569 ], [ -75.249263185867619, 39.956022784015545 ], [ -75.24922429696079, 39.955909450708191 ], [ -75.249136519175636, 39.955812784070474 ], [ -75.249117074710682, 39.955700561871652 ], [ -75.249127074687578, 39.955596673000969 ], [ -75.249249296860796, 39.955446673013967 ], [ -75.249333185729711, 39.955409450788352 ], [ -75.249431519044606, 39.955389450779933 ], [ -75.249497074584269, 39.955358895221991 ], [ -75.249565407885541, 39.955252784122365 ], [ -75.249634296744205, 39.955155561909862 ], [ -75.249721518913077, 39.95496056193565 ], [ -75.24974151887443, 39.954788895298691 ], [ -75.249750407724093, 39.954606673109481 ], [ -75.249828185463002, 39.954474450902467 ], [ -75.249945407634073, 39.954310562029832 ], [ -75.250154296435539, 39.954036673166456 ], [ -75.250618185170765, 39.953622784297863 ], [ -75.25082929622323, 39.953488895407986 ], [ -75.25102429616777, 39.953358895408257 ], [ -75.251154296110485, 39.953174450982317 ], [ -75.25118929608692, 39.953085562105798 ], [ -75.251158184939129, 39.952887784368841 ], [ -75.251136518243129, 39.952731673289748 ], [ -75.251167073778504, 39.952656673299884 ], [ -75.251220407092092, 39.952598895526364 ], [ -75.25133151817289, 39.95253056219218 ], [ -75.251518184760812, 39.952282784437784 ], [ -75.251607073597768, 39.952095562239663 ], [ -75.251652073555988, 39.951926673376818 ], [ -75.251671517980469, 39.95184445116746 ], [ -75.251681517944689, 39.951679451197151 ], [ -75.251642073453183, 39.951425562360839 ], [ -75.251583184535662, 39.951246673512742 ], [ -75.251283184529029, 39.951005562483829 ], [ -75.251184295603537, 39.950760562541859 ], [ -75.251160406666827, 39.950513895924246 ], [ -75.251258184358562, 39.950169451532304 ], [ -75.251443184255663, 39.949803896022388 ], [ -75.251540406412175, 39.949556673834422 ], [ -75.251550406370484, 39.949362784980622 ], [ -75.251462073010998, 39.949175562804385 ], [ -75.251340406330257, 39.949022785070269 ], [ -75.250643184073397, 39.948368896389638 ], [ -75.250512072938022, 39.948160563111571 ], [ -75.250450406233199, 39.947934452050276 ], [ -75.250249295018023, 39.947293896639621 ], [ -75.250096517182328, 39.94690889673052 ], [ -75.250031517167884, 39.946793896760084 ], [ -75.249801517156584, 39.946578896828612 ], [ -75.248545406020071, 39.945578897170776 ], [ -75.248310406007818, 39.945355563908322 ], [ -75.248252072663149, 39.945260563933175 ], [ -75.248216517088053, 39.945141675071 ], [ -75.24798651707323, 39.944909452920513 ], [ -75.24756429483665, 39.944545564152008 ], [ -75.247346517020503, 39.944208897575038 ], [ -75.247111516975053, 39.943826675453352 ], [ -75.24705318356655, 39.943424453313867 ], [ -75.246532072401749, 39.942801675716908 ], [ -75.246469294616929, 39.942723897961457 ], [ -75.246342072398988, 39.942655564656604 ], [ -75.246240405742924, 39.942635564672685 ], [ -75.245973183553588, 39.942606675822276 ], [ -75.245541516949686, 39.942606675875595 ], [ -75.245236516993998, 39.942606675913055 ], [ -75.244830405938103, 39.942587787077855 ], [ -75.244271517114157, 39.942509453828109 ], [ -75.243902072711251, 39.942450564995795 ], [ -75.243489294968356, 39.942329453958166 ], [ -75.243024295028647, 39.942294454022033 ], [ -75.242441517323073, 39.942233898549773 ], [ -75.242184295134734, 39.942216676362534 ], [ -75.241349295257692, 39.942223898686223 ], [ -75.241095406407794, 39.942233898715699 ], [ -75.240626517580836, 39.942203898779098 ], [ -75.240355406493336, 39.942127787715663 ], [ -75.240193184279235, 39.942053898860649 ], [ -75.240103184277586, 39.941982787773838 ], [ -75.239968184246777, 39.941740565613657 ], [ -75.239869295350672, 39.941636676756502 ], [ -75.239680406454966, 39.941471676810693 ], [ -75.239617073112129, 39.941381676835249 ], [ -75.239436517508125, 39.941022788035866 ], [ -75.239382073027059, 39.940808899193712 ], [ -75.239400406321579, 39.940635565890659 ], [ -75.239517072930994, 39.940441677023728 ], [ -75.239617072892031, 39.940324454810991 ], [ -75.239734295075664, 39.940220565927177 ], [ -75.239755406179199, 39.940198899261929 ], [ -75.239790406168026, 39.940169454818772 ], [ -75.239896517246962, 39.940089454820509 ], [ -75.24022040600704, 39.939696677076483 ], [ -75.240526517000262, 39.9393438993269 ], [ -75.240734294700246, 39.939115566010742 ], [ -75.24076151690997, 39.939074454904016 ], [ -75.240788183557015, 39.938998899359262 ], [ -75.240770405750141, 39.938846677167817 ], [ -75.2406892946222, 39.938708899425706 ], [ -75.240490405727712, 39.938542788370285 ], [ -75.24008540573351, 39.938287788467846 ], [ -75.239878183516794, 39.938169455182276 ], [ -75.239734294643256, 39.938142788538471 ], [ -75.23961707243808, 39.938142788552852 ], [ -75.239424294689684, 39.938148899686666 ], [ -75.238328183760984, 39.938259455356558 ], [ -75.236698184041131, 39.938466677741019 ], [ -75.236356517424099, 39.93846667778314 ], [ -75.235897073043702, 39.938452788953498 ], [ -75.235581517525361, 39.938411677888894 ], [ -75.235320406440621, 39.938355566820576 ], [ -75.235122073117623, 39.938266677972649 ], [ -75.23503207310614, 39.9381489002281 ], [ -75.234978184200713, 39.938031678034577 ], [ -75.234978184157626, 39.937824455850944 ], [ -75.234960406343589, 39.937637789221412 ], [ -75.234878184064485, 39.937306678182381 ], [ -75.234842072889705, 39.936975567137893 ], [ -75.234932072807624, 39.936643900522256 ], [ -75.235013183850754, 39.936374456118244 ], [ -75.235076517140556, 39.936208900585768 ], [ -75.235229294858755, 39.93602945615612 ], [ -75.235451517010631, 39.935846678385246 ], [ -75.235536516987395, 39.935794456162284 ], [ -75.23591429467308, 39.935615567260186 ], [ -75.236202072373032, 39.935442789479282 ], [ -75.236318183444098, 39.93533167837478 ], [ -75.236408183399419, 39.935179456169806 ], [ -75.23645318335565, 39.935000567308919 ], [ -75.236607072016625, 39.934012789697078 ], [ -75.236742071896458, 39.933529456437611 ], [ -75.236796516297261, 39.933357789796332 ], [ -75.236911516235352, 39.933140567600731 ], [ -75.237030405077519, 39.932998900945961 ], [ -75.237363182737795, 39.932666678744738 ], [ -75.237597071572679, 39.932570567622861 ], [ -75.237786515983828, 39.932542789826982 ], [ -75.237975404853728, 39.932583900906991 ], [ -75.238335404815757, 39.932652789738711 ], [ -75.238776515892823, 39.932797789657116 ], [ -75.239083182555021, 39.932990567361117 ], [ -75.239443182558603, 39.933259456155213 ], [ -75.239749293649822, 39.933377789428675 ], [ -75.240226515836923, 39.933542789338958 ], [ -75.24051429358434, 39.933597789293231 ], [ -75.240838182433436, 39.933632789246758 ], [ -75.241406515679671, 39.93361167806944 ], [ -75.241739293396165, 39.933549455817911 ], [ -75.241874293370756, 39.933521678028569 ], [ -75.242063182219226, 39.933459455794832 ], [ -75.2421715155225, 39.933390566905359 ], [ -75.242315404344424, 39.933169455818074 ], [ -75.24245040428616, 39.932983900280533 ], [ -75.242954292970921, 39.932354455891868 ], [ -75.243035404053217, 39.932272789230524 ], [ -75.243147070683619, 39.93217667812354 ], [ -75.243404292799312, 39.931844455931923 ], [ -75.243440403877798, 39.931712789285427 ], [ -75.243615403730189, 39.931125567151582 ], [ -75.243692070331349, 39.930863900524344 ], [ -75.243782070300881, 39.930780567195484 ], [ -75.244260403518695, 39.930559456066817 ], [ -75.24442818125334, 39.930469456063065 ], [ -75.244484292339337, 39.93038778940479 ], [ -75.244504292314502, 39.930282789421994 ], [ -75.244475403404238, 39.930159456115234 ], [ -75.244204292287463, 39.92994278952267 ], [ -75.244105403388573, 39.929825567334603 ], [ -75.244044292254955, 39.929674456259306 ], [ -75.243997069936029, 39.929176678580518 ], [ -75.243998180934966, 39.928637789792333 ], [ -75.244088180835945, 39.928224456525356 ], [ -75.244321514037722, 39.927755567695385 ], [ -75.244383180675413, 39.927659456594768 ], [ -75.244482069514106, 39.92748667883717 ], [ -75.244608180545072, 39.927189456655015 ], [ -75.24462651382737, 39.926956678918543 ], [ -75.244600402689855, 39.926811678948809 ], [ -75.24447429156686, 39.926666678991523 ], [ -75.244340402661635, 39.926493901262688 ], [ -75.244313180414508, 39.926355567958581 ], [ -75.244367069267014, 39.926217790199985 ], [ -75.244547069211933, 39.926079456870298 ], [ -75.244835402477747, 39.925955567969197 ], [ -75.245061513519886, 39.925782790195797 ], [ -75.245241513439282, 39.925520568000536 ], [ -75.245719291020976, 39.924911679166769 ], [ -75.246006513095892, 39.924404457004186 ], [ -75.246116513004267, 39.924040568169744 ], [ -75.246171512917272, 39.923660568234084 ], [ -75.246237068394748, 39.923330568287781 ], [ -75.246270401696847, 39.923203901640818 ], [ -75.246303179450479, 39.923110568320908 ], [ -75.246381512758603, 39.923043901657081 ], [ -75.246457068292784, 39.92299445721261 ], [ -75.246502068277209, 39.922950568326314 ], [ -75.246689290436848, 39.922780568335156 ], [ -75.247185401388151, 39.922358901686209 ], [ -75.24740706797013, 39.922106679483932 ], [ -75.247602067858679, 39.92170667953468 ], [ -75.24754540112491, 39.921344457387306 ], [ -75.24752206771069, 39.920938901910631 ], [ -75.247567067555849, 39.920225568705348 ], [ -75.247643178595354, 39.919934457639215 ], [ -75.247638178537386, 39.919651679915148 ], [ -75.24757651182432, 39.919385568861458 ], [ -75.24747151176706, 39.919036680050795 ], [ -75.247427067278181, 39.918791680102117 ], [ -75.247449289437384, 39.918504457930908 ], [ -75.247449289361839, 39.918140569110165 ], [ -75.247405400379307, 39.91765945809459 ], [ -75.247129289143118, 39.916864458277473 ], [ -75.247030400242352, 39.91673779164671 ], [ -75.246920400230238, 39.916602791685477 ], [ -75.246876511301991, 39.916382791732076 ], [ -75.246953177910086, 39.916154458432061 ], [ -75.247162066689498, 39.915773902922126 ], [ -75.247669288692293, 39.915072791879652 ], [ -75.247736510869629, 39.914903903014135 ], [ -75.247736510850189, 39.914810569698261 ], [ -75.247675399708555, 39.914620569741373 ], [ -75.247625399704418, 39.914565569757769 ], [ -75.24751928858484, 39.91445056979228 ], [ -75.247397066356598, 39.914336680939982 ], [ -75.247208177460436, 39.914169458772335 ], [ -75.24710706632942, 39.914002792149233 ], [ -75.247107066299577, 39.913858903287348 ], [ -75.247136510711812, 39.913724458864465 ], [ -75.247295399552286, 39.913602792201061 ], [ -75.24760039947779, 39.913457792190513 ], [ -75.248237065989599, 39.913157792168136 ], [ -75.248455399244961, 39.91293556996078 ], [ -75.248614288039107, 39.912590570005761 ], [ -75.248672065755386, 39.912335570046309 ], [ -75.248817065665037, 39.912001681202071 ], [ -75.248977065602446, 39.911812792328817 ], [ -75.249064287798319, 39.91174668121937 ], [ -75.249208176650086, 39.91166890343851 ], [ -75.249614287665111, 39.911490570088461 ], [ -75.250252065299208, 39.911245570055769 ], [ -75.250411509697415, 39.911134458945753 ], [ -75.250614287397298, 39.910901681186544 ], [ -75.250672065148251, 39.910812792307354 ], [ -75.250875398405583, 39.910589458990728 ], [ -75.251280398253641, 39.910141681246955 ], [ -75.251281509319085, 39.909922792398731 ], [ -75.251179287084142, 39.909789459103081 ], [ -75.250977064868209, 39.90967890359309 ], [ -75.25068706489651, 39.909611681419108 ], [ -75.250397064936408, 39.909600570345958 ], [ -75.25012150941177, 39.909556681499112 ], [ -75.249991509414428, 39.909478903752017 ], [ -75.249947064951186, 39.909356681558052 ], [ -75.249962064914257, 39.909189459365336 ], [ -75.250121509268411, 39.908866681628353 ], [ -75.250179287012429, 39.908744459421939 ], [ -75.250237064749626, 39.90858945944376 ], [ -75.250281509113677, 39.908233903949395 ], [ -75.250266509085805, 39.908088903978239 ], [ -75.250252064601909, 39.907888904017511 ], [ -75.250295397908189, 39.907788904030895 ], [ -75.250368175640631, 39.907621681831074 ], [ -75.250513175598712, 39.907521681832009 ], [ -75.250832064402061, 39.90733279293903 ], [ -75.251107064343557, 39.907243904033066 ], [ -75.251411508702176, 39.907043904033003 ], [ -75.25164317529368, 39.906843904041864 ], [ -75.25181706413872, 39.906754459592662 ], [ -75.253131508052036, 39.905117793070531 ], [ -75.251423174804131, 39.904332793428011 ], [ -75.253381507336371, 39.901846682541077 ], [ -75.254764284588248, 39.900282793774693 ], [ -75.255500395419574, 39.899450571617706 ], [ -75.255272062059873, 39.899163905032651 ], [ -75.255156506483729, 39.898983905080684 ], [ -75.255105395347698, 39.898827794005115 ], [ -75.255105395337864, 39.898780571791804 ], [ -75.25512706199379, 39.898743905129209 ], [ -75.256465394739223, 39.896849460874762 ], [ -75.25704150564809, 39.896278905355132 ], [ -75.257377061084924, 39.895941683154547 ], [ -75.257415394380928, 39.895788905400707 ], [ -75.25736817214289, 39.895679460982592 ], [ -75.257274283245181, 39.89557168323654 ], [ -75.256809283253858, 39.895287794458113 ], [ -75.256676505456596, 39.89510057228722 ], [ -75.256705394301832, 39.894910572319247 ], [ -75.257816504988227, 39.893642794642119 ], [ -75.258391504763665, 39.892963905809495 ], [ -75.258612060236942, 39.89272168360543 ], [ -75.25892706015162, 39.892531683602328 ], [ -75.259147060096382, 39.892419461374004 ], [ -75.25939317116638, 39.892393905792915 ], [ -75.260532059862726, 39.892263905676998 ], [ -75.260862059794533, 39.892166683432322 ], [ -75.261098170856258, 39.892094461194517 ], [ -75.261408170766174, 39.89187779453016 ], [ -75.261696504009933, 39.891647794537789 ], [ -75.261899281694809, 39.891342794569937 ], [ -75.262003170350567, 39.890291683642772 ], [ -75.262028170194867, 39.889558905999195 ], [ -75.261947059012812, 39.889160572750541 ], [ -75.262028170059068, 39.888904461677384 ], [ -75.262120392210761, 39.888629461717301 ], [ -75.262287058827894, 39.888507795053044 ], [ -75.262560392096873, 39.88838890615267 ], [ -75.26285539205395, 39.888388906116461 ], [ -75.263217058684404, 39.888467794945996 ], [ -75.263734280839742, 39.88850779487484 ], [ -75.264070391897803, 39.888487794837147 ], [ -75.264457058479422, 39.888348905926648 ], [ -75.264793169475809, 39.888031683722375 ], [ -75.265015391584313, 39.887639461546428 ], [ -75.26507816931047, 39.887434461577072 ], [ -75.265062058161675, 39.887241683837317 ], [ -75.2650470581288, 39.887072794981918 ], [ -75.264968169206043, 39.886854461699045 ], [ -75.26465705805515, 39.886444461814335 ], [ -75.264622058012549, 39.886214461861584 ], [ -75.26460650242916, 39.8860694618906 ], [ -75.264687057931496, 39.885869461918105 ], [ -75.264386502351101, 39.885539462016936 ], [ -75.264323168991837, 39.885369462056701 ], [ -75.264370391167176, 39.885176684309158 ], [ -75.264480391121083, 39.885031684322712 ], [ -75.264622057724694, 39.884826684343636 ], [ -75.26471650212261, 39.8846694621393 ], [ -75.264747057603586, 39.88433057330991 ], [ -75.264338168729296, 39.884114462289631 ], [ -75.263898168773267, 39.884017795695456 ], [ -75.263190391068292, 39.883872795809566 ], [ -75.26274927996883, 39.883619462578054 ], [ -75.262576502165984, 39.883377795977879 ], [ -75.262584279911266, 39.883226684894055 ], [ -75.262576502128411, 39.883196684900611 ], [ -75.262584279898761, 39.883166684905461 ], [ -75.262639279859513, 39.883015573815726 ], [ -75.26311150195545, 39.882737796031847 ], [ -75.263678168484716, 39.882472796011712 ], [ -75.264354279476038, 39.882369462614577 ], [ -75.264775390341811, 39.881481684951098 ], [ -75.264960390286319, 39.881343907176301 ], [ -75.265359279017957, 39.880865573883511 ], [ -75.263571501286322, 39.879834463185546 ], [ -75.263493167650836, 39.878322796811631 ], [ -75.262429278575496, 39.876677797250522 ], [ -75.261995389743902, 39.876649463975923 ], [ -75.261359278716952, 39.876609464061801 ], [ -75.26108816764156, 39.87659168632058 ], [ -75.25855150131008, 39.87642946444106 ], [ -75.258451501322497, 39.876419464455353 ], [ -75.258386501331188, 39.876415575575209 ], [ -75.257686501424132, 39.876372797891577 ], [ -75.256990390405463, 39.876330575762836 ], [ -75.256372057154181, 39.876292798068278 ], [ -75.256207057174379, 39.876274464758637 ], [ -75.255773168341136, 39.876238909263236 ], [ -75.255382057279917, 39.876205575984329 ], [ -75.2550031684396, 39.876173909370266 ], [ -75.254612057378665, 39.876141687202221 ], [ -75.254385390740765, 39.87612168723382 ], [ -75.253937057464839, 39.876084465073859 ], [ -75.253807057474944, 39.876041687319912 ], [ -75.253719279702068, 39.876003909559984 ], [ -75.253335390848292, 39.875903909626118 ], [ -75.252496502042504, 39.875716687542251 ], [ -75.252224279843233, 39.875636687590713 ], [ -75.250127057908458, 39.875552798975718 ], [ -75.250026502366779, 39.875548910099837 ], [ -75.249843169058522, 39.875541687901489 ], [ -75.249082058051499, 39.875510576889951 ], [ -75.248946502514741, 39.875505576907642 ], [ -75.248856502527019, 39.875501688030511 ], [ -75.248631502557885, 39.875492799171127 ], [ -75.248326502599582, 39.875480576988537 ], [ -75.246971502716349, 39.875093910561304 ], [ -75.244623169511328, 39.874066688820392 ], [ -75.241763169648436, 39.872723911646176 ], [ -75.240304280906344, 39.872409467440036 ], [ -75.236641504263503, 39.875315578458356 ], [ -75.235941504593313, 39.876415578338481 ], [ -75.234041504973106, 39.876915578478986 ], [ -75.231084283168514, 39.876857801076198 ], [ -75.230404283253733, 39.876792801172087 ], [ -75.222605395343351, 39.876048913382704 ], [ -75.219938173455716, 39.875794469314542 ], [ -75.21891206247335, 39.875696691681298 ], [ -75.217322062717756, 39.875761691865023 ], [ -75.216729285036422, 39.875811691928618 ], [ -75.215891507396577, 39.875890580905946 ], [ -75.215869285107146, 39.875550580972345 ], [ -75.215852062831289, 39.875280581024924 ], [ -75.215839285013317, 39.875077803286672 ], [ -75.215833173883993, 39.874985581082399 ], [ -75.215845396083694, 39.874885581099704 ], [ -75.215847062728812, 39.874782803340963 ], [ -75.215859284802491, 39.874075581249599 ], [ -75.215871506872247, 39.873348914717326 ], [ -75.215892062170781, 39.8721244704995 ], [ -75.215897062105626, 39.871813915001383 ], [ -75.210439283896903, 39.86591558344378 ], [ -75.22104039247381, 39.861115583036508 ], [ -75.22872427973499, 39.858645582552697 ], [ -75.235041500619047, 39.856615582155086 ], [ -75.243445387869428, 39.854599470386859 ], [ -75.246184276263193, 39.854130581248853 ], [ -75.250352053287827, 39.853417803091475 ], [ -75.254723163608674, 39.852669469360308 ], [ -75.256294274436243, 39.852402802550273 ], [ -75.257301496469381, 39.852196691353868 ], [ -75.270409271802862, 39.84959446800616 ], [ -75.270699271759383, 39.849587801305006 ], [ -75.270958160601026, 39.849541690170724 ], [ -75.271172049438405, 39.849442801273995 ], [ -75.271416493836114, 39.849388912365043 ], [ -75.271660382680011, 39.849342801232694 ], [ -75.271919271520233, 39.849289467877384 ], [ -75.27219427147088, 39.849243912296515 ], [ -75.272255382569881, 39.849228912291949 ], [ -75.272484271425412, 39.849228912263698 ], [ -75.272774271383298, 39.849228912228 ], [ -75.273048160234055, 39.849236689970667 ], [ -75.273338160191884, 39.849236689934969 ], [ -75.273628160148064, 39.84922891212301 ], [ -75.273918160094922, 39.849175578763948 ], [ -75.274208160046328, 39.849144467623091 ], [ -75.274498159996313, 39.849106689816608 ], [ -75.274805382170769, 39.849091689781574 ], [ -75.275095382128598, 39.849091689745876 ], [ -75.275385382086426, 39.849091689710349 ], [ -75.275675382045677, 39.84909891189551 ], [ -75.275965382012998, 39.849144467406859 ], [ -75.276255381967758, 39.849129467374041 ], [ -75.276545381923938, 39.849121689562025 ], [ -75.276835381881767, 39.849121689526328 ], [ -75.277125381839596, 39.84912168949063 ], [ -75.277414270686506, 39.849121689455103 ], [ -75.277704270644335, 39.849121689419405 ], [ -75.277994270602164, 39.849121689383708 ], [ -75.278284270558459, 39.849114467127094 ], [ -75.278574270530498, 39.849182800412109 ], [ -75.278849270490468, 39.849182800378344 ], [ -75.279139270449889, 39.849190578118737 ], [ -75.279429270401295, 39.849159466977881 ], [ -75.279719270341729, 39.849075578069119 ], [ -75.280024270295996, 39.849068911366146 ], [ -75.282129269978668, 39.849014466672998 ], [ -75.282194269968556, 39.849011688887686 ], [ -75.282435381042092, 39.848999466638134 ], [ -75.282725380999977, 39.848999466602436 ], [ -75.283030380953903, 39.848991688788487 ], [ -75.283365380902126, 39.848976688750156 ], [ -75.283655380859955, 39.848976688714458 ], [ -75.283945380817784, 39.848976688678931 ], [ -75.28422038078736, 39.849022799747445 ], [ -75.284479269638496, 39.849022799715669 ], [ -75.284723158480972, 39.848969466362291 ], [ -75.284983158439843, 39.848953910777766 ], [ -75.285242047289671, 39.848946688525075 ], [ -75.285502047250247, 39.84893891071664 ], [ -75.285776491652996, 39.848930577351155 ], [ -75.286051491609953, 39.848915577320099 ], [ -75.286921491469116, 39.848846688337062 ], [ -75.2890720467135, 39.848854465849001 ], [ -75.289362046682527, 39.84890891024753 ], [ -75.28965204664479, 39.848930576874409 ], [ -75.289957046597351, 39.848915576839772 ], [ -75.290262046537237, 39.848839465705282 ], [ -75.290568157600603, 39.848824465670475 ], [ -75.290857046445979, 39.848816687858687 ], [ -75.291163157510994, 39.848808910044738 ], [ -75.291453157468823, 39.848808910009041 ], [ -75.291742046315619, 39.848808909973513 ], [ -75.29203204627504, 39.848816687714077 ], [ -75.292597046186359, 39.848785576539285 ], [ -75.292872046146385, 39.84878557650552 ], [ -75.293146490550953, 39.848785576471755 ], [ -75.293390379404343, 39.848785576441742 ], [ -75.293726490469794, 39.848801687508569 ], [ -75.294016490430806, 39.848816687469991 ], [ -75.294306490391648, 39.848831687431641 ], [ -75.294596490354195, 39.848854465169381 ], [ -75.29488649031515, 39.848869465130974 ], [ -75.295176490276333, 39.848885576203315 ], [ -75.295466490237175, 39.848900576164908 ], [ -75.295756490199892, 39.848923909458108 ], [ -75.296061490158593, 39.848938909417939 ], [ -75.296351490119434, 39.848953909379418 ], [ -75.296641490083573, 39.84898446489359 ], [ -75.296930378935258, 39.84900779818696 ], [ -75.297220378899283, 39.84903779814573 ], [ -75.29751037886183, 39.849060575883641 ], [ -75.297801489947915, 39.849144464720837 ], [ -75.298091489913645, 39.849182798011327 ], [ -75.298381489877954, 39.849213909080959 ], [ -75.298671489840387, 39.849236686818927 ], [ -75.298961489802821, 39.849258909001207 ], [ -75.299251489762241, 39.849266686741998 ], [ -75.299541489723197, 39.849281686703421 ], [ -75.299831489682617, 39.849289464444041 ], [ -75.300136489630404, 39.849251686635739 ], [ -75.300426489594429, 39.849281686594566 ], [ -75.300716489556976, 39.849304464332477 ], [ -75.30100648951958, 39.84932779762579 ], [ -75.301296489483832, 39.849358908695422 ], [ -75.301585378335403, 39.849381686433333 ], [ -75.301891489408092, 39.849411686389999 ], [ -75.302181489370696, 39.84943446412791 ], [ -75.302470378223745, 39.84946446408668 ], [ -75.302760378186349, 39.84948779738005 ], [ -75.303050378150544, 39.849518908449681 ], [ -75.303340378113091, 39.849541686187592 ], [ -75.303630378075525, 39.849564463925503 ], [ -75.303920378049156, 39.849640574986608 ], [ -75.304225378000069, 39.849617797175483 ], [ -75.304500377977433, 39.849701686014839 ], [ -75.304790377928782, 39.849670574873983 ], [ -75.305080377902584, 39.84974779704612 ], [ -75.30535426675624, 39.849770574785964 ], [ -75.305644266718843, 39.849793908079164 ], [ -75.30593426668122, 39.849815574706213 ], [ -75.306209266644487, 39.849831685780487 ], [ -75.306514266596764, 39.849815574634817 ], [ -75.306789266561509, 39.84983890792995 ], [ -75.307079266524056, 39.849861685667861 ], [ -75.307368155377333, 39.849892796737493 ], [ -75.30765815533988, 39.849915574475403 ], [ -75.307948155303848, 39.849945574434173 ], [ -75.308238155266451, 39.849968907727316 ], [ -75.30852815523059, 39.849999463241545 ], [ -75.308818155202516, 39.850067796526332 ], [ -75.309108155169952, 39.850113907593311 ], [ -75.30939815513392, 39.85014390755191 ], [ -75.309688155099707, 39.85018279639786 ], [ -75.309978155057479, 39.850182796362333 ], [ -75.310268155005701, 39.850136685224129 ], [ -75.310558154968248, 39.85015946296204 ], [ -75.310848154932273, 39.850189462920639 ], [ -75.312145376950355, 39.850115573886001 ], [ -75.316546487400046, 39.850015573363692 ], [ -75.318546487088213, 39.84991557313657 ], [ -75.3232470419386, 39.849815572577086 ], [ -75.330447040724493, 39.849015571841903 ], [ -75.341448149633152, 39.84611557103284 ], [ -75.34178037180078, 39.846085570997673 ], [ -75.342101482839894, 39.845963904314317 ], [ -75.342436482767312, 39.845848904294712 ], [ -75.342635371611493, 39.84577279317341 ], [ -75.342726482699732, 39.845726682059706 ], [ -75.343001482636168, 39.845612793158352 ], [ -75.34326037146343, 39.845497793148127 ], [ -75.343504260294708, 39.845390570915981 ], [ -75.343748149127578, 39.845291682015727 ], [ -75.344008149069225, 39.845192793113313 ], [ -75.344298149004828, 39.845085570875483 ], [ -75.344527037836826, 39.844971681979814 ], [ -75.344756482224057, 39.84485668197317 ], [ -75.3450003710538, 39.844742793075739 ], [ -75.345244259883373, 39.844627793067275 ], [ -75.345503148710975, 39.844513904167911 ], [ -75.345747037542196, 39.844406681935766 ], [ -75.345824259745314, 39.844368904155544 ], [ -75.345946481938711, 39.844315570817287 ], [ -75.346053148575606, 39.844246681928212 ], [ -75.353255368890018, 39.84009668182091 ], [ -75.353407035512419, 39.839989459599906 ], [ -75.353545368808227, 39.839905570709959 ], [ -75.354414257573524, 39.839920570600327 ], [ -75.356549256951212, 39.838415570620043 ], [ -75.358777034080333, 39.836848903973191 ], [ -75.371008141628124, 39.828234459640896 ], [ -75.371215363789759, 39.828087792976305 ], [ -75.371301474875509, 39.828025570755131 ], [ -75.374650362810996, 39.825773904099208 ], [ -75.38260036057153, 39.820544459658834 ], [ -75.39055146944338, 39.815315570773976 ], [ -75.398195356290046, 39.810822792900296 ], [ -75.398451467321024, 39.810615570685457 ], [ -75.403425354884064, 39.807706681731418 ], [ -75.403751465908158, 39.807515570616204 ], [ -75.409056464530465, 39.804589459402791 ], [ -75.41019535316542, 39.804163903787128 ], [ -75.412468130389641, 39.803087792599058 ], [ -75.415017018656215, 39.801874459180453 ], [ -75.415056463077462, 39.801789459191525 ], [ -75.416187018602045, 39.802439458930905 ], [ -75.423432018398046, 39.806575568376957 ], [ -75.428322018254448, 39.809339456147313 ], [ -75.433733129067946, 39.81172556614672 ], [ -75.433842017954134, 39.811789455010114 ], [ -75.437115351125385, 39.813320565432207 ], [ -75.437453128894049, 39.813515565354237 ], [ -75.440592017621952, 39.814956675809697 ], [ -75.441176462026476, 39.815176675696819 ], [ -75.441490350895208, 39.815301675634714 ], [ -75.441786461983213, 39.815398897802424 ], [ -75.441983128638469, 39.815482786651387 ], [ -75.445592017327499, 39.817068897022068 ], [ -75.445775350652184, 39.817156674760895 ], [ -75.449746461518714, 39.818782785079293 ], [ -75.450051461498674, 39.818901673908556 ], [ -75.450386461477365, 39.819035562731301 ], [ -75.453754239027262, 39.820315562077781 ], [ -75.454252016768862, 39.820492784205612 ], [ -75.459964238577697, 39.822533894232549 ], [ -75.463529238330864, 39.823862782434503 ], [ -75.465963127013367, 39.824586670888948 ], [ -75.467693126866322, 39.825099448358174 ], [ -75.468379237919123, 39.825302781569235 ], [ -75.470516459959526, 39.825935558965909 ], [ -75.472679237552882, 39.826574447469454 ], [ -75.473218126396034, 39.826734447373269 ], [ -75.48103701468284, 39.82935666814376 ], [ -75.491488124657849, 39.831259444281784 ], [ -75.495547013210967, 39.8325094435491 ], [ -75.499008123984936, 39.833330554081385 ], [ -75.500248123852771, 39.833568887217723 ], [ -75.507058123113211, 39.83481444170377 ], [ -75.511553122577197, 39.835405552152508 ], [ -75.513012011292119, 39.835597774159567 ], [ -75.51395423340125, 39.835717774021532 ], [ -75.514663122205093, 39.835808885028428 ], [ -75.517212010789649, 39.836142773541894 ], [ -75.518856455036996, 39.836354439967067 ], [ -75.52181201020818, 39.836588884004925 ], [ -75.52307034337764, 39.836687772720836 ], [ -75.52370812108137, 39.836781661513896 ], [ -75.524346454360852, 39.836973883621681 ], [ -75.525180343122429, 39.83694888352403 ], [ -75.526151454110334, 39.837040550054382 ], [ -75.532813119923105, 39.837631660237264 ], [ -75.535960341741372, 39.837908882021281 ], [ -75.536459230566891, 39.837955548618083 ], [ -75.538804230266464, 39.838164437179955 ], [ -75.540036452324557, 39.838243881458311 ], [ -75.54018534119291, 39.838250548105464 ], [ -75.540682007792498, 39.838277770261755 ], [ -75.547761451268912, 39.838614435996874 ], [ -75.553361450448108, 39.838614435309921 ], [ -75.556762005525741, 39.838714434874305 ], [ -75.559262005138578, 39.838614434586418 ], [ -75.563796448876928, 39.838414434067886 ], [ -75.565991448581258, 39.838541655997233 ], [ -75.570479225797499, 39.839009433136766 ], [ -75.57197144776643, 39.838842766318237 ], [ -75.574890336200042, 39.838711654874089 ], [ -75.577233113624175, 39.838662765707056 ], [ -75.579655335465588, 39.838539432099878 ], [ -75.579863113210763, 39.838528876520911 ], [ -75.580221446655059, 39.839321654105618 ], [ -75.580477002253019, 39.839708876223654 ], [ -75.580840335627499, 39.840166653870938 ], [ -75.580903113411978, 39.840243876070929 ], [ -75.581465335682253, 39.8408766536607 ], [ -75.582062002394252, 39.841520542355454 ], [ -75.582481446863824, 39.841940542224961 ], [ -75.582574224640325, 39.842000542202413 ], [ -75.583057002437272, 39.842436653172342 ], [ -75.5835553357864, 39.842867764141317 ], [ -75.583747002453208, 39.843004430758697 ], [ -75.584244224666691, 39.843315541750428 ], [ -75.584969224648148, 39.843741652692529 ], [ -75.58590033569692, 39.844101652510574 ], [ -75.586476446751647, 39.844237763525484 ], [ -75.586753113383168, 39.844264430153146 ], [ -75.586967002234189, 39.844232763466266 ], [ -75.587422002140272, 39.844101652324014 ], [ -75.587685335405695, 39.843959430096277 ], [ -75.58794033534241, 39.843833874533004 ], [ -75.588431446321692, 39.843544430082886 ], [ -75.589085335031257, 39.843140541189712 ], [ -75.589668112624452, 39.842660541208431 ], [ -75.590059223576873, 39.84216943014178 ], [ -75.59042144561306, 39.841525541329645 ], [ -75.590805334342122, 39.841023874710288 ], [ -75.591075334197853, 39.840516652550207 ], [ -75.591146445262439, 39.840341652574466 ], [ -75.591338111814309, 39.839921652629926 ], [ -75.591537000593007, 39.839528874901532 ], [ -75.591701444932141, 39.83913554162217 ], [ -75.591964222576962, 39.838677763898204 ], [ -75.592319222462947, 39.838377763911012 ], [ -75.592817000101263, 39.838055541688448 ], [ -75.593526999917003, 39.837667763896491 ], [ -75.593761999850926, 39.83751443056326 ], [ -75.594044222009984, 39.837408874992946 ], [ -75.594256444198095, 39.83739443052508 ], [ -75.594351999734613, 39.83737054162907 ], [ -75.594689221896488, 39.837317763819954 ], [ -75.594806444094615, 39.837284430478519 ], [ -75.594900332967597, 39.837273874913365 ], [ -75.595770332816187, 39.83715887482839 ], [ -75.596196444009479, 39.837860541310818 ], [ -75.596973110680437, 39.83843387444108 ], [ -75.597396999591581, 39.838843874312147 ], [ -75.597641999612961, 39.839121652007577 ], [ -75.59784533300882, 39.839569429676203 ], [ -75.597894221923468, 39.839728874084642 ], [ -75.597955333078175, 39.839983874029144 ], [ -75.597888111005602, 39.840661651687867 ], [ -75.597728111131232, 39.841156651614256 ], [ -75.597427000154596, 39.841594429346742 ], [ -75.596985333625923, 39.841948873778563 ], [ -75.596500333787333, 39.842386651533388 ], [ -75.595979222884125, 39.843022762588816 ], [ -75.595525334206513, 39.843724429179247 ], [ -75.594948112267389, 39.844685540180308 ], [ -75.594751445737586, 39.84520887343939 ], [ -75.594616445965585, 39.84621776215505 ], [ -75.594585334905616, 39.846443873227486 ], [ -75.594493112788314, 39.846886650933357 ], [ -75.594278112987865, 39.847700539695609 ], [ -75.594262002060418, 39.848578872865573 ], [ -75.594128113368299, 39.849437761609522 ], [ -75.594152002347073, 39.849889428188305 ], [ -75.594003113541874, 39.850189428150088 ], [ -75.593854224701147, 39.850316650366665 ], [ -75.593752002513725, 39.850412761472228 ], [ -75.593235335988709, 39.850731650364366 ], [ -75.592349225069768, 39.85103276152762 ], [ -75.592201447332343, 39.851122761528813 ], [ -75.592087002925666, 39.851224428190392 ], [ -75.591993114074114, 39.851338872624751 ], [ -75.591930336326584, 39.851440539280134 ], [ -75.5918764474917, 39.851663872577944 ], [ -75.591860336411401, 39.851801650331936 ], [ -75.591852003122938, 39.852012761404239 ], [ -75.591883114257882, 39.852150539152376 ], [ -75.591907003167023, 39.852265539127757 ], [ -75.592001447639689, 39.852469427966753 ], [ -75.592220336541288, 39.852686650121314 ], [ -75.592495336550371, 39.852926650042434 ], [ -75.592918114313363, 39.853155538836347 ], [ -75.593239225400907, 39.853269427664543 ], [ -75.594352003061374, 39.853492760819336 ], [ -75.595472002928034, 39.853642760653941 ], [ -75.595732002893499, 39.853660538396412 ], [ -75.596152002846338, 39.853730538331661 ], [ -75.596361447267896, 39.853768871632099 ], [ -75.596598113910431, 39.853820538260095 ], [ -75.597009224982116, 39.853921649301753 ], [ -75.597435336041769, 39.853975538128282 ], [ -75.597847002664253, 39.854054426951961 ], [ -75.598844224759375, 39.854147760145395 ], [ -75.599247002518439, 39.854343871170215 ], [ -75.600853113564199, 39.855169426373664 ], [ -75.601357002453653, 39.855530537354923 ], [ -75.601478113597011, 39.855772759516753 ], [ -75.601637002572488, 39.856305537174819 ], [ -75.601561447089637, 39.856603870461413 ], [ -75.601223113898698, 39.857052759307351 ], [ -75.600307003100852, 39.857918870367882 ], [ -75.599498114571645, 39.859085536914222 ], [ -75.598588114947574, 39.86025887013858 ], [ -75.597556448669536, 39.861407758937958 ], [ -75.597365337648114, 39.861705536682962 ], [ -75.596638115695441, 39.862493869957348 ], [ -75.596412004730098, 39.863039425437989 ], [ -75.596386449238764, 39.863331647608334 ], [ -75.596476449296233, 39.863673869755132 ], [ -75.596619227114502, 39.863971647459493 ], [ -75.596703116055551, 39.864283869612734 ], [ -75.596664227208294, 39.864457758473691 ], [ -75.596631449455685, 39.864556647347854 ], [ -75.596586449475751, 39.864621647341153 ], [ -75.59633422736033, 39.864958869530881 ], [ -75.59600644970817, 39.865334425056233 ], [ -75.59589644975307, 39.865473869487914 ], [ -75.595759227604503, 39.865732758344905 ], [ -75.59548200551933, 39.86619886940241 ], [ -75.59534033892362, 39.86644164715176 ], [ -75.595049227885738, 39.866589424937501 ], [ -75.594603116862856, 39.866699424971671 ], [ -75.594048116961801, 39.866783869468179 ], [ -75.593253117118252, 39.86697664730724 ], [ -75.592807006100372, 39.867110536225653 ], [ -75.592555339597709, 39.867725536140824 ], [ -75.592562006323703, 39.868017758307303 ], [ -75.592575339734026, 39.868399424900588 ], [ -75.592881450896641, 39.868866646997333 ], [ -75.592956450918223, 39.869024424736267 ], [ -75.593324228740357, 39.869500535712689 ], [ -75.593513117674263, 39.869852757845592 ], [ -75.59388811769503, 39.870219424397305 ], [ -75.594301451014019, 39.870443868748737 ], [ -75.594599228762263, 39.870512757588074 ], [ -75.595251450930618, 39.870715535247825 ], [ -75.595684228710638, 39.871033868468203 ], [ -75.595931450926059, 39.871176646188701 ], [ -75.596170339855064, 39.871540534979999 ], [ -75.59620311767452, 39.871765534933616 ], [ -75.59623200658001, 39.87186664602217 ], [ -75.596295340023403, 39.872444423683419 ], [ -75.596645340075554, 39.872945534657276 ], [ -75.596990340126922, 39.873438867855612 ], [ -75.597245340141626, 39.873691645554629 ], [ -75.597480340168886, 39.873990534358484 ], [ -75.597715340183356, 39.874227756507253 ], [ -75.597950340187083, 39.874412756443519 ], [ -75.597798118003766, 39.874492756447125 ], [ -75.597601451385117, 39.874585534231642 ], [ -75.594115341124166, 39.876221645462692 ], [ -75.589461453369154, 39.878401645623683 ], [ -75.585126454400495, 39.880311645796326 ], [ -75.584163121292363, 39.880716645838504 ], [ -75.587259232626934, 39.883996644841602 ], [ -75.587403121525938, 39.884147755906781 ], [ -75.587148121742871, 39.885015533552576 ], [ -75.585915344135174, 39.884962755935987 ], [ -75.585241455290429, 39.884697756068419 ], [ -75.584304233133821, 39.884349422915705 ], [ -75.582469233703932, 39.885803867311949 ], [ -75.580396455807659, 39.883759423506206 ], [ -75.579026456141776, 39.884402756886743 ], [ -75.578621456240626, 39.884592756900702 ], [ -75.578396456297128, 39.884706645795802 ], [ -75.577635345377416, 39.885091645816829 ], [ -75.576125345735306, 39.885750534767169 ], [ -75.575375345922112, 39.886121645900459 ], [ -75.574803123845186, 39.886417757026095 ], [ -75.573752012990042, 39.886909423729378 ], [ -75.57278145767151, 39.887366645984798 ], [ -75.572359235553449, 39.887570534887175 ], [ -75.57139145801375, 39.888035534918572 ], [ -75.574134236049531, 39.891228867314737 ], [ -75.574872013886932, 39.892040533738054 ], [ -75.572461458855742, 39.892864422767957 ], [ -75.572449237052069, 39.894878866835143 ], [ -75.573385348342299, 39.89640886643258 ], [ -75.570393126860438, 39.897863866526336 ], [ -75.569757015906589, 39.898172755435269 ], [ -75.567062016565558, 39.899445533304515 ], [ -75.565259239239481, 39.900349422244744 ], [ -75.563971461781193, 39.900979422284422 ], [ -75.563669239630087, 39.901108866741708 ], [ -75.56355035077371, 39.901181644520364 ], [ -75.562458128827927, 39.901742755660109 ], [ -75.562307017751664, 39.901804422333669 ], [ -75.561303129094199, 39.902210533491711 ], [ -75.560659240347718, 39.902441644638429 ], [ -75.560164240453844, 39.902603866890956 ], [ -75.559861462746824, 39.902730533570946 ], [ -75.559510351718416, 39.90288164469689 ], [ -75.559308129545457, 39.902975533592837 ], [ -75.559126462924837, 39.903069422486453 ], [ -75.558847018555525, 39.903234422489618 ], [ -75.559310351926683, 39.903745533447818 ], [ -75.55924424083247, 39.903780533449321 ], [ -75.558597018776425, 39.904123866797704 ], [ -75.558502018800823, 39.904174422355311 ], [ -75.560418130182484, 39.906839421619054 ], [ -75.558068130704328, 39.907693866191437 ], [ -75.557828130760754, 39.907796643979282 ], [ -75.557221464022859, 39.907022755310436 ], [ -75.556917019483706, 39.906349422141091 ], [ -75.556091463842677, 39.905351644652228 ], [ -75.556044241637153, 39.905398866871394 ], [ -75.55594535278351, 39.905498866864775 ], [ -75.555734241734513, 39.905649422418037 ], [ -75.555591463996279, 39.905738866863146 ], [ -75.55538646404807, 39.905843866868622 ], [ -75.555086464116926, 39.905963866882814 ], [ -75.553355353416805, 39.906721644730737 ], [ -75.552232020345002, 39.907188867003015 ], [ -75.550826465121077, 39.907794422617371 ], [ -75.548751465610906, 39.908689422704015 ], [ -75.548402021252571, 39.908857756048633 ], [ -75.547419243704383, 39.909270533869631 ], [ -75.546460355047657, 39.90971164501542 ], [ -75.547372021878743, 39.911151644632753 ], [ -75.547509244122637, 39.911353866800141 ], [ -75.547868133093175, 39.912001644412157 ], [ -75.54852035548214, 39.913268866315889 ], [ -75.549469244640079, 39.915239421384513 ], [ -75.54953535576368, 39.915346643578516 ], [ -75.549717022440745, 39.915525532411493 ], [ -75.54796535616083, 39.916151643620083 ], [ -75.547281467442076, 39.916488865862902 ], [ -75.543484246131925, 39.918201643785039 ], [ -75.542652024114204, 39.918598866034984 ], [ -75.543553135322611, 39.919706643493726 ], [ -75.543735357564969, 39.9199327545399 ], [ -75.54378813534845, 39.919997754521262 ], [ -75.544039246487273, 39.920309421098466 ], [ -75.543751469242579, 39.922677754022004 ], [ -75.543676469390903, 39.923340531684289 ], [ -75.541156469975363, 39.924376642910261 ], [ -75.540862025604724, 39.924523865141111 ], [ -75.54213313690758, 39.926348864641795 ], [ -75.542544248066122, 39.926868864493485 ], [ -75.539063137744165, 39.928211642446684 ], [ -75.535398138579637, 39.929647753738266 ], [ -75.535190360844808, 39.929707753752439 ], [ -75.535096471930217, 39.929517753799757 ], [ -75.53341313831578, 39.926970532263169 ], [ -75.533082027149021, 39.926467754620546 ], [ -75.530127026652963, 39.921983866937694 ], [ -75.52835424931169, 39.92283553366201 ], [ -75.527325360681516, 39.923355533690653 ], [ -75.525930360553616, 39.92175164527481 ], [ -75.525638138404474, 39.921897756394287 ], [ -75.525361471805184, 39.922026645292931 ], [ -75.524710360861889, 39.922375534196306 ], [ -75.524531472020897, 39.922480534198598 ], [ -75.524283138758051, 39.922644423087206 ], [ -75.523870361123329, 39.923042756396285 ], [ -75.523758138960375, 39.92324942303793 ], [ -75.524198139017358, 39.923835533984914 ], [ -75.524345361256849, 39.924022756153704 ], [ -75.527864250428649, 39.927876643885838 ], [ -75.528602028279181, 39.928749421409009 ], [ -75.528822028299771, 39.929004421334014 ], [ -75.52897425052862, 39.929143865733522 ], [ -75.529237028442367, 39.929985532209741 ], [ -75.529354250712402, 39.930298865469695 ], [ -75.529570361906849, 39.930853865338861 ], [ -75.529640361922588, 39.93097886530677 ], [ -75.529809250832045, 39.931197754133677 ], [ -75.530406473123833, 39.931955531695621 ], [ -75.529545362224439, 39.932367753946266 ], [ -75.530093140079543, 39.933127753736073 ], [ -75.528125362769515, 39.933991642704484 ], [ -75.527384251854301, 39.934411642716668 ], [ -75.526072029919476, 39.934869420569612 ], [ -75.525745363144893, 39.934117754084468 ], [ -75.525417029737639, 39.933529420902119 ], [ -75.525192029659593, 39.932993865474714 ], [ -75.524671473950661, 39.931886643524706 ], [ -75.524498140589515, 39.931629421372122 ], [ -75.524106474011205, 39.931778865836577 ], [ -75.52385425184832, 39.931886643625035 ], [ -75.523527029703132, 39.932026643638949 ], [ -75.523336474193798, 39.932114421423648 ], [ -75.523023140935607, 39.932255532546776 ], [ -75.522543141050903, 39.932471643676308 ], [ -75.521859252331637, 39.932806643697461 ], [ -75.521140363616951, 39.933137754834718 ], [ -75.520808141472457, 39.933277754849144 ], [ -75.520085363868645, 39.933605532654212 ], [ -75.51990314168529, 39.933663865998938 ], [ -75.519598141746087, 39.933741643799692 ], [ -75.519374252912087, 39.933847754918304 ], [ -75.519245364062613, 39.933946643804404 ], [ -75.519153141880452, 39.934074421569449 ], [ -75.51903147526366, 39.934228865999842 ], [ -75.518946475310088, 39.934392754868554 ], [ -75.518908142008058, 39.934516643738732 ], [ -75.518850364265177, 39.934643865944167 ], [ -75.518750364330458, 39.934887754799547 ], [ -75.51845703122342, 39.935771643558382 ], [ -75.518342031303177, 39.93607442129337 ], [ -75.518304253556266, 39.936196643497283 ], [ -75.518253142474862, 39.936303865705611 ], [ -75.518202031385613, 39.936372754587751 ], [ -75.518107031418481, 39.9364644212489 ], [ -75.517890364818243, 39.936631643466455 ], [ -75.51829814265534, 39.937205532197311 ], [ -75.518343142659774, 39.937258865515162 ], [ -75.518381475993863, 39.937289421060257 ], [ -75.518414253771255, 39.937310532163167 ], [ -75.518445364879256, 39.937317754380331 ], [ -75.518484253762495, 39.937317754375499 ], [ -75.518524253753867, 39.937304421039869 ], [ -75.518585364850708, 39.93727886548163 ], [ -75.51861425373113, 39.937258865481738 ], [ -75.518664253719635, 39.937238865479401 ], [ -75.51870425371186, 39.937229421031873 ], [ -75.518748142594234, 39.937229421026359 ], [ -75.518803142590286, 39.937248865460504 ], [ -75.518873142590905, 39.937301643219712 ], [ -75.518935364821573, 39.937386643196021 ], [ -75.51895814260763, 39.937442754293841 ], [ -75.518961475949141, 39.937483865396814 ], [ -75.518935364861079, 39.937576643160412 ], [ -75.518872031552178, 39.937649420932303 ], [ -75.518836476012154, 39.937699420927231 ], [ -75.518827031575029, 39.937727754256343 ], [ -75.518840364914695, 39.937767754247204 ], [ -75.518993142689055, 39.937859420877942 ], [ -75.519024253803877, 39.937899420866472 ], [ -75.519009253817217, 39.937952754191656 ], [ -75.518980364945264, 39.938014420850266 ], [ -75.518923142746019, 39.93808442084412 ], [ -75.518878142764947, 39.938143865283052 ], [ -75.518872031665694, 39.938196643051697 ], [ -75.518903142785405, 39.938260531924698 ], [ -75.519018142797051, 39.938397754106973 ], [ -75.5190692539108, 39.938446642980352 ], [ -75.51913314279841, 39.938485531854155 ], [ -75.519197031682893, 39.938509420730611 ], [ -75.519267031674758, 39.93851942072024 ], [ -75.519687031608953, 39.938499420672258 ], [ -75.519808142703369, 39.9385044206565 ], [ -75.519929253803866, 39.938538865079636 ], [ -75.520099253803721, 39.938658865036075 ], [ -75.519934254028385, 39.939624420430505 ], [ -75.520882031897486, 39.9407344201054 ], [ -75.522272032041087, 39.942409419619594 ], [ -75.522572032072105, 39.942770530625978 ], [ -75.523833143280797, 39.944132752437213 ], [ -75.522832032416545, 39.944614419136258 ], [ -75.521938143744137, 39.945025530280191 ], [ -75.518993144462456, 39.946405530382776 ], [ -75.515569256413755, 39.948033863831142 ], [ -75.515302034258468, 39.948167752727727 ], [ -75.512426479395913, 39.949474419502508 ], [ -75.510475368772177, 39.950443864004626 ], [ -75.510310368811986, 39.950519419566263 ], [ -75.508110369386316, 39.951731641831202 ], [ -75.507928147204382, 39.951796641841554 ], [ -75.507684258370375, 39.951888864076409 ], [ -75.507442036204452, 39.951988864087355 ], [ -75.507218147366586, 39.952076641876261 ], [ -75.506993147420133, 39.952175530774241 ], [ -75.506747036366335, 39.952277753007422 ], [ -75.50638814756428, 39.952442753020534 ], [ -75.506029258760464, 39.952598864146523 ], [ -75.506007036543053, 39.952606641925627 ], [ -75.50582036991068, 39.952639419720185 ], [ -75.505573147725556, 39.952643864194101 ], [ -75.502144259679994, 39.95428386430757 ], [ -75.494394261584887, 39.957985531232225 ], [ -75.493956483917543, 39.958207753466411 ], [ -75.491089262365051, 39.959408864704642 ], [ -75.4872581521646, 39.96108942041576 ], [ -75.485932041370745, 39.961680531578963 ], [ -75.483274264224519, 39.962845531687094 ], [ -75.483161486473762, 39.962895531691572 ], [ -75.482711486580854, 39.963093865043106 ], [ -75.482318153335314, 39.963238865064341 ], [ -75.481929264558573, 39.96350442061771 ], [ -75.481553153568257, 39.963820531715896 ], [ -75.480890375982426, 39.964276642822824 ], [ -75.476847043620921, 39.966101642977549 ], [ -75.476567043715932, 39.966361642963193 ], [ -75.476452043741517, 39.96640386519158 ], [ -75.474885377380872, 39.966771643093011 ], [ -75.473847044367972, 39.96758164306857 ], [ -75.473677044420583, 39.967714420842412 ], [ -75.473476488908148, 39.96778053196573 ], [ -75.471639267088904, 39.968424420959764 ], [ -75.471526489350822, 39.968535532063925 ], [ -75.471234267195484, 39.968651643189276 ], [ -75.470950378370503, 39.968758865426196 ], [ -75.470682045098727, 39.968865532105951 ], [ -75.470391489612894, 39.968996643228081 ], [ -75.470093156346479, 39.96910775435515 ], [ -75.469820378635916, 39.969238865475177 ], [ -75.46952204537132, 39.969359421044771 ], [ -75.469231489885374, 39.969489421056096 ], [ -75.468994267718358, 39.969587754400209 ], [ -75.468945378839464, 39.969601643292549 ], [ -75.468732045555555, 39.969689421080091 ], [ -75.468520378936546, 39.969768865535741 ], [ -75.46831926787047, 39.969843865546352 ], [ -75.468117045694555, 39.969924421111614 ], [ -75.467852045752011, 39.970013865571957 ], [ -75.467603156919893, 39.970111643361918 ], [ -75.467350379200525, 39.970214421151411 ], [ -75.467097045926096, 39.97031886560751 ], [ -75.46691537930468, 39.970408865613024 ], [ -75.466834268214654, 39.970452754503583 ], [ -75.46654926827955, 39.970564421184292 ], [ -75.466281490566018, 39.970684421194733 ], [ -75.465996490632904, 39.970805532318195 ], [ -75.465728157365902, 39.970935532326962 ], [ -75.465443157432901, 39.971056643450254 ], [ -75.465175379720449, 39.971182754570748 ], [ -75.464884268678247, 39.971308865694027 ], [ -75.46459815763609, 39.971438865704783 ], [ -75.464338157698421, 39.971555532381501 ], [ -75.464058157766488, 39.971685532391518 ], [ -75.463791491164102, 39.97180664351265 ], [ -75.46349926901172, 39.971936643524316 ], [ -75.463232046853989, 39.97205886575648 ], [ -75.462946491365415, 39.972179421324483 ], [ -75.462679269210355, 39.972314421332101 ], [ -75.46250204702767, 39.972379421341714 ], [ -75.462344269288394, 39.972453865791465 ], [ -75.462174269327932, 39.97252386579936 ], [ -75.46199815826111, 39.972612754693102 ], [ -75.461852047183811, 39.972672754699886 ], [ -75.461736491658257, 39.972735532480158 ], [ -75.461474269497899, 39.97284886582446 ], [ -75.461445380614521, 39.972854421382465 ], [ -75.461351491752794, 39.972918865826387 ], [ -75.454673160078812, 39.976194421588843 ], [ -75.452396493977972, 39.977311643881649 ], [ -75.451910382989809, 39.977560532783627 ], [ -75.451348160906775, 39.977833866134802 ], [ -75.449727050180854, 39.978544421756624 ], [ -75.44940705025067, 39.978654421775332 ], [ -75.449205383625667, 39.978712755122501 ], [ -75.449044272555739, 39.978797755126379 ], [ -75.448436494925488, 39.979078866259499 ], [ -75.446740384240172, 39.97993164408615 ], [ -75.445370384560874, 39.980509421924012 ], [ -75.445199273476817, 39.980518866387683 ], [ -75.43759205309857, 39.98402775555445 ], [ -75.436321497851054, 39.984613866712152 ], [ -75.43605538681021, 39.984764422272121 ], [ -75.435979275769455, 39.985048866672628 ], [ -75.435890386930396, 39.985225533316964 ], [ -75.435789275888567, 39.985487755502447 ], [ -75.435747053715261, 39.985692755469131 ], [ -75.435701498241542, 39.986053866518091 ], [ -75.435701498271726, 39.986198866490838 ], [ -75.435763164997695, 39.986527755310476 ], [ -75.435812053897223, 39.986612755288377 ], [ -75.43588705390323, 39.986694421930565 ], [ -75.435947053904727, 39.986743866358324 ], [ -75.436096498340646, 39.986807755216773 ], [ -75.436159276118815, 39.986853866311606 ], [ -75.43619149834808, 39.986910532963634 ], [ -75.436241498383481, 39.987115532918949 ], [ -75.43624649840848, 39.987239421783954 ], [ -75.436218165099092, 39.987334421769617 ], [ -75.43617538734469, 39.987416643981589 ], [ -75.436094276259496, 39.987483866201217 ], [ -75.435846498545857, 39.987617755095471 ], [ -75.435800387454265, 39.987678866200838 ], [ -75.436212054104658, 39.987890532776987 ], [ -75.436378165223175, 39.988042754950186 ], [ -75.436412054160201, 39.988297754898269 ], [ -75.436312054203938, 39.988437754884274 ], [ -75.436428165308712, 39.988488865971362 ], [ -75.436594276397841, 39.988500532615376 ], [ -75.436528165346886, 39.988742754800285 ], [ -75.436345387625067, 39.988882754796578 ], [ -75.436262054391307, 39.98930275472793 ], [ -75.436412054406389, 39.989480532453797 ], [ -75.43684427662123, 39.989748865683566 ], [ -75.437173165507488, 39.98996775449092 ], [ -75.437491498825466, 39.990117754423409 ], [ -75.437857054364486, 39.990295532122786 ], [ -75.438322054336254, 39.990486643140684 ], [ -75.438488165467959, 39.990702754190806 ], [ -75.438604276638841, 39.991071642996133 ], [ -75.438604276718422, 39.991453865146639 ], [ -75.438571499001, 39.991720531767328 ], [ -75.438471499068555, 39.99197442062075 ], [ -75.438342054678344, 39.992144420604745 ], [ -75.438247054721273, 39.992283865034835 ], [ -75.438117054777308, 39.992461642795149 ], [ -75.437884277063858, 39.992606642796659 ], [ -75.437691499341895, 39.99273886501777 ], [ -75.437508166051146, 39.992814420581681 ], [ -75.437292054982265, 39.992865531709811 ], [ -75.437192054996899, 39.992865531722259 ], [ -75.437026499462888, 39.992852753967213 ], [ -75.436961499476809, 39.992873865082402 ], [ -75.436893166165078, 39.992929420635789 ], [ -75.436960388411762, 39.993094420596663 ], [ -75.437059277310198, 39.993209420562835 ], [ -75.437358166165893, 39.993260531627584 ], [ -75.437475388400117, 39.993400531586758 ], [ -75.43750816620485, 39.993552753776441 ], [ -75.437710388427149, 39.993695531502453 ], [ -75.437815388419381, 39.993731642593787 ], [ -75.437905388406136, 39.993731642582816 ], [ -75.438067055033571, 39.993656642576923 ], [ -75.438321499439951, 39.993652753657386 ], [ -75.438391499423687, 39.993623864765368 ], [ -75.438556499403603, 39.993643864741273 ], [ -75.438697054935176, 39.99362775361584 ], [ -75.438768166032446, 39.993610531388128 ], [ -75.43904538819055, 39.993497753597467 ], [ -75.439274277034031, 39.993440531357692 ], [ -75.439463165875281, 39.993344420241328 ], [ -75.439551499191055, 39.993322753567895 ], [ -75.439650388052598, 39.993260531345129 ], [ -75.439712054694155, 39.99318386468525 ], [ -75.439902054638821, 39.993051642464536 ], [ -75.439927054632562, 39.993038864686071 ], [ -75.440029276831524, 39.992998864680999 ], [ -75.440212054569827, 39.992937753558749 ], [ -75.440469276718261, 39.992764420226365 ], [ -75.440554276670866, 39.992596642469721 ], [ -75.440512054434237, 39.992497753604596 ], [ -75.440499276632011, 39.992371642518606 ], [ -75.440402054400522, 39.992258864774101 ], [ -75.440353165501278, 39.992174420351432 ], [ -75.440371498805746, 39.99204886481732 ], [ -75.440432054332859, 39.991954420382967 ], [ -75.440548165414384, 39.991893864824533 ], [ -75.440677054276534, 39.991856642593405 ], [ -75.440890387571926, 39.991823864795663 ], [ -75.441220387530393, 39.991856642526614 ], [ -75.44137316529924, 39.991921642495583 ], [ -75.441581498638357, 39.992095531326186 ], [ -75.441868165283438, 39.992193864605667 ], [ -75.442143165259836, 39.992273864556694 ], [ -75.442479276346091, 39.992390531160197 ], [ -75.442779276327371, 39.992511642211468 ], [ -75.442980387427497, 39.992600531058883 ], [ -75.44318205409877, 39.992764419892239 ], [ -75.443231498551597, 39.992839419871984 ], [ -75.443243165230342, 39.992905530969381 ], [ -75.443133165273707, 39.993036642069285 ], [ -75.442993165338976, 39.993251642046232 ], [ -75.442938165381122, 39.993415530911193 ], [ -75.442956498741182, 39.993556641993507 ], [ -75.443078165416239, 39.993682753065855 ], [ -75.443261498745187, 39.993790530800823 ], [ -75.443469276501276, 39.99383275298959 ], [ -75.443597054259669, 39.993828864085629 ], [ -75.44391538752086, 39.993706641847268 ], [ -75.444044276388979, 39.993697752944172 ], [ -75.444276498575164, 39.993687752917367 ], [ -75.44583538726306, 39.993818863811953 ], [ -75.446471498282051, 39.993823863732473 ], [ -75.446996498199269, 39.993795530339924 ], [ -75.447254275934597, 39.99377275253471 ], [ -75.447596498113455, 39.993805530264183 ], [ -75.447798164742721, 39.993767752468557 ], [ -75.447963164719624, 39.993772752447285 ], [ -75.448128164693287, 39.993762752428893 ], [ -75.448232053569996, 39.993776641302418 ], [ -75.448446498010526, 39.993908863473393 ], [ -75.448611498007722, 39.9940116412115 ], [ -75.448782053552918, 39.994081641177331 ], [ -75.448953164642887, 39.994100530041692 ], [ -75.449167053489646, 39.99404886335833 ], [ -75.449271497904249, 39.993978863358564 ], [ -75.449363164550505, 39.993945530020142 ], [ -75.4496814978354, 39.99393664109374 ], [ -75.449803164488003, 39.99395441885332 ], [ -75.45010316443819, 39.993926641043743 ], [ -75.450304275483916, 39.993753863273696 ], [ -75.450861497508527, 39.993196641087422 ], [ -75.450983164147488, 39.993149418859161 ], [ -75.451166497456995, 39.993163863278141 ], [ -75.451368164103826, 39.99321052991138 ], [ -75.451490386321609, 39.993275529884102 ], [ -75.451607052995712, 39.993392752069838 ], [ -75.451662053012967, 39.993514418706923 ], [ -75.451723164136581, 39.993617752013279 ], [ -75.45177205303213, 39.993683863106071 ], [ -75.451772053048558, 39.99376275198 ], [ -75.451796497503153, 39.993828863075805 ], [ -75.451839275281316, 39.993860529731194 ], [ -75.451973164147603, 39.993846640828394 ], [ -75.452120386334741, 39.993781640822476 ], [ -75.452212052967695, 39.993683863051899 ], [ -75.452279275165267, 39.993612751945705 ], [ -75.452328164032451, 39.99354275195293 ], [ -75.452352052899244, 39.993453863077775 ], [ -75.452401497323706, 39.993392751972124 ], [ -75.452548163961239, 39.993355529738835 ], [ -75.452774275041065, 39.993364418598048 ], [ -75.453208163881982, 39.993439418530556 ], [ -75.453294274982454, 39.993448862962623 ], [ -75.453337052758911, 39.99347275184175 ], [ -75.453324274995794, 39.993533862943025 ], [ -75.453361497217259, 39.993556640711859 ], [ -75.45342205277268, 39.993598862918759 ], [ -75.453514274990084, 39.993640529566278 ], [ -75.453606497209648, 39.993692751767242 ], [ -75.453703163861121, 39.99368775175634 ], [ -75.45376538606655, 39.99365052953334 ], [ -75.453820386052712, 39.993622751754174 ], [ -75.453905386046017, 39.993650529516117 ], [ -75.454021497149938, 39.993697751715274 ], [ -75.450745386907727, 39.995566640656648 ], [ -75.44913649847615, 39.996630529543836 ], [ -75.448862054109895, 39.996812751765674 ], [ -75.44740927674718, 39.997784418428751 ], [ -75.446930387993689, 39.998097751762259 ], [ -75.446586499206546, 39.998344418425006 ], [ -75.444975388564046, 39.9994616406359 ], [ -75.444536499819151, 39.99984441839581 ], [ -75.444322055443308, 40.000022751722042 ], [ -75.442830389216851, 40.001087751705882 ], [ -75.440344278816724, 40.002752751699575 ], [ -75.439756501202339, 40.00312441836877 ], [ -75.439172056925429, 40.003517751700144 ], [ -75.438487057115594, 40.003948862814809 ], [ -75.438105390559826, 40.004212751701175 ], [ -75.435572057955767, 40.005932751690182 ], [ -75.434464280498958, 40.006694418350435 ], [ -75.433333169721834, 40.007502751671439 ], [ -75.432400392210695, 40.008126640558089 ], [ -75.431419281361968, 40.008696640571884 ], [ -75.43017817059183, 40.009460529470346 ], [ -75.428792059895102, 40.010475529450559 ], [ -75.423979283603728, 40.014225529339683 ], [ -75.423261506017127, 40.014638862683739 ], [ -75.415149286046699, 40.019742751614444 ], [ -75.409340398891288, 40.023977751535483 ], [ -75.407245399517308, 40.025508862617528 ], [ -75.405898177664483, 40.026334418184149 ], [ -75.405561511097062, 40.026573862625185 ], [ -75.404461511419527, 40.027347751504522 ], [ -75.404428178129422, 40.027531640363009 ], [ -75.404657067046571, 40.027827751390248 ], [ -75.404829289290603, 40.028052751326811 ], [ -75.404829289294241, 40.028070529101228 ], [ -75.406427067287609, 40.030224417388695 ], [ -75.407114289586673, 40.031074417144453 ], [ -75.408332067551441, 40.032824416665733 ], [ -75.408425400896135, 40.032944416631778 ], [ -75.409469290007848, 40.03474441616504 ], [ -75.410661512449849, 40.036633860107656 ], [ -75.412223179189709, 40.03807941519932 ], [ -75.41326206821293, 40.039451637035711 ], [ -75.413421512674745, 40.039646636979569 ], [ -75.413482068236021, 40.039716636958872 ], [ -75.41417540166367, 40.040654414475171 ], [ -75.414985401784065, 40.041799414160266 ], [ -75.414594290767013, 40.041975525286489 ], [ -75.41436429082222, 40.042078858628884 ], [ -75.413858179832744, 40.042306636426247 ], [ -75.413692068760895, 40.042377747544492 ], [ -75.413318179960129, 40.042537747560573 ], [ -75.412691513441871, 40.042808858697981 ], [ -75.411804291429917, 40.04319441429061 ], [ -75.411652069243871, 40.043260525408243 ], [ -75.410799291668638, 40.043632747665697 ], [ -75.409746514140807, 40.044091636598239 ], [ -75.40958206973454, 40.044159414383614 ], [ -75.409491514200113, 40.044196636609968 ], [ -75.409368180890567, 40.044224414397661 ], [ -75.408038181184736, 40.044700525583551 ], [ -75.405259292998437, 40.046116636771501 ], [ -75.405171515245172, 40.046172747882963 ], [ -75.404546515433367, 40.046635525650913 ], [ -75.402947071402025, 40.047492747909587 ], [ -75.401759293840655, 40.047696636906835 ], [ -75.401631516087093, 40.047722748028661 ], [ -75.401529293885858, 40.047751636924886 ], [ -75.400882071818671, 40.048040525839269 ], [ -75.400824294055951, 40.048071636951704 ], [ -75.400797071844352, 40.048103859171306 ], [ -75.400770405190144, 40.048144414722401 ], [ -75.400756516315369, 40.048202748046492 ], [ -75.400766516334045, 40.048298859138413 ], [ -75.399888183179371, 40.048538859201756 ], [ -75.399227072195686, 40.048685525922338 ], [ -75.398576516807793, 40.049032748159561 ], [ -75.397390405968736, 40.049503859328695 ], [ -75.396039295156868, 40.049989414959782 ], [ -75.391394296259534, 40.052013859597309 ], [ -75.38894651906287, 40.053080526365875 ], [ -75.386260408612713, 40.054362748678955 ], [ -75.384461520154503, 40.055163859861636 ], [ -75.384034298029803, 40.055331637660572 ], [ -75.38094929873489, 40.056545526702337 ], [ -75.378741521492486, 40.05756163789539 ], [ -75.376535410860356, 40.058309415805013 ], [ -75.37595152211253, 40.058575526938171 ], [ -75.375342077814935, 40.058851638072838 ], [ -75.374838189048376, 40.059084415868938 ], [ -75.372856522867835, 40.0600227492709 ], [ -75.370588190132139, 40.061294415978978 ], [ -75.362306525414851, 40.064824416338922 ], [ -75.361461525649133, 40.065354416343666 ], [ -75.360323192614544, 40.065986638587844 ], [ -75.359505415038825, 40.066380527503838 ], [ -75.359001526115094, 40.065861638774493 ], [ -75.358564303878097, 40.065485527787871 ], [ -75.357478192640826, 40.064122750399861 ], [ -75.356753192542442, 40.063145528450491 ], [ -75.354927081148332, 40.06051552916955 ], [ -75.353633192057885, 40.058646640790926 ], [ -75.353072080868401, 40.057879418781965 ], [ -75.352154302962276, 40.056623863575112 ], [ -75.351481525077304, 40.055640530509322 ], [ -75.351283191716277, 40.055369419473664 ], [ -75.350241524915475, 40.053999419859281 ], [ -75.349478191467369, 40.052916642378818 ], [ -75.349179302545394, 40.052549420262267 ], [ -75.348954302524419, 40.052291642560704 ], [ -75.347730413484612, 40.050713865230023 ], [ -75.347316524552298, 40.050216643152112 ], [ -75.347114302306068, 40.049960532114142 ], [ -75.346800413378048, 40.04955386556253 ], [ -75.346714302257681, 40.049449421148154 ], [ -75.346633191135595, 40.049340532289705 ], [ -75.345797079923614, 40.0482727548154 ], [ -75.345652079906188, 40.048087754867993 ], [ -75.345556524346534, 40.048001643784914 ], [ -75.344879302050629, 40.047175532912377 ], [ -75.344444302003467, 40.046645533065544 ], [ -75.344251524202321, 40.046398866468905 ], [ -75.343816524152487, 40.045856644401965 ], [ -75.343459301889766, 40.045412755640484 ], [ -75.342674301798183, 40.044425533700405 ], [ -75.34243930176774, 40.044115533787533 ], [ -75.342411523986414, 40.044079422686593 ], [ -75.340846523810569, 40.042143867687287 ], [ -75.339817079246643, 40.04085164583438 ], [ -75.339439301411062, 40.040310534871423 ], [ -75.339219301388312, 40.040047757170157 ], [ -75.337823190091797, 40.038184424358519 ], [ -75.337750412307116, 40.038100535494323 ], [ -75.337297078923029, 40.037540535655467 ], [ -75.336806523308269, 40.036913869166824 ], [ -75.335944300980657, 40.03580664725871 ], [ -75.33522818974734, 40.034720536439636 ], [ -75.334389300751184, 40.033620536749368 ], [ -75.334255411870856, 40.033567758998117 ], [ -75.334168189649859, 40.033512759019175 ], [ -75.334080411868456, 40.033433870155875 ], [ -75.334014300751619, 40.033360536844384 ], [ -75.333868189619977, 40.033159425789108 ], [ -75.332461522778374, 40.031338870748527 ], [ -75.332039300509052, 40.030817759787226 ], [ -75.331446522655767, 40.030041648894837 ], [ -75.329463189088528, 40.027534427387479 ], [ -75.32877930016889, 40.0269088720338 ], [ -75.328621522375215, 40.026722760976952 ], [ -75.328400411238988, 40.026447761055806 ], [ -75.328453188983531, 40.026325538849903 ], [ -75.328483188959297, 40.02623053886407 ], [ -75.328499300053181, 40.026159427764355 ], [ -75.328520411142222, 40.026067761112301 ], [ -75.328531522241747, 40.026020538897512 ], [ -75.32852207778825, 40.025970538908155 ], [ -75.328495411108804, 40.025890538926376 ], [ -75.328428188880139, 40.025812761171494 ], [ -75.328232077766643, 40.025663872334746 ], [ -75.327944299981937, 40.025429427969698 ], [ -75.327883188867361, 40.025370539099526 ], [ -75.327738188848912, 40.025180539152927 ], [ -75.327229299896146, 40.02451887267307 ], [ -75.32718152211396, 40.024463872689296 ], [ -75.326717077612159, 40.02386442841464 ], [ -75.326328188676257, 40.023367761889176 ], [ -75.325772077491081, 40.022623873208374 ], [ -75.325616521914753, 40.022415539933093 ], [ -75.325548188572043, 40.022322762181204 ], [ -75.325371521882857, 40.022091651135383 ], [ -75.325297077428957, 40.021994428940445 ], [ -75.325057077398185, 40.02167942902912 ], [ -75.32486207737395, 40.021426651322827 ], [ -75.32430818841857, 40.020720540412469 ], [ -75.323631521674486, 40.019876651765344 ], [ -75.322683188232475, 40.018692763215483 ], [ -75.321992077012226, 40.017686652378302 ], [ -75.321784299206172, 40.017405541345568 ], [ -75.321405410278658, 40.016955541476534 ], [ -75.320986521353404, 40.016488874949061 ] ] ] ] } },
{ "type": "Feature", "properties": { "AREA_NAME": "Imperial County, CA", "Status": null, "Status_120": "Nonattainment", "Id": 0, "NAME": null, "COMPOSID": "PM-2.5.2012.Imperial_Co" }, "geometry": { "type": "MultiPolygon", "coordinates": [ [ [ [ -115.71818500023744, 33.075045999973327 ], [ -115.710007999969093, 33.074952000134999 ], [ -115.709310000156165, 33.074969000019564 ], [ -115.700912999635079, 33.074954000227194 ], [ -115.692801999712401, 33.074963999788906 ], [ -115.683470000140233, 33.074964999835174 ], [ -115.675587999986078, 33.074979999627544 ], [ -115.666262999837386, 33.075004999881116 ], [ -115.658635999751482, 33.074977000388458 ], [ -115.648665000389315, 33.074934000204223 ], [ -115.641586000393431, 33.075015000342205 ], [ -115.631542000362799, 33.075087000065196 ], [ -115.625868000407763, 33.075044999927059 ], [ -115.62417499967637, 33.074998999604418 ], [ -115.614543999805562, 33.07493100006576 ], [ -115.606832000296436, 33.074912000088887 ], [ -115.596945000311393, 33.074891000019818 ], [ -115.589540999717201, 33.074950000042634 ], [ -115.579707000377539, 33.074989000042535 ], [ -115.572339999690996, 33.07498299976578 ], [ -115.562448000374786, 33.074973000204068 ], [ -115.555696000170144, 33.074959999604573 ], [ -115.54501999977299, 33.07493100006576 ], [ -115.538555000213023, 33.074821000389193 ], [ -115.527486999725113, 33.074950000042634 ], [ -115.521308999910275, 33.074984999858145 ], [ -115.510399000413372, 33.074946999904398 ], [ -115.504038000253331, 33.07488899992768 ], [ -115.500656999920409, 33.074855000158436 ], [ -115.493146999833982, 33.074895000204378 ], [ -115.486742000342929, 33.074892000065915 ], [ -115.475993000176686, 33.0749009995817 ], [ -115.469333999764217, 33.074895000204378 ], [ -115.458755000242945, 33.074891000019818 ], [ -115.452494000197817, 33.074903999720163 ], [ -115.441067000241787, 33.074902999674066 ], [ -115.435314000240794, 33.074899000388712 ], [ -115.423932999708029, 33.074897000296573 ], [ -115.41818099975319, 33.0749009995817 ], [ -115.406551000328193, 33.074911000042789 ], [ -115.401028000141935, 33.074907999904553 ], [ -115.389411000417169, 33.074996000365331 ], [ -115.383645999862892, 33.07502800004238 ], [ -115.375864999869691, 33.07501300025001 ], [ -115.372161999976129, 33.074939000434881 ], [ -115.366514000320706, 33.074938000388613 ], [ -115.366450000067232, 33.042659000212893 ], [ -115.36663100032024, 33.028287000245143 ], [ -115.366485999928727, 33.013643000324407 ], [ -115.366440999652355, 33.00097099961215 ], [ -115.366386999859969, 32.999136999573068 ], [ -115.366399999560144, 32.984568999559997 ], [ -115.366444999836688, 32.970126999961451 ], [ -115.366496000389986, 32.955592999717396 ], [ -115.366488000020922, 32.94106799988856 ], [ -115.366434000228708, 32.926609999552056 ], [ -115.366438999559989, 32.9120330000232 ], [ -115.366482999790378, 32.897570000355586 ], [ -115.366441999698338, 32.883088999857705 ], [ -115.366412000113485, 32.875052999796367 ], [ -115.366443999790533, 32.868557999752113 ], [ -115.366519999698028, 32.854044999577297 ], [ -115.366518999652044, 32.839518999702364 ], [ -115.366523999882588, 32.825012999850401 ], [ -115.366491000159442, 32.810504999906072 ], [ -115.36648900006719, 32.795974999846578 ], [ -115.366338000298299, 32.781517999556343 ], [ -115.366473000228666, 32.767003000188538 ], [ -115.366503999859447, 32.752474000175141 ], [ -115.36648900006719, 32.750072000022953 ], [ -115.366439999606143, 32.737911000392728 ], [ -115.366438999559989, 32.723430999940888 ], [ -115.366476000367015, 32.708855999605021 ], [ -115.375807999939127, 32.708847000089179 ], [ -115.378510999582829, 32.708784999928127 ], [ -115.378547000343588, 32.694301000191274 ], [ -115.378550999628828, 32.679810000131624 ], [ -115.37851599981343, 32.673398000317718 ], [ -115.385071999972638, 32.672932000411663 ], [ -115.386228000221763, 32.672849000181486 ], [ -115.392913000034753, 32.672372999814399 ], [ -115.394208000398748, 32.672281000068438 ], [ -115.395633999609288, 32.672178999861217 ], [ -115.395690000393074, 32.672174999676656 ], [ -115.4021879996763, 32.671706999678463 ], [ -115.406194000052892, 32.671417999841083 ], [ -115.410167999853229, 32.671131000095841 ], [ -115.412837999773672, 32.670939000234853 ], [ -115.416755999689485, 32.670651999590461 ], [ -115.41814699998389, 32.670551000328715 ], [ -115.419113999611227, 32.670479999752445 ], [ -115.426126000114664, 32.669967000377028 ], [ -115.427315000086992, 32.669879999962291 ], [ -115.430025000053547, 32.669680999778507 ], [ -115.434105000245381, 32.669390999895029 ], [ -115.437876999723585, 32.669122000080449 ], [ -115.442085999569031, 32.668821999735712 ], [ -115.445219000156612, 32.668599000243944 ], [ -115.447211000287211, 32.668456999990781 ], [ -115.448439000259498, 32.668367000337014 ], [ -115.450065999746016, 32.668249000291326 ], [ -115.458044999876677, 32.667666000385907 ], [ -115.458998999803839, 32.667595999855735 ], [ -115.464389000152096, 32.667201999672898 ], [ -115.466024000007451, 32.667080000342082 ], [ -115.4695590002475, 32.666817999951093 ], [ -115.474002000092071, 32.666486999975405 ], [ -115.479617000024405, 32.666069999631077 ], [ -115.480118999791898, 32.66603199967733 ], [ -115.481535000339761, 32.665927000231022 ], [ -115.481980000176634, 32.665894999654824 ], [ -115.48996100039966, 32.66532100016417 ], [ -115.490679000235502, 32.665269999611098 ], [ -115.497940999677212, 32.66474799982069 ], [ -115.498668999974143, 32.664695000074403 ], [ -115.500816000058194, 32.664563000282499 ], [ -115.502687000004869, 32.664404000144827 ], [ -115.503932999907875, 32.6643100003065 ], [ -115.505572999993831, 32.664315999683822 ], [ -115.50725800035633, 32.664169000099434 ], [ -115.515760000323667, 32.663428000102442 ], [ -115.519361000009951, 32.663159000287806 ], [ -115.521875999977169, 32.66297199975827 ], [ -115.522359999814, 32.662935999896717 ], [ -115.529854000061903, 32.662375000106408 ], [ -115.532918000165409, 32.662146000337941 ], [ -115.533524000232319, 32.6621000000153 ], [ -115.537832000146466, 32.661781999739731 ], [ -115.543478999755905, 32.661364000248739 ], [ -115.545811000277297, 32.661191000364624 ], [ -115.551112000118508, 32.660798000227828 ], [ -115.55378900036186, 32.660602000182507 ], [ -115.554039000199566, 32.660583000205577 ], [ -115.561767999593314, 32.660015000092358 ], [ -115.564598999743964, 32.659807000392902 ], [ -115.568517999705762, 32.659518999702243 ], [ -115.569746999724089, 32.659428000002549 ], [ -115.575160000233666, 32.659028999588884 ], [ -115.577724999808709, 32.658838999820262 ], [ -115.580957999611883, 32.658602999728942 ], [ -115.585703999939483, 32.65825699996094 ], [ -115.585720999824161, 32.658255999914672 ], [ -115.586065000399287, 32.658229999614946 ], [ -115.593682000024103, 32.65765400003238 ], [ -115.596280000221668, 32.657457999987002 ], [ -115.601659000062682, 32.657051000103763 ], [ -115.603333999963922, 32.656923999643141 ], [ -115.606837999673871, 32.656666000335917 ], [ -115.609638000193513, 32.656458999783183 ], [ -115.614583999851504, 32.656092999992211 ], [ -115.617400000209727, 32.655884000246658 ], [ -115.617616000277962, 32.655868000408077 ], [ -115.620888000080981, 32.655626000040058 ], [ -115.625595999555514, 32.65528999983394 ], [ -115.62796199984632, 32.655121000134329 ], [ -115.633574999686346, 32.654718000435651 ], [ -115.638492999851792, 32.65437299981437 ], [ -115.638525999574995, 32.654370999722005 ], [ -115.641553999817006, 32.654132000391826 ], [ -115.649080999788168, 32.653536999932953 ], [ -115.64952899976339, 32.653502000117442 ], [ -115.656177999714714, 32.652976000142473 ], [ -115.657505999801856, 32.652880000212008 ], [ -115.659639000139634, 32.65272500025884 ], [ -115.665484999932687, 32.652299000398784 ], [ -115.670199999730073, 32.651954999823545 ], [ -115.673464000063348, 32.651716999640087 ], [ -115.67429100042915, 32.651656999571173 ], [ -115.680760000173734, 32.651164000218728 ], [ -115.681441000101927, 32.651111999619332 ], [ -115.68345999967903, 32.650956999666164 ], [ -115.689418000140392, 32.650503000313392 ], [ -115.691318999671978, 32.650357999921994 ], [ -115.691812999969784, 32.650321000014287 ], [ -115.698986999849978, 32.649821000339216 ], [ -115.70500799961934, 32.649330000179589 ], [ -115.705373000263592, 32.649299999695529 ], [ -115.709406000086688, 32.648998000157803 ], [ -115.712438999659867, 32.648771999628366 ], [ -115.713352000394366, 32.648703000043838 ], [ -115.721329999579609, 32.648104000299668 ], [ -115.722999000103641, 32.647977999885086 ], [ -115.726809999581747, 32.647692000185998 ], [ -115.729306999618188, 32.647502000417148 ], [ -115.730711999658922, 32.647400000210155 ], [ -115.733560999740121, 32.647193999703518 ], [ -115.73728599974902, 32.646924999889109 ], [ -115.744124000322245, 32.646430000444468 ], [ -115.744459999629044, 32.646406000236937 ], [ -115.74526499987968, 32.64633799979913 ], [ -115.753241999918146, 32.645725000308687 ], [ -115.754680999728123, 32.645613999686475 ], [ -115.761217999910684, 32.645100000264961 ], [ -115.762889999673519, 32.644975999942801 ], [ -115.765239000079646, 32.644788000266317 ], [ -115.769194999949093, 32.644485999829215 ], [ -115.775797000431112, 32.643971000361603 ], [ -115.777169999895364, 32.643856999601155 ], [ -115.780476000367059, 32.643608999855815 ], [ -115.785150000072292, 32.64329299967244 ], [ -115.786361000159957, 32.643211000387566 ], [ -115.787066000295567, 32.643162999972731 ], [ -115.793132000341473, 32.642751999905158 ], [ -115.796930000119289, 32.642494999744599 ], [ -115.79823800018346, 32.642407000183198 ], [ -115.798268999814297, 32.649945999808324 ], [ -115.798279000275556, 32.664484000236712 ], [ -115.797477000163212, 32.67921999990341 ], [ -115.796603000328105, 32.694031000330597 ], [ -115.796591999820691, 32.708481000298207 ], [ -115.794992999826945, 32.708508999790695 ], [ -115.77899400037262, 32.708807000043237 ], [ -115.777837000077398, 32.708834000389061 ], [ -115.777789999708546, 32.725673999955404 ], [ -115.779019999773027, 32.725689999793815 ], [ -115.779052000349452, 32.7402290002683 ], [ -115.779045000026542, 32.750070999976856 ], [ -115.778996999611763, 32.754744999682202 ], [ -115.778997999657861, 32.769270000410415 ], [ -115.77903100028027, 32.783792000101016 ], [ -115.779012000303396, 32.798345000321888 ], [ -115.778993000326523, 32.812876000427309 ], [ -115.778947000003939, 32.827363000302398 ], [ -115.778976999588792, 32.83462000041294 ], [ -115.778948000050036, 32.841867000062223 ], [ -115.77896700002691, 32.856387999706669 ], [ -115.778975000395803, 32.870908000204452 ], [ -115.779040999842096, 32.875083000280426 ], [ -115.77902299991149, 32.885463999664125 ], [ -115.779011000257299, 32.899963000092612 ], [ -115.778984999957629, 32.914493000152106 ], [ -115.778958999657959, 32.92907499991162 ], [ -115.778959999703943, 32.943517999556263 ], [ -115.778993000326523, 32.958065000399813 ], [ -115.778939999681143, 32.972562999882882 ], [ -115.778900999681184, 32.987039000149991 ], [ -115.778828999958137, 33.000740999797586 ], [ -115.778825999819844, 33.001373000164108 ], [ -115.778917999565806, 33.016041000292205 ], [ -115.778885999888757, 33.030538999775331 ], [ -115.778957999611862, 33.04504100034211 ], [ -115.778898999588932, 33.059623000101624 ], [ -115.778991000234328, 33.074928999973622 ], [ -115.770364999944718, 33.074947999950496 ], [ -115.761717999585869, 33.074911000042789 ], [ -115.752680000081796, 33.074911000042789 ], [ -115.750835000434847, 33.074956000319389 ], [ -115.744428999998092, 33.074965999881272 ], [ -115.735391999640967, 33.075045999973156 ], [ -115.72719600029501, 33.075131000295642 ], [ -115.71818500023744, 33.075045999973327 ] ] ] ] } },
{ "type": "Feature", "properties": { "AREA_NAME": "Los Angeles-South Coast Air Basin, CA", "Status": "Both", "Status_120": "Nonattainment", "Id": 0, "NAME": null, "COMPOSID": "PM-2.5.2012.LA-South_Coast" }, "geometry": { "type": "MultiPolygon", "coordinates": [ [ [ [ -118.875915999723475, 34.817819000446718 ], [ -118.874370000374938, 34.817807999939532 ], [ -118.873083000380007, 34.817799999570639 ], [ -118.871097999672827, 34.817785999824196 ], [ -118.866370000175209, 34.81775300010105 ], [ -118.866338999644995, 34.817752000054952 ], [ -118.858369999975309, 34.817698000262794 ], [ -118.855423999917491, 34.817678000239823 ], [ -118.853735000269864, 34.817665999686369 ], [ -118.853368999579459, 34.817663999594174 ], [ -118.850370999821621, 34.817643000424312 ], [ -118.844509000190044, 34.817602000332272 ], [ -118.842370999621721, 34.817586999640582 ], [ -118.839248000394775, 34.817565000424622 ], [ -118.835669999970378, 34.817540000171164 ], [ -118.834371000321198, 34.817570999801944 ], [ -118.833595999655529, 34.817588999732777 ], [ -118.828980999972998, 34.817693000032136 ], [ -118.826373000213664, 34.817752000054952 ], [ -118.82576199991621, 34.817765999801225 ], [ -118.797195000049044, 34.817736000216541 ], [ -118.797043000233998, 34.809832999993205 ], [ -118.786944000365168, 34.803746999924329 ], [ -118.783126999711044, 34.801444999886996 ], [ -118.766005999776837, 34.791120000387878 ], [ -118.762801000365698, 34.789188000326249 ], [ -118.749868000207869, 34.781383000125629 ], [ -118.749873000438413, 34.782436000121436 ], [ -118.748586000443424, 34.781657000170696 ], [ -118.736603000028254, 34.774391999691261 ], [ -118.730388000305766, 34.770624000397504 ], [ -118.713459000232433, 34.760351999745296 ], [ -118.712804999750745, 34.759955000323203 ], [ -118.710495000243782, 34.758553999567596 ], [ -118.69545400000186, 34.751357000425514 ], [ -118.692069000383924, 34.74971600029329 ], [ -118.677163000072255, 34.745344000125726 ], [ -118.672350000252152, 34.74393199976214 ], [ -118.659600999586303, 34.740188999822635 ], [ -118.642134999930136, 34.73520900039523 ], [ -118.642084000276213, 34.729404999841108 ], [ -118.624368999929231, 34.729407999979401 ], [ -118.625003000388006, 34.72017799971519 ], [ -118.624373000113735, 34.717366000440904 ], [ -118.625006999673076, 34.70563399990948 ], [ -118.62488500034226, 34.702900999781548 ], [ -118.624359000367406, 34.691144999942026 ], [ -118.62436299965259, 34.688367999583818 ], [ -118.606144000345068, 34.688362000206268 ], [ -118.588775999812356, 34.688354999883643 ], [ -118.571309000110091, 34.68834500032176 ], [ -118.553277999579848, 34.688329999630071 ], [ -118.535945999807836, 34.688333999814404 ], [ -118.518466999552288, 34.688325000298789 ], [ -118.518447999575358, 34.673730999985878 ], [ -118.518414999852212, 34.659231999557335 ], [ -118.518383000175163, 34.644644999567163 ], [ -118.509737999908566, 34.644725999705315 ], [ -118.508467999798199, 34.644741000397062 ], [ -118.500057999576882, 34.644741000397062 ], [ -118.490960000003781, 34.644804999751159 ], [ -118.482141999853184, 34.644626999636557 ], [ -118.46457900022051, 34.644665999636402 ], [ -118.446955999619547, 34.644728999843608 ], [ -118.43812399972262, 34.644741000397062 ], [ -118.42936599964105, 34.644772000028013 ], [ -118.411750000262145, 34.644815000212418 ], [ -118.393620999709242, 34.64482099958974 ], [ -118.384935000249811, 34.644788999912691 ], [ -118.376084000376181, 34.644906999958323 ], [ -118.374882999850399, 34.630696000220496 ], [ -118.372124000322231, 34.630663999644071 ], [ -118.358572000397317, 34.630603999575158 ], [ -118.357342000332835, 34.630600000289974 ], [ -118.357388999802311, 34.624971999758259 ], [ -118.357379000240542, 34.624027000246201 ], [ -118.339835999731463, 34.623878999716283 ], [ -118.33982900030793, 34.623447999625739 ], [ -118.3397389997549, 34.616360000114184 ], [ -118.322740000050828, 34.615977000438477 ], [ -118.322100000214675, 34.601862999777836 ], [ -118.304904000419128, 34.601846999939369 ], [ -118.304918000165344, 34.587317999925972 ], [ -118.304782000188936, 34.580511999929172 ], [ -118.287015000141992, 34.580564999675232 ], [ -118.287008999865293, 34.580160999930285 ], [ -118.286838000073431, 34.572925999935308 ], [ -118.28647000019015, 34.558508999690844 ], [ -118.289153999857035, 34.558491999806108 ], [ -118.289324999648784, 34.539710999762974 ], [ -118.289595000408781, 34.525194000303202 ], [ -118.272375000405759, 34.52470100005138 ], [ -118.254596999851515, 34.524791999751244 ], [ -118.250007999569334, 34.524696999866819 ], [ -118.245808000138936, 34.524620999959495 ], [ -118.237061999711329, 34.524558999798217 ], [ -118.222902999673465, 34.524441999798626 ], [ -118.219316999779551, 34.524415000352235 ], [ -118.201758000331267, 34.52420299956907 ], [ -118.189092999941863, 34.524171999938119 ], [ -118.185806000346417, 34.524179000260972 ], [ -118.184430999890594, 34.52414000026107 ], [ -118.184431999936692, 34.509637999694121 ], [ -118.184450999913565, 34.500599000144007 ], [ -118.184411999913721, 34.495224999634331 ], [ -118.184090000353024, 34.480932999758352 ], [ -118.184070000330053, 34.466514000321069 ], [ -118.183871000146326, 34.45208999975398 ], [ -118.183704999685915, 34.438045999623284 ], [ -118.183155000402735, 34.423771999678252 ], [ -118.183340999987024, 34.409405999987086 ], [ -118.183346000217568, 34.408799999920234 ], [ -118.183448000424676, 34.39430000034497 ], [ -118.183494999894151, 34.379745000031903 ], [ -118.167796999931397, 34.37978299998565 ], [ -118.166054999638391, 34.379786000124113 ], [ -118.150025999700006, 34.379820999939398 ], [ -118.148480000351583, 34.37982400007769 ], [ -118.132561000089936, 34.379856999801007 ], [ -118.130986000303437, 34.37986099998534 ], [ -118.115122999926371, 34.379890999570193 ], [ -118.113630000324008, 34.379892999662388 ], [ -118.097628999878225, 34.379921000054253 ], [ -118.096055000137994, 34.379924000192716 ], [ -118.080937999988521, 34.379949999592839 ], [ -118.080975999942211, 34.381277999680208 ], [ -118.080732000381374, 34.381283999956906 ], [ -118.078792999996779, 34.381334999610829 ], [ -118.062731000335248, 34.381046999819546 ], [ -118.045162000425705, 34.381067999888558 ], [ -118.027666000285478, 34.381069999980753 ], [ -118.01017600042195, 34.381045999773278 ], [ -117.999994000322715, 34.381013000050132 ], [ -117.992747999820097, 34.381010999957937 ], [ -117.975191999610956, 34.381001000396054 ], [ -117.958264999629876, 34.380916000073512 ], [ -117.956362000006152, 34.380902000327296 ], [ -117.940821000088874, 34.380957000165722 ], [ -117.938878999565986, 34.380950999889023 ], [ -117.923218000410259, 34.380729999590073 ], [ -117.92142200032481, 34.380697999913025 ], [ -117.905602000132035, 34.380821000189314 ], [ -117.904030999630777, 34.380826000419745 ], [ -117.888264000083382, 34.380998000257762 ], [ -117.886494000297716, 34.381017000234465 ], [ -117.87501000041101, 34.381039000349801 ], [ -117.870527999667331, 34.38111200011889 ], [ -117.869315000386734, 34.381136000326421 ], [ -117.852653000035673, 34.381407000233196 ], [ -117.851645000316353, 34.381423000071607 ], [ -117.835613000239618, 34.381662000301333 ], [ -117.834797000381059, 34.3816780001398 ], [ -117.817280000171706, 34.38197300025405 ], [ -117.816895999550525, 34.381983999861859 ], [ -117.799378000194338, 34.382252999676325 ], [ -117.781542999709529, 34.382519000251818 ], [ -117.781190999664773, 34.38251299997529 ], [ -117.764297000306101, 34.382732000181875 ], [ -117.763367999733191, 34.38274499988205 ], [ -117.763631000170335, 34.374987000050339 ], [ -117.763882000054082, 34.368093999638631 ], [ -117.763993999823015, 34.367492999802437 ], [ -117.765517999955591, 34.359280999718578 ], [ -117.76613100034524, 34.352882999651058 ], [ -117.766191000414153, 34.352256000414343 ], [ -117.766682999720501, 34.338438999960147 ], [ -117.763240000125734, 34.323959000407683 ], [ -117.763084000126355, 34.30992799997739 ], [ -117.762942999919346, 34.297263999634083 ], [ -117.744861999781278, 34.297070999726998 ], [ -117.744861999781278, 34.297016999934783 ], [ -117.727316000033227, 34.296991999681381 ], [ -117.710525000028497, 34.296980000027133 ], [ -117.693461000024911, 34.296942000073386 ], [ -117.676418000090393, 34.29691599977383 ], [ -117.660746999574201, 34.2968680002582 ], [ -117.659487999971077, 34.296826000120063 ], [ -117.646118000345155, 34.296306000421851 ], [ -117.645317000279135, 34.296274999891523 ], [ -117.641365999740913, 34.296120999984453 ], [ -117.624998000357266, 34.29620800039919 ], [ -117.623473000178649, 34.296190999615078 ], [ -117.606343999875548, 34.296209999591952 ], [ -117.589115000356742, 34.296209999591952 ], [ -117.571972000307369, 34.296178999961228 ], [ -117.554790000258151, 34.296201000076337 ], [ -117.554810000281122, 34.295838000423601 ], [ -117.539211000387184, 34.295897000446246 ], [ -117.536674000304743, 34.295918999662376 ], [ -117.521511999878726, 34.295979999777387 ], [ -117.51898800039578, 34.29596800012331 ], [ -117.503932000361317, 34.295983999961777 ], [ -117.501276000187033, 34.295988000146281 ], [ -117.500003999984472, 34.295971000261602 ], [ -117.48682200003509, 34.296079999892243 ], [ -117.48436500004459, 34.296103000053677 ], [ -117.469375000355797, 34.296225000283698 ], [ -117.466891000019416, 34.296241000122279 ], [ -117.452345000121511, 34.296359000167968 ], [ -117.450191999760762, 34.296352999891212 ], [ -117.433280999618319, 34.296327999637811 ], [ -117.432717999735701, 34.296339000144997 ], [ -117.415826999616115, 34.296309999707034 ], [ -117.4151239995727, 34.296314999937465 ], [ -117.398406000236548, 34.296293999868396 ], [ -117.397531000355173, 34.296287000444977 ], [ -117.380997999657779, 34.296258000007015 ], [ -117.379983999661647, 34.296252999776357 ], [ -117.375017999980571, 34.296276999983888 ], [ -117.363552000024583, 34.296404000444511 ], [ -117.36266400044309, 34.296416000098588 ], [ -117.345898999838766, 34.296613000190007 ], [ -117.345196999841448, 34.29663100012084 ], [ -117.328887999581298, 34.296732000281736 ], [ -117.328047000368542, 34.296722999866745 ], [ -117.311394000432642, 34.29664699995925 ], [ -117.310479999652046, 34.296636000351441 ], [ -117.293886999785059, 34.296529999959887 ], [ -117.293031999926654, 34.29653400014422 ], [ -117.276471999782814, 34.296662999797832 ], [ -117.27556500022439, 34.296678999636299 ], [ -117.258917999665755, 34.296789000212414 ], [ -117.25799800040727, 34.296809000235385 ], [ -117.249868999654382, 34.296307999614839 ], [ -117.242798000027506, 34.295780999593603 ], [ -117.24274999961267, 34.294240999622673 ], [ -117.225256999610622, 34.294417999691177 ], [ -117.223971999707885, 34.294440999852554 ], [ -117.208008000069015, 34.294609000405217 ], [ -117.206604000074378, 34.29464300017446 ], [ -117.190554000066925, 34.294804000404497 ], [ -117.18917000009526, 34.294826999666554 ], [ -117.172913999581283, 34.29495700026564 ], [ -117.17173500006993, 34.294974000150148 ], [ -117.155454000201814, 34.294971000011913 ], [ -117.154248000344694, 34.294947999850478 ], [ -117.136667999928022, 34.29496399968906 ], [ -117.135528999563519, 34.294980999573795 ], [ -117.125002999788421, 34.294936000196401 ], [ -117.120453999552296, 34.294934000104206 ], [ -117.119830999600822, 34.294955000173275 ], [ -117.102965999780793, 34.294918000265795 ], [ -117.102582000059101, 34.294919000311893 ], [ -117.085452999755944, 34.29496799987345 ], [ -117.084988999942254, 34.29495700026564 ], [ -117.067958999707912, 34.294974000150148 ], [ -117.067434999825196, 34.294979000380806 ], [ -117.050523999682696, 34.294874000035293 ], [ -117.050299000098562, 34.294874000035293 ], [ -117.032970999611791, 34.294921000404031 ], [ -117.012648999551459, 34.294645000266826 ], [ -117.000000999946053, 34.294512999575545 ], [ -116.995181999849194, 34.294488000221349 ], [ -116.978278000029547, 34.294598999944185 ], [ -116.961002000142003, 34.294521999990536 ], [ -116.943673999655175, 34.294353000290982 ], [ -116.926644000320096, 34.294670999667119 ], [ -116.926081000437648, 34.294688999597952 ], [ -116.909255999764412, 34.294557999852145 ], [ -116.908023999607678, 34.29453000035943 ], [ -116.891769000039176, 34.294492000405683 ], [ -116.891357999971547, 34.294433000382867 ], [ -116.875029999734579, 34.294365999991157 ], [ -116.87424899969136, 34.29437599955304 ], [ -116.856709000220008, 34.294322999806752 ], [ -116.839167999803124, 34.294244999807233 ], [ -116.821681000077888, 34.294194000153311 ], [ -116.803916000123081, 34.293994999969527 ], [ -116.786443000144175, 34.293867000361956 ], [ -116.770227999722238, 34.293783000085739 ], [ -116.769227000325657, 34.293778999901178 ], [ -116.752672999559138, 34.293727000201159 ], [ -116.751515000117024, 34.293721999970558 ], [ -116.750011000007476, 34.29371000031648 ], [ -116.735264999879689, 34.293650000247567 ], [ -116.734457000390137, 34.293646000063006 ], [ -116.717592999716999, 34.293562999832886 ], [ -116.71518200004914, 34.29354099971772 ], [ -116.715345000371201, 34.286306999768442 ], [ -116.716322999606575, 34.279406999933258 ], [ -116.716316000183042, 34.279236000141509 ], [ -116.716615999628516, 34.264952999781315 ], [ -116.716641999928186, 34.264804000104732 ], [ -116.716547000043875, 34.257901000131312 ], [ -116.717007999719272, 34.250544999952012 ], [ -116.717007999719272, 34.250327999837623 ], [ -116.717007999719272, 34.250014999792711 ], [ -116.716717999835623, 34.236302999684028 ], [ -116.716705000135448, 34.235813999616539 ], [ -116.716978000134418, 34.221755999739798 ], [ -116.716970999811622, 34.221360000363973 ], [ -116.716928999673428, 34.213255999864657 ], [ -116.71672200002007, 34.206850000327449 ], [ -116.717402999948263, 34.206855999704771 ], [ -116.717451000363212, 34.192231999807177 ], [ -116.717438999809758, 34.177773000323953 ], [ -116.717360999810126, 34.163317000079815 ], [ -116.717415999648495, 34.148780999743565 ], [ -116.717470000340086, 34.134210999638185 ], [ -116.717479999901855, 34.124998000157859 ], [ -116.717471000386183, 34.119616000178496 ], [ -116.719056999780548, 34.119638000293662 ], [ -116.718953000380452, 34.106263000437366 ], [ -116.719020999919053, 34.091769000239481 ], [ -116.719007000172724, 34.09129600001063 ], [ -116.719134999780181, 34.077252999926259 ], [ -116.719141000056879, 34.076824999973951 ], [ -116.719194999849094, 34.062937999888959 ], [ -116.719208000448702, 34.062310999753095 ], [ -116.719209999641521, 34.048433000083094 ], [ -116.719223000241129, 34.047778999601405 ], [ -116.719422999571577, 34.033898999839266 ], [ -116.719423999617732, 34.03382099983952 ], [ -116.71896099985014, 34.019420000333071 ], [ -116.718830000104276, 34.005153999857555 ], [ -116.718801999712298, 34.000806999943393 ], [ -116.718666999782045, 33.99085599970482 ], [ -116.718773000173599, 33.97647999955251 ], [ -116.718828000011968, 33.961913999631633 ], [ -116.718844999896703, 33.95465100014377 ], [ -116.718881999804296, 33.947400000309983 ], [ -116.718955999619538, 33.932718999582335 ], [ -116.718943999965461, 33.918063000007635 ], [ -116.718892000265441, 33.902563000182511 ], [ -116.718926000034742, 33.88802599980022 ], [ -116.71890099978117, 33.874934999550874 ], [ -116.719006000126626, 33.873154000157228 ], [ -116.71932899973342, 33.856702999643915 ], [ -116.719325999595071, 33.845233000402857 ], [ -116.719349999802489, 33.842395999975565 ], [ -116.719213999826081, 33.830740000250842 ], [ -116.719240000125751, 33.828485999729367 ], [ -116.719355000033033, 33.816312000398739 ], [ -116.719353999986936, 33.814125000268803 ], [ -116.719138999964628, 33.801688999647865 ], [ -116.719125000218355, 33.800688000251228 ], [ -116.718461000174898, 33.786512000328855 ], [ -116.718863999873463, 33.772360999760565 ], [ -116.718915999573596, 33.769897000346646 ], [ -116.719320000217635, 33.758978000434581 ], [ -116.719475000170974, 33.751730999885922 ], [ -116.719405999686956, 33.749894999754645 ], [ -116.71940000030952, 33.744583000305454 ], [ -116.718963999988432, 33.730001999692831 ], [ -116.701644999916653, 33.730209000245338 ], [ -116.684482999890406, 33.730571999898075 ], [ -116.667177999564899, 33.730502000267279 ], [ -116.648792999796967, 33.730428999598814 ], [ -116.631289000187053, 33.730386000314013 ], [ -116.613523000186149, 33.730330000429433 ], [ -116.613509999586597, 33.728635999651942 ], [ -116.613511999678849, 33.715749999862908 ], [ -116.613395999725412, 33.701222999941706 ], [ -116.613662000300906, 33.686652999836269 ], [ -116.597470000040346, 33.684944000165615 ], [ -116.5802000004295, 33.684950000442313 ], [ -116.56308699996481, 33.684943000119517 ], [ -116.562993000126653, 33.669812000223828 ], [ -116.563016000287917, 33.655427999702681 ], [ -116.563000999596284, 33.641153999757421 ], [ -116.562972000057528, 33.626892000365672 ], [ -116.562968999919235, 33.612573000144039 ], [ -116.56299297584502, 33.598183545234633 ], [ -116.569273081087601, 33.597745528633538 ], [ -116.569030524039306, 33.58690302595403 ], [ -116.569131750829456, 33.572508088777568 ], [ -116.568944655871007, 33.557960861304934 ], [ -116.568966950064521, 33.543608150895636 ], [ -116.569016046753006, 33.529070675671505 ], [ -116.551723540708679, 33.529040948581155 ], [ -116.534628973648012, 33.529029877027369 ], [ -116.517390954828556, 33.529058604071565 ], [ -116.5173909997946, 33.529043999980843 ], [ -116.517355999979202, 33.514505999552455 ], [ -116.534631999866747, 33.514520000198104 ], [ -116.551960000353574, 33.514585999644339 ], [ -116.569354000286694, 33.514573999990262 ], [ -116.586681999874259, 33.514603999575115 ], [ -116.604011000407183, 33.514704999736239 ], [ -116.611691000239261, 33.51471800033562 ], [ -116.611769000238894, 33.511814000415939 ], [ -116.616245999852879, 33.511794000392968 ], [ -116.616252000129577, 33.500938999835171 ], [ -116.616237000337151, 33.499135000280319 ], [ -116.616036000061172, 33.48528199996457 ], [ -116.615987999646336, 33.47076699969756 ], [ -116.615964000338181, 33.463536999932842 ], [ -116.615946999554183, 33.456293999568743 ], [ -116.615885000292394, 33.441667999578726 ], [ -116.615084000226204, 33.427314999587736 ], [ -116.61683600008115, 33.427321999910532 ], [ -116.653739000354449, 33.427222999841774 ], [ -116.655649000300912, 33.427229000118473 ], [ -116.661635000254932, 33.427247000049306 ], [ -116.666358000421212, 33.427260999795521 ], [ -116.669634999555456, 33.427272000302878 ], [ -116.671682000423857, 33.427277999680257 ], [ -116.677069999780542, 33.427325000048995 ], [ -116.677633999709087, 33.427329000233328 ], [ -116.685633999908987, 33.427396999771986 ], [ -116.687778999900729, 33.427414999702762 ], [ -116.693634000108887, 33.427465000209793 ], [ -116.698189999768545, 33.427504000209638 ], [ -116.698491000159379, 33.42750300016354 ], [ -116.701634000308673, 33.427509000440295 ], [ -116.709202000371874, 33.427523000186511 ], [ -116.709633999609196, 33.427524000232609 ], [ -116.717264999879717, 33.427534999840589 ], [ -116.717632999762998, 33.427532999748394 ], [ -116.71991299968505, 33.427516999909813 ], [ -116.725632999962841, 33.427475999817773 ], [ -116.730223000291062, 33.427443000094627 ], [ -116.730624999943586, 33.427439999956391 ], [ -116.733633000162627, 33.427417999841055 ], [ -116.735001000295711, 33.427408000279343 ], [ -116.741335000110041, 33.427280999818493 ], [ -116.741632000316429, 33.427275000441171 ], [ -116.749630000423963, 33.427116000303499 ], [ -116.751886000138654, 33.427071000026899 ], [ -116.752043000184131, 33.427069999980802 ], [ -116.757629999724486, 33.427052000050026 ], [ -116.762755999589501, 33.427035000165347 ], [ -116.765629999924386, 33.427025999750356 ], [ -116.773467999848151, 33.426999000303908 ], [ -116.773630000124285, 33.426999000303908 ], [ -116.781630000324071, 33.426971999957971 ], [ -116.784180000106687, 33.426963000442356 ], [ -116.789629999624594, 33.426943000419385 ], [ -116.794893000411491, 33.426923000396414 ], [ -116.797629999824494, 33.426912999935155 ], [ -116.802581999759298, 33.426896000050647 ], [ -116.805604999770765, 33.426885000442667 ], [ -116.80563000002428, 33.426885000442667 ], [ -116.813528000016959, 33.426856000004705 ], [ -116.81363000022418, 33.426854999958607 ], [ -116.816318000075512, 33.426846000442765 ], [ -116.820203000268066, 33.426830999751076 ], [ -116.820949999642608, 33.426830999751076 ], [ -116.821630000423966, 33.426830999751076 ], [ -116.827031000380146, 33.426834999935636 ], [ -116.827610000101288, 33.426834999935636 ], [ -116.829629999724489, 33.426834999935636 ], [ -116.837628999878291, 33.426838000073872 ], [ -116.837743999785573, 33.426838000073872 ], [ -116.845630000124117, 33.426841000212164 ], [ -116.84845700009032, 33.426841000212164 ], [ -116.848783999881562, 33.426841000212164 ], [ -116.85362900027792, 33.426842000258262 ], [ -116.859171000441165, 33.42684300030453 ], [ -116.861629999624597, 33.42684300030453 ], [ -116.862286000198594, 33.42684300030453 ], [ -116.869629999824497, 33.426879000165911 ], [ -116.869883999846593, 33.426880000212009 ], [ -116.877628999978242, 33.426919000211853 ], [ -116.880598000197324, 33.426934000004394 ], [ -116.885629000178028, 33.426959000257796 ], [ -116.890283999906444, 33.426982999565951 ], [ -116.922521999990124, 33.427467000302158 ], [ -116.936817000004339, 33.427366000141035 ], [ -116.973432999633019, 33.427726999701576 ], [ -116.995865999915736, 33.427291000279581 ], [ -116.997628000231884, 33.427286000049151 ], [ -116.99845799983666, 33.427282999910688 ], [ -117.000050000407043, 33.427277999680257 ], [ -117.005626000339419, 33.427133000188007 ], [ -117.007823000031294, 33.427075000211289 ], [ -117.009170000095196, 33.427040000395948 ], [ -117.010369999675618, 33.42700899986562 ], [ -117.013624999593844, 33.426995000119405 ], [ -117.018894999804274, 33.426974000050336 ], [ -117.019884000446041, 33.426976000142531 ], [ -117.021624999793744, 33.426981000373132 ], [ -117.029623999947432, 33.427003999635019 ], [ -117.02977100043114, 33.427003999635019 ], [ -117.029760999970051, 33.427699000208918 ], [ -117.029724000062402, 33.430071999923143 ], [ -117.03000000019972, 33.43007299996907 ], [ -117.03000000019972, 33.430100000315008 ], [ -117.042987000149765, 33.430144999692232 ], [ -117.048328000036975, 33.430175000176291 ], [ -117.050509999936423, 33.430185999784271 ], [ -117.051640999932033, 33.43019200006097 ], [ -117.05660000018969, 33.43020299966895 ], [ -117.058510000136209, 33.43020699985351 ], [ -117.059043000433917, 33.430208999945648 ], [ -117.066510000336109, 33.430225999830384 ], [ -117.066754999943043, 33.430226999876481 ], [ -117.088100000414499, 33.430299999645513 ], [ -117.106299999744977, 33.43059999999025 ], [ -117.119064000203252, 33.431409999571997 ], [ -117.122463999613728, 33.431645999663488 ], [ -117.12327900032534, 33.431702999593938 ], [ -117.123902000276871, 33.431745999778343 ], [ -117.130445999882795, 33.432188000376243 ], [ -117.131775000016034, 33.432276999983912 ], [ -117.132021999715391, 33.43228999968386 ], [ -117.133966000330531, 33.432389999798943 ], [ -117.137350999948467, 33.432563999729098 ], [ -117.138434999575338, 33.432572000097821 ], [ -117.139356999825452, 33.432579000420844 ], [ -117.139799999570187, 33.432599999590536 ], [ -117.142318999721908, 33.432599999590536 ], [ -117.14467699964365, 33.432617000374421 ], [ -117.146434999775238, 33.432630000074766 ], [ -117.147899999884828, 33.432640999682746 ], [ -117.152292000075533, 33.432599999590536 ], [ -117.157999999799983, 33.432599999590536 ], [ -117.165133999634236, 33.432477000213623 ], [ -117.166111999768816, 33.432466999752535 ], [ -117.170434000328726, 33.432425999660325 ], [ -117.176830000303994, 33.43236500044469 ], [ -117.177769000438786, 33.432354999983431 ], [ -117.178433999629249, 33.432350999799041 ], [ -117.186433999829092, 33.432294999914518 ], [ -117.18754799994008, 33.432287000445001 ], [ -117.192273000198668, 33.432253999822478 ], [ -117.19443299998278, 33.432239000030165 ], [ -117.198266999622149, 33.432211999684341 ], [ -117.20243300018268, 33.432182000099488 ], [ -117.208985000157497, 33.432135999776847 ], [ -117.210433000382466, 33.432126000214964 ], [ -117.212936999842441, 33.432108000284131 ], [ -117.214036000161116, 33.432099999915238 ], [ -117.216300000244587, 33.432099999915238 ], [ -117.240324000152327, 33.431901999777722 ], [ -117.240331999621958, 33.432585999844264 ], [ -117.240348000359745, 33.434008999815831 ], [ -117.240429999644618, 33.441574999786724 ], [ -117.240434999875163, 33.442007999969462 ], [ -117.240507999644308, 33.448721000174203 ], [ -117.240798999573997, 33.448817000104725 ], [ -117.240799999620151, 33.448900000335072 ], [ -117.242366999936962, 33.449331999572337 ], [ -117.242553000420401, 33.449392999687518 ], [ -117.24933100002545, 33.451617999771031 ], [ -117.252536000336022, 33.452670999767065 ], [ -117.256931999811741, 33.454112999715505 ], [ -117.261725999654971, 33.455686000308901 ], [ -117.262521000343725, 33.45594599970832 ], [ -117.264534999690341, 33.456603000328471 ], [ -117.272138999614981, 33.459086999765532 ], [ -117.272511999728863, 33.459208999995553 ], [ -117.279743999585719, 33.461572000147896 ], [ -117.282504000059419, 33.462474000375096 ], [ -117.284229999614581, 33.463037000257543 ], [ -117.287348999556457, 33.464055000438066 ], [ -117.292497000436015, 33.465734999670588 ], [ -117.294954000426571, 33.466537999829086 ], [ -117.300445000036518, 33.46832999972986 ], [ -117.3024920000056, 33.468991999681293 ], [ -117.302560999590298, 33.469013999796402 ], [ -117.310171999837792, 33.471478000109926 ], [ -117.312497000036387, 33.472229999714898 ], [ -117.317783000085228, 33.473941000377124 ], [ -117.322503000113215, 33.475467999748673 ], [ -117.325395000378819, 33.476402999698848 ], [ -117.330656000174145, 33.478103999899815 ], [ -117.332509000189987, 33.478706999828376 ], [ -117.333005999726879, 33.478868000058412 ], [ -117.34061399983608, 33.481341999933591 ], [ -117.34250899999023, 33.481957999562326 ], [ -117.346550000182219, 33.483271999903025 ], [ -117.34822199994511, 33.483814999762672 ], [ -117.352509999836457, 33.485209000195482 ], [ -117.355830000054311, 33.486287999591809 ], [ -117.360215999968204, 33.487712999655514 ], [ -117.362512999774935, 33.488455999744872 ], [ -117.363006000026758, 33.488615999928641 ], [ -117.363440000255594, 33.488757000135706 ], [ -117.369505000255401, 33.490719999828286 ], [ -117.368847999635193, 33.492206000007002 ], [ -117.368517999705773, 33.492954000327018 ], [ -117.368382999775406, 33.493260000049304 ], [ -117.365614999832189, 33.499524000232725 ], [ -117.364988999742309, 33.500939999881268 ], [ -117.364629000228035, 33.501681999924585 ], [ -117.362967000026799, 33.505097000026808 ], [ -117.364796999881492, 33.505122000280437 ], [ -117.36929400041754, 33.505184999588209 ], [ -117.372796000035123, 33.505233000003273 ], [ -117.380022999661492, 33.50533200007203 ], [ -117.380795000188925, 33.505341999633742 ], [ -117.383513999671209, 33.50537999958749 ], [ -117.388795000388825, 33.505384999818148 ], [ -117.390752999850918, 33.505386999910286 ], [ -117.396794999689405, 33.505391000094846 ], [ -117.401484000086384, 33.505395000279179 ], [ -117.404794999889134, 33.505398000417642 ], [ -117.405819000346469, 33.505398999564363 ], [ -117.406604999720741, 33.505399999610461 ], [ -117.412214000275696, 33.505390000048749 ], [ -117.412795000089034, 33.505389000002651 ], [ -117.42079500028882, 33.50537300016407 ], [ -117.422944999611843, 33.50536899997951 ], [ -117.428794999589343, 33.5053580003717 ], [ -117.433674999801269, 33.505348999956539 ], [ -117.434588999682319, 33.505346999864344 ], [ -117.436794999789242, 33.505340999587645 ], [ -117.444407000082833, 33.505320999564674 ], [ -117.444794999988972, 33.505320000417953 ], [ -117.450038999899732, 33.505303999680166 ], [ -117.452795000188928, 33.505300000394982 ], [ -117.455137000272146, 33.505297000256519 ], [ -117.459008999865262, 33.505293000072186 ], [ -117.460795000388828, 33.505281000418108 ], [ -117.465867999608292, 33.505246999749488 ], [ -117.467509999786444, 33.505237000187606 ], [ -117.468793999643196, 33.505268999864654 ], [ -117.469315000286883, 33.505281999564829 ], [ -117.476598999843816, 33.505201000326224 ], [ -117.476792999796885, 33.505198000187761 ], [ -117.479063000157112, 33.505172999934189 ], [ -117.484792999996785, 33.505163000372477 ], [ -117.487330000079169, 33.505158000141819 ], [ -117.492793000196514, 33.505146999634633 ], [ -117.494714999797225, 33.505143000349278 ], [ -117.496352999790986, 33.50513700007275 ], [ -117.498062000360846, 33.505129999749954 ], [ -117.50079300039647, 33.505120000188072 ], [ -117.508792999696993, 33.505089999703841 ], [ -117.508789000411866, 33.50499399977349 ], [ -117.50884500029639, 33.50499399977349 ], [ -117.508836999927382, 33.50000099974659 ], [ -117.507664999839676, 33.471622999601948 ], [ -117.507711000162317, 33.469636999747991 ], [ -117.512599999889858, 33.468500000374888 ], [ -117.525699999655103, 33.461799999870266 ], [ -117.537541999863265, 33.455630000424378 ], [ -117.538354999583419, 33.455599999940318 ], [ -117.538499999974874, 33.455599999940318 ], [ -117.5553920001405, 33.452335999606987 ], [ -117.556825999719933, 33.451613999586698 ], [ -117.558436000221036, 33.451813999816409 ], [ -117.558711000312201, 33.451852999816253 ], [ -117.562063000207161, 33.452277999630269 ], [ -117.564050000107272, 33.452522000090482 ], [ -117.567251000233284, 33.452880000411938 ], [ -117.569819999992774, 33.453065999996227 ], [ -117.572799999819949, 33.453344000225627 ], [ -117.577599999939821, 33.453899999785449 ], [ -117.581680000131655, 33.43895999970448 ], [ -117.587400000409446, 33.417400000110092 ], [ -117.589696000170136, 33.407264000333555 ], [ -117.592399999859936, 33.397000000050241 ], [ -117.592572999743936, 33.396131999592399 ], [ -117.59311999978803, 33.394415999598948 ], [ -117.593264000133274, 33.393791999601319 ], [ -117.594599999690047, 33.38780000027009 ], [ -117.595000000149753, 33.386599999790519 ], [ -117.607023999757644, 33.40628800029134 ], [ -117.64469999970504, 33.440699999905291 ], [ -117.683699999555131, 33.461899999985349 ], [ -117.692499999774952, 33.456899999635596 ], [ -117.714464000013436, 33.460527999667704 ], [ -117.72560000003989, 33.483400000409745 ], [ -117.733099999665001, 33.48499999955061 ], [ -117.758000000399534, 33.514099999715484 ], [ -117.759899999884908, 33.513700000155097 ], [ -117.766699999605123, 33.524499999975262 ], [ -117.771300000394547, 33.526799999920229 ], [ -117.783999999700086, 33.541499999725374 ], [ -117.803200000179743, 33.546000000400056 ], [ -117.811299999595178, 33.552100000214978 ], [ -117.813199999979872, 33.550299999945082 ], [ -117.814599999790005, 33.553399999910255 ], [ -117.81839999966013, 33.553399999910255 ], [ -117.826999999650127, 33.563599999940323 ], [ -117.831899999884968, 33.565600000439929 ], [ -117.839400000409569, 33.573499999625597 ], [ -117.862399999859974, 33.584599999790441 ], [ -117.870192000360362, 33.591984000361606 ], [ -117.875900000084812, 33.592299999645434 ], [ -117.898900000434423, 33.599599999940153 ], [ -117.926200000329629, 33.605500000424968 ], [ -117.939699999654977, 33.620000000000232 ], [ -118.002100000314556, 33.655699999655553 ], [ -118.028800000419551, 33.676400000060141 ], [ -118.064000000399574, 33.711000000250067 ], [ -118.089000000349529, 33.729199999580658 ], [ -118.114100000414567, 33.741799999670491 ], [ -118.111400000009837, 33.747399999810398 ], [ -118.112193999753117, 33.747437999764145 ], [ -118.113992999976745, 33.745606999863298 ], [ -118.114296999606722, 33.746771999628379 ], [ -118.114353000390508, 33.747016000088593 ], [ -118.114572999743984, 33.74798699990032 ], [ -118.115921999900252, 33.745874999631781 ], [ -118.115832000246485, 33.74542100027918 ], [ -118.115969000268933, 33.745099999865374 ], [ -118.116435000174988, 33.744412999660426 ], [ -118.116625999989765, 33.744319999868367 ], [ -118.117506000101685, 33.74446700035196 ], [ -118.117723000216074, 33.74450300021357 ], [ -118.119972999654067, 33.746060000069178 ], [ -118.121098000272298, 33.746488000021429 ], [ -118.131800000069802, 33.753200000180129 ], [ -118.144324000252197, 33.757284999703131 ], [ -118.145433000132698, 33.757702000047459 ], [ -118.146384999967552, 33.757966999677478 ], [ -118.146586000243531, 33.758022999562058 ], [ -118.147103999849492, 33.758192000160818 ], [ -118.147117000449043, 33.75817100009175 ], [ -118.150039000299444, 33.758985999904269 ], [ -118.151889000176993, 33.759304000179611 ], [ -118.155999999999779, 33.760300000244968 ], [ -118.157067999788239, 33.76048899996772 ], [ -118.158266000175558, 33.760731000335568 ], [ -118.160054999938097, 33.761019000127021 ], [ -118.174599999790019, 33.763600000439851 ], [ -118.175507000247705, 33.763506999748472 ], [ -118.176091000199222, 33.763597000301615 ], [ -118.177812999570051, 33.763787000070238 ], [ -118.179024999703813, 33.763920999954507 ], [ -118.182508000243786, 33.763780999793539 ], [ -118.182726999551107, 33.763710000116646 ], [ -118.182837000127222, 33.763093000441813 ], [ -118.184496000190052, 33.762117000399428 ], [ -118.188100000014856, 33.760200000130112 ], [ -118.191494000047896, 33.759855000408209 ], [ -118.191476000117177, 33.759931000315703 ], [ -118.191201000025956, 33.760162000176365 ], [ -118.191092000395372, 33.760529000013662 ], [ -118.191041999888171, 33.760546999944268 ], [ -118.18969299973196, 33.761030999781099 ], [ -118.18969299973196, 33.761304999826166 ], [ -118.189884999592891, 33.761557999802164 ], [ -118.191284000256189, 33.761945999708303 ], [ -118.192544999951622, 33.761717999985933 ], [ -118.192928999673313, 33.762039000399909 ], [ -118.193148999926279, 33.762220999799638 ], [ -118.194109000130027, 33.76215300026098 ], [ -118.194712000058587, 33.762473999775409 ], [ -118.195177999964471, 33.762840999612706 ], [ -118.195394000032877, 33.762823999728028 ], [ -118.195506999847964, 33.762816000258454 ], [ -118.195754000446641, 33.762544000305411 ], [ -118.195780999893032, 33.761764000308574 ], [ -118.195789000261925, 33.761748999616884 ], [ -118.195946000307515, 33.761466000056203 ], [ -118.195917999915537, 33.761192000010965 ], [ -118.195672000262448, 33.761008999665762 ], [ -118.195287999641323, 33.761075000011601 ], [ -118.194628999828353, 33.761376000402436 ], [ -118.194054000291658, 33.761259000402845 ], [ -118.193176000272047, 33.760826000219936 ], [ -118.192544999951622, 33.760891999666399 ], [ -118.192216000068186, 33.761306999918304 ], [ -118.192073999815022, 33.761326999941275 ], [ -118.191887000184749, 33.761353000241002 ], [ -118.191777999654732, 33.761282999710829 ], [ -118.191805000000613, 33.760710000266499 ], [ -118.191914999677351, 33.760481999644924 ], [ -118.192353000090691, 33.760024000107762 ], [ -118.192396000274982, 33.759996999761995 ], [ -118.192818999996632, 33.759724999809123 ], [ -118.19301099985762, 33.759702999693957 ], [ -118.195210999687674, 33.759880999808502 ], [ -118.196845000396308, 33.760577999575219 ], [ -118.1985509999285, 33.761305999872036 ], [ -118.1985509999285, 33.761466000056203 ], [ -118.198304000229257, 33.761785000377643 ], [ -118.198212999630016, 33.762102999753779 ], [ -118.198139999860928, 33.762357999821972 ], [ -118.198118999791859, 33.762664000443408 ], [ -118.198085000022559, 33.763184000141678 ], [ -118.199785000177428, 33.763206000257014 ], [ -118.199757999831661, 33.762472999729368 ], [ -118.198907000157703, 33.761671999663236 ], [ -118.198852000319334, 33.761512000378673 ], [ -118.198990000388051, 33.761396000425407 ], [ -118.200663000197153, 33.762243999960845 ], [ -118.201101999757327, 33.76256500037465 ], [ -118.201130000149192, 33.763481000348122 ], [ -118.20121100028723, 33.763619000416782 ], [ -118.201242999964279, 33.763616000278489 ], [ -118.201923999892472, 33.763549999932877 ], [ -118.202007000122819, 33.763113999611676 ], [ -118.202245000306277, 33.762932000211947 ], [ -118.203554999563437, 33.76439300013709 ], [ -118.203865000369262, 33.767110999573276 ], [ -118.203847999585378, 33.768263999684109 ], [ -118.203838000023552, 33.768983999612033 ], [ -118.20372700030066, 33.776694999974552 ], [ -118.20401600013804, 33.776691999836089 ], [ -118.20555900024749, 33.776675999997678 ], [ -118.205647999855103, 33.77021999995327 ], [ -118.205693000131646, 33.766902999873821 ], [ -118.205726999900889, 33.764427999952375 ], [ -118.204402999998308, 33.76266200035127 ], [ -118.202477000213207, 33.760094999784656 ], [ -118.198211000437198, 33.757913999931418 ], [ -118.197399999909919, 33.757498999679285 ], [ -118.197399999909919, 33.756400000259987 ], [ -118.197169000049087, 33.756313999891404 ], [ -118.197186999979863, 33.755553999917311 ], [ -118.195002999988276, 33.754725000358746 ], [ -118.193859000292491, 33.755076000357406 ], [ -118.193850999923484, 33.755073000218943 ], [ -118.193039000249428, 33.754160000383933 ], [ -118.19283099965071, 33.754083000430285 ], [ -118.186759000227539, 33.751822999631884 ], [ -118.186621000158823, 33.751706999678618 ], [ -118.186978000434237, 33.750905999612485 ], [ -118.187338999994722, 33.750612999590544 ], [ -118.188132999738002, 33.749967000376955 ], [ -118.189146999734021, 33.749071999573403 ], [ -118.189146999734021, 33.748890000173674 ], [ -118.189045999573011, 33.748738000358628 ], [ -118.189009999711516, 33.748683999667037 ], [ -118.187749000016197, 33.745500000324967 ], [ -118.187749000016197, 33.745269999611025 ], [ -118.187365000294392, 33.74410299975392 ], [ -118.187231000410122, 33.743822000285263 ], [ -118.187091000249325, 33.743531000355688 ], [ -118.186838000273326, 33.742869000404312 ], [ -118.186268000067912, 33.741377999994938 ], [ -118.186268000067912, 33.741265000179908 ], [ -118.186268000067912, 33.741192999557597 ], [ -118.186158000391174, 33.741056000434241 ], [ -118.186131000045464, 33.740804999651232 ], [ -118.18585700000034, 33.740163999768924 ], [ -118.18577499981626, 33.740118000345603 ], [ -118.185665000139522, 33.739680999978361 ], [ -118.185624000047312, 33.739658999863195 ], [ -118.185582999955272, 33.739636999748029 ], [ -118.185527000070806, 33.739132999888227 ], [ -118.185483999886515, 33.739108999680923 ], [ -118.18544499988667, 33.739086999565586 ], [ -118.18536299970242, 33.738651000143761 ], [ -118.186405000090531, 33.738583999752052 ], [ -118.187738999554995, 33.738583999752052 ], [ -118.195738999754894, 33.738582999705955 ], [ -118.202964000188331, 33.738581999659857 ], [ -118.203157000095302, 33.738652000189859 ], [ -118.203594999609379, 33.738970999612093 ], [ -118.203586000093651, 33.738996999911819 ], [ -118.20353999977101, 33.739132999888227 ], [ -118.201182999895366, 33.740574999836667 ], [ -118.196088999707399, 33.740592999767273 ], [ -118.194575000036082, 33.740599000044028 ], [ -118.191449999817394, 33.743096000080584 ], [ -118.191340000140713, 33.743416000448349 ], [ -118.191349999702538, 33.743928999823765 ], [ -118.191367999633314, 33.744950000142694 ], [ -118.191979999976866, 33.744970000165665 ], [ -118.196275000190951, 33.745110000326463 ], [ -118.196318000375243, 33.748813000220025 ], [ -118.196331000075418, 33.749965000284817 ], [ -118.196383999821592, 33.751273000348988 ], [ -118.196466000005671, 33.751318999772252 ], [ -118.197891000069376, 33.751271000256622 ], [ -118.197950000092305, 33.749965000284817 ], [ -118.197949000046037, 33.747254000272051 ], [ -118.197948, 33.74414800003035 ], [ -118.201923999892472, 33.74414800003035 ], [ -118.202225000283306, 33.744331000375723 ], [ -118.202740999797072, 33.744565000374621 ], [ -118.202883000050235, 33.744628999728718 ], [ -118.205735000269897, 33.744697000166695 ], [ -118.205761999716287, 33.747260999695698 ], [ -118.205788000015957, 33.749688000101287 ], [ -118.205791000154363, 33.74996400023872 ], [ -118.205979999876888, 33.750461999821596 ], [ -118.206034999715257, 33.750607000213051 ], [ -118.206282000313877, 33.750837000027786 ], [ -118.208066999891912, 33.749965000284817 ], [ -118.208165999960784, 33.749873999685576 ], [ -118.208313999591269, 33.749735999616973 ], [ -118.212015000291842, 33.747764999555272 ], [ -118.212030000084269, 33.747583000155544 ], [ -118.212096999576715, 33.746757999881936 ], [ -118.212080999738191, 33.746751999605237 ], [ -118.211766999647182, 33.746642999974767 ], [ -118.206198000037546, 33.742701999897577 ], [ -118.206035999761411, 33.742588000036449 ], [ -118.205623999647742, 33.740345000021932 ], [ -118.205897999692809, 33.740389000252378 ], [ -118.210038999999654, 33.743218000310605 ], [ -118.212500000174657, 33.746000000000265 ], [ -118.213323000356013, 33.745462000371219 ], [ -118.214481999844224, 33.746254000022361 ], [ -118.214154000006886, 33.748889000127406 ], [ -118.214313000144671, 33.748995999665851 ], [ -118.214362999752495, 33.749030000334471 ], [ -118.21445500039772, 33.749091999596374 ], [ -118.214374000259738, 33.749985000307788 ], [ -118.214355000282865, 33.750401999752683 ], [ -118.214317000329174, 33.751269000164427 ], [ -118.209232999703033, 33.753726000154927 ], [ -118.20677599971242, 33.754914000081271 ], [ -118.206511000082457, 33.760179000060873 ], [ -118.206366999737043, 33.763022999911811 ], [ -118.207518999801778, 33.762955000373211 ], [ -118.207654999778242, 33.759792000200832 ], [ -118.208025999799872, 33.759045999973182 ], [ -118.208531999751756, 33.758028999838757 ], [ -118.209738999654974, 33.758050999953923 ], [ -118.2096859999088, 33.762931000165679 ], [ -118.210459999629109, 33.762864999820238 ], [ -118.210754999743301, 33.762839999566609 ], [ -118.210918000065362, 33.756448999821714 ], [ -118.212228000221899, 33.75641900023686 ], [ -118.213000999895939, 33.756401000306084 ], [ -118.213086000218539, 33.762701000351115 ], [ -118.213963000192166, 33.762768999889715 ], [ -118.213964000238263, 33.762722000420183 ], [ -118.214071999822806, 33.757386999910352 ], [ -118.215799000323386, 33.757385999864255 ], [ -118.216234999745268, 33.758215000322252 ], [ -118.219833000192637, 33.765059000272799 ], [ -118.219658000216327, 33.765260999695727 ], [ -118.219475999917336, 33.765471000386697 ], [ -118.219476999963433, 33.765767999693594 ], [ -118.219613999985938, 33.766134000384 ], [ -118.219586999640171, 33.766617000174733 ], [ -118.219394999779297, 33.766980999873567 ], [ -118.218835000035085, 33.767278000079841 ], [ -118.218572999644095, 33.767418000240809 ], [ -118.217420999579247, 33.76725800005687 ], [ -118.217183000295051, 33.767208999595937 ], [ -118.21632300020616, 33.767031000380541 ], [ -118.216049000161092, 33.767098999919199 ], [ -118.215912000138474, 33.767420000333004 ], [ -118.215966999976843, 33.767579999617567 ], [ -118.216873000388432, 33.768196000145508 ], [ -118.217009000364953, 33.768403999844907 ], [ -118.216297999952531, 33.768721000074379 ], [ -118.21624100002191, 33.768746000327951 ], [ -118.21533499961032, 33.76906699984238 ], [ -118.212813000219569, 33.769961999746783 ], [ -118.21248500038223, 33.769937000392588 ], [ -118.21124399981062, 33.769582000209368 ], [ -118.210810999627768, 33.769457999886981 ], [ -118.210318000275322, 33.769642000278282 ], [ -118.210263000436953, 33.76982399967801 ], [ -118.211695999970289, 33.770312999745443 ], [ -118.211744000385124, 33.770329999630007 ], [ -118.210648000204856, 33.770787000020221 ], [ -118.208974000349656, 33.770422000275289 ], [ -118.208563000282084, 33.770487999721581 ], [ -118.208123999822533, 33.770718000435522 ], [ -118.208178999660902, 33.770854999558878 ], [ -118.209441000301695, 33.771268999764686 ], [ -118.209359000117558, 33.771382999625985 ], [ -118.207164999664883, 33.772232000106953 ], [ -118.207165999710867, 33.772372000267922 ], [ -118.207182999595545, 33.77239300033699 ], [ -118.207520999894086, 33.772824999574425 ], [ -118.207520999894086, 33.773010000011766 ], [ -118.207579999916902, 33.773071000126777 ], [ -118.207630999570824, 33.773123999872894 ], [ -118.207878000169444, 33.773079999642391 ], [ -118.2098250000235, 33.772344999922097 ], [ -118.209962000046119, 33.772457999737128 ], [ -118.210208999745419, 33.772458999783225 ], [ -118.211745000431222, 33.771793999693557 ], [ -118.211744000385124, 33.771403999695053 ], [ -118.21231999996786, 33.771108999580917 ], [ -118.213060999965023, 33.771130999696084 ], [ -118.213942000122927, 33.770946000158062 ], [ -118.214047999615218, 33.770924000042783 ], [ -118.215447000278687, 33.770420000183151 ], [ -118.217805000200428, 33.769273000349017 ], [ -118.218628000381784, 33.769043999681173 ], [ -118.219615000032036, 33.769045999773311 ], [ -118.219861999731336, 33.769203999864942 ], [ -118.220081999984188, 33.769526000325016 ], [ -118.220156999845528, 33.769934000254125 ], [ -118.220191999660926, 33.770121999930552 ], [ -118.220135999776346, 33.77060199958288 ], [ -118.220045000076482, 33.770743999835815 ], [ -118.219944999961569, 33.770900999881519 ], [ -118.219312999595104, 33.771311999949091 ], [ -118.218189999968388, 33.772044000430469 ], [ -118.217366999787089, 33.772457999737128 ], [ -118.217147999580391, 33.772710999713127 ], [ -118.21301599968848, 33.774399000213918 ], [ -118.208454999798221, 33.776261999791643 ], [ -118.208399999959852, 33.776354000436982 ], [ -118.208893000211617, 33.777291999626414 ], [ -118.210672000412274, 33.776608999605969 ], [ -118.216407999629212, 33.774404999591297 ], [ -118.216463000366957, 33.774451999960036 ], [ -118.216270999606763, 33.77522799977254 ], [ -118.216737999558802, 33.775275000141448 ], [ -118.21688500004251, 33.774781999889626 ], [ -118.21703899994975, 33.774267000422014 ], [ -118.21857499973629, 33.773581000263107 ], [ -118.219562000285862, 33.77300699987336 ], [ -118.223688999947228, 33.770893000412002 ], [ -118.224305999622061, 33.770577000228627 ], [ -118.224565999920799, 33.770562000436314 ], [ -118.224689000197031, 33.770556000159559 ], [ -118.226828999958173, 33.76993600034649 ], [ -118.227952999630986, 33.769821999585815 ], [ -118.228008000368732, 33.769684000416589 ], [ -118.228555999559546, 33.769408000279157 ], [ -118.229159000387313, 33.769224999933954 ], [ -118.23133199987177, 33.76915400025706 ], [ -118.232593999613243, 33.769114000211118 ], [ -118.232807000442506, 33.769106999888322 ], [ -118.233711999908735, 33.768833999889353 ], [ -118.234594000112793, 33.768367999983525 ], [ -118.234754000296732, 33.76828399970708 ], [ -118.235273999994945, 33.768239000329856 ], [ -118.236480999898106, 33.768534999590713 ], [ -118.237468999594455, 33.768878000119855 ], [ -118.237550999778534, 33.767824000077781 ], [ -118.237883999846588, 33.767406999733453 ], [ -118.237990000238142, 33.767273999895451 ], [ -118.238812000373343, 33.767090000403414 ], [ -118.239689000346857, 33.766996999711978 ], [ -118.240156000298896, 33.766767999943511 ], [ -118.240878000319299, 33.766768999989608 ], [ -118.240896000250075, 33.766768999989608 ], [ -118.241225000133511, 33.766539000174987 ], [ -118.24125699981056, 33.766530999806093 ], [ -118.24514600018756, 33.765623000201515 ], [ -118.245474000024899, 33.765366000041013 ], [ -118.245529999909365, 33.765322999856778 ], [ -118.248161999876231, 33.764428999998643 ], [ -118.248732000081588, 33.764333000068177 ], [ -118.249122000080092, 33.764267999768606 ], [ -118.249313999940966, 33.764360999560665 ], [ -118.24934100028679, 33.76444099965255 ], [ -118.249368999779279, 33.764519999698507 ], [ -118.249587999986034, 33.765206999903342 ], [ -118.249013000449452, 33.765573999740582 ], [ -118.249095999780423, 33.766079999692408 ], [ -118.249590000078229, 33.766833000243025 ], [ -118.250026000399316, 33.766951000288657 ], [ -118.250218000260304, 33.767430999940984 ], [ -118.250220000352556, 33.767440000355975 ], [ -118.24953500023986, 33.767612000193992 ], [ -118.249013999596229, 33.767200000080152 ], [ -118.247284999902604, 33.765550000432484 ], [ -118.247010999857537, 33.765550999579204 ], [ -118.24704499962678, 33.765819000246893 ], [ -118.247065999695906, 33.765987999946447 ], [ -118.246984000411146, 33.766375999852812 ], [ -118.248548999736386, 33.768438999660418 ], [ -118.248959999803958, 33.768304999776149 ], [ -118.249261000194792, 33.768206999753488 ], [ -118.249399000263509, 33.768300000444867 ], [ -118.249454000101878, 33.768780000097195 ], [ -118.249097999872674, 33.769420999979332 ], [ -118.248494999944171, 33.770269999561094 ], [ -118.248524000382133, 33.771005000180935 ], [ -118.248304000129281, 33.771506999948372 ], [ -118.248084999922526, 33.771757999832175 ], [ -118.247481999994136, 33.771873999785441 ], [ -118.247098000272331, 33.772218000360681 ], [ -118.24674099999703, 33.772722000220313 ], [ -118.24638599981381, 33.773020999619575 ], [ -118.245151999564996, 33.77374499973223 ], [ -118.243642000078069, 33.774630000074751 ], [ -118.242437000267159, 33.775337000302557 ], [ -118.241486999625124, 33.775992999977234 ], [ -118.24131399974101, 33.77611300011506 ], [ -118.24114900022596, 33.776365000044962 ], [ -118.241094000387591, 33.776893000112068 ], [ -118.241258999902641, 33.77730400017964 ], [ -118.241946000107646, 33.777350999649059 ], [ -118.242328999783354, 33.777236999787931 ], [ -118.242905000265409, 33.77668500041267 ], [ -118.24319099996444, 33.776526000274998 ], [ -118.245700999701114, 33.775126999611587 ], [ -118.246166999607226, 33.775060000119254 ], [ -118.247455999694466, 33.774232999753451 ], [ -118.248044999876583, 33.773741000447103 ], [ -118.2485800002666, 33.773294999664643 ], [ -118.248963999988405, 33.772651999690311 ], [ -118.248962999942307, 33.772355000383186 ], [ -118.249051000403199, 33.772149999922874 ], [ -118.249071999572891, 33.772102000407187 ], [ -118.249150999618792, 33.771771999578391 ], [ -118.249345999618015, 33.77095799981214 ], [ -118.250050999753626, 33.769631999817193 ], [ -118.253853999762157, 33.765438999810272 ], [ -118.253975999992235, 33.765303999879904 ], [ -118.254278000429167, 33.765188999972565 ], [ -118.254852999965749, 33.76548600017901 ], [ -118.255210000241163, 33.765464000063844 ], [ -118.255236999687554, 33.7652799996726 ], [ -118.25517999975699, 33.765160000433923 ], [ -118.255073000218545, 33.764939000134802 ], [ -118.25770800032376, 33.762097000376457 ], [ -118.257652999586128, 33.761866999662516 ], [ -118.258393999583291, 33.76099900010405 ], [ -118.258612999789989, 33.760953999827507 ], [ -118.258778000204359, 33.761087999711719 ], [ -118.258833000042728, 33.761295000264283 ], [ -118.258835000134923, 33.761317000379393 ], [ -118.25913200034131, 33.764366999837364 ], [ -118.259158999787815, 33.765786999670468 ], [ -118.259240999971951, 33.765993000177104 ], [ -118.259350999648689, 33.766032000176949 ], [ -118.259432999832939, 33.766060999715535 ], [ -118.261324999848739, 33.766061999761632 ], [ -118.262354999683282, 33.765450000317458 ], [ -118.262364000098387, 33.76544500008697 ], [ -118.262340999937066, 33.764824000227634 ], [ -118.262149000076136, 33.764549000136469 ], [ -118.260366999737016, 33.763129000303366 ], [ -118.260178000014491, 33.758893000112039 ], [ -118.260524999828704, 33.758516999859978 ], [ -118.262208000098951, 33.75669899965925 ], [ -118.262784999727671, 33.756073999615751 ], [ -118.263469999840481, 33.755983999961757 ], [ -118.266240999922047, 33.753214999972499 ], [ -118.266270000360009, 33.753202000272324 ], [ -118.266299999944863, 33.75318999971887 ], [ -118.266405000290376, 33.753144000295606 ], [ -118.266487999621233, 33.753214999972499 ], [ -118.266923999942492, 33.757864000323593 ], [ -118.266951000288202, 33.758731999882173 ], [ -118.266923999942492, 33.759008000019435 ], [ -118.266676000197037, 33.75942200022547 ], [ -118.266134000383659, 33.760005000130889 ], [ -118.265669999670592, 33.760505999852228 ], [ -118.26563399980904, 33.760543999805975 ], [ -118.265277000433002, 33.761229999964712 ], [ -118.265058000226247, 33.761391000194749 ], [ -118.26486600036543, 33.761732999778417 ], [ -118.264946999604206, 33.761830999801077 ], [ -118.265057000180263, 33.761962999592981 ], [ -118.264810999627798, 33.762101999707681 ], [ -118.264728000296827, 33.762375999752749 ], [ -118.264865000319332, 33.762491999706242 ], [ -118.265112000018632, 33.76246700035199 ], [ -118.268648000304779, 33.758636999997805 ], [ -118.268981000372662, 33.758276000437434 ], [ -118.268762000165964, 33.755391999641176 ], [ -118.268653999682215, 33.754589000382282 ], [ -118.26865299963606, 33.75362700008634 ], [ -118.269860000438541, 33.753628000132437 ], [ -118.27060000038955, 33.753834999785568 ], [ -118.271067000341588, 33.754083999577176 ], [ -118.271203000318053, 33.754292000176008 ], [ -118.271285999649024, 33.754333000268048 ], [ -118.272191000014516, 33.754773999920474 ], [ -118.272766999597195, 33.75520800014931 ], [ -118.272820000242689, 33.755376999848863 ], [ -118.272876000127042, 33.755552999871213 ], [ -118.273150000172166, 33.755940999777579 ], [ -118.273313999641232, 33.756400000259987 ], [ -118.273450999663737, 33.757269999910818 ], [ -118.273368000332766, 33.757658999863224 ], [ -118.273175999572572, 33.757887999631691 ], [ -118.272490000313041, 33.759675000201298 ], [ -118.272490000313041, 33.759949000246309 ], [ -118.27204599962306, 33.761045000426691 ], [ -118.271830999600752, 33.761576999779038 ], [ -118.271253999971975, 33.763132999588549 ], [ -118.271171999787725, 33.763179999957288 ], [ -118.270663999743647, 33.764645000066992 ], [ -118.270458000136387, 33.765239999626488 ], [ -118.270292999722017, 33.765562000086561 ], [ -118.270155999699398, 33.766088000061302 ], [ -118.270074000414525, 33.766156999646 ], [ -118.27001899967695, 33.766544999552366 ], [ -118.270595000159005, 33.766591999921104 ], [ -118.271222000294927, 33.766529999759825 ], [ -118.272098000222343, 33.766445000336716 ], [ -118.275257000210161, 33.766135999576989 ], [ -118.277477000063357, 33.768677999889974 ], [ -118.277668999924288, 33.768677999889974 ], [ -118.278820999989023, 33.76824299961504 ], [ -118.278818999896771, 33.768216000168479 ], [ -118.278793999643142, 33.767898999939177 ], [ -118.275917000069285, 33.762883999797111 ], [ -118.275917000069285, 33.762700000305017 ], [ -118.275286999794957, 33.761739000055172 ], [ -118.27528599974886, 33.761624000147776 ], [ -118.27570500018544, 33.761454000402125 ], [ -118.27630099979109, 33.761212000033936 ], [ -118.276274000344699, 33.760432000037042 ], [ -118.275918000115382, 33.760132999738403 ], [ -118.275835999931246, 33.76006600024607 ], [ -118.275781000092934, 33.758233000253028 ], [ -118.27704299983435, 33.757318000325654 ], [ -118.277263000087146, 33.757226999726413 ], [ -118.277674000154832, 33.757362999702821 ], [ -118.278030000384035, 33.757158000141885 ], [ -118.278771000381198, 33.756517000259521 ], [ -118.27918200044877, 33.75626500032962 ], [ -118.27923400014879, 33.756253999822491 ], [ -118.279251000033412, 33.75624999963793 ], [ -118.281870000300103, 33.755691999986141 ], [ -118.283925999784913, 33.755487999571699 ], [ -118.285572000147567, 33.755190000218477 ], [ -118.285989999638616, 33.755035000265366 ], [ -118.286806000396325, 33.754730999736068 ], [ -118.287071000026458, 33.754710999713097 ], [ -118.287381999979175, 33.754687000404942 ], [ -118.28845099981362, 33.754800000219973 ], [ -118.288395999975251, 33.754548000290242 ], [ -118.287957999561911, 33.7542500000377 ], [ -118.287491999655856, 33.754044999577332 ], [ -118.287273000348534, 33.753838999970128 ], [ -118.287299999794868, 33.753358000271703 ], [ -118.287520000047834, 33.752968000273199 ], [ -118.287547000393602, 33.752692000135994 ], [ -118.287273000348534, 33.752601999582851 ], [ -118.286505000005491, 33.752578000274696 ], [ -118.285544999801687, 33.752737000412537 ], [ -118.284310999552815, 33.753423999717995 ], [ -118.283956000269029, 33.753513000225041 ], [ -118.282940000180702, 33.753767000247137 ], [ -118.282911999788837, 33.754021000269233 ], [ -118.282449000021188, 33.754090999899859 ], [ -118.282308999860277, 33.754113000015138 ], [ -118.28203499981521, 33.753813999716499 ], [ -118.281925000138472, 33.753791999601162 ], [ -118.280883999796629, 33.754020000223136 ], [ -118.280773000073737, 33.753927999577797 ], [ -118.280745999727912, 33.753746000178069 ], [ -118.280060999615216, 33.753355000133467 ], [ -118.279676999893411, 33.753217000064865 ], [ -118.279457999686713, 33.7534219996258 ], [ -118.2785520001745, 33.75488999987374 ], [ -118.278360000313626, 33.755003999735038 ], [ -118.277975999692444, 33.75488999987374 ], [ -118.278104000199278, 33.754584000151681 ], [ -118.278361000359723, 33.75397299985417 ], [ -118.277235999741436, 33.753537999579294 ], [ -118.277017999580778, 33.753582999855837 ], [ -118.276921999650369, 33.753676999693994 ], [ -118.276550999628739, 33.754041000292204 ], [ -118.276523000136137, 33.754179000360807 ], [ -118.276303999929439, 33.754224999784071 ], [ -118.275617999770645, 33.7540659996464 ], [ -118.275755999839362, 33.753559999694403 ], [ -118.272548000289817, 33.752688999997531 ], [ -118.27265299973601, 33.752368999629823 ], [ -118.273152000264474, 33.75085600000466 ], [ -118.273261999941212, 33.750260000398896 ], [ -118.273045999872863, 33.749961000100257 ], [ -118.273100999711232, 33.749502999663946 ], [ -118.273511999778748, 33.749018999827285 ], [ -118.273540000170613, 33.748355999829812 ], [ -118.273897000446084, 33.748333999714475 ], [ -118.27680299955864, 33.74922700042589 ], [ -118.27685900034237, 33.749106000241966 ], [ -118.276919000411397, 33.748978999781343 ], [ -118.277242000018077, 33.748289000337252 ], [ -118.274692000235461, 33.747074000065311 ], [ -118.27414400014527, 33.746708000274282 ], [ -118.27414400014527, 33.746615999629 ], [ -118.275833999839051, 33.743366999987416 ], [ -118.276312000298446, 33.74244799987548 ], [ -118.276887999881126, 33.742219000107013 ], [ -118.277574000039863, 33.74066000015921 ], [ -118.277711000062482, 33.740501000021311 ], [ -118.277715000246928, 33.740094000138299 ], [ -118.27773899955497, 33.738072999569624 ], [ -118.277428999648464, 33.736094000038236 ], [ -118.277247000248735, 33.734934999650875 ], [ -118.275848999631478, 33.73269000044337 ], [ -118.27467200021249, 33.730626999736558 ], [ -118.274120999984007, 33.729793999993205 ], [ -118.273795000238863, 33.729300999741611 ], [ -118.27376899993925, 33.729085999719359 ], [ -118.273766999846998, 33.729069999880949 ], [ -118.27385899959296, 33.729062000411204 ], [ -118.274014000445561, 33.729047999765612 ], [ -118.275604000024373, 33.730170000245494 ], [ -118.275905000415207, 33.730261999991455 ], [ -118.276782000388835, 33.73090399991986 ], [ -118.277138999764873, 33.731038999850227 ], [ -118.277138999764873, 33.730879999712556 ], [ -118.276864999719805, 33.730445000336829 ], [ -118.274040999892065, 33.728671000366603 ], [ -118.273110000126223, 33.728086000368819 ], [ -118.270810000181143, 33.721784000231651 ], [ -118.270769000089047, 33.72159599965596 ], [ -118.270755000342774, 33.72153200030192 ], [ -118.270234999745298, 33.72029599996074 ], [ -118.270234999745298, 33.720091000399577 ], [ -118.272399999760012, 33.719542000263345 ], [ -118.272425000013527, 33.71965199994014 ], [ -118.272455999644535, 33.71979100005484 ], [ -118.272620000012864, 33.719908000054374 ], [ -118.27376899993925, 33.723344000225723 ], [ -118.273795000238863, 33.723412999810421 ], [ -118.27401599963855, 33.724008000269293 ], [ -118.27445400005189, 33.725267999918401 ], [ -118.274591000074452, 33.725633999709601 ], [ -118.274591000074452, 33.725709999617152 ], [ -118.274591000074452, 33.725818000100901 ], [ -118.274810000281093, 33.72584000021601 ], [ -118.275303999679636, 33.725704000239602 ], [ -118.275303999679636, 33.725358999618436 ], [ -118.274371999867753, 33.722886999835453 ], [ -118.274153999707153, 33.722220999699516 ], [ -118.274092999592085, 33.722186999930329 ], [ -118.274071000376182, 33.722175000276252 ], [ -118.273766999846998, 33.721283999657146 ], [ -118.272264999829758, 33.716883999996924 ], [ -118.272072999968771, 33.716173999630655 ], [ -118.27204599962306, 33.714890999820113 ], [ -118.272731999781797, 33.713973999800544 ], [ -118.272901000380728, 33.713893999708489 ], [ -118.272923999642671, 33.713882000054411 ], [ -118.275307999864083, 33.715212000233919 ], [ -118.27558199990915, 33.715510999633182 ], [ -118.275636999747519, 33.715878000369685 ], [ -118.275087999611344, 33.717825000223797 ], [ -118.274977999934606, 33.717892999762228 ], [ -118.27492200005014, 33.719382000079406 ], [ -118.275031999726878, 33.719793000146979 ], [ -118.275175000026024, 33.720167000307072 ], [ -118.276318999721866, 33.723161999926617 ], [ -118.276537999928564, 33.723161999926617 ], [ -118.277388999602522, 33.720639999636546 ], [ -118.277581000362659, 33.720551000028877 ], [ -118.27788199985423, 33.721030999681204 ], [ -118.278220000152658, 33.722114000161241 ], [ -118.278346999714074, 33.722521000044424 ], [ -118.278512000128501, 33.722725999605416 ], [ -118.279114000010964, 33.724627000036264 ], [ -118.279471000286264, 33.724674999551723 ], [ -118.281334999910143, 33.724147000383994 ], [ -118.281324000302163, 33.72403699980805 ], [ -118.281307999564376, 33.723871000246731 ], [ -118.280859999589154, 33.722802000412287 ], [ -118.280541000166863, 33.722040000345885 ], [ -118.280340999936982, 33.721381999679863 ], [ -118.280319999867913, 33.721315000187303 ], [ -118.280157000445058, 33.720779999797344 ], [ -118.279902000376808, 33.720275999937542 ], [ -118.279856000054224, 33.720185000237905 ], [ -118.279170999941527, 33.718305999922165 ], [ -118.279033999918909, 33.717801000016493 ], [ -118.279362999802402, 33.717435000225294 ], [ -118.280542000212961, 33.717183000295393 ], [ -118.281474000024957, 33.716748000020459 ], [ -118.281775999562512, 33.716725999905123 ], [ -118.282026000299538, 33.716844999997079 ], [ -118.282160000183694, 33.716909000250325 ], [ -118.28240599983684, 33.716910000296423 ], [ -118.282708000273772, 33.716564999675256 ], [ -118.282742000043015, 33.716481000298245 ], [ -118.283448000224894, 33.71473399977441 ], [ -118.283556999855534, 33.714068999684741 ], [ -118.283612999740001, 33.713727000101073 ], [ -118.283420999879013, 33.713221000149304 ], [ -118.283201999672315, 33.7129700002655 ], [ -118.282846000342488, 33.712762999712936 ], [ -118.282737999858625, 33.711796000085542 ], [ -118.282599999790023, 33.710563999928922 ], [ -118.282516999559675, 33.71038099958372 ], [ -118.282270999906586, 33.71001399974665 ], [ -118.281342000232996, 33.709801999862691 ], [ -118.280218999706904, 33.709545999748229 ], [ -118.279256000264013, 33.709326000394924 ], [ -118.278544999851704, 33.709029000188423 ], [ -118.278324999598851, 33.708754000097315 ], [ -118.276516999859496, 33.707883000400386 ], [ -118.276516999859496, 33.707721000124252 ], [ -118.276951000088332, 33.707239000379786 ], [ -118.277022999811379, 33.707159000287902 ], [ -118.278329999829396, 33.707316000333208 ], [ -118.278532000151472, 33.707551000378601 ], [ -118.278955999919276, 33.708044999777144 ], [ -118.279860000238614, 33.708454999798619 ], [ -118.281996999861462, 33.708685999659508 ], [ -118.283138000318331, 33.708633999959488 ], [ -118.283422999971265, 33.708621000259143 ], [ -118.283942999669534, 33.708503000213511 ], [ -118.284253999622251, 33.708177999615145 ], [ -118.284382000128971, 33.708044999777144 ], [ -118.285165000264385, 33.70663599955202 ], [ -118.285259000102599, 33.706465999806198 ], [ -118.285971999707897, 33.706326999691498 ], [ -118.286325999844848, 33.706095999830666 ], [ -118.287233000302592, 33.705503000363535 ], [ -118.287836000231096, 33.705181999949559 ], [ -118.289672000362373, 33.704978000434664 ], [ -118.29017099999146, 33.704868999904647 ], [ -118.290412000313381, 33.704817000204628 ], [ -118.290659000012681, 33.704906999858395 ], [ -118.291810000031319, 33.704747999720553 ], [ -118.292604999820696, 33.704565000274727 ], [ -118.292642999774387, 33.704542000113463 ], [ -118.292953999727104, 33.704359999814358 ], [ -118.293152999910888, 33.704242999814824 ], [ -118.293669000323973, 33.704284999952961 ], [ -118.294232000206421, 33.705177999765169 ], [ -118.29444099995203, 33.705734000224197 ], [ -118.294522000090069, 33.706970999712098 ], [ -118.294905999811874, 33.707841000262249 ], [ -118.295619000316492, 33.708506000351917 ], [ -118.296522999736567, 33.709100999911414 ], [ -118.297390000148255, 33.709463000417429 ], [ -118.29756400007841, 33.70953500014042 ], [ -118.298934000303689, 33.709650000047816 ], [ -118.299893999608173, 33.709627999932479 ], [ -118.300963000341994, 33.709992999677411 ], [ -118.302414999852203, 33.710727000251154 ], [ -118.303565999870784, 33.711002000342262 ], [ -118.304336000306023, 33.711283999856846 ], [ -118.304826999566217, 33.711463000017488 ], [ -118.304963999588722, 33.711460999925521 ], [ -118.305020000372565, 33.711474999671736 ], [ -118.305511999678856, 33.711598999994123 ], [ -118.306432999882873, 33.711710999763056 ], [ -118.307444999786753, 33.712048000015443 ], [ -118.308142999599625, 33.712374999806627 ], [ -118.30888699973508, 33.712532999898201 ], [ -118.308920000357602, 33.712540000220997 ], [ -118.30910800003403, 33.712603000428373 ], [ -118.310033999569214, 33.713040999942393 ], [ -118.310609000005172, 33.713593000217031 ], [ -118.310653000235561, 33.713608000009344 ], [ -118.310938999934706, 33.713707000078273 ], [ -118.311569000209033, 33.713819999893303 ], [ -118.311733999724083, 33.713938999985032 ], [ -118.311980000276549, 33.714118000145902 ], [ -118.312352000344276, 33.714274000145281 ], [ -118.312583000205109, 33.714370000075803 ], [ -118.313431999786758, 33.714369000029535 ], [ -118.31381699955466, 33.714461999821708 ], [ -118.314390999944465, 33.714394000283107 ], [ -118.315214000125877, 33.713889000377208 ], [ -118.315926999731118, 33.713637000447477 ], [ -118.316584000351213, 33.713521999640761 ], [ -118.316831000050399, 33.713704999985964 ], [ -118.317022999911387, 33.714576999728934 ], [ -118.317055999634533, 33.714612000443765 ], [ -118.317325000348319, 33.714895000004447 ], [ -118.317762999862396, 33.715080999588736 ], [ -118.318338000298297, 33.715172000187977 ], [ -118.318473000228551, 33.715228000072329 ], [ -118.319174000179714, 33.716012000253897 ], [ -118.319212000133575, 33.71639299983724 ], [ -118.319216000318022, 33.716430999791044 ], [ -118.319380999833129, 33.716681999674847 ], [ -118.319681000177866, 33.716912000388788 ], [ -118.320285000152353, 33.717142000203353 ], [ -118.320448999621476, 33.717140000111158 ], [ -118.32132599959499, 33.71700400013475 ], [ -118.321545999847842, 33.717163000272421 ], [ -118.321600999686211, 33.717553000270925 ], [ -118.32176500005454, 33.717804000154729 ], [ -118.322614999682287, 33.718332000221892 ], [ -118.32357399984005, 33.718262999737988 ], [ -118.324835000434746, 33.718422999921756 ], [ -118.325397000271209, 33.718661000105214 ], [ -118.326945999757925, 33.719315999733794 ], [ -118.329521999840154, 33.719980999823463 ], [ -118.329905999562015, 33.720163000122568 ], [ -118.330893000111701, 33.720941000027381 ], [ -118.331604999670731, 33.72135300014105 ], [ -118.331933999554224, 33.721443999840915 ], [ -118.332699999805016, 33.721710999563186 ], [ -118.332980000126781, 33.721808000439125 ], [ -118.333387000009907, 33.721949999792912 ], [ -118.334484000236216, 33.722224999884077 ], [ -118.335854999608387, 33.722909999996716 ], [ -118.336484999882657, 33.723301000041317 ], [ -118.337279999672035, 33.723437000017725 ], [ -118.33774599957809, 33.723599000293859 ], [ -118.338815000311854, 33.723736000316421 ], [ -118.339282000263893, 33.723939999831259 ], [ -118.340107999684221, 33.72446899994469 ], [ -118.340214000075889, 33.724537000382497 ], [ -118.340954000026898, 33.72522199959576 ], [ -118.34199500036874, 33.725794999939467 ], [ -118.343913999831102, 33.72597800028484 ], [ -118.344709999666577, 33.726209000145502 ], [ -118.345531999801722, 33.726275999637835 ], [ -118.34635399993698, 33.726594999959445 ], [ -118.347554000416665, 33.72678299963593 ], [ -118.347807000392606, 33.726822999681872 ], [ -118.349753000200621, 33.726824999774237 ], [ -118.350422999621571, 33.726983999911909 ], [ -118.351468000147918, 33.728177000068683 ], [ -118.351617999870598, 33.72867899983612 ], [ -118.351947999800132, 33.72904499962732 ], [ -118.352742999589623, 33.729731999832154 ], [ -118.352833000142653, 33.729785999624312 ], [ -118.353799999770047, 33.732300000444809 ], [ -118.355151000018509, 33.733348000210185 ], [ -118.356280999967964, 33.734266000275852 ], [ -118.356449999667518, 33.734355999929619 ], [ -118.357727000100851, 33.735346999764545 ], [ -118.358064000353181, 33.735753999647557 ], [ -118.358774999866228, 33.736276000337341 ], [ -118.359435999771392, 33.73676100022027 ], [ -118.360066000045663, 33.737078999596463 ], [ -118.361217000064357, 33.737150000172676 ], [ -118.363191000264294, 33.737651999940169 ], [ -118.364562999682505, 33.737927000031277 ], [ -118.365522999886366, 33.737949000146443 ], [ -118.366446000182577, 33.73788900007753 ], [ -118.366919999558149, 33.737858000446579 ], [ -118.367386000363467, 33.737675000101376 ], [ -118.367662999647507, 33.737178999711318 ], [ -118.367770000085272, 33.736986999850501 ], [ -118.367878999715913, 33.736321999760833 ], [ -118.368022000015003, 33.73621500022233 ], [ -118.36815299976098, 33.736116000153572 ], [ -118.368559999644106, 33.736116000153572 ], [ -118.369000000149754, 33.737700000355005 ], [ -118.369189999918376, 33.737723999663103 ], [ -118.3700740002148, 33.738222000145413 ], [ -118.371307000417517, 33.738243000214652 ], [ -118.371830000254135, 33.738150000422422 ], [ -118.372048000414736, 33.737923999893042 ], [ -118.372047000368639, 33.737671999962913 ], [ -118.372895999950288, 33.73698299966594 ], [ -118.372895999950288, 33.736913000035145 ], [ -118.372896999996385, 33.736845999643435 ], [ -118.373168999949257, 33.73672400031262 ], [ -118.374299999944867, 33.73719999978033 ], [ -118.374199999829841, 33.739000000050282 ], [ -118.374509999736574, 33.739136000026519 ], [ -118.374954000426555, 33.739593999563681 ], [ -118.376228999868317, 33.74033100027566 ], [ -118.376670000420006, 33.740402999998651 ], [ -118.376916000073209, 33.740443000044593 ], [ -118.377078000349229, 33.740469000344262 ], [ -118.37888800018078, 33.741476000017599 ], [ -118.379654999578349, 33.741775000316295 ], [ -118.380339999691103, 33.741776000362393 ], [ -118.380783000334986, 33.741939999831288 ], [ -118.380833999988909, 33.741958999808162 ], [ -118.384178999561016, 33.741616000178624 ], [ -118.384291000229211, 33.741580000317015 ], [ -118.384534999790276, 33.741501000271228 ], [ -118.385220999949013, 33.740952000135053 ], [ -118.38601599973839, 33.740607999559813 ], [ -118.386043000084157, 33.740516999859949 ], [ -118.386538000428175, 33.740175000276281 ], [ -118.38815500035281, 33.739351000048941 ], [ -118.388621000258752, 33.739235000095448 ], [ -118.391034000018919, 33.739304999726244 ], [ -118.391472000432316, 33.739123000326344 ], [ -118.391550999578726, 33.739034999865567 ], [ -118.391719000131559, 33.738846000143042 ], [ -118.391939000384411, 33.738181000053373 ], [ -118.392268000267848, 33.737839999616426 ], [ -118.392734000173789, 33.737998999754268 ], [ -118.393438000263302, 33.737863999823901 ], [ -118.393804000054331, 33.737794000193105 ], [ -118.394598999843708, 33.737427000356035 ], [ -118.395256999610638, 33.736855000058426 ], [ -118.395696000070188, 33.736374000360001 ], [ -118.396147000183703, 33.736079000245923 ], [ -118.399762999662585, 33.737525000378696 ], [ -118.399779000400372, 33.737590999824988 ], [ -118.400027000145656, 33.738024000007897 ], [ -118.40049200000567, 33.738392999937162 ], [ -118.400794000442602, 33.738482999590929 ], [ -118.401644000070348, 33.738416000098596 ], [ -118.401718999931688, 33.738454000052343 ], [ -118.401900000184696, 33.739900000185116 ], [ -118.401971999907687, 33.73993399995436 ], [ -118.401971999907687, 33.739972999954205 ], [ -118.402191000114385, 33.74024900009158 ], [ -118.40293100006545, 33.740613999836512 ], [ -118.403186000133644, 33.740649999697951 ], [ -118.403588999832323, 33.740705999582474 ], [ -118.403602999578595, 33.740710999813132 ], [ -118.403999999899895, 33.740900000435033 ], [ -118.404123000176185, 33.740896000250473 ], [ -118.404549000036184, 33.741048000065348 ], [ -118.40539899966393, 33.741051000203811 ], [ -118.406193000306587, 33.740843999651077 ], [ -118.406746999774043, 33.740817000204686 ], [ -118.410371999667916, 33.740706999628571 ], [ -118.410595000059061, 33.74072799969764 ], [ -118.410199999829899, 33.742900000035263 ], [ -118.412700000004861, 33.74780000026999 ], [ -118.412662000051114, 33.748031000130823 ], [ -118.412497999682785, 33.74840300019855 ], [ -118.412386999959949, 33.749090000403555 ], [ -118.412447000028862, 33.749319000172022 ], [ -118.412399999660124, 33.749599999640509 ], [ -118.413846999838995, 33.751408000279127 ], [ -118.412904000419132, 33.752397000021688 ], [ -118.412842000257911, 33.752757999582229 ], [ -118.412599999889892, 33.752999999950248 ], [ -118.413365000094529, 33.753486999925371 ], [ -118.413482000094064, 33.753589000132592 ], [ -118.413562000185948, 33.75365799971712 ], [ -118.413754000046936, 33.753733999624615 ], [ -118.41479999972006, 33.754399999760381 ], [ -118.415257000110273, 33.75556400037857 ], [ -118.41523499999505, 33.755995999615834 ], [ -118.415528000016991, 33.756256999960726 ], [ -118.416800000219666, 33.759500000224989 ], [ -118.417799999570093, 33.760300000244968 ], [ -118.417671999962636, 33.760664999989899 ], [ -118.417344000125297, 33.761034999965432 ], [ -118.417041999688308, 33.761583000055566 ], [ -118.417176999618562, 33.762079999592572 ], [ -118.417099999665027, 33.762299999845425 ], [ -118.421699999555187, 33.763500000324996 ], [ -118.421578000224372, 33.763866000116025 ], [ -118.421402000201908, 33.764169999745945 ], [ -118.421392999786917, 33.764199000183908 ], [ -118.421380000086742, 33.764243999561131 ], [ -118.421210000341091, 33.764835999881711 ], [ -118.421210000341091, 33.764969999765924 ], [ -118.420999999650121, 33.765600000040308 ], [ -118.421541000316779, 33.765747999670623 ], [ -118.421676000247032, 33.765866999762522 ], [ -118.422114999807206, 33.766027999992389 ], [ -118.422454000151731, 33.76599600031534 ], [ -118.423200000379552, 33.766199999830405 ], [ -118.423453000355551, 33.767126000264966 ], [ -118.422388999852274, 33.767469999940829 ], [ -118.421988000245847, 33.767789000262439 ], [ -118.421813000269594, 33.76792800037714 ], [ -118.421483000340061, 33.768066999592691 ], [ -118.421236999787425, 33.768317000329603 ], [ -118.421210000341091, 33.768491000259758 ], [ -118.420999999650121, 33.768599999890284 ], [ -118.421180999902958, 33.769039000349892 ], [ -118.42129099957981, 33.769875000231309 ], [ -118.421401000155811, 33.770425999560473 ], [ -118.421467999648257, 33.770462000321231 ], [ -118.421483000340061, 33.770469999790976 ], [ -118.421757000385128, 33.771043000134682 ], [ -118.422136999922373, 33.771361999556916 ], [ -118.422400000359517, 33.772000000200194 ], [ -118.423001000195825, 33.772055000038449 ], [ -118.423348000010037, 33.772187999876451 ], [ -118.423521999940135, 33.772221999645865 ], [ -118.423813999915978, 33.772279999622583 ], [ -118.424522000189938, 33.772193000107052 ], [ -118.425699999655137, 33.772299999645554 ], [ -118.427329000133113, 33.774470999936909 ], [ -118.427023000410998, 33.774684999913063 ], [ -118.426348999906281, 33.775318000325683 ], [ -118.425776999608672, 33.775855999954672 ], [ -118.425267000371605, 33.776335999606999 ], [ -118.423923000445939, 33.777271999603443 ], [ -118.423621000009007, 33.777731000085851 ], [ -118.423512000378366, 33.778076999853909 ], [ -118.423505000055457, 33.778195999945638 ], [ -118.423499999824912, 33.778200000129971 ], [ -118.422639999736077, 33.781467999748656 ], [ -118.421929000223031, 33.782387999906462 ], [ -118.421392999786917, 33.783082999580984 ], [ -118.420798000227251, 33.783664000293584 ], [ -118.420437999813657, 33.783983999762143 ], [ -118.418902000027117, 33.78494800015045 ], [ -118.418720999774109, 33.785176999918917 ], [ -118.41821599986838, 33.785815999708916 ], [ -118.417941999823256, 33.786113999961287 ], [ -118.417283000010229, 33.786523999982762 ], [ -118.415770000385066, 33.787311000302623 ], [ -118.415281000317691, 33.787565000324719 ], [ -118.41347399972517, 33.788340000091296 ], [ -118.413196000394976, 33.788381000183335 ], [ -118.411499000378342, 33.789047000319044 ], [ -118.409985999853859, 33.789639999786345 ], [ -118.409273000248618, 33.790049999807877 ], [ -118.409031999926697, 33.790243999761003 ], [ -118.40773999970105, 33.790797000081568 ], [ -118.406831000050488, 33.790944999712281 ], [ -118.406703999589752, 33.791024999804165 ], [ -118.406502000167052, 33.791152000264788 ], [ -118.40622700007583, 33.791631999917058 ], [ -118.406117000399092, 33.792090000353426 ], [ -118.406118000445076, 33.792709000120396 ], [ -118.406281999914199, 33.792961000050298 ], [ -118.40629100032919, 33.793067000442079 ], [ -118.406199999729949, 33.793399999610585 ], [ -118.406331000375189, 33.793557999702159 ], [ -118.406336999752568, 33.793625000093868 ], [ -118.406476999913366, 33.793731999632371 ], [ -118.407012000303382, 33.794373999560605 ], [ -118.407021999865265, 33.794517999906134 ], [ -118.406775000165908, 33.795548999786774 ], [ -118.40680299965851, 33.795801999762773 ], [ -118.406884999842646, 33.795845999993105 ], [ -118.406912000188527, 33.796096999876909 ], [ -118.407103000003247, 33.796258000106945 ], [ -118.407108000233904, 33.796262000291279 ], [ -118.407099999864897, 33.796400000359881 ], [ -118.407953999677204, 33.796555000313219 ], [ -118.407953999677204, 33.796694000427919 ], [ -118.407487999771149, 33.796989999688947 ], [ -118.40677400011981, 33.797241999618848 ], [ -118.405649000400842, 33.798617000074728 ], [ -118.404222000244943, 33.799969000369401 ], [ -118.402436999767474, 33.800723000066569 ], [ -118.402224999883686, 33.800812999720335 ], [ -118.398740000150724, 33.801951000038855 ], [ -118.397581999809233, 33.802026999946349 ], [ -118.397381999579352, 33.80208299983093 ], [ -118.397169999695564, 33.802141999853575 ], [ -118.396281000067972, 33.802755000243224 ], [ -118.396127000160732, 33.802804999851048 ], [ -118.395990000138227, 33.80283000010445 ], [ -118.395979999677024, 33.802853000266055 ], [ -118.394639999935919, 33.803290999779904 ], [ -118.394069999730561, 33.803332999918155 ], [ -118.393713000354467, 33.803539999571512 ], [ -118.393356000079166, 33.803929999570016 ], [ -118.392560000243691, 33.805509999587059 ], [ -118.391734999970083, 33.808690999690043 ], [ -118.391606000316472, 33.809707999824639 ], [ -118.391569999555713, 33.809996999662019 ], [ -118.391321999810316, 33.810844000050793 ], [ -118.391212000133578, 33.811898000092867 ], [ -118.390552000274454, 33.814693000381851 ], [ -118.39038699985997, 33.816387000260022 ], [ -118.39013900011463, 33.81707399956565 ], [ -118.390068000437736, 33.817530999955864 ], [ -118.389809000184925, 33.819202999718868 ], [ -118.389697999562884, 33.820921999850611 ], [ -118.389834999585332, 33.821747000124219 ], [ -118.38988900027698, 33.823715000047457 ], [ -118.3900800000917, 33.825159000088036 ], [ -118.390085000322358, 33.825482999740927 ], [ -118.390106000391484, 33.827082999780771 ], [ -118.390187999676186, 33.827953000330922 ], [ -118.390022000114982, 33.829222000395248 ], [ -118.389802999908397, 33.830886999835457 ], [ -118.389830000254165, 33.831411999764327 ], [ -118.390022000114982, 33.831848000085301 ], [ -118.389932999608163, 33.833410000171568 ], [ -118.389883000000282, 33.834276999683937 ], [ -118.389773000323544, 33.834917000419523 ], [ -118.389799999769934, 33.836087000414921 ], [ -118.389936999792553, 33.836931999812123 ], [ -118.390300000344553, 33.838367000337087 ], [ -118.390300000344553, 33.838400000060233 ], [ -118.390309999906435, 33.838406000336988 ], [ -118.390320000367524, 33.838444000290735 ], [ -118.390731000435096, 33.839566999917338 ], [ -118.3910049995809, 33.840619999913372 ], [ -118.390789000411871, 33.840791999751161 ], [ -118.390525999974784, 33.841000000349993 ], [ -118.390483999836476, 33.841033000073082 ], [ -118.390566000020726, 33.841698000162751 ], [ -118.390949999742531, 33.842246000252885 ], [ -118.391097000226125, 33.842200999976455 ], [ -118.391251000133423, 33.842153999607547 ], [ -118.391361999856258, 33.841699000208848 ], [ -118.391581000062956, 33.841583000255582 ], [ -118.391938000338257, 33.841764999655311 ], [ -118.3920459999228, 33.841973000253915 ], [ -118.392293999668198, 33.842453999952284 ], [ -118.392486000428448, 33.842637000297486 ], [ -118.392650999943555, 33.842912000388822 ], [ -118.392816000357982, 33.843026000249893 ], [ -118.392885999988778, 33.843221000249173 ], [ -118.392897999642742, 33.843253999972319 ], [ -118.393308999710428, 33.84350599990222 ], [ -118.394242999614505, 33.843736999763053 ], [ -118.395560000093667, 33.843713999601619 ], [ -118.39588899997716, 33.843851999670221 ], [ -118.396035999561605, 33.84405700013059 ], [ -118.39646599960605, 33.84465599987476 ], [ -118.397124000272186, 33.84554699959466 ], [ -118.397288999787293, 33.845843999800934 ], [ -118.397261000294804, 33.846028000192234 ], [ -118.396876999673623, 33.846418000190738 ], [ -118.396657000320147, 33.846532000052036 ], [ -118.396409999721584, 33.846532000052036 ], [ -118.396245000206363, 33.846440000306075 ], [ -118.396189000321897, 33.846176999868817 ], [ -118.396163000022227, 33.846052000399766 ], [ -118.395587000439548, 33.844791999851054 ], [ -118.395478999955685, 33.844790999804957 ], [ -118.395230000164247, 33.844789999758859 ], [ -118.393856999800505, 33.845132000241904 ], [ -118.394158000191339, 33.84592199980068 ], [ -118.394789999658599, 33.847584000001746 ], [ -118.394817000004366, 33.847859000093081 ], [ -118.394982000418793, 33.848202999768773 ], [ -118.395475999817336, 33.848136000276384 ], [ -118.395722000369858, 33.848433999629606 ], [ -118.396464000413062, 33.848316999630072 ], [ -118.397809000384882, 33.847928999723706 ], [ -118.397809000384882, 33.847790999655103 ], [ -118.397727000200746, 33.847748000370075 ], [ -118.397672000362377, 33.847013999796502 ], [ -118.397782000039115, 33.846897999843065 ], [ -118.397920000107717, 33.846921000004443 ], [ -118.398250000037251, 33.847222000395277 ], [ -118.39849599969051, 33.847654999678639 ], [ -118.398723000266102, 33.847877000023686 ], [ -118.398824000427055, 33.847976000092615 ], [ -118.398798000127442, 33.848252000229877 ], [ -118.395941999723277, 33.849119999788513 ], [ -118.39594099967718, 33.849416999994787 ], [ -118.396327000390613, 33.850437000267675 ], [ -118.396434999975099, 33.85072400001286 ], [ -118.396544999651837, 33.850815999758822 ], [ -118.397642999924244, 33.850494000198125 ], [ -118.398187999876143, 33.850396000175465 ], [ -118.398100000314571, 33.851800000170101 ], [ -118.398595999805366, 33.85301599958899 ], [ -118.398685000312355, 33.853426999656563 ], [ -118.398766999597228, 33.853472999979203 ], [ -118.398986999849967, 33.854024000207744 ], [ -118.399230000264083, 33.854630000274597 ], [ -118.399261999941132, 33.854710000366481 ], [ -118.399325000148508, 33.85480300015854 ], [ -118.400291999775789, 33.857170999642165 ], [ -118.400522999636564, 33.857778999801155 ], [ -118.40054099956734, 33.857784000031813 ], [ -118.400605999866798, 33.85794100007729 ], [ -118.400605999866798, 33.858031999777154 ], [ -118.400741999843149, 33.85845100021379 ], [ -118.401202000371825, 33.859863999724098 ], [ -118.401373000163687, 33.860389999699066 ], [ -118.40255199967487, 33.864354999983618 ], [ -118.40279900027349, 33.865157000095792 ], [ -118.402880999558363, 33.86520000027997 ], [ -118.40301700043409, 33.865593000416936 ], [ -118.403173000433469, 33.866043999631131 ], [ -118.403237999833664, 33.866232000206935 ], [ -118.403758999577974, 33.867125000018973 ], [ -118.404115999853389, 33.868066000245904 ], [ -118.40482900035795, 33.869301999687707 ], [ -118.405047999665271, 33.870078000399758 ], [ -118.406255999614416, 33.872393000137095 ], [ -118.40663500000511, 33.873226999926317 ], [ -118.406996999611692, 33.874019999623499 ], [ -118.407189000371943, 33.874615000082542 ], [ -118.407408999725362, 33.874984000011807 ], [ -118.407874999631304, 33.875758999778213 ], [ -118.408251999929576, 33.876683000120579 ], [ -118.408256000114193, 33.876733999774501 ], [ -118.408294000067883, 33.876784000281532 ], [ -118.408300000344582, 33.87680000012017 ], [ -118.409038000203338, 33.878211999584323 ], [ -118.409391000294249, 33.878919999858397 ], [ -118.409408000178871, 33.87895399962764 ], [ -118.409380999833104, 33.879048000365117 ], [ -118.40946300001724, 33.879090999650145 ], [ -118.409654999878171, 33.879733999624648 ], [ -118.409820000292655, 33.879940000131057 ], [ -118.410011000107431, 33.880364999945073 ], [ -118.410334999760153, 33.881079999642566 ], [ -118.410450999713703, 33.881337999849052 ], [ -118.411410999917564, 33.882804000004796 ], [ -118.411768000192865, 33.88381199972423 ], [ -118.412339000444376, 33.884809999881952 ], [ -118.412343999775544, 33.884820000342984 ], [ -118.412729000442823, 33.885644999717272 ], [ -118.413512999725015, 33.886772000427584 ], [ -118.417768999939256, 33.894910999843034 ], [ -118.41783400023877, 33.895150000072761 ], [ -118.418513000074768, 33.896333999814544 ], [ -118.41964700020867, 33.898503000013761 ], [ -118.41964700020867, 33.898609000405315 ], [ -118.419810999677679, 33.898816000058616 ], [ -118.419891999815775, 33.898971000011784 ], [ -118.420030999930532, 33.899431999687181 ], [ -118.420493999698124, 33.900123000076746 ], [ -118.420576999928471, 33.900282000214418 ], [ -118.42099200018049, 33.901496999587152 ], [ -118.421011000157307, 33.901539999771387 ], [ -118.421705999831829, 33.903075999557927 ], [ -118.422694000427555, 33.904748000220309 ], [ -118.422775999712428, 33.905001000196307 ], [ -118.423187999826212, 33.905868999754716 ], [ -118.423709999616619, 33.906672999959312 ], [ -118.424013000099706, 33.907519000301761 ], [ -118.424710999912577, 33.908600999836551 ], [ -118.424781000442692, 33.908710000366398 ], [ -118.425055999634537, 33.909305999972162 ], [ -118.425962000046127, 33.910657000220738 ], [ -118.426374000159797, 33.911848000285147 ], [ -118.426594000412649, 33.912077000053785 ], [ -118.42749699978657, 33.913749999862887 ], [ -118.427720000177715, 33.914160999930459 ], [ -118.428352999690958, 33.915153999857409 ], [ -118.428826999965906, 33.916060000268942 ], [ -118.42884599994278, 33.916108999830726 ], [ -118.42892099980412, 33.91624099962263 ], [ -118.436797999727673, 33.931306000072027 ], [ -118.436813000419477, 33.931408000279248 ], [ -118.437335000209885, 33.932368999629944 ], [ -118.437581999909241, 33.933192999857283 ], [ -118.438269000114133, 33.934408000129395 ], [ -118.438570999651688, 33.934960000403862 ], [ -118.439231000410189, 33.936423000421371 ], [ -118.439497000086362, 33.936817999751099 ], [ -118.439587999786227, 33.936951999635369 ], [ -118.439618000270343, 33.937028000442069 ], [ -118.439808000038965, 33.937500999771601 ], [ -118.439945000061584, 33.937684000116747 ], [ -118.439917999715703, 33.937774999816611 ], [ -118.440908000403738, 33.939583999602178 ], [ -118.441030999780651, 33.939708999970605 ], [ -118.441182000448691, 33.939859999739383 ], [ -118.441237000287174, 33.940022000015517 ], [ -118.441426000009699, 33.940159000038022 ], [ -118.441499999824941, 33.940300000245088 ], [ -118.441819000146552, 33.940180000107091 ], [ -118.442034000168803, 33.940180000107091 ], [ -118.442254000421656, 33.940410999967924 ], [ -118.442467000351598, 33.94081899989726 ], [ -118.442721000373695, 33.941302999733921 ], [ -118.442831000050433, 33.941396999572021 ], [ -118.443133999634256, 33.942125999915163 ], [ -118.443778999700953, 33.943128000257218 ], [ -118.44431500013701, 33.943961000000343 ], [ -118.444424999813805, 33.944347999860611 ], [ -118.445304999925611, 33.945539999971345 ], [ -118.446734000173819, 33.948425999960193 ], [ -118.447310999802596, 33.949387000210038 ], [ -118.447751000308244, 33.949868999954674 ], [ -118.447811000377214, 33.949987000000363 ], [ -118.44797099966172, 33.95030300018351 ], [ -118.449317999725736, 33.952274000245154 ], [ -118.44942800030185, 33.952503000013621 ], [ -118.449912000138511, 33.953255999664918 ], [ -118.450280000021792, 33.953830000054722 ], [ -118.452177000268193, 33.956684000366522 ], [ -118.452533999644174, 33.957221999995511 ], [ -118.452562000036153, 33.957403000248519 ], [ -118.452782000288948, 33.957586999740442 ], [ -118.453331000425123, 33.958525999875178 ], [ -118.454871000396224, 33.960631999867189 ], [ -118.455257000210224, 33.960955000373133 ], [ -118.455312000048593, 33.961229999565091 ], [ -118.455394000232729, 33.961639999586566 ], [ -118.453772000077549, 33.962788000366174 ], [ -118.453780000446443, 33.962992999927167 ], [ -118.453882999800385, 33.965832000446824 ], [ -118.453966000030732, 33.965650000147718 ], [ -118.455113999910964, 33.965153999757433 ], [ -118.45693400020366, 33.964366000290852 ], [ -118.457676000247091, 33.964114000361121 ], [ -118.457814000315636, 33.964434999875607 ], [ -118.457939999830899, 33.964928000127429 ], [ -118.457799999670101, 33.964999999850363 ], [ -118.459700000054795, 33.969100000065112 ], [ -118.47310000016472, 33.985399999910271 ], [ -118.475099999764893, 33.985899999585513 ], [ -118.475699999555104, 33.987499999625527 ], [ -118.48170000015466, 33.994799999920303 ], [ -118.482420000082698, 33.994400000360031 ], [ -118.48248600042848, 33.994383999622073 ], [ -118.482768999989162, 33.994694000428069 ], [ -118.482899999734968, 33.995000000150185 ], [ -118.483002999988287, 33.994949999642984 ], [ -118.483009000264929, 33.99495699996578 ], [ -118.485394999679329, 33.993806999993353 ], [ -118.484537999728673, 33.994877999919993 ], [ -118.483339000194519, 33.99557499968671 ], [ -118.483339000194519, 33.995805000400651 ], [ -118.483577000378091, 33.996079000445661 ], [ -118.48340000030953, 33.996299999845462 ], [ -118.484200000329622, 33.99709999986527 ], [ -118.483300000194674, 33.997699999655538 ], [ -118.489552999870853, 34.003348000210281 ], [ -118.491205999656984, 34.005070999627208 ], [ -118.491938000138362, 34.005829999554976 ], [ -118.492774000019949, 34.006695999920623 ], [ -118.493754000246781, 34.007420000033278 ], [ -118.494260000198665, 34.007794000193201 ], [ -118.494789000311982, 34.008076999753882 ], [ -118.49570000005474, 34.008899999935295 ], [ -118.49709699972658, 34.007802999708815 ], [ -118.497109000279863, 34.007814000216172 ], [ -118.497500000324635, 34.008400000260053 ], [ -118.498699999904886, 34.007400000010136 ], [ -118.498859000042671, 34.007559000147808 ], [ -118.497066000095629, 34.008985000257837 ], [ -118.497135999726424, 34.009042000188458 ], [ -118.496500000074661, 34.009499999725449 ], [ -118.501899999984801, 34.015500000325062 ], [ -118.508200000029831, 34.020800000120005 ], [ -118.518600000289496, 34.027499999725478 ], [ -118.520674999751236, 34.028666000435635 ], [ -118.522063999953502, 34.029538000178832 ], [ -118.5228819999042, 34.029906000061999 ], [ -118.529099999764981, 34.033400000210065 ], [ -118.534699999904944, 34.035100000364935 ], [ -118.542200000429489, 34.038499999775468 ], [ -118.543923999892513, 34.03844700002918 ], [ -118.546652999835942, 34.038612999590498 ], [ -118.54811199966889, 34.038821000189273 ], [ -118.548343999575707, 34.038821000189273 ], [ -118.548854999758248, 34.038821000189273 ], [ -118.54995500012302, 34.038661000005334 ], [ -118.551813000369464, 34.038205999707259 ], [ -118.555300000194677, 34.038100000215081 ], [ -118.562489999913396, 34.040211000437523 ], [ -118.562911999588891, 34.040467999698706 ], [ -118.563627000185761, 34.040628999928742 ], [ -118.563703000093255, 34.04063100002071 ], [ -118.563945999607995, 34.040638000343733 ], [ -118.566200000129697, 34.041300000294939 ], [ -118.570095999930231, 34.041648000155305 ], [ -118.574256000214064, 34.039807999839468 ], [ -118.576510999882544, 34.039474999771585 ], [ -118.577959000107626, 34.039392000440614 ], [ -118.578949999942324, 34.039185999934205 ], [ -118.57914299984941, 34.039085999819179 ], [ -118.579776000262029, 34.038991999981022 ], [ -118.582943999765575, 34.037567999963414 ], [ -118.58539500037881, 34.038124999569334 ], [ -118.586268000167877, 34.038430000144672 ], [ -118.58664599961304, 34.038501999867663 ], [ -118.589349000156062, 34.03902399965807 ], [ -118.591039999895941, 34.039408000279252 ], [ -118.59391999960809, 34.039567999563815 ], [ -118.595620999809057, 34.039062999657915 ], [ -118.596265999875811, 34.038963999589157 ], [ -118.602655999574552, 34.039040000395858 ], [ -118.605391999840776, 34.038111999869159 ], [ -118.607607000362634, 34.036636000151475 ], [ -118.607750999808616, 34.036635000105434 ], [ -118.607811999923683, 34.036549999782892 ], [ -118.622495999890305, 34.037775999662813 ], [ -118.626576000082139, 34.03689599955095 ], [ -118.630384000321214, 34.037119999988306 ], [ -118.632825999619968, 34.03665300003621 ], [ -118.63375400014678, 34.036500000175067 ], [ -118.634189000421884, 34.0364279995527 ], [ -118.63433399991402, 34.036365000244871 ], [ -118.635071999772777, 34.036224000037805 ], [ -118.638328999783369, 34.036899999735454 ], [ -118.641532000001632, 34.037665999986075 ], [ -118.642220000252621, 34.037830000354575 ], [ -118.644038999599957, 34.038085999569432 ], [ -118.644703999689625, 34.038223999638092 ], [ -118.645125000218457, 34.038125999615374 ], [ -118.645273999894982, 34.038125999615374 ], [ -118.646044000330221, 34.038012999800401 ], [ -118.646826000419424, 34.037781999939568 ], [ -118.647597000001383, 34.037553000171044 ], [ -118.647805999746879, 34.037504999756209 ], [ -118.648108000183925, 34.03748799987153 ], [ -118.648932000411321, 34.037509999986867 ], [ -118.649406999832991, 34.037558000401702 ], [ -118.64945100006338, 34.037561999686886 ], [ -118.652655000327854, 34.037966000330812 ], [ -118.654928999973151, 34.038289999983704 ], [ -118.655623999647673, 34.038339999591528 ], [ -118.659407999679217, 34.038815999958672 ], [ -118.66265400008183, 34.038842000258342 ], [ -118.663594000262719, 34.038908999750902 ], [ -118.665170000095202, 34.038862000281313 ], [ -118.667439999556166, 34.038880000211918 ], [ -118.668515999713406, 34.038762000166457 ], [ -118.668902999573561, 34.038749999613003 ], [ -118.670829000257925, 34.038591000374538 ], [ -118.671590000278059, 34.038422999821876 ], [ -118.672239999676094, 34.038352000144982 ], [ -118.676208000098939, 34.036495999990677 ], [ -118.676491999705888, 34.035997000361533 ], [ -118.677018999726897, 34.035523000086584 ], [ -118.677376000002198, 34.034767000297052 ], [ -118.677420000232701, 34.034664000043733 ], [ -118.67773400032371, 34.033922000000473 ], [ -118.678174999976136, 34.033343000279444 ], [ -118.678449000021203, 34.032982999865794 ], [ -118.678562999882388, 34.032433999729562 ], [ -118.678583999951513, 34.032330000329353 ], [ -118.678616999674659, 34.032272000352805 ], [ -118.678689000296913, 34.032168000053446 ], [ -118.681560999640226, 34.030822000035471 ], [ -118.681831000400223, 34.030793999643606 ], [ -118.682163000422008, 34.030759999874419 ], [ -118.685955999969167, 34.031522999986748 ], [ -118.689671999562961, 34.032271000306707 ], [ -118.690556999905482, 34.032357999822068 ], [ -118.691542000362858, 34.032453999752533 ], [ -118.692435000174839, 34.032454999798631 ], [ -118.692672000312314, 34.032495999890671 ], [ -118.692950999688719, 34.032454999798631 ], [ -118.693220000402505, 34.032454999798631 ], [ -118.693864000423105, 34.032349000306453 ], [ -118.695640999632303, 34.03205800037648 ], [ -118.697232000156532, 34.031824000377583 ], [ -118.70166400039318, 34.030478000359608 ], [ -118.701774000069861, 34.030461999621821 ], [ -118.703039999995724, 34.030164000268655 ], [ -118.703907000407526, 34.029880999808597 ], [ -118.704800000219677, 34.029589999878851 ], [ -118.705955000422705, 34.029566999717417 ], [ -118.709418000040444, 34.030258000106926 ], [ -118.709971000361179, 34.030367999783721 ], [ -118.710026000199548, 34.030415000152459 ], [ -118.710494000197798, 34.030438000313495 ], [ -118.713245000256393, 34.03114699973446 ], [ -118.71461999981301, 34.031350000102634 ], [ -118.716133000337493, 34.031260999595759 ], [ -118.717272999848831, 34.031119000241972 ], [ -118.717617999570848, 34.031076000057567 ], [ -118.718442999844399, 34.031076000057567 ], [ -118.723944999961645, 34.031761000170206 ], [ -118.725209999841468, 34.031974000100263 ], [ -118.726255000367814, 34.032150000122613 ], [ -118.728290999829653, 34.032378999891137 ], [ -118.730490999659764, 34.032791000004977 ], [ -118.732216000068149, 34.03285100007372 ], [ -118.733049999857485, 34.032879999612476 ], [ -118.733142999649544, 34.032879999612476 ], [ -118.736184999637885, 34.032900999681715 ], [ -118.738275999837356, 34.032763999659153 ], [ -118.741122999826359, 34.03247199968331 ], [ -118.741410999617756, 34.032443000144553 ], [ -118.742885000142508, 34.032168000053446 ], [ -118.744319999768038, 34.0320160002384 ], [ -118.749215999818375, 34.030320000268034 ], [ -118.749496000140141, 34.0301579999919 ], [ -118.75000800036878, 34.029942999969705 ], [ -118.750586000043654, 34.02969300013217 ], [ -118.752017000384114, 34.028822999581962 ], [ -118.752374999806193, 34.028505000205826 ], [ -118.753392999986715, 34.02790699960849 ], [ -118.75339400003287, 34.027905999562392 ], [ -118.753839999915783, 34.02764800025534 ], [ -118.754837000027408, 34.025869000054513 ], [ -118.75510199965737, 34.025815000262298 ], [ -118.755488000370747, 34.025738000308706 ], [ -118.762925999834806, 34.025078000449639 ], [ -118.763058999672865, 34.025069000034478 ], [ -118.763492999901871, 34.025040999642613 ], [ -118.764423999667713, 34.0249809995737 ], [ -118.765574999686351, 34.024842000358376 ], [ -118.765871999892738, 34.024816000058649 ], [ -118.768890999719702, 34.024192000061021 ], [ -118.77036500024434, 34.023977000038826 ], [ -118.770954999573291, 34.023850999624074 ], [ -118.776085999669021, 34.022763999858853 ], [ -118.778423999567792, 34.022535000090386 ], [ -118.778709000120102, 34.022490999860054 ], [ -118.778825000073539, 34.022472999929278 ], [ -118.780183999791632, 34.022259999999221 ], [ -118.783182000448789, 34.021414999702642 ], [ -118.78385700010034, 34.021099000418872 ], [ -118.784063999753585, 34.021056000234466 ], [ -118.78427999982199, 34.02090000023486 ], [ -118.784695000074009, 34.020706000281905 ], [ -118.784869000004221, 34.02057000030544 ], [ -118.786146000437441, 34.019577000378547 ], [ -118.786373000113656, 34.0194000003101 ], [ -118.7864409996522, 34.019247000448956 ], [ -118.78646399981352, 34.019264000333635 ], [ -118.789440000355512, 34.016144000345491 ], [ -118.790821000188771, 34.013431000240757 ], [ -118.790829999704556, 34.013423999917734 ], [ -118.790897000096265, 34.013281999664798 ], [ -118.79163600000112, 34.011832000246841 ], [ -118.792892000365384, 34.010720000227991 ], [ -118.792897999742706, 34.01070000020502 ], [ -118.793055999834394, 34.010560000044222 ], [ -118.792959999903871, 34.008191999661278 ], [ -118.794336000405963, 34.006767999643614 ], [ -118.796864000073356, 34.006400999806544 ], [ -118.797457999586811, 34.006349000106525 ], [ -118.797782000139023, 34.006285999899148 ], [ -118.79815300016071, 34.006214000176158 ], [ -118.800400000359502, 34.005888000431071 ], [ -118.801350000102218, 34.005267999718626 ], [ -118.801610000401013, 34.005180000157054 ], [ -118.801973000053749, 34.004979999927343 ], [ -118.802187000029903, 34.004861999881712 ], [ -118.802648999751398, 34.004421000229229 ], [ -118.803391999840755, 34.0039360003463 ], [ -118.804320000367568, 34.002207999799566 ], [ -118.804413000159627, 34.000393999783626 ], [ -118.804442999744481, 34.000370999622191 ], [ -118.806339999990882, 34.000371999668289 ], [ -118.806783999781601, 34.000638000243782 ], [ -118.806835000334786, 34.000668999874733 ], [ -118.807742999939364, 34.001411999964091 ], [ -118.810646999858932, 34.004473999975346 ], [ -118.811151999764888, 34.005042000088451 ], [ -118.811277000133259, 34.005138000018917 ], [ -118.815565000024606, 34.009659999909388 ], [ -118.816349000206003, 34.010538999975154 ], [ -118.816577999974584, 34.010727999697735 ], [ -118.816767999743206, 34.010927999927617 ], [ -118.817428999648428, 34.011428999648786 ], [ -118.81801999992291, 34.011915999623852 ], [ -118.818727000150716, 34.012499000428818 ], [ -118.818850999573783, 34.012599999690394 ], [ -118.818961000149898, 34.012679999782506 ], [ -118.820555999959311, 34.013839000169867 ], [ -118.820584000351175, 34.013929999869902 ], [ -118.820781000442594, 34.013968999869746 ], [ -118.821084000026417, 34.01419799963827 ], [ -118.824312999645031, 34.016785000227799 ], [ -118.82474699987398, 34.017133000088052 ], [ -118.825149000425824, 34.017454999648749 ], [ -118.82583699977755, 34.017867999808516 ], [ -118.827513999771099, 34.01919499984956 ], [ -118.827925999884826, 34.019424999664295 ], [ -118.828680999628261, 34.019953999777556 ], [ -118.831359999963865, 34.021983999862016 ], [ -118.835655000177951, 34.024734999920497 ], [ -118.836948999596473, 34.02562899977886 ], [ -118.837389000102121, 34.025954000376998 ], [ -118.840111999768851, 34.027964000438487 ], [ -118.841489000316926, 34.028924999789183 ], [ -118.841684000316206, 34.028979999627438 ], [ -118.841734999970129, 34.028994000273087 ], [ -118.842423000221117, 34.029451999810249 ], [ -118.843221000148844, 34.029816999555123 ], [ -118.844065000399326, 34.030308999760678 ], [ -118.844678999935695, 34.030666000036092 ], [ -118.846812000273474, 34.031591000424555 ], [ -118.847209999741438, 34.031763000262572 ], [ -118.848144999691783, 34.032242999914672 ], [ -118.849578000124438, 34.032827999912456 ], [ -118.849792000100535, 34.032928000027482 ], [ -118.849874000284728, 34.032949000096551 ], [ -118.851061000164862, 34.033433999979479 ], [ -118.851270999956455, 34.03350599970247 ], [ -118.851373000163676, 34.033541000417131 ], [ -118.853070000180196, 34.034122000230354 ], [ -118.856590999774653, 34.034990999834918 ], [ -118.857607999909078, 34.035103999650119 ], [ -118.858134999930144, 34.035186999880466 ], [ -118.858185999584066, 34.03519500024936 ], [ -118.858511000182375, 34.035177000318356 ], [ -118.858911999788802, 34.035279999672468 ], [ -118.860271999552992, 34.035040000296021 ], [ -118.86078299973542, 34.034380000437011 ], [ -118.861101000010933, 34.034393000136959 ], [ -118.862311000052443, 34.034757999882061 ], [ -118.86236699993691, 34.03482500027377 ], [ -118.862495999590521, 34.034844000250473 ], [ -118.862862000280927, 34.034895999950493 ], [ -118.86508999960364, 34.035650999694099 ], [ -118.86658500019746, 34.036018999577323 ], [ -118.869080000141764, 34.036633000013239 ], [ -118.8694090000252, 34.036655000128405 ], [ -118.872050999553778, 34.037433000033218 ], [ -118.873646000262454, 34.037662999847782 ], [ -118.874375999752374, 34.037745000032032 ], [ -118.87497500039575, 34.037812999570519 ], [ -118.874976999588739, 34.037812999570519 ], [ -118.875888000230873, 34.038047999615685 ], [ -118.882480000251576, 34.03808000019211 ], [ -118.88433500035984, 34.038242999614965 ], [ -118.884467000151744, 34.038261999591839 ], [ -118.888043999630668, 34.03858500009801 ], [ -118.889803999854564, 34.03883700002774 ], [ -118.890259000152582, 34.038763000212555 ], [ -118.892583000305081, 34.03896699972745 ], [ -118.892857000350148, 34.039022999611973 ], [ -118.89321899995673, 34.039022999611973 ], [ -118.895232000156398, 34.039199999680477 ], [ -118.902303999829542, 34.041296000110549 ], [ -118.909824000377171, 34.042031999877111 ], [ -118.914544000405158, 34.041503999810004 ], [ -118.915556000308925, 34.042021000269131 ], [ -118.915851000423118, 34.042301999737617 ], [ -118.918601000435615, 34.04360799970965 ], [ -118.918965000134449, 34.043762999662931 ], [ -118.921183999941491, 34.044895999750622 ], [ -118.922813000419467, 34.045103000303527 ], [ -118.924158000391117, 34.045348999956502 ], [ -118.925532999947734, 34.045450000117626 ], [ -118.928847999935044, 34.045871999793235 ], [ -118.931615999878261, 34.045376000302497 ], [ -118.932505000405229, 34.044646999959355 ], [ -118.932906000011712, 34.044479000305898 ], [ -118.933206000356449, 34.044071000376562 ], [ -118.933759999823906, 34.043616000078543 ], [ -118.935647999655316, 34.043424000217726 ], [ -118.935983999861548, 34.042863999574195 ], [ -118.936931000365178, 34.043147000034196 ], [ -118.937030999580827, 34.043266000126152 ], [ -118.937554000316709, 34.043472999779283 ], [ -118.939864999869599, 34.044067000192058 ], [ -118.941818000000524, 34.044685999959199 ], [ -118.942667999628213, 34.04485999988924 ], [ -118.943490999809626, 34.04510600044182 ], [ -118.943451999809781, 34.045450000117626 ], [ -118.943207000202676, 34.047590999924978 ], [ -118.942426000159571, 34.054412999760416 ], [ -118.942367000136812, 34.054932000311737 ], [ -118.94229699960664, 34.055539000424858 ], [ -118.941800000069748, 34.05988200015446 ], [ -118.941398999564058, 34.063376000302526 ], [ -118.94138699990998, 34.063487000025361 ], [ -118.941374000209748, 34.063597999748026 ], [ -118.941040000095768, 34.065616000178409 ], [ -118.939989000192043, 34.074554999613838 ], [ -118.935918000415199, 34.077064000203677 ], [ -118.933500999571322, 34.078553999667577 ], [ -118.929108000233839, 34.081261000395159 ], [ -118.924804999650803, 34.083913000384712 ], [ -118.923149999772477, 34.084931999712296 ], [ -118.922297000006381, 34.085457999687094 ], [ -118.916108999730397, 34.089269000064576 ], [ -118.915484999732826, 34.089652999786381 ], [ -118.908674000404574, 34.093848999931595 ], [ -118.907410999717683, 34.094625999790196 ], [ -118.901861000084921, 34.098042999984614 ], [ -118.898712999705026, 34.099981000323169 ], [ -118.895047999765211, 34.102237000037803 ], [ -118.89001299960006, 34.105337000002805 ], [ -118.888236000390918, 34.106430000044782 ], [ -118.881423000071209, 34.1106240000978 ], [ -118.881312000348373, 34.110691999636231 ], [ -118.874608999705401, 34.114815000012527 ], [ -118.872610000151155, 34.11604400003074 ], [ -118.867795000238857, 34.119006999973408 ], [ -118.863907999954108, 34.121397999618239 ], [ -118.860979999826952, 34.123197999887964 ], [ -118.855203999664695, 34.126748999966651 ], [ -118.85416500031431, 34.127386999710552 ], [ -118.847349999902406, 34.131576999579011 ], [ -118.846498000182407, 34.13210100036116 ], [ -118.840534000343609, 34.135766000300976 ], [ -118.8377919998008, 34.137450999764155 ], [ -118.833718999931705, 34.139954000077296 ], [ -118.829085000272414, 34.142802000112567 ], [ -118.82786699986201, 34.143550000432356 ], [ -118.826903000372965, 34.144142999899827 ], [ -118.820376999798555, 34.148152000414711 ], [ -118.820085999868809, 34.148330999676148 ], [ -118.813269000263972, 34.15251700025965 ], [ -118.81166700013182, 34.153499999725284 ], [ -118.806450999713718, 34.156702999943775 ], [ -118.802956999565652, 34.158848999981558 ], [ -118.799634000108824, 34.160887999581803 ], [ -118.794244999806722, 34.164195000099483 ], [ -118.792815000411736, 34.165073000119037 ], [ -118.792007000022863, 34.165568999609945 ], [ -118.787791999900662, 34.168156000199531 ], [ -118.785685999908765, 34.168147999830637 ], [ -118.784983999911503, 34.168144999692174 ], [ -118.777685999708865, 34.168118000245727 ], [ -118.776363999898535, 34.168113000015126 ], [ -118.774153999607222, 34.168104999646232 ], [ -118.769686000408342, 34.168087999761724 ], [ -118.763325000248415, 34.16806499960029 ], [ -118.761686000208613, 34.168058000176813 ], [ -118.753687000054811, 34.168024999554348 ], [ -118.752495999990288, 34.168021000269164 ], [ -118.749098999818841, 34.168006999623572 ], [ -118.745685999808757, 34.167993999923397 ], [ -118.741666999732104, 34.167978000084929 ], [ -118.737686999655125, 34.167962000246348 ], [ -118.731314999887104, 34.167936999992719 ], [ -118.722448000174779, 34.167855999854794 ], [ -118.713045000026568, 34.168382999875803 ], [ -118.710460999575275, 34.168515999713804 ], [ -118.710009000314926, 34.168520999944235 ], [ -118.709203000018306, 34.168520999944406 ], [ -118.705702999593541, 34.168525000128795 ], [ -118.702406999583104, 34.168529000313356 ], [ -118.701952000184519, 34.16851200042862 ], [ -118.672555999859298, 34.168161999576853 ], [ -118.667056999880458, 34.168060000269008 ], [ -118.667056999880458, 34.168096000130618 ], [ -118.667039999995836, 34.168096000130618 ], [ -118.667008000318788, 34.169375999802696 ], [ -118.667041000041934, 34.17074299988974 ], [ -118.667003000088243, 34.177408999725742 ], [ -118.666999999949894, 34.178027000346049 ], [ -118.666956999765603, 34.185408999925642 ], [ -118.666948000249874, 34.187027999942529 ], [ -118.666911000342225, 34.193409000125541 ], [ -118.666895999650421, 34.196030999631205 ], [ -118.666863999973486, 34.201409000325441 ], [ -118.666858999742828, 34.202301000091381 ], [ -118.666768000042964, 34.205792000100985 ], [ -118.666808000088906, 34.211063000357342 ], [ -118.666791000204285, 34.214031999677331 ], [ -118.666772000227411, 34.217408999825636 ], [ -118.666739999651099, 34.223033000173018 ], [ -118.666725999904827, 34.225407999979268 ], [ -118.666686999904982, 34.232032999723458 ], [ -118.666679000435295, 34.233408000179338 ], [ -118.666656000274031, 34.237491999656243 ], [ -118.666640000435507, 34.237936000346338 ], [ -118.666624999743817, 34.240293000221982 ], [ -118.665745999677995, 34.240291000129787 ], [ -118.665524000232267, 34.240291000129787 ], [ -118.657524000032367, 34.240278000429441 ], [ -118.654907999904083, 34.240274000245108 ], [ -118.652627999982087, 34.240270000060718 ], [ -118.649523999832468, 34.240264999830117 ], [ -118.644071000176382, 34.240255000268405 ], [ -118.641523999632739, 34.240251000083845 ], [ -118.636811999973588, 34.240242999714951 ], [ -118.635120000187726, 34.24020799989944 ], [ -118.631632000316358, 34.240206999853399 ], [ -118.631632000316358, 34.240232000106971 ], [ -118.631411000017408, 34.240232000106971 ], [ -118.631494000247756, 34.246117999945966 ], [ -118.631516000362979, 34.24771799998598 ], [ -118.631537000432047, 34.249190999565201 ], [ -118.631423999717583, 34.253440000356022 ], [ -118.631423999717583, 34.261376000302505 ], [ -118.631376000202124, 34.263184000041747 ], [ -118.631407999879059, 34.263872000292793 ], [ -118.632448000174918, 34.27054400040555 ], [ -118.633033000172588, 34.27297500009638 ], [ -118.633273000448412, 34.274643999721093 ], [ -118.633566999617074, 34.276688999597923 ], [ -118.633752000054528, 34.277973000353938 ], [ -118.634558000351262, 34.283582000009631 ], [ -118.634890000373048, 34.285892000415686 ], [ -118.635687000254677, 34.291431999587417 ], [ -118.635679999931881, 34.29172799974765 ], [ -118.640352000444295, 34.301519999848381 ], [ -118.643871999992655, 34.308559999844306 ], [ -118.646479999752046, 34.314032000376812 ], [ -118.659499000278458, 34.340402999698824 ], [ -118.660533000297562, 34.342513999921437 ], [ -118.66122699992593, 34.343930999616077 ], [ -118.664615999728483, 34.350852999566598 ], [ -118.664745000281414, 34.351116000003628 ], [ -118.668265999875871, 34.358304999676193 ], [ -118.668700000104764, 34.359192000111079 ], [ -118.671782000139046, 34.365484999833086 ], [ -118.672784999627879, 34.367532999848379 ], [ -118.673968000222771, 34.369947999700742 ], [ -118.691487999671324, 34.406112000068902 ], [ -118.692111999668839, 34.407295999810742 ], [ -118.70295999990384, 34.42998400016171 ], [ -118.703583999901468, 34.431152000065083 ], [ -118.706768000142972, 34.437728000247319 ], [ -118.70702400025715, 34.43800000020002 ], [ -118.711903999569699, 34.447792000300922 ], [ -118.714800000019807, 34.453823999678036 ], [ -118.718479999752049, 34.460976000342441 ], [ -118.719936000345911, 34.46401600023836 ], [ -118.720576000182064, 34.465119999888259 ], [ -118.721120000087808, 34.466336000206525 ], [ -118.721888000430681, 34.467727999647707 ], [ -118.722383999921419, 34.468928000127335 ], [ -118.723776000261921, 34.471504000209734 ], [ -118.724191999660832, 34.472543999606216 ], [ -118.725392000140459, 34.474720000128173 ], [ -118.737567999563396, 34.499183999642014 ], [ -118.745025999949803, 34.513665000139952 ], [ -118.745986000153664, 34.515601000386084 ], [ -118.774975999742367, 34.574718999882009 ], [ -118.775008000318792, 34.57465599967486 ], [ -118.787647999555304, 34.600160000384051 ], [ -118.792959999903871, 34.611023999558086 ], [ -118.811824000177296, 34.648319999968237 ], [ -118.816368000182877, 34.657535999586969 ], [ -118.837408000078995, 34.701216000318425 ], [ -118.847104000249146, 34.72156799996344 ], [ -118.847330999925532, 34.72156799996344 ], [ -118.848078000199337, 34.723099999565477 ], [ -118.848636999897508, 34.724259999999106 ], [ -118.849442000147974, 34.725929999669972 ], [ -118.852108999930238, 34.731467999648714 ], [ -118.85347099978668, 34.734295999660844 ], [ -118.855267999918055, 34.738024999854076 ], [ -118.855580999962967, 34.738675000151432 ], [ -118.857501000370689, 34.742659000412857 ], [ -118.859054000041851, 34.745881999754545 ], [ -118.86153200010159, 34.751025000403729 ], [ -118.862527000120792, 34.753088000211335 ], [ -118.865563999878475, 34.75939000034839 ], [ -118.866000000199676, 34.760294999814676 ], [ -118.869475000370755, 34.767501000271295 ], [ -118.869531000255222, 34.767617000224561 ], [ -118.869596999701571, 34.767753000201026 ], [ -118.872949999642628, 34.774706999828538 ], [ -118.87363000042393, 34.7761180001458 ], [ -118.874937000442003, 34.778828000112298 ], [ -118.876423999767553, 34.781913000284931 ], [ -118.87766400029318, 34.784483000090631 ], [ -118.879899999984787, 34.789118999842174 ], [ -118.88169800016243, 34.792845999943268 ], [ -118.883376000202077, 34.796324000252696 ], [ -118.885734000123875, 34.801210999888042 ], [ -118.886852999566145, 34.803528999763671 ], [ -118.889770000085207, 34.809573999740508 ], [ -118.890329999829476, 34.810734000174193 ], [ -118.891361999756327, 34.812872999889294 ], [ -118.893536000186089, 34.817776000262484 ], [ -118.884352000244462, 34.817440000056138 ], [ -118.880927999727191, 34.817823999777943 ], [ -118.875915999723475, 34.817819000446718 ] ] ] ] } },
{ "type": "Feature", "properties": { "AREA_NAME": "Plumas County, CA", "Status": null, "Status_120": "Nonattainment", "Id": 0, "NAME": null, "COMPOSID": "PM-2.5.2012.Plumas_Co" }, "geometry": { "type": "MultiPolygon", "coordinates": [ [ [ [ -120.488079917962807, 39.706575264184266 ], [ -120.49348690012971, 39.706604703281812 ], [ -120.495326900160592, 39.706614703601815 ], [ -120.496676899826525, 39.706624703190528 ], [ -120.501036899316148, 39.706484703744195 ], [ -120.504376898779185, 39.706484704008346 ], [ -120.510936897177373, 39.706474704333459 ], [ -120.519106896390099, 39.706464705475753 ], [ -120.527436894508583, 39.706484705831599 ], [ -120.52821689435774, 39.706474705699861 ], [ -120.531646894219648, 39.70646470646733 ], [ -120.532516893566083, 39.706464706536224 ], [ -120.539396892479942, 39.706444706686113 ], [ -120.540396892400054, 39.706444706765126 ], [ -120.541176892247961, 39.706444706826801 ], [ -120.542076892625232, 39.706444706898026 ], [ -120.54708689136902, 39.706464707688383 ], [ -120.557066889580142, 39.706494708366733 ], [ -120.559726889636011, 39.706504708767625 ], [ -120.56056688885036, 39.706504708834075 ], [ -120.575706886472346, 39.706524709717144 ], [ -120.583496885803982, 39.706544710013134 ], [ -120.586906884677489, 39.706554710466207 ], [ -120.587156884879619, 39.706574710848201 ], [ -120.587416885129642, 39.706564710688383 ], [ -120.587896884559029, 39.706514710493821 ], [ -120.589446884208371, 39.706534710990354 ], [ -120.603536882588571, 39.706564711963608 ], [ -120.607216881755392, 39.706574712435213 ], [ -120.61271688087146, 39.706554712508137 ], [ -120.626036878558864, 39.706524713699025 ], [ -120.642576876069313, 39.706584714720748 ], [ -120.646456875221133, 39.706594715205483 ], [ -120.654216874421707, 39.706624715652026 ], [ -120.654106873989463, 39.70622471588149 ], [ -120.654356874248549, 39.705814716295549 ], [ -120.654616874514659, 39.705684715881944 ], [ -120.654886873947703, 39.705394716019043 ], [ -120.654806874540952, 39.705034716272053 ], [ -120.654516874228648, 39.704514716148935 ], [ -120.654266874054429, 39.704284715804988 ], [ -120.654086874271229, 39.7034347161445 ], [ -120.654096874361755, 39.703084715849627 ], [ -120.65452687456991, 39.702274716427951 ], [ -120.654546874680648, 39.702104716394842 ], [ -120.654366874848279, 39.701624716460856 ], [ -120.654436874294674, 39.70135471659961 ], [ -120.654906874643473, 39.700814716498428 ], [ -120.655196875068498, 39.700484716814174 ], [ -120.655406874274036, 39.699914716824367 ], [ -120.655386875133047, 39.699544716323715 ], [ -120.654776875362018, 39.697844716919576 ], [ -120.654456874911943, 39.697364716374636 ], [ -120.654706875234695, 39.69647471687972 ], [ -120.654606875724937, 39.696224716807365 ], [ -120.654876875172647, 39.695824716915865 ], [ -120.655026874969337, 39.695574716582712 ], [ -120.65494687559152, 39.694994717016471 ], [ -120.654696875479544, 39.694294716805416 ], [ -120.654716875591589, 39.694114717249704 ], [ -120.654876875423099, 39.69393471723572 ], [ -120.655236875218861, 39.693904716753252 ], [ -120.655396875934116, 39.693834717135928 ], [ -120.655486875456802, 39.693654717077379 ], [ -120.655806875114422, 39.693334717056018 ], [ -120.656136875689469, 39.693204717330389 ], [ -120.656346875740212, 39.693034717089802 ], [ -120.656396875085079, 39.69286471710933 ], [ -120.656746875872784, 39.691794717585879 ], [ -120.657536875932237, 39.690534717793014 ], [ -120.657786875302236, 39.690054717612043 ], [ -120.658746875222675, 39.688724717900982 ], [ -120.658946875234676, 39.68851471757273 ], [ -120.659086875911953, 39.688064718152646 ], [ -120.659076875900837, 39.687814718045445 ], [ -120.659736875398551, 39.68646471805647 ], [ -120.660026875815674, 39.686194718360127 ], [ -120.662446875913645, 39.684684718427548 ], [ -120.663956875455938, 39.684184718530787 ], [ -120.66418687558172, 39.684114718741853 ], [ -120.666616874820193, 39.68264471903376 ], [ -120.666846874944724, 39.682584719266117 ], [ -120.667456874926643, 39.682694718651533 ], [ -120.667786874595379, 39.682624718742602 ], [ -120.669086874982554, 39.682314719070405 ], [ -120.669456874814557, 39.682344719116429 ], [ -120.670116874994676, 39.682624718926945 ], [ -120.670486874829351, 39.68263471914878 ], [ -120.671306874879349, 39.682444719454907 ], [ -120.671446874627861, 39.682224719128499 ], [ -120.671446874671631, 39.681894719036904 ], [ -120.671536874196875, 39.681694719687414 ], [ -120.672146874261045, 39.681184719791588 ], [ -120.672396874463175, 39.681204719229413 ], [ -120.6728668747283, 39.681294719341679 ], [ -120.673626874511058, 39.681124719545721 ], [ -120.673876873845245, 39.680914719612531 ], [ -120.673936874133915, 39.680734719742247 ], [ -120.673876873882364, 39.680634719834529 ], [ -120.673316874151453, 39.680294719866936 ], [ -120.673326874223335, 39.680084719465185 ], [ -120.673606874586994, 39.67988471972842 ], [ -120.673786874501445, 39.679744719636005 ], [ -120.674796874483604, 39.679614719955111 ], [ -120.675176874355714, 39.679674719585989 ], [ -120.675746874182437, 39.679624719967308 ], [ -120.676596874335701, 39.679654719837117 ], [ -120.676796874335707, 39.679534719873004 ], [ -120.677486873916735, 39.678554720007583 ], [ -120.678026873705107, 39.677794719992448 ], [ -120.67868687399249, 39.677264720476558 ], [ -120.678986873567283, 39.67690472061372 ], [ -120.679156874339924, 39.67673472033573 ], [ -120.679466873927026, 39.676614720146745 ], [ -120.67989687403167, 39.67658472044036 ], [ -120.680426873659428, 39.676704720747978 ], [ -120.680595388587847, 39.676767913682284 ], [ -120.68058687345524, 39.67679472047746 ], [ -120.680736874103786, 39.676894720421046 ], [ -120.680986873365157, 39.677234720509034 ], [ -120.681057003902595, 39.677440438130645 ], [ -120.681086873757579, 39.67760472029579 ], [ -120.681193463320426, 39.677754612952299 ], [ -120.681306873788913, 39.677914720489298 ], [ -120.681308268872158, 39.677916057626817 ], [ -120.681406873313222, 39.678054720165164 ], [ -120.682173868161897, 39.67874596356279 ], [ -120.682221444722302, 39.678791577088361 ], [ -120.682310207223452, 39.678924721393003 ], [ -120.682526872681308, 39.679444720722813 ], [ -120.682666873277753, 39.679604720638736 ], [ -120.683026873027302, 39.679924720747806 ], [ -120.683145632051435, 39.68018023400333 ], [ -120.683256873041898, 39.6806947206735 ], [ -120.683476873079826, 39.680954720740999 ], [ -120.683626001468497, 39.681023601005677 ], [ -120.684006872677116, 39.681304720607613 ], [ -120.684326872272663, 39.681454720705972 ], [ -120.685176872370334, 39.681904720420619 ], [ -120.685876871828725, 39.682184720635632 ], [ -120.686106871926711, 39.682324720653469 ], [ -120.686202736511177, 39.682429984047701 ], [ -120.686336871998151, 39.682664720279604 ], [ -120.686496871775489, 39.682894720765432 ], [ -120.687476871520687, 39.683554720261952 ], [ -120.687739781393816, 39.683694223206601 ], [ -120.687776871923575, 39.683724720381861 ], [ -120.687864087539026, 39.683760181958803 ], [ -120.687966871851643, 39.683814720644193 ], [ -120.688062095049588, 39.683840690283091 ], [ -120.688686871398204, 39.684094720721021 ], [ -120.688905266160646, 39.684252868190924 ], [ -120.68903030711391, 39.684422278956845 ], [ -120.68904786198317, 39.684460898806208 ], [ -120.689076871211171, 39.684934720220497 ], [ -120.689164871945707, 39.685033721178002 ], [ -120.689166871592477, 39.685054720502762 ], [ -120.689231156813321, 39.68510829170782 ], [ -120.689236870994989, 39.685114720221918 ], [ -120.689246871038279, 39.685121387238325 ], [ -120.689586870704375, 39.685404720319809 ], [ -120.689736871337118, 39.68562472021614 ], [ -120.689828341341467, 39.68589913200276 ], [ -120.689876870980981, 39.68619472072055 ], [ -120.689966871319825, 39.686634720291693 ], [ -120.69013687115438, 39.686764720676763 ], [ -120.691326870926503, 39.68743472071867 ], [ -120.691500860182771, 39.687533062757382 ], [ -120.691606870323085, 39.687754720485259 ], [ -120.691758872380603, 39.688134726217243 ], [ -120.691786870158012, 39.688214720644453 ], [ -120.692512573079853, 39.688702695126267 ], [ -120.692816870115792, 39.688934720300438 ], [ -120.692925197034072, 39.688980148061034 ], [ -120.6929468697831, 39.688994720800508 ], [ -120.693095072908932, 39.689051386549409 ], [ -120.693126869669811, 39.689064720513556 ], [ -120.6933966741056, 39.689250210891259 ], [ -120.693426870066162, 39.689284720511694 ], [ -120.693676870163586, 39.690094720364471 ], [ -120.693846869974266, 39.690404720479137 ], [ -120.694021655130484, 39.690557993950904 ], [ -120.694830865373717, 39.691452794504926 ], [ -120.695006869530573, 39.691704720397695 ], [ -120.695386869389438, 39.691864720267006 ], [ -120.695551368855774, 39.691878720058412 ], [ -120.695746869173377, 39.69192472031267 ], [ -120.696126869049408, 39.691954720331694 ], [ -120.696896868830038, 39.692134720743752 ], [ -120.696994945077961, 39.692151909173617 ], [ -120.69790686875524, 39.692434720596111 ], [ -120.698656868467367, 39.69246472042272 ], [ -120.698956868925961, 39.692214720374295 ], [ -120.699100276886952, 39.691958912960672 ], [ -120.699656868508896, 39.691554720838383 ], [ -120.699926868809939, 39.691494720521177 ], [ -120.700686868572802, 39.691474720687381 ], [ -120.701506868620299, 39.691304721073323 ], [ -120.701716868648532, 39.691304721090034 ], [ -120.702166867925996, 39.691404720784078 ], [ -120.702376867939847, 39.691514721294482 ], [ -120.702806867998163, 39.691834720826023 ], [ -120.703736867514749, 39.692554720739622 ], [ -120.704256867939762, 39.693104721321049 ], [ -120.704566867460585, 39.693484721119773 ], [ -120.704906867092575, 39.694024721265521 ], [ -120.705196867435518, 39.694314721259843 ], [ -120.705506866953669, 39.694714720962224 ], [ -120.705706866898083, 39.695014721288828 ], [ -120.705748365450063, 39.69512192630134 ], [ -120.705806867273111, 39.69551472099073 ], [ -120.70567686751815, 39.696114720947321 ], [ -120.705676867474438, 39.696444720814043 ], [ -120.70576686694011, 39.696694720779988 ], [ -120.706202339545371, 39.696931390192788 ], [ -120.706366866836959, 39.697114720876186 ], [ -120.706546866702411, 39.697344720920455 ], [ -120.706635903194694, 39.697440787265577 ], [ -120.706696866443451, 39.697514720942536 ], [ -120.707426866852927, 39.698394720946396 ], [ -120.707606866671995, 39.698974720979493 ], [ -120.707856865945359, 39.699224720779341 ], [ -120.70812686623708, 39.699234720662389 ], [ -120.708219402581335, 39.699207854850272 ], [ -120.708526866198838, 39.699284720672438 ], [ -120.70976677376683, 39.699187853166563 ], [ -120.709837640051148, 39.699190151317055 ], [ -120.710316866013727, 39.699274720959522 ], [ -120.710866979791774, 39.69957556476237 ], [ -120.711996728628037, 39.700555924412015 ], [ -120.712056865423676, 39.700654721192393 ], [ -120.71213686574481, 39.70089472080241 ], [ -120.712196865039687, 39.701434721010912 ], [ -120.71223168641967, 39.701507846601828 ], [ -120.712256865275208, 39.701654720962324 ], [ -120.712337436048358, 39.701729920452863 ], [ -120.712396864968127, 39.701854720567439 ], [ -120.712446865135689, 39.702254720785618 ], [ -120.712481096319948, 39.702348078626756 ], [ -120.712516865396822, 39.702614720521979 ], [ -120.712621996081396, 39.702874457650296 ], [ -120.712666865096594, 39.703094720478532 ], [ -120.712756864559651, 39.703364721147295 ], [ -120.71305686494793, 39.703644720689965 ], [ -120.713341144830508, 39.703855299114196 ], [ -120.713666864880906, 39.70412472112082 ], [ -120.713781823164311, 39.704149262866338 ], [ -120.713826864682062, 39.704174721024629 ], [ -120.714506864966381, 39.704334721039118 ], [ -120.714896864864102, 39.704534721190271 ], [ -120.714912280847614, 39.704553647451405 ], [ -120.715876864492486, 39.706074720607887 ], [ -120.716156863904871, 39.706274720544684 ], [ -120.716556863865208, 39.706334721197834 ], [ -120.716614256323169, 39.706319689779605 ], [ -120.716806864064779, 39.706374720681538 ], [ -120.716996864010127, 39.706334721232622 ], [ -120.717306863580063, 39.706344720779953 ], [ -120.718236864029507, 39.706804720823868 ], [ -120.71908686324349, 39.707144720881331 ], [ -120.719396863705128, 39.707204720770847 ], [ -120.71994686340247, 39.707464721238921 ], [ -120.720246862895181, 39.70772472070729 ], [ -120.72058686347458, 39.707894720745117 ], [ -120.720886863001681, 39.707894720768934 ], [ -120.721136863217225, 39.70781472083587 ], [ -120.721396862570487, 39.707794720853599 ], [ -120.72195686323164, 39.707894720853687 ], [ -120.722116863037911, 39.707904720853946 ], [ -120.722776862357023, 39.707904720906186 ], [ -120.723706862878146, 39.707824721038492 ], [ -120.724626862472689, 39.707624721543141 ], [ -120.725086862724368, 39.707484721744152 ], [ -120.725781649336454, 39.70718967553023 ], [ -120.725836862481685, 39.707174721700198 ], [ -120.72661413327279, 39.706994721932062 ], [ -120.726806862294325, 39.706994721947353 ], [ -120.727566862021376, 39.707244721759309 ], [ -120.728456862290329, 39.707734721369775 ], [ -120.729086861439896, 39.708014721864913 ], [ -120.72973686158133, 39.708254721492381 ], [ -120.730376861701075, 39.708324721751694 ], [ -120.730796965069715, 39.708281999212943 ], [ -120.732766861479433, 39.708234721857025 ], [ -120.732874361055906, 39.708232222226286 ], [ -120.733296861119186, 39.708264721709611 ], [ -120.734265450554517, 39.708254938159257 ], [ -120.734340182286758, 39.708272929063696 ], [ -120.734660144158511, 39.708382184668608 ], [ -120.734732861863449, 39.708436722559043 ], [ -120.734936861115102, 39.708674722090279 ], [ -120.73502686058589, 39.708884721922686 ], [ -120.735076860773518, 39.709134721741066 ], [ -120.73498686026079, 39.710004721710391 ], [ -120.735017146037251, 39.710156150739863 ], [ -120.734966860122086, 39.710384721727053 ], [ -120.73507686055973, 39.710744721895594 ], [ -120.735290977556474, 39.710818838973239 ], [ -120.735436860322466, 39.710964721903167 ], [ -120.735726859788201, 39.711094722086557 ], [ -120.736366859894815, 39.711264722136889 ], [ -120.736716859634612, 39.71132472190186 ], [ -120.737086860365025, 39.71135472178014 ], [ -120.737406859988312, 39.711294722094408 ], [ -120.737946859709439, 39.711044721857547 ], [ -120.738366859774146, 39.710984721910108 ], [ -120.738746859645005, 39.711054722143103 ], [ -120.739396859751878, 39.71155472246619 ], [ -120.739554226589746, 39.711616301006018 ], [ -120.739706859305898, 39.711684722230416 ], [ -120.739807361904525, 39.711691137220384 ], [ -120.739976859592389, 39.71173472219283 ], [ -120.740576859533064, 39.711824722595509 ], [ -120.741356859344535, 39.712104722397328 ], [ -120.742126859099869, 39.712474722642185 ], [ -120.742506858948275, 39.712714722626856 ], [ -120.742784403263613, 39.712927507481311 ], [ -120.743416858348724, 39.713644722237348 ], [ -120.744356644121751, 39.714279490204206 ], [ -120.744656858303074, 39.714604722282672 ], [ -120.744946858615378, 39.715124722370604 ], [ -120.745176857804438, 39.715344722219527 ], [ -120.745356857688478, 39.715434722025009 ], [ -120.745586857767819, 39.715714722332223 ], [ -120.745786857736164, 39.715834722321347 ], [ -120.745814776470866, 39.715846064472942 ], [ -120.745976857661617, 39.715944722589086 ], [ -120.746085124397268, 39.715955892669228 ], [ -120.746106858232622, 39.715964722312378 ], [ -120.747156857457526, 39.716104722297359 ], [ -120.747336857345431, 39.716164722676069 ], [ -120.747536857312411, 39.716294722726786 ], [ -120.747896857958779, 39.716624722168604 ], [ -120.748136857165491, 39.71704472254936 ], [ -120.748246857613708, 39.717324722530066 ], [ -120.748736856977303, 39.71810472256783 ], [ -120.749155319014847, 39.718884585948445 ], [ -120.749196857080392, 39.719084722164098 ], [ -120.749286856539356, 39.719384722256279 ], [ -120.749506856582514, 39.71960472233576 ], [ -120.749748824051892, 39.719616525450306 ], [ -120.749766856828842, 39.719624722389995 ], [ -120.75018685687769, 39.719684722489433 ], [ -120.751046856192943, 39.719594722784336 ], [ -120.752346856538281, 39.719604722560803 ], [ -120.752556856570664, 39.71957472286158 ], [ -120.752996856732921, 39.719444722825244 ], [ -120.753796855772805, 39.719434722500921 ], [ -120.754136856381479, 39.719384722640655 ], [ -120.754516856274961, 39.719284722787449 ], [ -120.754906856196669, 39.719304722944742 ], [ -120.755516856176143, 39.719434722637345 ], [ -120.755774743591928, 39.719404966779848 ], [ -120.755856855882598, 39.719414722575493 ], [ -120.75602610205317, 39.719375964065648 ], [ -120.756036855783805, 39.719374723085707 ], [ -120.75607399392959, 39.719364996314653 ], [ -120.757166855414937, 39.719114722724726 ], [ -120.758506855139444, 39.718364723454215 ], [ -120.758621263669284, 39.718274327417589 ], [ -120.758756855365618, 39.718204722883058 ], [ -120.759206855591856, 39.7179247230643 ], [ -120.759706855127263, 39.717744722992222 ], [ -120.76064685568997, 39.71768472338573 ], [ -120.761636855565655, 39.717694723414581 ], [ -120.761917641931745, 39.717672260859558 ], [ -120.764048592758002, 39.717726254672755 ], [ -120.764726854812238, 39.717814723642846 ], [ -120.76584685435131, 39.717914723673516 ], [ -120.766696854511622, 39.717894723902248 ], [ -120.767916854498708, 39.717944724275526 ], [ -120.769496854271154, 39.718044724154083 ], [ -120.769926853476363, 39.718024724387078 ], [ -120.770336853499657, 39.717944724467145 ], [ -120.770416853859217, 39.717894724197095 ], [ -120.770166853552155, 39.718664724140183 ], [ -120.770056853875985, 39.719334723978761 ], [ -120.770136853262898, 39.719844723991798 ], [ -120.770456853621226, 39.721014723560359 ], [ -120.770666853527302, 39.721934723804509 ], [ -120.770816853023746, 39.723944723909142 ], [ -120.771056853048833, 39.724964723839719 ], [ -120.770946852473003, 39.725644723450102 ], [ -120.770726852323435, 39.726224723762243 ], [ -120.770416852682899, 39.726744723244508 ], [ -120.770016852643948, 39.727274723577011 ], [ -120.7697068520892, 39.727914723111439 ], [ -120.769496852838074, 39.728824723432922 ], [ -120.769446852533747, 39.729454722791559 ], [ -120.769486852484079, 39.731154723260317 ], [ -120.769566851876277, 39.731624722902723 ], [ -120.770506851335881, 39.733104722623011 ], [ -120.77064685184456, 39.733924723134578 ], [ -120.770776851384255, 39.734944722554644 ], [ -120.770726850970732, 39.736394722761133 ], [ -120.770816851170821, 39.737874722234665 ], [ -120.771016851059301, 39.738594722448227 ], [ -120.771086850379334, 39.739274722334699 ], [ -120.770956850650748, 39.73967472245198 ], [ -120.770726850468918, 39.740164722292889 ], [ -120.770736850344008, 39.741434722077827 ], [ -120.770636850611936, 39.742854721868298 ], [ -120.770386850329942, 39.743434721744904 ], [ -120.769876850693095, 39.744044721687544 ], [ -120.769206850351509, 39.744644721558473 ], [ -120.768826850402149, 39.745164721610763 ], [ -120.768176850239399, 39.745084721323792 ], [ -120.766356851187311, 39.745114721537504 ], [ -120.764456850877252, 39.745194721587268 ], [ -120.763376851466717, 39.745454720994019 ], [ -120.761736851372405, 39.745784720932136 ], [ -120.760626851856159, 39.745844720937782 ], [ -120.759036852027748, 39.745834720799678 ], [ -120.758126851590703, 39.745944720779619 ], [ -120.757336851673927, 39.746124720423438 ], [ -120.756656852237256, 39.746344720753427 ], [ -120.755396851989929, 39.746924720182676 ], [ -120.754256852296066, 39.747324720709457 ], [ -120.75337685287252, 39.747564720171681 ], [ -120.75226685244985, 39.74768471988142 ], [ -120.751406853150627, 39.747654719883371 ], [ -120.750206853201348, 39.74798471967938 ], [ -120.749626853320933, 39.748104720081187 ], [ -120.748836853418823, 39.748174719837778 ], [ -120.748166853166651, 39.748104719965397 ], [ -120.747536853106908, 39.747914719455309 ], [ -120.747126853122268, 39.747704719649846 ], [ -120.746676853863505, 39.74746471987919 ], [ -120.746076853973364, 39.746994719770669 ], [ -120.745206853852835, 39.746054719630934 ], [ -120.744646854140512, 39.745574719527269 ], [ -120.744166854740115, 39.745404719803105 ], [ -120.743796853995036, 39.745484719637545 ], [ -120.742636854210275, 39.745904719551902 ], [ -120.741716854581, 39.746364719442681 ], [ -120.74149685448856, 39.746514719680135 ], [ -120.740626855079881, 39.74697471964663 ], [ -120.739976854846702, 39.747424719540504 ], [ -120.739666854307757, 39.74794471933825 ], [ -120.739616854948281, 39.748224718834877 ], [ -120.739326854468345, 39.748964719118135 ], [ -120.739246854964335, 39.749334719046999 ], [ -120.739236854889612, 39.749564719012369 ], [ -120.739416854756314, 39.749784718786145 ], [ -120.739636854731486, 39.750514718906061 ], [ -120.739566854352063, 39.751044718829974 ], [ -120.739386854384065, 39.751584718681215 ], [ -120.738586854218227, 39.753304718776462 ], [ -120.738886853734641, 39.753384718469192 ], [ -120.739116853783344, 39.753894718681238 ], [ -120.739256854350458, 39.754274718562044 ], [ -120.739476853406074, 39.755164718193157 ], [ -120.739696853374653, 39.755944718271053 ], [ -120.739896853241589, 39.756824718623079 ], [ -120.740106853172563, 39.757554718720598 ], [ -120.740406853499451, 39.758294718270236 ], [ -120.74050685297982, 39.758764718588907 ], [ -120.740576853052801, 39.760534718088081 ], [ -120.740646852390057, 39.761084718012057 ], [ -120.740556852785858, 39.761874717759838 ], [ -120.740176852764364, 39.762934718231577 ], [ -120.739566852628968, 39.763974717969802 ], [ -120.738746852471991, 39.764964717894713 ], [ -120.738176852587685, 39.765444717449498 ], [ -120.73696685254771, 39.766124717388664 ], [ -120.736066853017235, 39.76650471737679 ], [ -120.735236852892001, 39.766924716899211 ], [ -120.734936853272814, 39.767614717097899 ], [ -120.735126853150234, 39.768084717337842 ], [ -120.735526853053329, 39.768574716788123 ], [ -120.736136852030313, 39.76948471676252 ], [ -120.736736851850935, 39.770474716976082 ], [ -120.737226852129766, 39.771124717018267 ], [ -120.738126851492154, 39.77200471676872 ], [ -120.738846851895573, 39.772594716666333 ], [ -120.739666850911533, 39.773424716909631 ], [ -120.740386851242988, 39.774554717026206 ], [ -120.740746850904088, 39.775534716956827 ], [ -120.741116850621324, 39.776424716614315 ], [ -120.741756850642332, 39.777234717036208 ], [ -120.742286850215351, 39.777764717113484 ], [ -120.742366850513633, 39.77817471690031 ], [ -120.742196850565733, 39.778894717022581 ], [ -120.741856849842293, 39.779804716496756 ], [ -120.741656849762023, 39.780524716822413 ], [ -120.741566850161632, 39.781284716712321 ], [ -120.741636849481495, 39.781964716305481 ], [ -120.74200685012903, 39.782614716217324 ], [ -120.742566849841069, 39.783094716365042 ], [ -120.744306849287284, 39.784194716680759 ], [ -120.744776848603522, 39.784664716257964 ], [ -120.745016848704154, 39.785114716397004 ], [ -120.745136849194921, 39.785404716442997 ], [ -120.745316849054859, 39.785674716463745 ], [ -120.745786848360353, 39.786224716458094 ], [ -120.745826848503441, 39.786474716054954 ], [ -120.745806848347002, 39.786984716218456 ], [ -120.745586848181176, 39.787684716362719 ], [ -120.745016848212629, 39.788794716271411 ], [ -120.744386848016688, 39.789624715683885 ], [ -120.743796848026705, 39.790234715843781 ], [ -120.742926848580396, 39.790974716074118 ], [ -120.742156848703871, 39.791514715423887 ], [ -120.741206848949957, 39.791914715809071 ], [ -120.740916848539257, 39.792134715531176 ], [ -120.740116848538321, 39.792614715418438 ], [ -120.737746848726545, 39.793614715355886 ], [ -120.736936848668165, 39.794194714956575 ], [ -120.735876849269744, 39.795024714751548 ], [ -120.735006848985336, 39.795314715048221 ], [ -120.734276849336084, 39.795474714620923 ], [ -120.733126849628775, 39.795644714851164 ], [ -120.732146849757328, 39.795934714595546 ], [ -120.730826849210302, 39.796774714286698 ], [ -120.729876849467246, 39.79709471389998 ], [ -120.728676849528654, 39.79734471392743 ], [ -120.727516849761287, 39.797634714081425 ], [ -120.726436850329435, 39.798054714112084 ], [ -120.725656850412804, 39.798564713947712 ], [ -120.724516850611906, 39.799764713637387 ], [ -120.724496850468881, 39.800174713454567 ], [ -120.72465685016823, 39.800984713768344 ], [ -120.724926849445296, 39.801864713280736 ], [ -120.724986849625964, 39.802494713430917 ], [ -120.724906850117748, 39.802894713522619 ], [ -120.724636849756507, 39.803404713391444 ], [ -120.724266849837534, 39.804024713357478 ], [ -120.723756849290226, 39.804724713293524 ], [ -120.723246849661223, 39.805274712720859 ], [ -120.722746850092449, 39.805704712663555 ], [ -120.722116849961992, 39.806044712637856 ], [ -120.721546850092352, 39.806414712880212 ], [ -120.720736850027208, 39.807044712678135 ], [ -120.720266849696372, 39.807444712492725 ], [ -120.719966850110495, 39.807884712654356 ], [ -120.720166850011765, 39.808504712292518 ], [ -120.720606849188755, 39.809024712507664 ], [ -120.720526849644443, 39.809694712136377 ], [ -120.720516849533453, 39.81019471232554 ], [ -120.720836849085913, 39.810664712277571 ], [ -120.721236849022034, 39.810904712559477 ], [ -120.722406848715877, 39.811494712235572 ], [ -120.72350684898845, 39.812164712726428 ], [ -120.724086848797924, 39.812574712486594 ], [ -120.724506848772819, 39.813184712735506 ], [ -120.724666848473532, 39.813984712506283 ], [ -120.725156847790799, 39.815104712020059 ], [ -120.725646848065196, 39.815784711978608 ], [ -120.726316847324028, 39.816564712401942 ], [ -120.726566847457889, 39.817094712363769 ], [ -120.726356847362638, 39.817594712529285 ], [ -120.725646847699807, 39.818514711803914 ], [ -120.725646847618123, 39.81912471173996 ], [ -120.725986847218678, 39.81989471188416 ], [ -120.726176847076999, 39.820504712005345 ], [ -120.726166846953959, 39.821094711977423 ], [ -120.726066847321192, 39.821764711935487 ], [ -120.725836847108212, 39.822484711858465 ], [ -120.725496847305578, 39.823224711441128 ], [ -120.725126846512296, 39.823664711317349 ], [ -120.723176846832075, 39.824104711699761 ], [ -120.722856847190087, 39.824304711238142 ], [ -120.722836847036206, 39.824794711122706 ], [ -120.723136847233775, 39.82649471147954 ], [ -120.722986846483536, 39.827154711283697 ], [ -120.722556847176634, 39.827934710885302 ], [ -120.72195684714103, 39.828554711041249 ], [ -120.721016846468615, 39.829434710750263 ], [ -120.720656846617885, 39.829874710870342 ], [ -120.720396847210907, 39.830294710620478 ], [ -120.719956847121011, 39.829884710346221 ], [ -120.7195468471769, 39.829374710958973 ], [ -120.719006847561388, 39.828834710800095 ], [ -120.718356847455311, 39.828334710944318 ], [ -120.717786847660648, 39.828144710433378 ], [ -120.71727684721094, 39.828114710343641 ], [ -120.716626847916018, 39.82826471040562 ], [ -120.715406847850318, 39.828804710075701 ], [ -120.714846848051536, 39.828974710037699 ], [ -120.714246848089545, 39.829044710357209 ], [ -120.711246848226608, 39.829794709676207 ], [ -120.709796848992369, 39.829964709876776 ], [ -120.709156848876603, 39.829864709731396 ], [ -120.708776849018079, 39.829704710075362 ], [ -120.707916848883599, 39.829204709636429 ], [ -120.707216849463236, 39.828644710088383 ], [ -120.706496849030771, 39.828274710054927 ], [ -120.705756849372335, 39.828174709511075 ], [ -120.704986849569309, 39.828164709669238 ], [ -120.70440684972516, 39.828014709291097 ], [ -120.703346849653542, 39.827164709647093 ], [ -120.702796849992637, 39.826634709368022 ], [ -120.702366849909254, 39.826504709849303 ], [ -120.701906850518299, 39.826924709489901 ], [ -120.701466850299823, 39.827474709289049 ], [ -120.700946850622643, 39.828054709596017 ], [ -120.700436850107394, 39.828514709038075 ], [ -120.700066850233895, 39.828794709165379 ], [ -120.699526850530106, 39.828914709431444 ], [ -120.698696850459669, 39.828924709036698 ], [ -120.696566850958959, 39.828804708575376 ], [ -120.694856851503971, 39.828764708985261 ], [ -120.69411685095389, 39.82861470852464 ], [ -120.693596851388008, 39.828364708925506 ], [ -120.692686851947371, 39.827744709004207 ], [ -120.691786851661959, 39.827054708753678 ], [ -120.691426851954589, 39.826424708748448 ], [ -120.691306852410435, 39.825774708939093 ], [ -120.691366851881241, 39.824994708931797 ], [ -120.691206852132609, 39.824554708561436 ], [ -120.690296852543327, 39.825044708662006 ], [ -120.689216852203913, 39.825534708703799 ], [ -120.68798685302221, 39.825854708281554 ], [ -120.687056852514672, 39.825834708659499 ], [ -120.685976853191448, 39.825444708290092 ], [ -120.684916853036782, 39.825214708575345 ], [ -120.68404685367102, 39.825354707862687 ], [ -120.68380685348086, 39.825574708227805 ], [ -120.683536853137014, 39.825954708339395 ], [ -120.683016853450511, 39.826604707774663 ], [ -120.682346853128877, 39.827054708002095 ], [ -120.681386853318998, 39.827544707516154 ], [ -120.680696853833012, 39.827804707767712 ], [ -120.679706853959203, 39.827784707328703 ], [ -120.678626853725689, 39.827484707351289 ], [ -120.67778685457256, 39.827024707804071 ], [ -120.676676854287052, 39.826124707263148 ], [ -120.675676854457379, 39.825444707470126 ], [ -120.673096854915343, 39.824224707244639 ], [ -120.672146855270171, 39.823814707269889 ], [ -120.671476855967398, 39.823364707102428 ], [ -120.670756855524417, 39.823074707004366 ], [ -120.670216855842114, 39.823034707620991 ], [ -120.669196855835935, 39.823014707171012 ], [ -120.668276856285615, 39.822884706973184 ], [ -120.66730685655898, 39.822424706974402 ], [ -120.666546856861828, 39.821954707368207 ], [ -120.665546856901017, 39.822254707179013 ], [ -120.664806857213193, 39.822374707123402 ], [ -120.663846857456974, 39.822464707084464 ], [ -120.662336857056061, 39.822664706472153 ], [ -120.661336857130095, 39.822704706638206 ], [ -120.65997685741911, 39.822694706643233 ], [ -120.659376857454731, 39.822784706213895 ], [ -120.658676857952742, 39.822834706201661 ], [ -120.657366858465025, 39.822804706489649 ], [ -120.65610685832371, 39.822594706007749 ], [ -120.655636858049263, 39.822574706163266 ], [ -120.655136858547564, 39.822504706063512 ], [ -120.653986858908922, 39.82216470594642 ], [ -120.65277685899764, 39.821884706270509 ], [ -120.65153685894586, 39.821664705701835 ], [ -120.650036859567706, 39.821264705682722 ], [ -120.648666859835487, 39.821084705687383 ], [ -120.647966859443329, 39.821074705509091 ], [ -120.647016859754103, 39.820994705781004 ], [ -120.643266860397148, 39.820094705388613 ], [ -120.641886860632781, 39.819824705159988 ], [ -120.640836861410037, 39.819674705165369 ], [ -120.6386468616451, 39.819554705102519 ], [ -120.63749686196644, 39.819514705001495 ], [ -120.636526862144819, 39.819764704946351 ], [ -120.635786861569613, 39.819804704751391 ], [ -120.634056862040268, 39.819664704988156 ], [ -120.632976862704027, 39.81937470442557 ], [ -120.632236862167417, 39.81912470430575 ], [ -120.631406863041207, 39.818794704505478 ], [ -120.630536862849567, 39.8183947043903 ], [ -120.629736862949301, 39.818124704428556 ], [ -120.629216863333909, 39.818244704702806 ], [ -120.628346863028355, 39.818694704468953 ], [ -120.6270868636866, 39.819224704443513 ], [ -120.626046863522845, 39.819724704225166 ], [ -120.625576863243168, 39.81974470413428 ], [ -120.62511686389513, 39.819844703743058 ], [ -120.624386863337236, 39.820084703619727 ], [ -120.623316863913885, 39.820774704025553 ], [ -120.621756864014401, 39.822294703488524 ], [ -120.621166864058125, 39.822654703303215 ], [ -120.619856864482301, 39.82328470324785 ], [ -120.619156864062063, 39.82348470307295 ], [ -120.618046864529333, 39.823674703229187 ], [ -120.616776864270435, 39.824014703270961 ], [ -120.615676864716136, 39.82469470256143 ], [ -120.614386864208598, 39.826234702387069 ], [ -120.61341686425186, 39.827494702039928 ], [ -120.612746864646738, 39.829304702424338 ], [ -120.612286864225155, 39.830714701974387 ], [ -120.611246863804183, 39.833134702071561 ], [ -120.610966864281124, 39.833764701886025 ], [ -120.610736864109811, 39.83417470171247 ], [ -120.610426864511965, 39.83437470159879 ], [ -120.609796864427437, 39.834374701548541 ], [ -120.60668686519864, 39.83348470164151 ], [ -120.604196865058327, 39.832994701451923 ], [ -120.603596865107534, 39.832984700945588 ], [ -120.601846865463585, 39.833044700776441 ], [ -120.600866865636874, 39.83300470095395 ], [ -120.600196866284875, 39.832924700652143 ], [ -120.600126865893003, 39.833544700652794 ], [ -120.599696865689452, 39.834314700556433 ], [ -120.59904686541887, 39.835044700842104 ], [ -120.598336865785996, 39.835744700786336 ], [ -120.59755686586027, 39.836324700227522 ], [ -120.597026866172769, 39.836654700570818 ], [ -120.596386866001239, 39.836974700131918 ], [ -120.594686866492168, 39.837674700330126 ], [ -120.5943768659331, 39.83834469999266 ], [ -120.593906866352143, 39.839854699703153 ], [ -120.593576865684724, 39.840674699392139 ], [ -120.593356865521287, 39.841354699383203 ], [ -120.593236865803135, 39.842004699355414 ], [ -120.592876865857363, 39.843154699077559 ], [ -120.592446865656427, 39.843904699029849 ], [ -120.592166866173557, 39.844234699523952 ], [ -120.592056865668098, 39.844384698911995 ], [ -120.591436865558023, 39.844904699292499 ], [ -120.590586866231206, 39.845414699136995 ], [ -120.589696865813494, 39.846044698676849 ], [ -120.589206866238044, 39.846854699101584 ], [ -120.588676865614673, 39.847464698413489 ], [ -120.587036866296557, 39.848714698692731 ], [ -120.586806866105121, 39.849274698670342 ], [ -120.586606866029854, 39.849954698320914 ], [ -120.586516865553733, 39.85054469845926 ], [ -120.586126865570748, 39.850984698508626 ], [ -120.584886866283796, 39.851764697765248 ], [ -120.584156865681678, 39.852334698049731 ], [ -120.583666866154488, 39.852784697986806 ], [ -120.583306866291878, 39.853314697778387 ], [ -120.583296866194132, 39.853714697937789 ], [ -120.583576865569739, 39.854184697428138 ], [ -120.585326864965339, 39.855974697588522 ], [ -120.585586865163179, 39.856354697812662 ], [ -120.585696864676379, 39.856904697819459 ], [ -120.585536864789617, 39.857494697518348 ], [ -120.585286865418936, 39.857974697554312 ], [ -120.584886865387773, 39.858444697470134 ], [ -120.584526864628003, 39.858964697565 ], [ -120.584306865334725, 39.85985469726171 ], [ -120.584296865214071, 39.860424697305461 ], [ -120.584206864762109, 39.860834697245821 ], [ -120.583846864915472, 39.861244697472785 ], [ -120.583146864472496, 39.861614696974584 ], [ -120.582566864575085, 39.861864696804673 ], [ -120.581926865317939, 39.862064696688208 ], [ -120.581016864872367, 39.862244696679113 ], [ -120.580266865116528, 39.862544697054545 ], [ -120.579696865244443, 39.862934696924299 ], [ -120.578856865017826, 39.863784696364576 ], [ -120.578396865602826, 39.864384696210834 ], [ -120.577876865038263, 39.864884696200818 ], [ -120.577126865275602, 39.865234696270477 ], [ -120.575586865611797, 39.86565469615249 ], [ -120.574996865666265, 39.865934695829594 ], [ -120.574556865531122, 39.865864695798223 ], [ -120.573066866211263, 39.865364695894698 ], [ -120.570626866372834, 39.864274695936842 ], [ -120.56898686729096, 39.863764696043006 ], [ -120.567886866970014, 39.863464696027563 ], [ -120.567046866933879, 39.862894695655712 ], [ -120.565986867819106, 39.861614695607159 ], [ -120.564986867987727, 39.86095469589111 ], [ -120.564506867684145, 39.860824695824078 ], [ -120.563986868123891, 39.86053469530782 ], [ -120.563136868003483, 39.860264695479827 ], [ -120.561986868316012, 39.860294695184223 ], [ -120.560906868930545, 39.860374695179473 ], [ -120.559956869228415, 39.860394695626837 ], [ -120.558816868706799, 39.860274695069052 ], [ -120.556776869631449, 39.859954694934231 ], [ -120.555376869784993, 39.859644694762551 ], [ -120.554576869881146, 39.859404695069543 ], [ -120.554396869998698, 39.859304695076901 ], [ -120.553396870172662, 39.858604695206395 ], [ -120.552276870667129, 39.858264695184118 ], [ -120.551036870664461, 39.857684694719069 ], [ -120.550126871232635, 39.857004695013075 ], [ -120.549106871263348, 39.856714694864024 ], [ -120.547666871225658, 39.856514694393127 ], [ -120.547146871647954, 39.856354694750223 ], [ -120.546556871781661, 39.8560446949312 ], [ -120.54582687129647, 39.855744694294401 ], [ -120.54497687206765, 39.855524694623853 ], [ -120.544546871968691, 39.85551469465355 ], [ -120.544106871805354, 39.855654694279679 ], [ -120.54299687219526, 39.856424694463442 ], [ -120.542546871951686, 39.85683469413766 ], [ -120.541816872199774, 39.85776469435018 ], [ -120.541256872295548, 39.858724694178591 ], [ -120.540456872142215, 39.860344693789159 ], [ -120.539806871824737, 39.861424693419679 ], [ -120.538716872192822, 39.863014693420155 ], [ -120.537376872224684, 39.865584692825223 ], [ -120.536766872110377, 39.866464693095963 ], [ -120.535856871601993, 39.867114693125927 ], [ -120.535196872248775, 39.867374692493001 ], [ -120.533986872260471, 39.867674692465073 ], [ -120.533186872311092, 39.867774692592207 ], [ -120.53209687200092, 39.867724692772981 ], [ -120.5311368722937, 39.867454692270144 ], [ -120.530016872790952, 39.867094692027877 ], [ -120.528906873323081, 39.866804692453343 ], [ -120.528356872706809, 39.866704692183589 ], [ -120.52734687357804, 39.867174692242145 ], [ -120.526326873492053, 39.867754692294795 ], [ -120.524486873238288, 39.869404691626812 ], [ -120.523836873018865, 39.869754691397475 ], [ -120.522646874003783, 39.870154691474056 ], [ -120.521526873522305, 39.870394691333331 ], [ -120.520196873955285, 39.870304691258923 ], [ -120.518756873951531, 39.869854690909449 ], [ -120.51750687479921, 39.86930469118721 ], [ -120.516596874417075, 39.869014691318114 ], [ -120.515516875058779, 39.868894691361845 ], [ -120.51431687514139, 39.868994691057651 ], [ -120.513676874986288, 39.869194690841823 ], [ -120.512936875293633, 39.869354690782814 ], [ -120.512226875749434, 39.869394690667775 ], [ -120.511366875573003, 39.86921469067812 ], [ -120.51049687536738, 39.868924690431925 ], [ -120.509416876021135, 39.868714690332126 ], [ -120.508426876150793, 39.868674690604507 ], [ -120.505036876501208, 39.86842469045024 ], [ -120.503366877208293, 39.868504689882741 ], [ -120.502866876773737, 39.868694690333484 ], [ -120.501766877229272, 39.869304689932733 ], [ -120.501226877516615, 39.869494689543444 ], [ -120.500366877306703, 39.869564689903996 ], [ -120.497806877577716, 39.870414689802885 ], [ -120.497036877748826, 39.870604689768186 ], [ -120.496456877878472, 39.870654689423588 ], [ -120.495616877778332, 39.870564689039952 ], [ -120.494956878458709, 39.870574689488024 ], [ -120.494496878212715, 39.87067468955172 ], [ -120.494276878140511, 39.870674689534155 ], [ -120.493806877881354, 39.870544689269025 ], [ -120.493076878269051, 39.870434689090814 ], [ -120.492436878140779, 39.870434689039826 ], [ -120.491926878592778, 39.870384689136927 ], [ -120.491416879059386, 39.870224688741075 ], [ -120.490136878886062, 39.869604688908112 ], [ -120.4894968787778, 39.869454688725341 ], [ -120.489166879114805, 39.869484688613795 ], [ -120.488806879296533, 39.869684689060023 ], [ -120.488346879019616, 39.870014689015022 ], [ -120.487936878953974, 39.870414689016513 ], [ -120.485446879418532, 39.872124688725819 ], [ -120.484716879739267, 39.87251468859148 ], [ -120.484026879356804, 39.872764687992913 ], [ -120.483616879346243, 39.872754688468319 ], [ -120.482646879583058, 39.872574688323937 ], [ -120.481766880235625, 39.872254688423766 ], [ -120.481026879697197, 39.872024688318902 ], [ -120.480336880256061, 39.87195468827673 ], [ -120.479726880252031, 39.872014687926026 ], [ -120.47893688032417, 39.87228468757786 ], [ -120.477586880556657, 39.873034687689483 ], [ -120.477036880790536, 39.873294687379314 ], [ -120.476486881070002, 39.873214687840573 ], [ -120.475136880618777, 39.872364687854656 ], [ -120.474626881070833, 39.87231468729027 ], [ -120.474426881073384, 39.872414687595892 ], [ -120.473286881324555, 39.873234687123386 ], [ -120.472716881455483, 39.873604687471072 ], [ -120.472166881690669, 39.873854687047469 ], [ -120.471786880916795, 39.873824686945511 ], [ -120.472036881087661, 39.874074687162476 ], [ -120.472066881151591, 39.874584686809783 ], [ -120.47198688077583, 39.874754687221241 ], [ -120.472136881391862, 39.875094686804573 ], [ -120.472466880993181, 39.875524686916378 ], [ -120.473366880278434, 39.876964686818269 ], [ -120.473706880824807, 39.877374687222698 ], [ -120.474066880566568, 39.877744686681694 ], [ -120.474366880031482, 39.878204686958668 ], [ -120.474576879958875, 39.878954687260375 ], [ -120.474856880207028, 39.879614686787249 ], [ -120.475116880392477, 39.880084686729106 ], [ -120.475236879964484, 39.88052468698703 ], [ -120.475516879312977, 39.881194686899846 ], [ -120.475876879951613, 39.881574686704255 ], [ -120.476856879664808, 39.882454686703511 ], [ -120.477096878881298, 39.882794686722264 ], [ -120.477066879604308, 39.883114687004365 ], [ -120.476816879354089, 39.883454686468838 ], [ -120.476306878859361, 39.883764686434972 ], [ -120.476056879550583, 39.88378468632277 ], [ -120.475776879231205, 39.883654686795353 ], [ -120.475406879396871, 39.883644686793616 ], [ -120.474496879867729, 39.883694686567367 ], [ -120.473686879867728, 39.883844686511736 ], [ -120.472396879502753, 39.884324686162643 ], [ -120.471546880188328, 39.884744686397028 ], [ -120.470876879860498, 39.885244686171632 ], [ -120.469616880480544, 39.886064686001419 ], [ -120.468616880454817, 39.886854685808487 ], [ -120.468136880061536, 39.887394685847141 ], [ -120.46738688010862, 39.889164685397645 ], [ -120.467006880124245, 39.889944685630383 ], [ -120.466556879863276, 39.890484685455306 ], [ -120.465366879894873, 39.891294685101684 ], [ -120.464366879889383, 39.891934684702733 ], [ -120.463466880393469, 39.89206468497747 ], [ -120.462596880151693, 39.892044684658742 ], [ -120.46208688061995, 39.891874685020184 ], [ -120.461756880995836, 39.89161468471201 ], [ -120.460806880472433, 39.891064685137906 ], [ -120.460026880694897, 39.89054468496289 ], [ -120.459736881233823, 39.890384684747687 ], [ -120.459166881438534, 39.890204684728928 ], [ -120.458516881318758, 39.889814684721841 ], [ -120.457916881427479, 39.889364684937561 ], [ -120.457566881720481, 39.889064684592995 ], [ -120.457056881353481, 39.888424684957158 ], [ -120.457046882288353, 39.887824685121927 ], [ -120.457416882211135, 39.887174684861691 ], [ -120.45742688228205, 39.886974685071095 ], [ -120.456846882430682, 39.886884684756183 ], [ -120.456346882015055, 39.886934684956771 ], [ -120.455606882307848, 39.887204684463427 ], [ -120.454846882489562, 39.887644684454756 ], [ -120.454126881943978, 39.888124684428703 ], [ -120.453756882085599, 39.888294684336927 ], [ -120.453376882172563, 39.888544684138253 ], [ -120.452846882470453, 39.888984684507875 ], [ -120.451576882080985, 39.890304683860904 ], [ -120.450666882452254, 39.891094683751646 ], [ -120.449936882693748, 39.892074684021054 ], [ -120.44984688217977, 39.892944683570761 ], [ -120.44985688214058, 39.893564683892407 ], [ -120.449496882404333, 39.89315468380164 ], [ -120.449176882867391, 39.892574684088856 ], [ -120.448716882718315, 39.891954683736117 ], [ -120.44819688315846, 39.891664683867361 ], [ -120.446196883388041, 39.891154683578804 ], [ -120.445456883774909, 39.890724683570738 ], [ -120.444086884187982, 39.889474683920639 ], [ -120.443796883887671, 39.88887468360349 ], [ -120.443796884000562, 39.888034683467538 ], [ -120.44403688434619, 39.886654683813276 ], [ -120.444016884305086, 39.886304684068534 ], [ -120.444156884118343, 39.885604684058421 ], [ -120.444686883851091, 39.884934683875429 ], [ -120.445626884514354, 39.884114684291262 ], [ -120.446746884215315, 39.882994684569496 ], [ -120.447286883993741, 39.882314684221228 ], [ -120.44733688428812, 39.881764684561347 ], [ -120.4457068843451, 39.881314684245069 ], [ -120.444626885067635, 39.880594684749497 ], [ -120.444086885435695, 39.88018468427839 ], [ -120.443606885210443, 39.879474684577247 ], [ -120.443446885464709, 39.879014684558001 ], [ -120.443196885383713, 39.878094684230177 ], [ -120.442756885352196, 39.877254684344678 ], [ -120.442306886138738, 39.876684684829172 ], [ -120.441636885966943, 39.876024684648257 ], [ -120.440666886240194, 39.87557468463433 ], [ -120.440076886402437, 39.875054684185045 ], [ -120.438756886945839, 39.874474684309689 ], [ -120.437286886866673, 39.873604684648228 ], [ -120.436526887176001, 39.873094684550097 ], [ -120.435036887940385, 39.871974684572706 ], [ -120.434026888055939, 39.871384684494558 ], [ -120.43345688828623, 39.871014684490774 ], [ -120.433096888539239, 39.870684684455114 ], [ -120.432826888300269, 39.870284684595049 ], [ -120.43251688791031, 39.869694684515139 ], [ -120.43066688907652, 39.867134684682924 ], [ -120.430056889151842, 39.866604684670563 ], [ -120.429506889434151, 39.866504684109486 ], [ -120.428796889022806, 39.866314684392194 ], [ -120.427956889826532, 39.86618468410893 ], [ -120.426956889878909, 39.866394684203215 ], [ -120.426486889593093, 39.866464684310586 ], [ -120.426086889622638, 39.866484684405691 ], [ -120.42531688982217, 39.866464684217533 ], [ -120.423806890389642, 39.866154683799664 ], [ -120.422506890069371, 39.865974684237187 ], [ -120.42213689023805, 39.865944684137219 ], [ -120.421906890097716, 39.866124683656494 ], [ -120.421696890910425, 39.866554684109133 ], [ -120.421216890548124, 39.866864683940094 ], [ -120.420546890238143, 39.86723468347617 ], [ -120.419906890987022, 39.867394683859459 ], [ -120.418526891185422, 39.867414683605318 ], [ -120.418136891279232, 39.867284683373725 ], [ -120.417706891219325, 39.866984683634371 ], [ -120.417396890794521, 39.866654683521801 ], [ -120.416666891209388, 39.866344683335058 ], [ -120.416316891468909, 39.866294683222009 ], [ -120.415576891796832, 39.866304683596582 ], [ -120.415006891970791, 39.866354682939743 ], [ -120.414426892111351, 39.866324682988989 ], [ -120.413916891704048, 39.865984683344152 ], [ -120.413796892130733, 39.865554683429536 ], [ -120.413846892420963, 39.865034683604335 ], [ -120.414016892319466, 39.864684683157918 ], [ -120.414356892082935, 39.864234683319296 ], [ -120.414656891679215, 39.863714683162925 ], [ -120.414686891878603, 39.863214683571698 ], [ -120.414606892489815, 39.862724683352269 ], [ -120.414426892658469, 39.862244683409187 ], [ -120.414146892379335, 39.861814683486728 ], [ -120.413816892770001, 39.861444683602485 ], [ -120.412276893332546, 39.860184683255227 ], [ -120.411806893120456, 39.85970468344982 ], [ -120.411536892890808, 39.859234683835496 ], [ -120.411146893079717, 39.858394683307722 ], [ -120.410826893506396, 39.85808468376041 ], [ -120.41038689339041, 39.857874683632019 ], [ -120.409286894036825, 39.857064683469275 ], [ -120.408466894048047, 39.856804683532459 ], [ -120.406836894059552, 39.856694683319802 ], [ -120.40563689421532, 39.85625468319779 ], [ -120.405036894282489, 39.856114683333828 ], [ -120.404486894594356, 39.855794683228453 ], [ -120.404076894625405, 39.855474683021498 ], [ -120.403376895189979, 39.855034683393285 ], [ -120.402756895194443, 39.854704683020145 ], [ -120.401746895253723, 39.85453468317786 ], [ -120.400916895188686, 39.854514682949912 ], [ -120.400346895401583, 39.854274683265032 ], [ -120.400116895347026, 39.853814683201222 ], [ -120.399616895890176, 39.853414682894424 ], [ -120.399056896156537, 39.853104682901801 ], [ -120.398666896269049, 39.852834682843024 ], [ -120.398146895837726, 39.852344682950275 ], [ -120.397226896440088, 39.851084683157978 ], [ -120.396056896787172, 39.850204683435265 ], [ -120.395076897045726, 39.849534682838396 ], [ -120.394806896783962, 39.849304683158834 ], [ -120.394696897222559, 39.849114683451148 ], [ -120.394636897026203, 39.848604683432768 ], [ -120.39483689711443, 39.847824683361296 ], [ -120.39559689709705, 39.846154683136604 ], [ -120.395566897921981, 39.84571468382245 ], [ -120.396286897565972, 39.845254683716007 ], [ -120.397816897208486, 39.84465468361077 ], [ -120.398696897579725, 39.84403468396107 ], [ -120.399466897475122, 39.843344684015392 ], [ -120.40315689701788, 39.840844684528122 ], [ -120.403876896680686, 39.840244684447953 ], [ -120.404656896597544, 39.83972468465663 ], [ -120.406576897035166, 39.839324685213967 ], [ -120.407696896646996, 39.838864685095473 ], [ -120.409426896309469, 39.837994685277863 ], [ -120.411336895851434, 39.837244685732173 ], [ -120.412226896257607, 39.836694685555926 ], [ -120.412766896006076, 39.836234685709542 ], [ -120.413086895670347, 39.835864685942511 ], [ -120.413636896397463, 39.835134686087144 ], [ -120.414516895918609, 39.834154686216721 ], [ -120.415066895843609, 39.832704686313832 ], [ -120.415576896449011, 39.831564686112358 ], [ -120.41660689581505, 39.829974686756714 ], [ -120.417086896214585, 39.829384686497235 ], [ -120.418026895977562, 39.828574686994727 ], [ -120.418596895893188, 39.827854686757007 ], [ -120.41902689611095, 39.826974686776055 ], [ -120.419366895930352, 39.826104687326108 ], [ -120.419606896201572, 39.825274687329397 ], [ -120.419466896549238, 39.82477468713239 ], [ -120.419036896513148, 39.824294687415261 ], [ -120.418836896602897, 39.8237446869461 ], [ -120.419196896466417, 39.823204687452289 ], [ -120.419756896307149, 39.822714687311191 ], [ -120.420346896306853, 39.822024687719363 ], [ -120.420686896991072, 39.821404687260724 ], [ -120.421986896683052, 39.819564687529464 ], [ -120.42298689675215, 39.818444687677299 ], [ -120.424826896894444, 39.817614688425977 ], [ -120.425536896454389, 39.817454688618227 ], [ -120.426516896286842, 39.817444688045271 ], [ -120.427326896258592, 39.817504688542272 ], [ -120.427616895727795, 39.817604688710048 ], [ -120.427906896104673, 39.817634688541091 ], [ -120.428676895943966, 39.817364688478449 ], [ -120.429406895642842, 39.816824688556324 ], [ -120.42997689553431, 39.816284688518749 ], [ -120.430416895741359, 39.815814689104116 ], [ -120.430786895658343, 39.815204688798872 ], [ -120.43109689624356, 39.814334688673625 ], [ -120.431676896164447, 39.813904688893501 ], [ -120.43352689541922, 39.81332468931447 ], [ -120.434316895362826, 39.812934689165274 ], [ -120.434966895593902, 39.812494689612038 ], [ -120.436346895586553, 39.811044689438802 ], [ -120.436786895766829, 39.810774689683626 ], [ -120.437466895187811, 39.810664689749103 ], [ -120.437256895223868, 39.810184690169478 ], [ -120.437206896039186, 39.809154690098808 ], [ -120.437266895493678, 39.808494689921133 ], [ -120.437246895489523, 39.807864690233316 ], [ -120.436626896406665, 39.80742468987097 ], [ -120.435816896463052, 39.807154690290588 ], [ -120.434976896404351, 39.806754690065475 ], [ -120.434466896908475, 39.80631469019886 ], [ -120.434146896502057, 39.805514690176722 ], [ -120.433666897270484, 39.804084689986666 ], [ -120.43353689680248, 39.803294690207792 ], [ -120.43352689686651, 39.802484690201538 ], [ -120.433436897455806, 39.801824690164494 ], [ -120.433006897545226, 39.800404690214179 ], [ -120.432496898155989, 39.799164690400573 ], [ -120.431946897589228, 39.798694690493846 ], [ -120.431196897916891, 39.798374690598678 ], [ -120.430066898359598, 39.798094690639061 ], [ -120.42782689849372, 39.79709468990211 ], [ -120.427476898785244, 39.796804690112083 ], [ -120.427256898759822, 39.796454690371604 ], [ -120.427116899108569, 39.795944690000965 ], [ -120.42702689879161, 39.795344690453817 ], [ -120.426976899540023, 39.794814690540193 ], [ -120.427236898989008, 39.794074690158141 ], [ -120.427696899273485, 39.793684690528551 ], [ -120.428266899138123, 39.793344690865638 ], [ -120.428896899286144, 39.79286469053767 ], [ -120.429446899130653, 39.792014690451481 ], [ -120.429756899785048, 39.790624690799973 ], [ -120.429906899925641, 39.7877946914586 ], [ -120.429876899970679, 39.786464691329343 ], [ -120.429776899644139, 39.785604691046444 ], [ -120.429616899903351, 39.785104691518995 ], [ -120.429186899939168, 39.784084691259068 ], [ -120.428896900592406, 39.783064691767095 ], [ -120.428676900624282, 39.782284691699715 ], [ -120.428566901143995, 39.781484691748119 ], [ -120.428706900976465, 39.780634691855255 ], [ -120.429066900881026, 39.779784691836085 ], [ -120.429556901345734, 39.779034692007599 ], [ -120.431216900789764, 39.777484692194662 ], [ -120.431506901239743, 39.776964692424656 ], [ -120.431716901403775, 39.775944692375617 ], [ -120.431716901530251, 39.774994692560995 ], [ -120.431426901231873, 39.77437469252817 ], [ -120.432226901280728, 39.773524692554986 ], [ -120.432786901118561, 39.773054692921846 ], [ -120.432996901189142, 39.772734692585004 ], [ -120.43330690079722, 39.77245469263346 ], [ -120.433456901485556, 39.772254692754188 ], [ -120.433526900951847, 39.771834692546804 ], [ -120.433506900952864, 39.77116469276973 ], [ -120.43353690112383, 39.770874692794905 ], [ -120.433816901503235, 39.770554692686176 ], [ -120.434546901193926, 39.770074692866046 ], [ -120.435926901076982, 39.76944469349354 ], [ -120.436636900664723, 39.769074693238224 ], [ -120.437366901167366, 39.769244693256894 ], [ -120.439546900858147, 39.769574693455127 ], [ -120.43993690077923, 39.769594693520503 ], [ -120.440666900426095, 39.769444693869275 ], [ -120.441446900300036, 39.76924469358039 ], [ -120.442606900039038, 39.769154693704763 ], [ -120.443146899735552, 39.769084693844775 ], [ -120.44366690026061, 39.768874693750831 ], [ -120.444876900302745, 39.768164694070833 ], [ -120.445786899903737, 39.767574694311747 ], [ -120.446426900069298, 39.767294694113048 ], [ -120.447066899325819, 39.767094694472064 ], [ -120.447586899850876, 39.766884694522332 ], [ -120.448366899724988, 39.766684694391927 ], [ -120.448996899842371, 39.766434694765621 ], [ -120.449366899720417, 39.766114694740907 ], [ -120.449656899274942, 39.765574694882048 ], [ -120.450306899648183, 39.764064694856188 ], [ -120.451176899172594, 39.762724695056534 ], [ -120.451866899634524, 39.761874694859728 ], [ -120.451966899210618, 39.761624694990417 ], [ -120.451816899473783, 39.761424695390076 ], [ -120.453206899353063, 39.761154695652124 ], [ -120.454026899391692, 39.761044695091982 ], [ -120.45525689945805, 39.760814695574425 ], [ -120.458206899090953, 39.760104695783753 ], [ -120.458886898514663, 39.759974695545964 ], [ -120.459226898223164, 39.75993469612439 ], [ -120.459586898904945, 39.759994695662158 ], [ -120.460246898193759, 39.760214696000503 ], [ -120.460766898652366, 39.760504696035127 ], [ -120.461316898317136, 39.761004696151986 ], [ -120.462316898140955, 39.761724695732312 ], [ -120.462766897393863, 39.762004695881046 ], [ -120.46332689804359, 39.762184695791518 ], [ -120.464056897647936, 39.762354696250043 ], [ -120.466836897269616, 39.762844695926617 ], [ -120.467786896939515, 39.763064696159745 ], [ -120.469466896205688, 39.763514696089828 ], [ -120.469886896249761, 39.763604696558275 ], [ -120.470586896633449, 39.763674696564067 ], [ -120.471096896186907, 39.763684696788857 ], [ -120.471566896482273, 39.763544696874817 ], [ -120.472046895944516, 39.763244696354775 ], [ -120.473066896048351, 39.762524696944979 ], [ -120.474216895821996, 39.761844696666117 ], [ -120.474986895650773, 39.761654696875667 ], [ -120.475886896046234, 39.761514697011705 ], [ -120.477716895238302, 39.760744697258986 ], [ -120.479246895765925, 39.760244697490691 ], [ -120.479976895456844, 39.759764697609057 ], [ -120.481026894811862, 39.758914697504451 ], [ -120.481916895221957, 39.758334698168426 ], [ -120.483426894834849, 39.757294698265127 ], [ -120.48434689536117, 39.756834698152659 ], [ -120.48516689452822, 39.756524698281567 ], [ -120.485796894656289, 39.756194698603849 ], [ -120.486296895134558, 39.755674698249777 ], [ -120.486546894499327, 39.755234698376228 ], [ -120.487026894965027, 39.754144698312871 ], [ -120.487406894925925, 39.753534698691226 ], [ -120.487946894665015, 39.753144698593928 ], [ -120.488456895147294, 39.752924698554978 ], [ -120.489166894695586, 39.752854698784006 ], [ -120.489996894792966, 39.752634699225723 ], [ -120.491036894036199, 39.752294699134666 ], [ -120.492056894076143, 39.752054698895449 ], [ -120.492726894315581, 39.752214699024705 ], [ -120.49333689431819, 39.752164699477589 ], [ -120.494946894376369, 39.751094699151054 ], [ -120.495446893956284, 39.750574699662252 ], [ -120.495716894306213, 39.7501446997519 ], [ -120.495886894240243, 39.749524699748576 ], [ -120.495876894245384, 39.749154699451992 ], [ -120.495496894571602, 39.747604700142119 ], [ -120.495496894622249, 39.747224700084928 ], [ -120.495786894150001, 39.746884700170483 ], [ -120.49643689439705, 39.746324700242837 ], [ -120.496726893930145, 39.745944700055929 ], [ -120.496966894149125, 39.745504700194488 ], [ -120.497416894392131, 39.745094699979063 ], [ -120.497726894017489, 39.744684700075481 ], [ -120.498236894577133, 39.743884700442379 ], [ -120.49877689435209, 39.743224700600592 ], [ -120.49906689476893, 39.742954700575581 ], [ -120.499416894550791, 39.742694700657296 ], [ -120.500006894502519, 39.742364700342762 ], [ -120.500616894557027, 39.741924700444201 ], [ -120.500516894145051, 39.741704700445496 ], [ -120.50034689432141, 39.741494701072781 ], [ -120.50004689482779, 39.741244700418292 ], [ -120.499056895037029, 39.740604700892391 ], [ -120.498476895230453, 39.740174700858233 ], [ -120.498306894508403, 39.739964700967676 ], [ -120.498256895224756, 39.739674700838009 ], [ -120.499456895456774, 39.737204700735219 ], [ -120.499556895060664, 39.736744701111263 ], [ -120.499616895386339, 39.736284701176942 ], [ -120.499506894951594, 39.735904700855372 ], [ -120.499276895778848, 39.735564700999191 ], [ -120.498406895637743, 39.734784700857233 ], [ -120.498036895852465, 39.734404701225799 ], [ -120.497826895864307, 39.734104700843602 ], [ -120.497756895657687, 39.733334701268745 ], [ -120.497116896622856, 39.731864701644326 ], [ -120.496606896277285, 39.731054701555252 ], [ -120.496456896561597, 39.730694701690879 ], [ -120.496366896216443, 39.730304701449143 ], [ -120.496236896662026, 39.729394701292506 ], [ -120.496016896669516, 39.728794701227969 ], [ -120.495716897226259, 39.728164701338187 ], [ -120.495166896700084, 39.727384701775122 ], [ -120.494636897134058, 39.726804701489641 ], [ -120.49423689720328, 39.726524701285598 ], [ -120.494006897122802, 39.726254701430946 ], [ -120.493706897735251, 39.725204701894768 ], [ -120.493556898013082, 39.724894701956885 ], [ -120.493266897671845, 39.724594701636988 ], [ -120.492916897952398, 39.724384701937424 ], [ -120.492256897771597, 39.724114701268832 ], [ -120.491036897855224, 39.723544701542494 ], [ -120.490686898137028, 39.723324701585398 ], [ -120.490416898793001, 39.722944701665824 ], [ -120.490036898969038, 39.722524701275802 ], [ -120.489666898308087, 39.721974701644399 ], [ -120.489196899037097, 39.721164701442206 ], [ -120.489016899256796, 39.720294701938997 ], [ -120.489036899508164, 39.719064702067612 ], [ -120.489196899445687, 39.718084701546161 ], [ -120.489396899491965, 39.717614702217304 ], [ -120.489666899028293, 39.716544702223246 ], [ -120.489686899259709, 39.715464701921633 ], [ -120.489546899637162, 39.714734702300689 ], [ -120.489556899775494, 39.714024702151505 ], [ -120.490756899916676, 39.712234702649141 ], [ -120.490886899661973, 39.711704702795714 ], [ -120.490696899801776, 39.711104702910177 ], [ -120.489956900269704, 39.710054702787772 ], [ -120.489326900316712, 39.709064702908222 ], [ -120.488896900286704, 39.708534702843906 ], [ -120.488516900502361, 39.707814702430653 ], [ -120.488079917962807, 39.706575264184266 ] ] ] ] } },
{ "type": "Feature", "properties": { "AREA_NAME": "San Joaquin Valley Air Basin, CA", "Status": "Both", "Status_120": "Nonattainment", "Id": 0, "NAME": null, "COMPOSID": "PM-2.5.2012.San_Joaquin_Valley" }, "geometry": { "type": "MultiPolygon", "coordinates": [ [ [ [ -121.025184000341198, 38.298000000399895 ], [ -121.015247999895109, 38.274320000168132 ], [ -121.009696000170095, 38.261007999619665 ], [ -121.005058000326244, 38.250000000100101 ], [ -121.00519999968003, 38.250000000100101 ], [ -121.004599999889933, 38.248700000404995 ], [ -121.003400000309625, 38.245400000210111 ], [ -121.002500000174734, 38.243299999595479 ], [ -120.994471000436192, 38.225534999640843 ], [ -120.980700000304637, 38.194199999830289 ], [ -120.937799999570188, 38.088399999660453 ], [ -120.92539999971001, 38.077499999725433 ], [ -120.91769999985496, 38.070900000235042 ], [ -120.875000000249656, 38.028971000211754 ], [ -120.848887000234697, 38.007215999718767 ], [ -120.840099999715051, 38.000856999650921 ], [ -120.75165200023946, 37.923409000225377 ], [ -120.743487999671231, 37.912493999598667 ], [ -120.727633999709155, 37.897745000231794 ], [ -120.718337999998539, 37.890378000444514 ], [ -120.65282200043481, 37.832356000229424 ], [ -120.564211999783822, 37.767805000200781 ], [ -120.563863999923512, 37.767601999832664 ], [ -120.561866999562255, 37.766022999861889 ], [ -120.558710999712673, 37.763984000261758 ], [ -120.557654000431626, 37.763109000380325 ], [ -120.556120999884115, 37.762035000315279 ], [ -120.546563999828606, 37.754848999881631 ], [ -120.540847999735263, 37.750013999946475 ], [ -120.536927999727197, 37.747068999934584 ], [ -120.527682999670503, 37.740020999569765 ], [ -120.51062900012812, 37.727227999572847 ], [ -120.50991000024618, 37.726779999597568 ], [ -120.509190000318029, 37.726146000038057 ], [ -120.500225999729935, 37.7194479996258 ], [ -120.499924000192266, 37.719274999741685 ], [ -120.499201000125879, 37.718677000043726 ], [ -120.498731000035491, 37.718349000206501 ], [ -120.472867999858181, 37.698793000396961 ], [ -120.469780000446519, 37.696577999875103 ], [ -120.466652000089596, 37.694082999930856 ], [ -120.455503000363024, 37.685636999847873 ], [ -120.448850000227139, 37.680487999821537 ], [ -120.441889000277001, 37.675214000326093 ], [ -120.441144000095392, 37.674724000212734 ], [ -120.399744000185251, 37.643818000400756 ], [ -120.399140000210707, 37.643418999987034 ], [ -120.395709000270017, 37.640663999743992 ], [ -120.394793000296602, 37.640126000115174 ], [ -120.386586999590179, 37.633771000231661 ], [ -120.386302999983343, 37.633565999771349 ], [ -120.386644000420119, 37.633430999840982 ], [ -120.319954999823267, 37.523316000333352 ], [ -120.317873000038787, 37.521699999555551 ], [ -120.315345000371337, 37.514103999999804 ], [ -120.315518000255338, 37.505547000194156 ], [ -120.309682000024111, 37.49663700029754 ], [ -120.298079000045675, 37.488980999773503 ], [ -120.299200999626294, 37.484354999583843 ], [ -120.294005000130483, 37.480080000291821 ], [ -120.278560000143614, 37.458009999661954 ], [ -120.277119000241441, 37.449242000018444 ], [ -120.273946999654186, 37.443707000178165 ], [ -120.274078000299198, 37.44078400028161 ], [ -120.276987000449537, 37.436561999836726 ], [ -120.28340999987131, 37.431746999924314 ], [ -120.282380000036824, 37.424425000413635 ], [ -120.278424000167263, 37.42016800015324 ], [ -120.274794000042846, 37.418891999766117 ], [ -120.264993000426443, 37.400668000228222 ], [ -120.253680000331599, 37.385466999802361 ], [ -120.24599600031496, 37.380276999683986 ], [ -120.244554000366634, 37.376820000342775 ], [ -120.230398999613953, 37.358215000322218 ], [ -120.227250000087281, 37.351705999632486 ], [ -120.225410999817655, 37.350903000373364 ], [ -120.20801899997673, 37.324997000011763 ], [ -120.202525000228434, 37.313387999756628 ], [ -120.188709999866433, 37.303618999817161 ], [ -120.181708999870239, 37.291470999886883 ], [ -120.185502000316774, 37.282484000036845 ], [ -120.182750000212195, 37.270557000405518 ], [ -120.177484000186269, 37.262481000298123 ], [ -120.142815000411815, 37.239254000272183 ], [ -120.111914999977046, 37.228618999967068 ], [ -120.092186000283561, 37.22267300005916 ], [ -120.084875000380748, 37.218799000373849 ], [ -120.066561000289767, 37.200545000351724 ], [ -120.061213000079761, 37.198039999946218 ], [ -120.056391999890764, 37.188144999592225 ], [ -120.051055000187944, 37.183163000072625 ], [ -119.760809000035124, 37.41717499972674 ], [ -119.650205999607067, 37.417888000231244 ], [ -119.650186999630193, 37.461413000110156 ], [ -119.614504999905648, 37.461579999717515 ], [ -119.61416300032198, 37.494743000189487 ], [ -119.583236999587712, 37.494757999982028 ], [ -119.582599999889851, 37.560399999960168 ], [ -119.308010999607689, 37.778057999976909 ], [ -119.30760000043955, 37.777400000210093 ], [ -119.307500000324524, 37.776600000190058 ], [ -119.307300000094756, 37.775800000170079 ], [ -119.305800000169654, 37.775100000264899 ], [ -119.303899999785017, 37.774400000359947 ], [ -119.302999999650126, 37.773699999555618 ], [ -119.302800000319621, 37.773500000225056 ], [ -119.301399999610112, 37.77239999986034 ], [ -119.299700000354505, 37.771499999725449 ], [ -119.296899999834977, 37.770699999705471 ], [ -119.294599999889897, 37.769500000125049 ], [ -119.292799999620115, 37.768399999760447 ], [ -119.292400000059786, 37.768000000200061 ], [ -119.292400000059786, 37.767900000085206 ], [ -119.293099999964852, 37.759799999770451 ], [ -119.291800000269575, 37.758099999615581 ], [ -119.288899999635021, 37.756400000359918 ], [ -119.288099999615099, 37.755099999765434 ], [ -119.288500000074805, 37.752699999705442 ], [ -119.288600000189717, 37.750800000220067 ], [ -119.288600000189717, 37.750000000200032 ], [ -119.288699000258475, 37.750000000200032 ], [ -119.289500000324608, 37.749499999625584 ], [ -119.289699999655113, 37.749400000409935 ], [ -119.289500000324608, 37.748799999720404 ], [ -119.288700000304573, 37.747999999700426 ], [ -119.288199999729954, 37.747399999910328 ], [ -119.288099999615099, 37.746700000005148 ], [ -119.287800000169739, 37.746100000215051 ], [ -119.287399999710033, 37.745099999965305 ], [ -119.286400000359663, 37.744799999620568 ], [ -119.284900000434448, 37.744600000290063 ], [ -119.283800000069789, 37.744500000175208 ], [ -119.282400000259656, 37.744199999830471 ], [ -119.281099999665116, 37.743900000384883 ], [ -119.279100000064773, 37.743100000364905 ], [ -119.277899999585145, 37.742599999790457 ], [ -119.276800000119692, 37.742200000230014 ], [ -119.275899999984745, 37.741699999655566 ], [ -119.274700000404493, 37.741099999865298 ], [ -119.273999999600164, 37.740700000305026 ], [ -119.273499999924809, 37.740500000075144 ], [ -119.272300000344558, 37.739900000285047 ], [ -119.271999999999821, 37.739700000055166 ], [ -119.271500000324636, 37.73959999994031 ], [ -119.270800000419513, 37.739299999595573 ], [ -119.270700000304544, 37.739299999595573 ], [ -119.27009999961507, 37.73959999994031 ], [ -119.269299999595148, 37.739700000055166 ], [ -119.268400000359634, 37.739700000055166 ], [ -119.267998999853774, 37.739299999595573 ], [ -119.267500000224686, 37.738300000245033 ], [ -119.264500000374483, 37.736199999630571 ], [ -119.263099999665087, 37.732999999550543 ], [ -119.260199999929853, 37.732800000220038 ], [ -119.25950000002473, 37.731499999625555 ], [ -119.259099999565194, 37.72670000040489 ], [ -119.256899999734969, 37.724699999905283 ], [ -119.254200000229673, 37.725399999810406 ], [ -119.253400000209695, 37.72769999975543 ], [ -119.252000000399562, 37.729500000025325 ], [ -119.249999999899956, 37.73022900036824 ], [ -119.249699000408384, 37.729615999978591 ], [ -119.242067000091765, 37.728615999728902 ], [ -119.239493000101731, 37.727149000426209 ], [ -119.238287000244668, 37.727536000286477 ], [ -119.237041000341719, 37.725093000042079 ], [ -119.229350000002341, 37.720635000405252 ], [ -119.229289999933428, 37.717925999585475 ], [ -119.22545999957913, 37.716215999868723 ], [ -119.222430000144243, 37.716368999729866 ], [ -119.221213999826091, 37.715118999642414 ], [ -119.215357000425058, 37.714191000014864 ], [ -119.212892000065608, 37.717802000162465 ], [ -119.210681999774295, 37.719824999923958 ], [ -119.209706999778007, 37.722081999684747 ], [ -119.206350999698657, 37.724127999607845 ], [ -119.200739999950883, 37.7318169998548 ], [ -119.199561999586422, 37.734985000257609 ], [ -119.197513000424465, 37.73672599960554 ], [ -119.193913999930999, 37.737031000180707 ], [ -119.192189999568541, 37.737868000108392 ], [ -119.190557999851649, 37.737883999946803 ], [ -119.186929999819426, 37.736438999860127 ], [ -119.184455999944248, 37.736888999927544 ], [ -119.183288000041046, 37.739372000217884 ], [ -119.182588000135922, 37.739475999617923 ], [ -119.182224999583866, 37.737944000015716 ], [ -119.181243000164159, 37.736943999766027 ], [ -119.179003000287992, 37.73654000002125 ], [ -119.176125999814758, 37.734845000096982 ], [ -119.171847000338573, 37.73579399979343 ], [ -119.171459999579156, 37.736881999604748 ], [ -119.169978999630871, 37.738163000222528 ], [ -119.166470999736646, 37.738298000152838 ], [ -119.163097999772674, 37.736192000160827 ], [ -119.161395000378832, 37.736311000252783 ], [ -119.160199000083594, 37.735762000116381 ], [ -119.158160999630297, 37.736477999859972 ], [ -119.156356000029234, 37.736597999997969 ], [ -119.154453000405397, 37.73477499956681 ], [ -119.148616000128129, 37.732963999688934 ], [ -119.146700999951065, 37.732889999873805 ], [ -119.146344999721748, 37.733429999594989 ], [ -119.143779000100608, 37.734274999891568 ], [ -119.141722999716535, 37.733039000449764 ], [ -119.139796999931434, 37.733319999918251 ], [ -119.13705500028783, 37.73619500029929 ], [ -119.134725999904788, 37.734871000396708 ], [ -119.13167600044693, 37.733997999708265 ], [ -119.126007999869159, 37.734620999659626 ], [ -119.124722999966309, 37.733775000216326 ], [ -119.123334999810254, 37.734013000399955 ], [ -119.120654000281718, 37.731160000134253 ], [ -119.117030000433886, 37.730348999606861 ], [ -119.108718000235342, 37.724803000158545 ], [ -119.105791000154397, 37.719336999902964 ], [ -119.100839000219537, 37.716263000237461 ], [ -119.10061399973614, 37.713715999693818 ], [ -119.097946999953876, 37.711489999564037 ], [ -119.095881000007921, 37.707713999901387 ], [ -119.092151999814746, 37.703693999778579 ], [ -119.089897000146266, 37.702749000266294 ], [ -119.087078999695848, 37.702740999897401 ], [ -119.084446999728982, 37.699111999819195 ], [ -119.081588000086015, 37.69661199964429 ], [ -119.078265999775851, 37.694928000227264 ], [ -119.072378999890702, 37.69295299998123 ], [ -119.072503000213146, 37.691291999826205 ], [ -119.067850999723703, 37.686586999590588 ], [ -119.064194000152781, 37.684621999805643 ], [ -119.063150999718687, 37.68017299968443 ], [ -119.061058000326227, 37.676605999767332 ], [ -119.061470000440011, 37.671161999626861 ], [ -119.059648000055006, 37.669110000326611 ], [ -119.058578000174407, 37.665444000340528 ], [ -119.059341000286736, 37.663877000023831 ], [ -119.059030000334019, 37.662088000261292 ], [ -119.059564999824602, 37.659280000272133 ], [ -119.060430000144152, 37.657899000438704 ], [ -119.05936799973324, 37.656046999569583 ], [ -119.057733999923926, 37.65515599984974 ], [ -119.05647999965214, 37.653417999741066 ], [ -119.053361999756362, 37.651249000441283 ], [ -119.05262199980524, 37.64645999992922 ], [ -119.053650000447021, 37.645200000280056 ], [ -119.051032000226485, 37.644060999915268 ], [ -119.048307999614281, 37.64170600013199 ], [ -119.044695000273862, 37.637457000240715 ], [ -119.042626000189557, 37.636590999874898 ], [ -119.041526999870996, 37.635296000410449 ], [ -119.037293999818019, 37.632831000050885 ], [ -119.034396000175093, 37.632714000051294 ], [ -119.033154999603369, 37.631098000172869 ], [ -119.03159799974776, 37.630599999690389 ], [ -119.031738999954712, 37.628717000089694 ], [ -119.03048599972891, 37.627926999631597 ], [ -119.03010800028386, 37.626782999935756 ], [ -119.029920999754211, 37.620956000119577 ], [ -119.031000000049801, 37.61889999973539 ], [ -119.030500000374559, 37.617100000364871 ], [ -119.031000000049801, 37.613900000285014 ], [ -119.033500000224706, 37.606100000314996 ], [ -119.033400000109737, 37.603600000140148 ], [ -119.028399999759984, 37.597500000324999 ], [ -119.025999999700048, 37.595800000170129 ], [ -119.024200000329529, 37.590200000030279 ], [ -119.021399999810001, 37.58580000037 ], [ -119.019500000324513, 37.583500000424806 ], [ -119.014399999859904, 37.582299999945235 ], [ -119.003499999924884, 37.574499999975217 ], [ -119.001300000094773, 37.571199999780333 ], [ -118.989600000139774, 37.567199999680497 ], [ -118.983899999884954, 37.567399999910378 ], [ -118.980499999575102, 37.564999999850329 ], [ -118.975999999800024, 37.55690000043495 ], [ -118.971500000024776, 37.559499999825334 ], [ -118.96310000026466, 37.558200000130057 ], [ -118.958799999819973, 37.563199999580604 ], [ -118.955400000409497, 37.562800000020218 ], [ -118.951699999755022, 37.56589999998522 ], [ -118.946000000399579, 37.565099999965184 ], [ -118.945399999709991, 37.563399999810315 ], [ -118.941699999954892, 37.562200000230121 ], [ -118.938000000199679, 37.554500000374958 ], [ -118.933400000309632, 37.553400000010186 ], [ -118.928700000304616, 37.549000000349906 ], [ -118.916100000214669, 37.550400000160039 ], [ -118.908799999919836, 37.53940000011022 ], [ -118.905800000069803, 37.537900000185061 ], [ -118.900199999929896, 37.531299999795465 ], [ -118.901699999854884, 37.528899999735415 ], [ -118.900899999834962, 37.526100000115207 ], [ -118.891599999939899, 37.526200000230062 ], [ -118.882699999605165, 37.520199999630563 ], [ -118.880700000004822, 37.510400000060145 ], [ -118.866499999874918, 37.507199999980287 ], [ -118.859800000269672, 37.501599999840437 ], [ -118.857536000186087, 37.494388000006438 ], [ -118.858759999973756, 37.491206999903341 ], [ -118.854457000290154, 37.481507000447948 ], [ -118.856266000075664, 37.479536000386247 ], [ -118.849517000009314, 37.4758609999854 ], [ -118.835063999903525, 37.482581999659715 ], [ -118.831838000423261, 37.480258999553485 ], [ -118.814567999913095, 37.487872999939214 ], [ -118.8093260000947, 37.486110999623236 ], [ -118.803315999933318, 37.489004999980978 ], [ -118.796138999914774, 37.488778000304706 ], [ -118.785088000210919, 37.478748000020346 ], [ -118.784095000283912, 37.473951000038937 ], [ -118.776933000057682, 37.469432000286929 ], [ -118.774056999630659, 37.463118999642347 ], [ -118.772347999960061, 37.4595260003249 ], [ -118.767989000391935, 37.458202000422148 ], [ -118.767532000001665, 37.456724999759217 ], [ -118.762330000229156, 37.456603999575123 ], [ -118.762836000181039, 37.455835000085415 ], [ -118.760929000372926, 37.448822000435257 ], [ -118.757965000384274, 37.444587000290028 ], [ -118.759218999756797, 37.433699000009085 ], [ -118.764139000014666, 37.429796999931909 ], [ -118.766549999682582, 37.423705999632432 ], [ -118.768316000183063, 37.422239000329739 ], [ -118.770370999621775, 37.422481999844649 ], [ -118.772083000329985, 37.424700999651691 ], [ -118.774724999858734, 37.424643999721013 ], [ -118.778801999912218, 37.421743999985949 ], [ -118.782602999828441, 37.413379000041118 ], [ -118.780856000204039, 37.408579999967174 ], [ -118.785069000234046, 37.402228000222294 ], [ -118.78579300034653, 37.398610999798166 ], [ -118.789076999803513, 37.394098000322685 ], [ -118.788077999599864, 37.391715000147371 ], [ -118.784898999589018, 37.389188999672797 ], [ -118.781692000085513, 37.382773999720598 ], [ -118.778593000166609, 37.381656000324426 ], [ -118.778479000305424, 37.377901999877565 ], [ -118.776559999943856, 37.375280000372072 ], [ -118.772376000351926, 37.375000000050079 ], [ -118.77209600003016, 37.373245000056954 ], [ -118.76672399961268, 37.36773000023959 ], [ -118.769121000433699, 37.366286000198784 ], [ -118.767194999749279, 37.361243999711121 ], [ -118.769214000225759, 37.358926999881419 ], [ -118.777281999964202, 37.358394999629752 ], [ -118.780561000089904, 37.356481000398105 ], [ -118.780605000320293, 37.354935000150476 ], [ -118.78325400017178, 37.352417000044795 ], [ -118.785783999931425, 37.343444999987071 ], [ -118.780580000066777, 37.33880400000487 ], [ -118.77915600004917, 37.334937999789076 ], [ -118.773402000002136, 37.334867000112183 ], [ -118.765720000077806, 37.331164000218621 ], [ -118.763830000154201, 37.331533000147886 ], [ -118.758290000083264, 37.328671000366569 ], [ -118.749177999864628, 37.322573999790507 ], [ -118.746282000313897, 37.322236000391399 ], [ -118.740166999806945, 37.315404000094873 ], [ -118.732013999746073, 37.317957000015838 ], [ -118.727802999808375, 37.323068000088426 ], [ -118.715064999649883, 37.328274000045212 ], [ -118.708698000112406, 37.321978000184743 ], [ -118.707117000049379, 37.316661999651842 ], [ -118.696988999742416, 37.305079999742475 ], [ -118.694004999730794, 37.306087000315017 ], [ -118.694266000075686, 37.303194000003316 ], [ -118.688669000074071, 37.293432000386815 ], [ -118.684270999606724, 37.29053499989044 ], [ -118.681152999710946, 37.280540000320968 ], [ -118.675545000101522, 37.275554999763699 ], [ -118.674594000312652, 37.271280999618625 ], [ -118.670865000119477, 37.269291999626375 ], [ -118.6642200003526, 37.261076000257503 ], [ -118.67389799969277, 37.249034999865557 ], [ -118.676169000099151, 37.249284999703264 ], [ -118.682798000027503, 37.244434999975567 ], [ -118.683608999655405, 37.237652000139974 ], [ -118.681303000333003, 37.234049000361267 ], [ -118.685478000409148, 37.227640999832488 ], [ -118.683298999748899, 37.224238000283719 ], [ -118.679842000407859, 37.22299100033473 ], [ -118.677741999793227, 37.218982999865773 ], [ -118.67815700004536, 37.214517999905979 ], [ -118.674668000127895, 37.214211000137766 ], [ -118.680663999643741, 37.205273999895326 ], [ -118.668458999782843, 37.190445000436569 ], [ -118.665810999977452, 37.190096999676996 ], [ -118.666372999813916, 37.183584999748177 ], [ -118.663296000010234, 37.17821000009161 ], [ -118.66596900006914, 37.172854999558865 ], [ -118.671705000185455, 37.167408000179307 ], [ -118.665558000001568, 37.161452999856238 ], [ -118.666244000160304, 37.154704999836156 ], [ -118.659928000276807, 37.148482999790815 ], [ -118.65576199971639, 37.14727499984167 ], [ -118.653651000393211, 37.141890999770112 ], [ -118.650109999876406, 37.140242000168371 ], [ -118.645584999847699, 37.140847000189126 ], [ -118.638963000242143, 37.137309999856825 ], [ -118.635831999746813, 37.138843000404336 ], [ -118.628559999843958, 37.137491000109833 ], [ -118.6256040002242, 37.139794000193092 ], [ -118.612469999790505, 37.143075999557993 ], [ -118.598703999889437, 37.136534000044378 ], [ -118.591719999778036, 37.138213000130179 ], [ -118.588859000042532, 37.134901000281218 ], [ -118.585110999872484, 37.12499999965047 ], [ -118.580974999796183, 37.122326999591678 ], [ -118.574697999912587, 37.123787000370044 ], [ -118.567629000377792, 37.122364000398534 ], [ -118.567470000240178, 37.115361000310088 ], [ -118.563164000418055, 37.113274000295121 ], [ -118.544126000214476, 37.11543800026368 ], [ -118.543416999894418, 37.113795000039488 ], [ -118.537016999734533, 37.11364400027071 ], [ -118.533382000278948, 37.110886999935303 ], [ -118.529910000246161, 37.110911000142778 ], [ -118.531376000401906, 37.109609000355363 ], [ -118.528831999996669, 37.105145999588501 ], [ -118.526197999937608, 37.104804000004833 ], [ -118.521190000118224, 37.098424999914016 ], [ -118.517593999763051, 37.097878999916077 ], [ -118.510923999742658, 37.092883999796982 ], [ -118.502165999660974, 37.095288000041364 ], [ -118.500623999597678, 37.092604000374592 ], [ -118.497088000210908, 37.092036000261487 ], [ -118.491719999977875, 37.087530000209483 ], [ -118.485643000324046, 37.077480999948421 ], [ -118.47020799989906, 37.072728000197287 ], [ -118.466396000374857, 37.066811999874062 ], [ -118.452175000175998, 37.067397999917944 ], [ -118.449277999679794, 37.069040000096265 ], [ -118.440349999852458, 37.063921999700653 ], [ -118.435115000356859, 37.057330999726105 ], [ -118.437298000302292, 37.055957000215642 ], [ -118.434035000015001, 37.049804999801154 ], [ -118.440751000358148, 37.045783999632022 ], [ -118.438285999998755, 37.039062999957707 ], [ -118.428564000428139, 37.034009999861837 ], [ -118.421825999969712, 37.025871000446614 ], [ -118.422175999922331, 37.017003999835026 ], [ -118.427045999672998, 37.012040000246031 ], [ -118.423404999940601, 37.008037000007732 ], [ -118.420178000414239, 37.007629000078566 ], [ -118.411314999987098, 36.998421999975676 ], [ -118.417999999799974, 36.994900000334894 ], [ -118.418599999590185, 36.987499999925319 ], [ -118.410199999829899, 36.983000000150184 ], [ -118.408599999789885, 36.975300000295078 ], [ -118.40350000022471, 36.97210000021505 ], [ -118.40249999997485, 36.965599999940309 ], [ -118.403799999670127, 36.95759999974041 ], [ -118.395700000254635, 36.957400000409905 ], [ -118.387499999824968, 36.945600000339994 ], [ -118.380599999989784, 36.92600000029995 ], [ -118.370099999615036, 36.908700000205101 ], [ -118.366499999974849, 36.907100000165087 ], [ -118.368900000034785, 36.90049999977532 ], [ -118.364099999914913, 36.890700000205072 ], [ -118.359899999585082, 36.887799999570575 ], [ -118.361499999625096, 36.883700000255089 ], [ -118.366199999630112, 36.881500000424921 ], [ -118.368931999711833, 36.870144000145785 ], [ -118.365228999818271, 36.868965999781324 ], [ -118.365469000094095, 36.86366199980165 ], [ -118.361291999925697, 36.86142500006406 ], [ -118.360590999974534, 36.845335000010493 ], [ -118.368460000428456, 36.837387999556881 ], [ -118.374999999849933, 36.834560999590678 ], [ -118.388826999866012, 36.834532000052093 ], [ -118.392755000242857, 36.830966000181036 ], [ -118.391274000294686, 36.824391000044841 ], [ -118.38374999956261, 36.815408000379136 ], [ -118.382947000303545, 36.810261000445166 ], [ -118.378655000227923, 36.808982999965679 ], [ -118.374999999849933, 36.802719999828298 ], [ -118.371873000438427, 36.794605999767327 ], [ -118.373713999900986, 36.793855000208396 ], [ -118.375899999984881, 36.785599999940189 ], [ -118.37930000029462, 36.782299999745476 ], [ -118.375099999964789, 36.778599999990206 ], [ -118.375500000424552, 36.772199999830491 ], [ -118.371099999864953, 36.767100000265089 ], [ -118.373800000269625, 36.764199999630421 ], [ -118.370800000419536, 36.7612999998953 ], [ -118.368400000359543, 36.750399999960109 ], [ -118.365200000279572, 36.747799999670406 ], [ -118.361200000179736, 36.747799999670406 ], [ -118.359657000070342, 36.744838999820274 ], [ -118.355800000269653, 36.742299999645354 ], [ -118.350400000359514, 36.74110000006516 ], [ -118.341500000024837, 36.7304999995755 ], [ -118.338700000404572, 36.729099999765367 ], [ -118.334700000304622, 36.713000000150146 ], [ -118.333800000169674, 36.705400000409838 ], [ -118.337800000269624, 36.702499999775341 ], [ -118.340399999660065, 36.702200000329981 ], [ -118.345799999570147, 36.696600000189903 ], [ -118.353199999979836, 36.694799999920406 ], [ -118.357899999984852, 36.69570000005524 ], [ -118.363600000239671, 36.693899999785344 ], [ -118.365399999610133, 36.691699999955233 ], [ -118.363299999894934, 36.688000000200077 ], [ -118.359000000349511, 36.68570000025511 ], [ -118.356899999735049, 36.685600000140084 ], [ -118.354699999904938, 36.68400000010007 ], [ -118.352399999959857, 36.68400000010007 ], [ -118.346599999590183, 36.676100000015197 ], [ -118.346599999590183, 36.672400000260097 ], [ -118.338999999849875, 36.672799999820313 ], [ -118.332499999575134, 36.671500000125206 ], [ -118.330299999745023, 36.66949999962543 ], [ -118.330299999745023, 36.668199999930323 ], [ -118.328400000259535, 36.66680000012019 ], [ -118.329900000184693, 36.663999999600605 ], [ -118.334700000304622, 36.661699999655411 ], [ -118.336599999789939, 36.659000000150229 ], [ -118.337000000249645, 36.65489999993531 ], [ -118.335899999884873, 36.654699999705429 ], [ -118.335300000094776, 36.652999999550559 ], [ -118.327199999780078, 36.648100000215038 ], [ -118.32430000004473, 36.647200000080147 ], [ -118.320099999715069, 36.640100000015138 ], [ -118.317899999884958, 36.638999999650594 ], [ -118.319399999810003, 36.637300000394873 ], [ -118.319900000384564, 36.627100000364862 ], [ -118.310099999914939, 36.624999999750401 ], [ -118.309400000009873, 36.622300000244991 ], [ -118.306600000389551, 36.620499999975266 ], [ -118.304800000119712, 36.62039999986041 ], [ -118.301000000249644, 36.618200000030299 ], [ -118.301499999924829, 36.614699999605534 ], [ -118.300100000114696, 36.612599999890222 ], [ -118.297000000149694, 36.611200000080089 ], [ -118.29610000001486, 36.607400000210134 ], [ -118.293599999839955, 36.6065000000753 ], [ -118.293399999610074, 36.605599999940239 ], [ -118.28809999981496, 36.603400000110128 ], [ -118.284999999849958, 36.603400000110128 ], [ -118.280700000304648, 36.604599999690549 ], [ -118.278799999919897, 36.602000000299995 ], [ -118.273700000354552, 36.597400000409834 ], [ -118.277099999765028, 36.592400000060252 ], [ -118.282200000229693, 36.590900000135093 ], [ -118.28809999981496, 36.590800000020238 ], [ -118.287099999565157, 36.583800000070255 ], [ -118.29209999991491, 36.57930000029495 ], [ -118.291299999894875, 36.578899999835357 ], [ -118.293200000279569, 36.576399999660453 ], [ -118.288899999834882, 36.57329999969528 ], [ -118.288899999834882, 36.572200000230112 ], [ -118.290800000219633, 36.570999999750484 ], [ -118.291400000009844, 36.565599999840344 ], [ -118.289599999740005, 36.558599999890305 ], [ -118.285300000194695, 36.556700000404931 ], [ -118.27849999957516, 36.555199999580566 ], [ -118.273999999800026, 36.550599999690462 ], [ -118.271799999969801, 36.551700000055177 ], [ -118.264399999560112, 36.551599999940322 ], [ -118.260300000244683, 36.54749999972546 ], [ -118.260699999805013, 36.546099999915327 ], [ -118.258700000204669, 36.543799999970304 ], [ -118.251099999565099, 36.542199999930119 ], [ -118.250599999889914, 36.5392000000802 ], [ -118.2489999998499, 36.537800000270067 ], [ -118.247700000154737, 36.532799999920314 ], [ -118.249599999640111, 36.530299999745409 ], [ -118.249099999964869, 36.525400000409888 ], [ -118.245799999770043, 36.521500000424908 ], [ -118.24070000020464, 36.522100000215005 ], [ -118.237899999685112, 36.523700000255019 ], [ -118.238200000029849, 36.512900000434854 ], [ -118.236499999874809, 36.511699999955283 ], [ -118.238400000259674, 36.510099999915269 ], [ -118.237199999780046, 36.505899999585495 ], [ -118.240499999974816, 36.50010000011514 ], [ -118.238300000144704, 36.497000000150138 ], [ -118.234099999814873, 36.493800000070109 ], [ -118.238899999934915, 36.490499999875396 ], [ -118.245799999770043, 36.488199999930202 ], [ -118.248400000059803, 36.486000000100091 ], [ -118.2489999998499, 36.482499999675497 ], [ -118.24610000011478, 36.480500000075267 ], [ -118.241799999670093, 36.479399999710495 ], [ -118.239100000164626, 36.477400000110094 ], [ -118.236100000314593, 36.477099999765528 ], [ -118.236100000314593, 36.473999999800355 ], [ -118.231699999755051, 36.468900000235124 ], [ -118.231699999755051, 36.466400000060219 ], [ -118.229299999695002, 36.464599999790323 ], [ -118.222900000434493, 36.463699999655489 ], [ -118.220099999914794, 36.459899999785307 ], [ -118.214700000004825, 36.456400000260089 ], [ -118.212400000059802, 36.446900000135201 ], [ -118.209300000094743, 36.444899999635425 ], [ -118.211199999580117, 36.437099999665406 ], [ -118.213699999755022, 36.436700000105191 ], [ -118.212999999849956, 36.433999999700404 ], [ -118.20889999963515, 36.43040000006016 ], [ -118.204399999859902, 36.431300000195051 ], [ -118.198400000159722, 36.430199999830279 ], [ -118.196499999774971, 36.428100000115194 ], [ -118.194500000174742, 36.427899999885312 ], [ -118.192699999904903, 36.426600000190035 ], [ -118.189200000379515, 36.427799999770457 ], [ -118.183500000124695, 36.426700000305061 ], [ -118.177400000309547, 36.427699999655601 ], [ -118.173999999999808, 36.426600000190035 ], [ -118.170200000129682, 36.429100000364883 ], [ -118.163300000294612, 36.429800000270063 ], [ -118.161800000369567, 36.431200000080025 ], [ -118.155899999884923, 36.432700000005184 ], [ -118.153299999595106, 36.427199999980303 ], [ -118.152400000359535, 36.427400000210014 ], [ -118.150700000204665, 36.425200000379903 ], [ -118.147700000354519, 36.425299999595552 ], [ -118.143500000024858, 36.421300000394922 ], [ -118.14029999994483, 36.421000000050128 ], [ -118.13699999975006, 36.418100000315064 ], [ -118.139399999809996, 36.403599999840424 ], [ -118.145300000294583, 36.398699999605526 ], [ -118.15119999987985, 36.396800000120152 ], [ -118.153000000149746, 36.396900000235178 ], [ -118.159099999964894, 36.393900000384861 ], [ -118.161999999700072, 36.389499999825375 ], [ -118.157199999580143, 36.389000000150133 ], [ -118.1551999999798, 36.387400000110119 ], [ -118.15119999987985, 36.379299999795364 ], [ -118.149300000394533, 36.379800000369983 ], [ -118.146900000334597, 36.379500000025246 ], [ -118.143199999680121, 36.377099999965253 ], [ -118.140099999715062, 36.371700000055228 ], [ -118.130200000029845, 36.370799999920223 ], [ -118.128200000429501, 36.364499999875363 ], [ -118.125899999585158, 36.362699999605468 ], [ -118.121600000039848, 36.354800000419971 ], [ -118.123300000194718, 36.351999999900158 ], [ -118.119899999884865, 36.350299999745459 ], [ -118.1075000000248, 36.348099999915348 ], [ -118.104500000174653, 36.348300000145059 ], [ -118.099900000284606, 36.346800000220071 ], [ -118.098599999690066, 36.33299999965044 ], [ -118.097400000109758, 36.332800000319935 ], [ -118.096774000019934, 36.331162000326287 ], [ -118.098827000265715, 36.330634000259181 ], [ -118.099199000333442, 36.328885999689476 ], [ -118.102298000252347, 36.327108999580958 ], [ -118.102132999837863, 36.325459999979216 ], [ -118.106635999751461, 36.32566999977098 ], [ -118.111600000239605, 36.322099999715419 ], [ -118.1116360001011, 36.313400999656665 ], [ -118.110900000334539, 36.308400000160191 ], [ -118.113659999908862, 36.30704699981942 ], [ -118.11749300040151, 36.307731999932059 ], [ -118.1206999999049, 36.306900000235032 ], [ -118.120200000229545, 36.30119999998027 ], [ -118.125723000415974, 36.300742999590057 ], [ -118.126230000414068, 36.279718000385458 ], [ -118.121051999949657, 36.277761000070257 ], [ -118.11770700037755, 36.27176799979361 ], [ -118.115972999554117, 36.251010000311624 ], [ -118.111299999894868, 36.240099999915344 ], [ -118.107099999565207, 36.237300000295079 ], [ -118.105400000309544, 36.214700000404946 ], [ -118.099599999939869, 36.207999999900323 ], [ -118.093700000354602, 36.205000000050177 ], [ -118.089800000369507, 36.19740000031004 ], [ -118.085000000249579, 36.197599999640545 ], [ -118.082099999615082, 36.195399999810434 ], [ -118.080599999690037, 36.195499999925289 ], [ -118.071500000024855, 36.188000000300008 ], [ -118.069099999964806, 36.178700000405058 ], [ -118.06070000020469, 36.174000000400042 ], [ -118.059499999725006, 36.149799999570462 ], [ -118.064500000074759, 36.147799999970232 ], [ -118.069400000309486, 36.144499999775348 ], [ -118.067299999695081, 36.120299999845315 ], [ -118.06509999986497, 36.109600000140233 ], [ -118.066200000229628, 36.110400000160041 ], [ -118.06470000030464, 36.091700000255059 ], [ -118.062200000129678, 36.08930000019501 ], [ -118.05709999966507, 36.09199999970042 ], [ -118.05109999996489, 36.084600000190164 ], [ -118.049999999600118, 36.058100000314994 ], [ -118.04709999986494, 36.056199999930243 ], [ -118.046099999615137, 36.052999999850385 ], [ -118.041800000069827, 36.048600000190106 ], [ -118.043400000109727, 36.044700000205125 ], [ -118.044699999805005, 36.040800000220145 ], [ -118.041200000279616, 36.038500000274951 ], [ -118.04050000037455, 36.029900000284954 ], [ -118.036699999605105, 36.029800000170098 ], [ -118.032700000404532, 36.008999999650428 ], [ -118.030399999560188, 36.007100000165053 ], [ -118.023599999839973, 36.004700000105231 ], [ -118.018099999814979, 36.003400000409783 ], [ -118.01359899999369, 36.000000000100215 ], [ -118.013358999717923, 35.998562000336335 ], [ -118.011166000210608, 35.998361000060356 ], [ -118.009272000102555, 35.991388999602862 ], [ -118.005323999702625, 35.989812999770322 ], [ -118.004332999867927, 35.977021999865542 ], [ -118.008702999943296, 35.97823299995315 ], [ -118.01052100014391, 35.974282000314417 ], [ -118.01365599992431, 35.972945999858212 ], [ -118.01431799987563, 35.964560999890409 ], [ -118.016668000327797, 35.963078999896197 ], [ -118.015058999872792, 35.954256000414262 ], [ -118.012646000112682, 35.954794000043307 ], [ -118.010665999636046, 35.954327000091155 ], [ -118.010161999776244, 35.954655999974648 ], [ -118.008539999621007, 35.948665999836294 ], [ -118.005971999907672, 35.946537999729117 ], [ -118.002627000335508, 35.945982000169522 ], [ -118.00158399990147, 35.946372000168026 ], [ -117.999999999700094, 35.946110999823134 ], [ -117.99834799996006, 35.946656999820846 ], [ -117.997219000056646, 35.944991000334596 ], [ -117.99502899978836, 35.944135000430208 ], [ -117.993262000140987, 35.944380000037313 ], [ -117.991033999918955, 35.943824999624212 ], [ -117.988761000319755, 35.938922000150399 ], [ -117.984473000428409, 35.934197999938078 ], [ -117.985522000239996, 35.932218000360592 ], [ -117.982378000044491, 35.926617000174645 ], [ -117.987097000026381, 35.917591000324705 ], [ -117.989136999672667, 35.915973000353915 ], [ -117.988105999791912, 35.907952000084947 ], [ -117.984459999828971, 35.905365000394738 ], [ -117.985686999755103, 35.904687999751673 ], [ -117.986968000372769, 35.901368999579915 ], [ -117.984747999620311, 35.897502000217401 ], [ -117.98156400027824, 35.895849000431269 ], [ -117.981289000187019, 35.893140999657589 ], [ -117.983401999602449, 35.890720000427905 ], [ -117.984272000152544, 35.887369999725991 ], [ -117.986481000397646, 35.886319999868249 ], [ -117.988102999653563, 35.884168999599865 ], [ -117.987892999861856, 35.879821999685703 ], [ -117.984793999942951, 35.878336000406364 ], [ -117.981962999792472, 35.875000000350042 ], [ -117.981223999887561, 35.869095999680894 ], [ -117.980135000030089, 35.86696400028859 ], [ -117.984082000383808, 35.866708000174356 ], [ -117.987529000163022, 35.865753000200982 ], [ -117.989628999878221, 35.865875000431174 ], [ -117.992747999820097, 35.869663999794 ], [ -117.995791999900632, 35.869545999748368 ], [ -117.997348999756412, 35.868835000235379 ], [ -117.998930999865479, 35.866455000198357 ], [ -118.000815999558597, 35.865211000387603 ], [ -118.001342000432828, 35.863948999746754 ], [ -118.00457999956717, 35.862751000258697 ], [ -118.006509000389883, 35.858231999607312 ], [ -118.005280000371499, 35.854009000015537 ], [ -118.004192999707016, 35.853223999788042 ], [ -118.003403000148182, 35.84229899959945 ], [ -118.002083999576769, 35.842101000361083 ], [ -118.002005000430245, 35.841342000433315 ], [ -118.003604000424048, 35.840395999975783 ], [ -118.005286999795032, 35.82908900015758 ], [ -118.001745000131507, 35.825444000240736 ], [ -117.997979000030682, 35.823812999670395 ], [ -117.999552999770913, 35.820331000075782 ], [ -118.00077799960485, 35.820240000375918 ], [ -118.002810999827602, 35.81832800033709 ], [ -118.006819000296446, 35.817134000134217 ], [ -118.007960999900035, 35.812250999783998 ], [ -118.006605000320292, 35.811333999764429 ], [ -118.008744000035449, 35.805072999719471 ], [ -118.009572000447292, 35.804437000067765 ], [ -118.006469000343941, 35.79889199976617 ], [ -118.00846799989813, 35.795361999756722 ], [ -118.007134999580444, 35.789212000333748 ], [ -118.022440000305608, 35.790000999846598 ], [ -118.049901999577457, 35.791175000026499 ], [ -118.066809999581551, 35.791588000186266 ], [ -118.092175000175928, 35.791360999610731 ], [ -118.125000000349587, 35.7913079998645 ], [ -118.150936000296042, 35.791146999634634 ], [ -118.165773000123636, 35.790944000165837 ], [ -118.207497999732652, 35.790669000074502 ], [ -118.250000000099703, 35.790176999868947 ], [ -118.269094000187749, 35.790058999823316 ], [ -118.290309000060176, 35.790113999661571 ], [ -118.316137999568866, 35.790350999799159 ], [ -118.366005999676929, 35.790658999613413 ], [ -118.374999999849933, 35.79027399984551 ], [ -118.40598000037653, 35.791342999679955 ], [ -118.416225999829862, 35.791815999908636 ], [ -118.424960999750112, 35.792157000345583 ], [ -118.429012000403361, 35.792198999584343 ], [ -118.437078000049439, 35.79218399979203 ], [ -118.442469000443793, 35.792351000298595 ], [ -118.447656000423933, 35.792389000252342 ], [ -118.461542999609605, 35.792667999628634 ], [ -118.469171999787761, 35.792685000412746 ], [ -118.473939000184487, 35.792257999607159 ], [ -118.494001999992122, 35.790651000143725 ], [ -118.499999999600163, 35.790091000399514 ], [ -118.503081999634446, 35.789875000331222 ], [ -118.506303999829527, 35.789760999570717 ], [ -118.525969000169027, 35.789638000193861 ], [ -118.544682999820452, 35.789687999801686 ], [ -118.556794999889121, 35.789643000424292 ], [ -118.56631900022154, 35.789760000423826 ], [ -118.58843300018259, 35.789549999732856 ], [ -118.589060000318511, 35.77521599971891 ], [ -118.58912899990321, 35.760477999960017 ], [ -118.589202999718452, 35.744460999675709 ], [ -118.58923400024878, 35.730042000238427 ], [ -118.588966999627189, 35.715622999901768 ], [ -118.588181000252803, 35.703172000387667 ], [ -118.587836999677563, 35.688690999889957 ], [ -118.587631000070417, 35.67420299996877 ], [ -118.587722999816378, 35.659561000140343 ], [ -118.587485999678904, 35.645013000150072 ], [ -118.587920999954065, 35.630433999629645 ], [ -118.588302999583618, 35.615762000216364 ], [ -118.587678999585989, 35.615766000400924 ], [ -118.587452999955758, 35.601609999602147 ], [ -118.587224000187291, 35.587269000164383 ], [ -118.58699500041871, 35.57293900033477 ], [ -118.586763999658672, 35.558480999998437 ], [ -118.586530999705644, 35.54385800014677 ], [ -118.586306000121624, 35.529759000177989 ], [ -118.586299999844925, 35.529335000410242 ], [ -118.586098999568947, 35.515059000372844 ], [ -118.586094000237779, 35.51472100007436 ], [ -118.586122999776364, 35.500940000380922 ], [ -118.586107999983994, 35.500329000083468 ], [ -118.586014000145781, 35.486060000368866 ], [ -118.585747000423567, 35.471551000378611 ], [ -118.585632999663062, 35.457292000225891 ], [ -118.586242999914361, 35.442642000028627 ], [ -118.596314000290761, 35.442519999798435 ], [ -118.596512000428277, 35.427842000108399 ], [ -118.596832999942819, 35.413331000025835 ], [ -118.597182999895381, 35.398681999874611 ], [ -118.597121999780313, 35.38407299976933 ], [ -118.596946999804004, 35.369561999686709 ], [ -118.596832999942819, 35.355043000134572 ], [ -118.596161000429618, 35.340455000098359 ], [ -118.596061000314762, 35.339434999825642 ], [ -118.595870999646763, 35.337501999717745 ], [ -118.595206999603192, 35.32546999974096 ], [ -118.595031999626826, 35.323662000001548 ], [ -118.594161999976109, 35.311051000303678 ], [ -118.594062999907351, 35.309524000032752 ], [ -118.594016999584653, 35.309341999733647 ], [ -118.593019000326422, 35.296050000107698 ], [ -118.592971999957683, 35.295624000247642 ], [ -118.592010999707725, 35.281693999978415 ], [ -118.590942999919378, 35.267630999870903 ], [ -118.590973000403494, 35.2533420001335 ], [ -118.591004000034445, 35.238983999911852 ], [ -118.590880999758213, 35.224333999714531 ], [ -118.608413999806089, 35.224349999553169 ], [ -118.625901000430702, 35.224350999599267 ], [ -118.643592999716986, 35.224280999968414 ], [ -118.661332000271386, 35.224244000060764 ], [ -118.678771999627884, 35.224152000314803 ], [ -118.697289000087153, 35.224123999922938 ], [ -118.698528999713346, 35.223181999649796 ], [ -118.716291999575901, 35.209668999724897 ], [ -118.716470999736714, 35.20953399979453 ], [ -118.733967999923038, 35.196217999960936 ], [ -118.733962999692494, 35.194930999966004 ], [ -118.734099999714942, 35.180480999998395 ], [ -118.7342840001063, 35.1652619996417 ], [ -118.734421000128918, 35.151230000064686 ], [ -118.73471100001251, 35.137193000257014 ], [ -118.73451299987488, 35.122771999827989 ], [ -118.734336999852417, 35.108321999860607 ], [ -118.73342299997131, 35.096911999789256 ], [ -118.722453999552215, 35.093866999662509 ], [ -118.705872000192471, 35.089243999611142 ], [ -118.704905999711968, 35.088975999842773 ], [ -118.700965999680932, 35.085459000432706 ], [ -118.696182000298904, 35.084977999835132 ], [ -118.689340999587273, 35.085766000200863 ], [ -118.689334000163853, 35.08563899974024 ], [ -118.689358000371271, 35.075089999803936 ], [ -118.685171999787769, 35.071347999910472 ], [ -118.671844000300155, 35.059437000117612 ], [ -118.671338000348271, 35.059159999934309 ], [ -118.666239999975858, 35.056349999852785 ], [ -118.653320999564357, 35.049229999764975 ], [ -118.6402939995682, 35.042047000368996 ], [ -118.635754999793221, 35.039544000055798 ], [ -118.633016000287967, 35.038033999669608 ], [ -118.628768000442676, 35.035691000439556 ], [ -118.6330229997115, 35.026456999990842 ], [ -118.635419999633086, 35.026661000405113 ], [ -118.635440999702212, 35.023478000209764 ], [ -118.635416000348016, 35.012818999697345 ], [ -118.63538699990994, 35.008939999781376 ], [ -118.635411000117358, 35.000939999581476 ], [ -118.635412000163456, 34.994890000273585 ], [ -118.635413000209553, 34.994128000207297 ], [ -118.635414000255707, 34.982154000207231 ], [ -118.635417000394, 34.967691999686224 ], [ -118.635419999633086, 34.953140999557661 ], [ -118.635419999633086, 34.95241999958364 ], [ -118.635421999725338, 34.937475000171389 ], [ -118.635423999817533, 34.924076000107618 ], [ -118.635424999863687, 34.923004000134711 ], [ -118.635426999955882, 34.908473000029176 ], [ -118.635337000302115, 34.905242000318367 ], [ -118.6277379997087, 34.905233999949473 ], [ -118.642219000206467, 34.898353000091163 ], [ -118.658547000443491, 34.890591000074778 ], [ -118.659899999884942, 34.889948000100446 ], [ -118.662347000313559, 34.888785999574395 ], [ -118.677620999609303, 34.88408999975394 ], [ -118.694662000350831, 34.878848999981642 ], [ -118.703328999833275, 34.876183000245476 ], [ -118.712489999613581, 34.873362999702863 ], [ -118.73028800019091, 34.867881999654742 ], [ -118.748605000420298, 34.863083999627065 ], [ -118.749023999957501, 34.863086999765528 ], [ -118.749023999957501, 34.862974999996595 ], [ -118.751997000361143, 34.862197000091726 ], [ -118.766237999683767, 34.852720000128102 ], [ -118.772325999844895, 34.848687000305119 ], [ -118.784076000307095, 34.840900000035276 ], [ -118.797469000094111, 34.832021999815652 ], [ -118.797465999955648, 34.831858000346699 ], [ -118.797201000325742, 34.818073999615478 ], [ -118.800858999942761, 34.818049000261453 ], [ -118.802375999752428, 34.818038999800194 ], [ -118.81037499990606, 34.817982999915785 ], [ -118.811772999624111, 34.817973000353902 ], [ -118.818375000105959, 34.817927000031261 ], [ -118.818881000057956, 34.817922999846701 ], [ -118.822686000158626, 34.817836000331397 ], [ -118.82576199991621, 34.817765999801225 ], [ -118.875915999723475, 34.817819000446718 ], [ -118.877253000225608, 34.817827999962503 ], [ -118.880715999843346, 34.81785100012371 ], [ -118.882369999675461, 34.81786199973169 ], [ -118.888167999953112, 34.817900999731592 ], [ -118.88910600004175, 34.817908000054388 ], [ -118.89014100010678, 34.817915000377184 ], [ -118.890368999829263, 34.817916000423281 ], [ -118.89380700009275, 34.817938999685339 ], [ -118.893880999907992, 34.817938999685339 ], [ -118.896245000106546, 34.817955000423126 ], [ -118.900951000388204, 34.817986000054077 ], [ -118.901063000157194, 34.817987000100175 ], [ -118.904244000260235, 34.818008000169243 ], [ -118.906610999697705, 34.818024000007824 ], [ -118.911867000161806, 34.818058999823165 ], [ -118.912243999560758, 34.818060999915531 ], [ -118.913863999623743, 34.81807200042266 ], [ -118.920243999760658, 34.818111999569453 ], [ -118.922781999889196, 34.818129000353338 ], [ -118.92428399990655, 34.81813899991522 ], [ -118.926081000037925, 34.818150000422406 ], [ -118.928243999960387, 34.818163000122524 ], [ -118.933696999616643, 34.818196999891939 ], [ -118.936244000160286, 34.818212999730406 ], [ -118.941425999909825, 34.818246000352872 ], [ -118.94146599995571, 34.815618999717344 ], [ -118.94146900009406, 34.815428999948551 ], [ -118.941535999586506, 34.811117999895998 ], [ -118.945221999595447, 34.811253999872406 ], [ -118.946989000142025, 34.81131800012588 ], [ -118.953216999564631, 34.811544999802152 ], [ -118.957893000261606, 34.811715999593901 ], [ -118.958572000097604, 34.811739999801432 ], [ -118.96121200043325, 34.81183899987019 ], [ -118.968798000427228, 34.812123000376516 ], [ -118.969206000356508, 34.812138000168829 ], [ -118.976073999615267, 34.81239400028312 ], [ -118.977201000325692, 34.812398999614345 ], [ -118.979704999785724, 34.812412000213897 ], [ -118.985200999626215, 34.81244199979875 ], [ -118.990620999559269, 34.812471000236712 ], [ -118.993200999826115, 34.812483999936887 ], [ -118.994337000052269, 34.812490000213586 ], [ -118.999981999569343, 34.812518999752399 ], [ -119.001201000025901, 34.812503999959858 ], [ -119.001536000185979, 34.812499999775298 ], [ -119.009200000179703, 34.812413000259994 ], [ -119.012398000167366, 34.812377000398612 ], [ -119.012449999867385, 34.812377000398612 ], [ -119.017200000379546, 34.812378999591374 ], [ -119.023365999640987, 34.812382999775764 ], [ -119.025199999680069, 34.812383999822032 ], [ -119.029454999848156, 34.812385999914227 ], [ -119.033199999879855, 34.812401999752637 ], [ -119.034281000267811, 34.812405999937198 ], [ -119.036869000004174, 34.812417000444555 ], [ -119.065400000009845, 34.812599999890324 ], [ -119.085200000279599, 34.812664000143798 ], [ -119.093745999578061, 34.812846999589624 ], [ -119.099307999764164, 34.812944999612284 ], [ -119.100053999991985, 34.812932999958207 ], [ -119.100607000312607, 34.8129410003271 ], [ -119.102625999889824, 34.812986999750422 ], [ -119.10580599994671, 34.812960000304031 ], [ -119.107721000123888, 34.812922000350227 ], [ -119.110690000343084, 34.812963999589158 ], [ -119.112906000011662, 34.812995000119315 ], [ -119.113196999941408, 34.812999000303876 ], [ -119.11517999965713, 34.813026999796364 ], [ -119.125000000149726, 34.813199999680478 ], [ -119.125452000309338, 34.813257999657196 ], [ -119.128798999973696, 34.813388000256282 ], [ -119.138033999569302, 34.813332000371759 ], [ -119.144866999911926, 34.813337999749081 ], [ -119.152920999904097, 34.813392999587563 ], [ -119.152996999811535, 34.813393999633433 ], [ -119.153026000249497, 34.813393999633661 ], [ -119.153900000084661, 34.813399999910359 ], [ -119.188306000321518, 34.813697000116633 ], [ -119.188636000251051, 34.813700000255096 ], [ -119.188732000181517, 34.813701000301194 ], [ -119.189729000292971, 34.813708999770711 ], [ -119.201084999672844, 34.813806999793371 ], [ -119.224872000342373, 34.814032000276882 ], [ -119.22519099976455, 34.814035999562066 ], [ -119.226869999850464, 34.814056999631134 ], [ -119.230769999835445, 34.814106000092067 ], [ -119.233189999918352, 34.814136999723019 ], [ -119.241190000118252, 34.814237999884142 ], [ -119.241686999655144, 34.81424400016067 ], [ -119.242473999974891, 34.81425499976865 ], [ -119.242511999928638, 34.820971000111854 ], [ -119.24252200038984, 34.822610000151542 ], [ -119.242557000205238, 34.828813000220009 ], [ -119.242557000205238, 34.828835000335175 ], [ -119.242558000251336, 34.828970000265485 ], [ -119.24256299958256, 34.83161499993264 ], [ -119.24257400008986, 34.836969999566008 ], [ -119.242580000366559, 34.839609999901882 ], [ -119.242581999559377, 34.84061999971351 ], [ -119.242583999651742, 34.841553999617588 ], [ -119.242587999836189, 34.843348999656826 ], [ -119.242587999836189, 34.844969999765908 ], [ -119.242589999928384, 34.849625000393701 ], [ -119.242589999928384, 34.852969999965808 ], [ -119.242590999974539, 34.857541000317212 ], [ -119.242699999605122, 34.857541000317212 ], [ -119.242699999605122, 34.857600000340028 ], [ -119.249527999717259, 34.857505999602495 ], [ -119.25402100006886, 34.857484000386535 ], [ -119.254834999835225, 34.857480000202202 ], [ -119.260153999607212, 34.857452999856207 ], [ -119.262020000222662, 34.857443000294495 ], [ -119.265757999931623, 34.857425000363719 ], [ -119.270020000422562, 34.857403000248382 ], [ -119.276682000074118, 34.857368000433098 ], [ -119.277151000118351, 34.857367000387001 ], [ -119.277130000049283, 34.858012999600419 ], [ -119.277125999864836, 34.858110999623079 ], [ -119.277119999588137, 34.858235999991734 ], [ -119.276768000442644, 34.865979000031075 ], [ -119.276756999935458, 34.866226999776416 ], [ -119.276628000281846, 34.869066000295902 ], [ -119.276532000351381, 34.871166000011215 ], [ -119.276498999728858, 34.872519000351758 ], [ -119.276336000306003, 34.874214000276197 ], [ -119.276262999637481, 34.874972000157868 ], [ -119.275803000008239, 34.879752000254769 ], [ -119.278239999975824, 34.879756000439329 ], [ -119.28091300003473, 34.879759999724456 ], [ -119.286240000175724, 34.879768000093406 ], [ -119.291840000315631, 34.879776999609192 ], [ -119.294240000375567, 34.879779999747427 ], [ -119.30223999967609, 34.879794000393076 ], [ -119.302766999697099, 34.879794000393076 ], [ -119.310239999875876, 34.879803999954788 ], [ -119.313693999977886, 34.879809000185389 ], [ -119.318240000075775, 34.879814999562768 ], [ -119.324622000304942, 34.879822999931662 ], [ -119.326240000275561, 34.879825000024027 ], [ -119.326887999581345, 34.879825000024027 ], [ -119.334239999576198, 34.879834000439018 ], [ -119.335548999686353, 34.879834999585739 ], [ -119.342239999775984, 34.879842999954633 ], [ -119.346475999967197, 34.879847000139193 ], [ -119.350239999975884, 34.879851000323697 ], [ -119.357404000294252, 34.879857999747173 ], [ -119.35824000017567, 34.879858999793271 ], [ -119.366240000375569, 34.879867000162164 ], [ -119.367879000415371, 34.879869000254303 ], [ -119.368330999675663, 34.8798700003004 ], [ -119.374239999676092, 34.879873999585584 ], [ -119.379259000002719, 34.879877999770144 ], [ -119.381497999832618, 34.879879999862283 ], [ -119.381336999602695, 34.89640200005249 ], [ -119.381202999718425, 34.900961999896538 ], [ -119.396572999843841, 34.900940999827469 ], [ -119.400956999665596, 34.901211999734244 ], [ -119.428827999812142, 34.901228999618979 ], [ -119.432676000097047, 34.901138999964985 ], [ -119.441399000363333, 34.901299000148981 ], [ -119.455736999662633, 34.901251999780186 ], [ -119.458676000297032, 34.901243000264401 ], [ -119.463222000394751, 34.901265000379738 ], [ -119.465359000017713, 34.90127499994145 ], [ -119.46983899976982, 34.901297000056786 ], [ -119.471751999854746, 34.901287999641795 ], [ -119.471731999831775, 34.90493399960468 ], [ -119.471703000293019, 34.910279999722491 ], [ -119.471687999601329, 34.912932999758311 ], [ -119.471681000177853, 34.914227000076266 ], [ -119.471672999808959, 34.915747000024226 ], [ -119.471688999647483, 34.919286999595556 ], [ -119.471695999970279, 34.920932999958211 ], [ -119.471717000039348, 34.925606999663557 ], [ -119.471728999693426, 34.928293000322071 ], [ -119.471731999831775, 34.928933000158111 ], [ -119.471740000200668, 34.930622999851721 ], [ -119.471747999670299, 34.93693300035784 ], [ -119.471748999716397, 34.937299000149039 ], [ -119.471759000177485, 34.944932999658363 ], [ -119.47176000022364, 34.945290999979818 ], [ -119.47176000022364, 34.945357000325657 ], [ -119.471761000269737, 34.94630399992991 ], [ -119.471766999647173, 34.952932999858263 ], [ -119.471768999739368, 34.955311999849187 ], [ -119.47177099983162, 34.957248000095376 ], [ -119.471772999923814, 34.959888000431022 ], [ -119.471775000016009, 34.960933000058162 ], [ -119.471779000200456, 34.964316999630057 ], [ -119.471785999623989, 34.968933000258005 ], [ -119.471785999623989, 34.969112999565596 ], [ -119.471782000338919, 34.991472000033014 ], [ -119.471740000200668, 34.992931999912059 ], [ -119.471527000270726, 35.000338999745281 ], [ -119.471511999578922, 35.000859000342871 ], [ -119.471510000386047, 35.000927999927399 ], [ -119.471433000432398, 35.004352999591561 ], [ -119.471433999579233, 35.008928000127298 ], [ -119.471433999579233, 35.009344000425529 ], [ -119.471434999625387, 35.016928000327198 ], [ -119.471435999671485, 35.018351000298765 ], [ -119.471434999625387, 35.018880999558689 ], [ -119.471435999671485, 35.024927999627721 ], [ -119.471435999671485, 35.026868000058414 ], [ -119.471435999671485, 35.027356000079635 ], [ -119.471436999717582, 35.032926999781353 ], [ -119.471436999717582, 35.033363000102725 ], [ -119.47143799976368, 35.036363999998741 ], [ -119.471438999809777, 35.040926999981252 ], [ -119.471439999855932, 35.045368999779839 ], [ -119.471440999902029, 35.046454000352071 ], [ -119.471440999902029, 35.047860999585623 ], [ -119.471440999902029, 35.048928000227249 ], [ -119.471441999948127, 35.054375999652848 ], [ -119.471442999994224, 35.056927000381052 ], [ -119.471444000040378, 35.062395999875719 ], [ -119.471444000040378, 35.063381000333095 ], [ -119.471444000040378, 35.064926999681575 ], [ -119.471446000132573, 35.072388000206331 ], [ -119.471446000132573, 35.072926999881474 ], [ -119.471446000132573, 35.076533999844514 ], [ -119.471765999601018, 35.076536999982807 ], [ -119.471765999601018, 35.076917000419428 ], [ -119.489459999878932, 35.077234999795564 ], [ -119.489435999671514, 35.07904999985783 ], [ -119.489359999764019, 35.084735000320222 ], [ -119.489329000133125, 35.087050000057729 ], [ -119.489274000294756, 35.091161999926499 ], [ -119.489682000223979, 35.091139999811332 ], [ -119.489678000039532, 35.091836999578049 ], [ -119.55983300039253, 35.087715000147227 ], [ -119.559557000255211, 35.092396000175484 ], [ -119.559423000370884, 35.094672999959243 ], [ -119.559303000233058, 35.096704000089801 ], [ -119.553546000047675, 35.169177000318598 ], [ -119.553288999887229, 35.172145999638417 ], [ -119.552992999726939, 35.175556999556136 ], [ -119.552612000143426, 35.179950999839036 ], [ -119.552691000189384, 35.179949999792996 ], [ -119.552685999958783, 35.180008999815811 ], [ -119.570303000283104, 35.180324999998959 ], [ -119.665988999892249, 35.174847000089301 ], [ -119.665980000376521, 35.175720999924465 ], [ -119.665930999915588, 35.180963999788958 ], [ -119.665895000054036, 35.184727999797701 ], [ -119.665853999961996, 35.188963999988857 ], [ -119.665844000400114, 35.190030999731107 ], [ -119.665808999685339, 35.193733999624669 ], [ -119.665778000054388, 35.196963000142659 ], [ -119.665723000216076, 35.202741000397054 ], [ -119.665707000377495, 35.204466999952444 ], [ -119.66570200014695, 35.204963000342332 ], [ -119.66563799989359, 35.211749000316388 ], [ -119.665626000239513, 35.212962999642855 ], [ -119.665568000262851, 35.219024000357535 ], [ -119.66555200042427, 35.220756000189454 ], [ -119.665550000332075, 35.220961999796657 ], [ -119.665490000263162, 35.22726099979559 ], [ -119.665474000424638, 35.228961999996557 ], [ -119.665472000332386, 35.2291349998805 ], [ -119.665466000055574, 35.229762000016592 ], [ -119.665430000194078, 35.233528000117303 ], [ -119.66541699959464, 35.23489900038885 ], [ -119.665396999571669, 35.236961000150188 ], [ -119.665389000102152, 35.237858000146787 ], [ -119.665379999687048, 35.238768999889601 ], [ -119.665320999664232, 35.244961000350088 ], [ -119.665294000217727, 35.247776999808934 ], [ -119.665292000125532, 35.248010999808059 ], [ -119.665245999802892, 35.252960999650611 ], [ -119.665208999895299, 35.256781999589805 ], [ -119.665169999895454, 35.260959999804413 ], [ -119.665162999572544, 35.261715000447225 ], [ -119.665159000287474, 35.262078000099962 ], [ -119.665707000377495, 35.262082000284295 ], [ -119.665705000285413, 35.262561999936622 ], [ -119.808413000059716, 35.263615999978697 ], [ -119.808403999644725, 35.26649999987535 ], [ -119.808391999990647, 35.270819000296854 ], [ -119.808383999621753, 35.273470000240479 ], [ -119.808378000244318, 35.275506999748416 ], [ -119.808369999875424, 35.278018999577341 ], [ -119.808366999737075, 35.278818999597377 ], [ -119.808344999621909, 35.284516999759944 ], [ -119.808336000106181, 35.286818999797276 ], [ -119.808322000359851, 35.290654000382119 ], [ -119.808315000037055, 35.292519000051982 ], [ -119.808310999852608, 35.293523999633123 ], [ -119.808305999622064, 35.294818999997176 ], [ -119.80827600003721, 35.302531000405565 ], [ -119.808274999991113, 35.302819000196848 ], [ -119.808258000106491, 35.307145000041999 ], [ -119.808244000360162, 35.310819000396748 ], [ -119.808241000221699, 35.311538000278631 ], [ -119.808212999829891, 35.318818999697271 ], [ -119.808206000406472, 35.320547000244005 ], [ -119.808201000175757, 35.321844999847144 ], [ -119.80818200019894, 35.326818999897171 ], [ -119.808179000060591, 35.327662000101384 ], [ -119.808171999737795, 35.329554000117241 ], [ -119.808150999668726, 35.33481900009707 ], [ -119.808145000291404, 35.336450999813962 ], [ -119.808141000106843, 35.337512000178833 ], [ -119.808136999922397, 35.338560999990307 ], [ -119.808120000037775, 35.342819000296799 ], [ -119.808102000107056, 35.347571000002006 ], [ -119.808089999553715, 35.350726999851361 ], [ -119.80818200019894, 35.350727999897458 ], [ -119.808382000428765, 35.350728999943726 ], [ -119.808382000428765, 35.350899999735475 ], [ -119.879206000156614, 35.351245000356755 ], [ -119.879076999603683, 35.439167999903532 ], [ -119.879106000041645, 35.439167999903532 ], [ -119.879106000041645, 35.439183999741942 ], [ -119.879855999554536, 35.439187999926503 ], [ -119.883407999679321, 35.439206999903377 ], [ -119.887855999754436, 35.439230000064811 ], [ -119.889477999909616, 35.439238000433704 ], [ -119.890445000436273, 35.439241999718661 ], [ -119.894415000051993, 35.439261999741859 ], [ -119.895854999908181, 35.439269000064655 ], [ -119.896284999952627, 35.43927100015685 ], [ -119.903855000107967, 35.439309000110597 ], [ -119.905422000424835, 35.439316999580114 ], [ -119.907188000026053, 35.439325999995106 ], [ -119.909766000200477, 35.439337999649183 ], [ -119.911855000307867, 35.439348000110272 ], [ -119.914763999558772, 35.439361999856715 ], [ -119.916428999898301, 35.439371000271706 ], [ -119.919854999608447, 35.439387000110116 ], [ -119.925078000349288, 35.439412000363689 ], [ -119.927436000270973, 35.439421999925628 ], [ -119.927854999808176, 35.439424000017766 ], [ -119.930756999635662, 35.439437999764039 ], [ -119.932654999928161, 35.4394470001792 ], [ -119.935855000008075, 35.43946199997157 ], [ -119.938442999744439, 35.43947399962542 ], [ -119.943240999772058, 35.439496999786854 ], [ -119.943855000207861, 35.439499999925317 ], [ -119.949450000117281, 35.439526000224987 ], [ -119.950458999882812, 35.439530999556268 ], [ -119.951855000407761, 35.439536999832967 ], [ -119.959854999708284, 35.439572999694406 ], [ -119.96045699959069, 35.439575999832812 ], [ -119.960549000236028, 35.439575999832812 ], [ -119.967854999908184, 35.439607000362969 ], [ -119.968109999976377, 35.439608000409066 ], [ -119.968303999929446, 35.439608999555958 ], [ -119.971463999963419, 35.439623000201607 ], [ -119.97585500010797, 35.439643000224578 ], [ -119.978674999751206, 35.439654999878599 ], [ -119.982471000336261, 35.439670999717066 ], [ -119.983855000307869, 35.439676999993765 ], [ -119.985980000276584, 35.439685000362658 ], [ -119.991853999562238, 35.439708999670813 ], [ -119.993478999855824, 35.439715999993609 ], [ -119.996419999682985, 35.439728999693784 ], [ -119.996409000075005, 35.468736000066656 ], [ -119.998902999973325, 35.468782000389126 ], [ -119.998901999927227, 35.468936000296367 ], [ -120.00002899973839, 35.468874000135258 ], [ -120.001698000262309, 35.468873000089161 ], [ -120.002521000443664, 35.46887200004312 ], [ -120.003704000139294, 35.468870999996852 ], [ -120.014205999706974, 35.469063999903881 ], [ -120.013956999915422, 35.473153999657541 ], [ -120.013747000123828, 35.476624999644173 ], [ -120.013473000078761, 35.481140000111168 ], [ -120.013366999687094, 35.482877000173744 ], [ -120.013335000010045, 35.483412999710367 ], [ -120.013648000054957, 35.483414999802562 ], [ -120.013628000031986, 35.483685999709337 ], [ -120.032048999661413, 35.483682000424153 ], [ -120.032049999707567, 35.486277999630204 ], [ -120.032049999707567, 35.486521000044263 ], [ -120.032050999753665, 35.488434000129189 ], [ -120.03205299984586, 35.494521000244163 ], [ -120.032053999892014, 35.497444000140717 ], [ -120.032054999938111, 35.498313999791492 ], [ -120.032266999822014, 35.498312999745394 ], [ -120.032264999729819, 35.498676000297337 ], [ -120.049943000169151, 35.49865999955955 ], [ -120.049937999938606, 35.498894999604772 ], [ -120.04992300014618, 35.499537000432554 ], [ -120.049819999892861, 35.500180999553777 ], [ -120.04982600016956, 35.500564000128861 ], [ -120.04983000035395, 35.500766999597658 ], [ -120.049968999569444, 35.508562000236395 ], [ -120.049990999684724, 35.509775000416141 ], [ -120.050048999661442, 35.51308400012681 ], [ -120.05352699997087, 35.513059999919335 ], [ -120.057020000072725, 35.513035999711803 ], [ -120.061526000124672, 35.513005000080852 ], [ -120.06792500023829, 35.512968000173373 ], [ -120.067743999985453, 35.522881999604692 ], [ -120.067640999732134, 35.526435999821672 ], [ -120.071654999578357, 35.526448000375126 ], [ -120.073199999780059, 35.52645199966031 ], [ -120.07574500023145, 35.526457999937008 ], [ -120.085695999570532, 35.52658699959062 ], [ -120.085665999985679, 35.530069000084438 ], [ -120.085581999709348, 35.534249000391412 ], [ -120.085539000424319, 35.536396999622127 ], [ -120.085446999779094, 35.540959999604638 ], [ -120.085455000147988, 35.543256000264421 ], [ -120.085460000378532, 35.544395999775759 ], [ -120.085480000401503, 35.549606999963373 ], [ -120.085481000447601, 35.551824999724147 ], [ -120.085210999687718, 35.583418999787227 ], [ -120.085195999895291, 35.584393999783515 ], [ -120.085194999849193, 35.584485000382756 ], [ -120.085202000171989, 35.584566999667629 ], [ -120.084946000057641, 35.614558999598501 ], [ -120.114800999966008, 35.614300000245123 ], [ -120.115625000193461, 35.614298000152814 ], [ -120.119032999972717, 35.614290999829961 ], [ -120.11928399985652, 35.614290999829961 ], [ -120.127033000172673, 35.614274999991551 ], [ -120.130316999629599, 35.614267999668755 ], [ -120.133881000307724, 35.614261000245108 ], [ -120.135033000372516, 35.614249999737922 ], [ -120.136911999788822, 35.614232999853243 ], [ -120.139408999825321, 35.61420999969198 ], [ -120.141349000255957, 35.614204000314658 ], [ -120.143031999626942, 35.614199000084 ], [ -120.151031999826728, 35.61417299978433 ], [ -120.151811999823792, 35.614169999646037 ], [ -120.152380999982938, 35.614169999645867 ], [ -120.15715099961875, 35.614161000130252 ], [ -120.159032000026627, 35.614153999807456 ], [ -120.163412999710033, 35.614137999969046 ], [ -120.166876000227091, 35.614125000268871 ], [ -120.167032000226413, 35.61412100008431 ], [ -120.169533000447473, 35.614066000246055 ], [ -120.174446000382432, 35.614066000246055 ], [ -120.17476199966643, 35.614066000246055 ], [ -120.192916999619683, 35.614391999991085 ], [ -120.192931000265219, 35.617312999795274 ], [ -120.192945000011548, 35.620492999852331 ], [ -120.192946000057646, 35.620798000427726 ], [ -120.192962999942267, 35.633685000262801 ], [ -120.192955999619528, 35.635330999726079 ], [ -120.192950000242092, 35.63649300025196 ], [ -120.192917999665781, 35.643647000109183 ], [ -120.192914000380597, 35.644340999737608 ], [ -120.192913000334443, 35.644492000405762 ], [ -120.192865999965761, 35.652491999706285 ], [ -120.192859999689063, 35.65335099974908 ], [ -120.192831000150363, 35.658223999638039 ], [ -120.192825999919819, 35.660491999906128 ], [ -120.192821999735372, 35.662360999760608 ], [ -120.192807999989043, 35.668492000106028 ], [ -120.192801999712344, 35.671368999679885 ], [ -120.19279800042716, 35.672738999905164 ], [ -120.192801999712344, 35.676492000305757 ], [ -120.192804999850694, 35.680377999645145 ], [ -120.192804999850694, 35.680474999621708 ], [ -120.19280900003514, 35.68449199960628 ], [ -120.19281200017349, 35.687502999963783 ], [ -120.192811000127392, 35.687891999916019 ], [ -120.192806999942945, 35.689388999702715 ], [ -120.192799999620206, 35.69249199980618 ], [ -120.192786999919974, 35.698396999622048 ], [ -120.192781999689373, 35.700492000006079 ], [ -120.192778000404189, 35.702022000415297 ], [ -120.192759000427372, 35.707406999633577 ], [ -120.192757000335121, 35.707914999677712 ], [ -120.192755000242926, 35.708492000205979 ], [ -120.192725999804907, 35.716416999645048 ], [ -120.192724999758809, 35.716492000405651 ], [ -120.192724999758809, 35.716681000128403 ], [ -120.192784999827722, 35.724491999706174 ], [ -120.192790000058324, 35.72503400041893 ], [ -120.192793000196616, 35.725424999564382 ], [ -120.192825999919819, 35.729728000147247 ], [ -120.192837999573896, 35.731314000440989 ], [ -120.192849000081083, 35.732491999906074 ], [ -120.192868000057956, 35.734434999575853 ], [ -120.192926000034674, 35.740491000059876 ], [ -120.192954999573374, 35.743444000440491 ], [ -120.192979999826946, 35.746054000292077 ], [ -120.19299599966547, 35.748491000259605 ], [ -120.193024000057278, 35.752453999552586 ], [ -120.193051000403216, 35.756490999560128 ], [ -120.193080999988069, 35.760952000234965 ], [ -120.193080999988069, 35.761462000371296 ], [ -120.193076999803566, 35.764490999760028 ], [ -120.193072999619005, 35.76768499956313 ], [ -120.193069000333935, 35.770472000382767 ], [ -120.193066000195586, 35.77248999991383 ], [ -120.193062000011139, 35.775459000133026 ], [ -120.193050000357061, 35.77948000030193 ], [ -120.193047000218712, 35.78049000011373 ], [ -120.193021999965197, 35.788490000313459 ], [ -120.193168000402693, 35.788491000359727 ], [ -120.19316900044879, 35.789240999872504 ], [ -120.197304999625885, 35.789249000241398 ], [ -120.204544999851635, 35.78927399959565 ], [ -120.213002000441747, 35.789312999595495 ], [ -120.214807000042754, 35.790089000307375 ], [ -120.21576500015442, 35.801425999710261 ], [ -120.215797999877566, 35.804077999699985 ], [ -120.218046000122627, 35.805545999948095 ], [ -120.217109000080086, 35.814333999614576 ], [ -120.21969000039303, 35.819579999617531 ], [ -120.226002000092024, 35.821470999587291 ], [ -120.228845999942791, 35.821048999911739 ], [ -120.23018899982236, 35.823289999833889 ], [ -120.233543999855499, 35.823297000156685 ], [ -120.237937000092359, 35.825787999916599 ], [ -120.241366999986838, 35.823459999579541 ], [ -120.243556000209082, 35.824024999554354 ], [ -120.248858000096504, 35.829972999554627 ], [ -120.254110000376045, 35.84261799992106 ], [ -120.258323999552772, 35.845090999750141 ], [ -120.256518999951766, 35.85191100039259 ], [ -120.254027000145811, 35.853027999742665 ], [ -120.254930999565829, 35.855719999778387 ], [ -120.249999999700094, 35.857322999956637 ], [ -120.247637999593735, 35.861910000146452 ], [ -120.245010999857584, 35.864174000230207 ], [ -120.23983799962383, 35.865519000201914 ], [ -120.240336000106197, 35.86789700014657 ], [ -120.243295999910288, 35.870400999606659 ], [ -120.242298999798834, 35.877708000224175 ], [ -120.246161999876165, 35.880816999704962 ], [ -120.246999999850004, 35.882860000388973 ], [ -120.251479999602168, 35.887199999980169 ], [ -120.252969999965273, 35.887521000394145 ], [ -120.255595999655498, 35.88917200008791 ], [ -120.261714000300685, 35.896128999853659 ], [ -120.266880000211643, 35.898464999660234 ], [ -120.269303999579733, 35.900952000134964 ], [ -120.272072000422327, 35.902488999967602 ], [ -120.274781000342728, 35.905919999908292 ], [ -120.277994000122874, 35.906970999811961 ], [ -120.280999000203565, 35.906816999904891 ], [ -120.282443000244086, 35.905955999769901 ], [ -120.286422000274968, 35.90555900034775 ], [ -120.28736899987922, 35.906114999907572 ], [ -120.292157000345128, 35.906185000437574 ], [ -120.294178000014483, 35.907582000109414 ], [ -120.298795999835363, 35.907860000338985 ], [ -120.299946999853944, 35.907570999602228 ], [ -120.310789999858457, 35.908056000384363 ], [ -120.314087999961089, 35.907224999834227 ], [ -120.317738000108477, 35.906952999881355 ], [ -120.321935000299845, 35.90785700020075 ], [ -120.323285999649045, 35.908876999574034 ], [ -120.325008999965235, 35.913164000318659 ], [ -120.328933000157576, 35.913549000086562 ], [ -120.331307999963997, 35.915562000286343 ], [ -120.331105999642034, 35.918833000043094 ], [ -120.335388000155888, 35.92314700023411 ], [ -120.335369000179014, 35.926916999620005 ], [ -120.336258999852816, 35.937881999854767 ], [ -120.339268000117954, 35.939018000080921 ], [ -120.3420499998075, 35.94214500039169 ], [ -120.343205000010528, 35.942574000390039 ], [ -120.345126999611068, 35.94503599971182 ], [ -120.347845999992785, 35.944583999552208 ], [ -120.348661999851231, 35.944102999853783 ], [ -120.353531999601898, 35.946528000167234 ], [ -120.354694000127836, 35.948094999584782 ], [ -120.358322000160058, 35.958370000375396 ], [ -120.361439000009682, 35.959320000118112 ], [ -120.359378000294328, 35.962446000382783 ], [ -120.359420000432522, 35.964457999637261 ], [ -120.361273999595255, 35.965230000164581 ], [ -120.366966000380444, 35.966478000159668 ], [ -120.370716999789579, 35.966308000414188 ], [ -120.383647999855157, 35.968631999667309 ], [ -120.386664000443091, 35.9686410000823 ], [ -120.387885000092467, 35.969298999849173 ], [ -120.390024999853722, 35.96794400031564 ], [ -120.393021000418685, 35.967912999785312 ], [ -120.395620999809125, 35.970398000167847 ], [ -120.400612999789985, 35.972242999814739 ], [ -120.406244999606884, 35.974444999737273 ], [ -120.406837999973561, 35.975777000008748 ], [ -120.408264000083363, 35.975958000261755 ], [ -120.41227099960679, 35.974673000358848 ], [ -120.415551999824686, 35.975089999803743 ], [ -120.419424000317179, 35.973459000133005 ], [ -120.420265999576031, 35.97396700017714 ], [ -120.421801000215851, 35.973789000062595 ], [ -120.422949000096082, 35.972451999560462 ], [ -120.424533000297572, 35.972265999976173 ], [ -120.424749000365921, 35.971529000163343 ], [ -120.42865799986663, 35.970381000283112 ], [ -120.431173999880002, 35.968964999735192 ], [ -120.434095999730459, 35.969862999777888 ], [ -120.436099000368415, 35.976212000283851 ], [ -120.438675999597535, 35.979615999878774 ], [ -120.442619999813019, 35.980938999735258 ], [ -120.445767000146759, 35.983949000046493 ], [ -120.448099999814985, 35.985151999765151 ], [ -120.448713000204634, 35.988471999983005 ], [ -120.452730000189206, 35.989511000232767 ], [ -120.457950999938532, 35.992441999598839 ], [ -120.458862999727444, 35.99352199994064 ], [ -120.460087000414489, 35.99374300023959 ], [ -120.462700999551259, 35.992817999851127 ], [ -120.465006999773095, 35.993584000101691 ], [ -120.466247000298608, 35.9946610003052 ], [ -120.467551000178332, 35.994364000098756 ], [ -120.469383000125219, 35.995805000001099 ], [ -120.469564000378114, 35.997095000134266 ], [ -120.471398000417253, 35.996969999765838 ], [ -120.47272499955892, 35.999612000193849 ], [ -120.473939999830975, 35.999849000331437 ], [ -120.474084000176276, 36.000423999867735 ], [ -120.476403000098173, 36.000864000373667 ], [ -120.476827999912075, 36.003322999556929 ], [ -120.479485000132456, 36.006194999799561 ], [ -120.478502999813429, 36.006735000420122 ], [ -120.478317000229254, 36.010706000082052 ], [ -120.479227999972011, 36.010778999851254 ], [ -120.479459999878941, 36.01133600035638 ], [ -120.482060000168701, 36.012146999984338 ], [ -120.483695000024113, 36.012063999754048 ], [ -120.484625999789898, 36.011103000403352 ], [ -120.487524000332201, 36.013685999909171 ], [ -120.487912000238452, 36.015265999926214 ], [ -120.491425000363279, 36.016814000266038 ], [ -120.492227999622287, 36.016601000336209 ], [ -120.492457000290131, 36.017442999594948 ], [ -120.494614999982048, 36.018907999704595 ], [ -120.496024000207285, 36.019159999634326 ], [ -120.496559999744022, 36.020216999814863 ], [ -120.499099999964869, 36.02080099976655 ], [ -120.499457000240227, 36.022270000060757 ], [ -120.501268000117932, 36.022255000268274 ], [ -120.501742000392881, 36.020399000113969 ], [ -120.503872999738917, 36.020398000067871 ], [ -120.503893999808099, 36.021445999833247 ], [ -120.507353000140711, 36.021620999809556 ], [ -120.507395000278848, 36.024234999845532 ], [ -120.509454999948105, 36.022039000199925 ], [ -120.511963999638681, 36.023546000447709 ], [ -120.512203999914504, 36.025715999793817 ], [ -120.513580999563317, 36.025723000116614 ], [ -120.517063000057192, 36.027647999855617 ], [ -120.518419999683033, 36.027228000272203 ], [ -120.519018000280312, 36.020925000088937 ], [ -120.521608000108984, 36.023197999688136 ], [ -120.525224999633849, 36.022816000058526 ], [ -120.528121000083956, 36.024128000307257 ], [ -120.527794000292715, 36.032843000204423 ], [ -120.526278999675924, 36.034279999922262 ], [ -120.526756000089222, 36.03581299957051 ], [ -120.52840999992128, 36.034334999760688 ], [ -120.52954099991706, 36.035422999572006 ], [ -120.532068999584453, 36.035056999780977 ], [ -120.533516999809478, 36.035442999594977 ], [ -120.534557000105337, 36.035134999780723 ], [ -120.53539099989456, 36.036166999707461 ], [ -120.537523000186184, 36.036004000284606 ], [ -120.539417000294122, 36.036704000189786 ], [ -120.541790000008348, 36.039524999879063 ], [ -120.542797999727782, 36.044777000158717 ], [ -120.544415999698401, 36.046163000222634 ], [ -120.545497000086357, 36.04627499999134 ], [ -120.546876999873518, 36.047402999848771 ], [ -120.549713000254542, 36.047657999916964 ], [ -120.550380000436462, 36.049384000371504 ], [ -120.556757000435027, 36.05025600011453 ], [ -120.558214000175781, 36.050060000069152 ], [ -120.559960999800126, 36.051574999786681 ], [ -120.562173000183691, 36.051862999577963 ], [ -120.563563000431941, 36.052901999827725 ], [ -120.565654999778246, 36.052972000357727 ], [ -120.568444999836686, 36.055308000164302 ], [ -120.571591000124329, 36.056957999812141 ], [ -120.576864999619886, 36.061526000025083 ], [ -120.580329000183042, 36.062917000319544 ], [ -120.584759000327381, 36.066776000212542 ], [ -120.586870999696714, 36.066667999728622 ], [ -120.587340999787102, 36.068999000203917 ], [ -120.590529000212996, 36.070947000104127 ], [ -120.592157999791709, 36.074553000021126 ], [ -120.591809999931399, 36.088909000150409 ], [ -120.588799999620164, 36.08964499991697 ], [ -120.591314999587382, 36.091871000046979 ], [ -120.594739000104539, 36.096943000119722 ], [ -120.596662999797445, 36.098369000229525 ], [ -120.597071999772822, 36.099751000108824 ], [ -120.599610999947458, 36.101627000286101 ], [ -120.603081999934261, 36.101707000377985 ], [ -120.607021999965127, 36.102737000212585 ], [ -120.607676000446929, 36.099359000018126 ], [ -120.609028999888267, 36.098717000089721 ], [ -120.610210000391078, 36.099407999579739 ], [ -120.611267999718279, 36.095264000033865 ], [ -120.612241999668299, 36.095603000378503 ], [ -120.614163000122119, 36.095200999826545 ], [ -120.616750999858596, 36.096687000005261 ], [ -120.620111000122392, 36.096950999589239 ], [ -120.622811999673843, 36.098002000392228 ], [ -120.625678999685931, 36.097182000349278 ], [ -120.625850000377056, 36.098432999583622 ], [ -120.63122500003351, 36.101868999754743 ], [ -120.632602999728476, 36.10336400034862 ], [ -120.63435999981391, 36.101050999804102 ], [ -120.637354000286621, 36.10194100037711 ], [ -120.639549999932399, 36.102013000100101 ], [ -120.640895999950317, 36.101311000102726 ], [ -120.645107999934055, 36.104784000181724 ], [ -120.645216999564695, 36.117240999972353 ], [ -120.648376999598611, 36.117864999969981 ], [ -120.650200000029827, 36.117117999696063 ], [ -120.652202999768463, 36.118853999712542 ], [ -120.653199999879917, 36.129309999856844 ], [ -120.654726000104631, 36.131819999593574 ], [ -120.657801999862215, 36.134250000137683 ], [ -120.659292000225491, 36.1346549999285 ], [ -120.66171400040065, 36.136770000335503 ], [ -120.66530999985639, 36.1373700001256 ], [ -120.665285999648972, 36.14000700032301 ], [ -120.666982999665549, 36.160612999990121 ], [ -120.669952999930842, 36.161800999916466 ], [ -120.6709429997195, 36.164326000344943 ], [ -120.669432000186532, 36.164219999953218 ], [ -120.668830000304126, 36.164821999835681 ], [ -120.66780099961619, 36.164482000344378 ], [ -120.666983999711647, 36.165741999993543 ], [ -120.664757999581809, 36.165190999765116 ], [ -120.663247000048784, 36.165690000293523 ], [ -120.662053999892009, 36.171196999741937 ], [ -120.652914000180772, 36.167630999870937 ], [ -120.651282999610601, 36.167830000054721 ], [ -120.650774999566352, 36.168419000236838 ], [ -120.648937000242142, 36.16804600012307 ], [ -120.649400000009848, 36.17025600041427 ], [ -120.650400000259651, 36.172369999875798 ], [ -120.6506049998207, 36.174733000028141 ], [ -120.648920000357521, 36.177231000110851 ], [ -120.647726000154648, 36.177503000063723 ], [ -120.647851999669911, 36.179462999618011 ], [ -120.645644000370169, 36.179557000355487 ], [ -120.644026000399435, 36.179038999850263 ], [ -120.642819999643109, 36.184827999712695 ], [ -120.641844999646821, 36.185351000448577 ], [ -120.641769999785481, 36.188020000322979 ], [ -120.640516000412958, 36.188647999605791 ], [ -120.640141000206711, 36.192058000376619 ], [ -120.637999000353375, 36.193893999608747 ], [ -120.637365999940755, 36.197521999640855 ], [ -120.633058000026551, 36.198145999638314 ], [ -120.631754000146827, 36.198756999935767 ], [ -120.630328000037025, 36.200351999745351 ], [ -120.625910999592747, 36.203268000218259 ], [ -120.628422000274895, 36.205832999793301 ], [ -120.628391999790836, 36.207458000086888 ], [ -120.632230999660749, 36.210390000398434 ], [ -120.63364099993197, 36.212588000136407 ], [ -120.635363000202176, 36.213434999625747 ], [ -120.636096999876372, 36.214557000105685 ], [ -120.637592999617084, 36.21478699992025 ], [ -120.638947000003895, 36.218563999629168 ], [ -120.640328999883252, 36.220121000384154 ], [ -120.644028999638465, 36.221015000242289 ], [ -120.64826399978358, 36.223991999931002 ], [ -120.650690000143129, 36.230698999859044 ], [ -120.654926000334456, 36.232530999805988 ], [ -120.655405999986726, 36.233560999640588 ], [ -120.657383000325012, 36.234110999823031 ], [ -120.658088999607514, 36.234020000123166 ], [ -120.661506999847973, 36.235371000371572 ], [ -120.664191000414121, 36.235554999863496 ], [ -120.665913999831048, 36.236035999562034 ], [ -120.667918999661936, 36.237708000224245 ], [ -120.669894999954124, 36.241896000000736 ], [ -120.67096900001917, 36.242721000274173 ], [ -120.673003000288077, 36.243178999811278 ], [ -120.673849999777474, 36.243911000292655 ], [ -120.675742999839429, 36.244345999668383 ], [ -120.678738000358294, 36.246703999590125 ], [ -120.67873700031214, 36.247642999724803 ], [ -120.680262999637534, 36.249601000086329 ], [ -120.680467000051863, 36.252016999984789 ], [ -120.678912000288335, 36.254216999814901 ], [ -120.677746999624105, 36.254619000366858 ], [ -120.677117000249154, 36.255385999764371 ], [ -120.675652000139564, 36.255498000432681 ], [ -120.675429999794517, 36.254960999950356 ], [ -120.673587000239706, 36.255517999556275 ], [ -120.67247100003641, 36.256790999804934 ], [ -120.672664999989593, 36.259790999655081 ], [ -120.673599999939768, 36.26022800002238 ], [ -120.674352999591122, 36.262301000291245 ], [ -120.676590000228202, 36.263382999825808 ], [ -120.677363999948511, 36.264642000328251 ], [ -120.678270000360101, 36.264643000374519 ], [ -120.678594000012879, 36.267343999925799 ], [ -120.677578999970649, 36.26735899971834 ], [ -120.67435100039819, 36.2705579997521 ], [ -120.673598999893784, 36.274225999830321 ], [ -120.675209000394773, 36.275517000009813 ], [ -120.67518700027972, 36.276879999912296 ], [ -120.67250499980571, 36.280103000153531 ], [ -120.672839999965902, 36.28244200009857 ], [ -120.674123999822541, 36.282604000374533 ], [ -120.677046999718982, 36.284211999884064 ], [ -120.679793000446409, 36.285190000018815 ], [ -120.681880999608325, 36.2868360003813 ], [ -120.679466999802059, 36.290018999677443 ], [ -120.681720000277664, 36.29448100039815 ], [ -120.680356000329027, 36.294720999774597 ], [ -120.680443999890542, 36.295842000208438 ], [ -120.677165999810882, 36.298096999876861 ], [ -120.674850000027277, 36.302820000043084 ], [ -120.673555999709379, 36.302762000066537 ], [ -120.672289999783516, 36.303737000062654 ], [ -120.671650999993517, 36.305041999988589 ], [ -120.669081000187873, 36.305813999616532 ], [ -120.667604999570926, 36.307239999726505 ], [ -120.66538799985608, 36.311487000425018 ], [ -120.663833000092723, 36.312961000050279 ], [ -120.662687000304686, 36.31345999967948 ], [ -120.662127999707252, 36.314427000206251 ], [ -120.659538999924678, 36.31464999969802 ], [ -120.65858199985928, 36.315028000042446 ], [ -120.65780399995441, 36.31627700008363 ], [ -120.656638000143403, 36.316533000198035 ], [ -120.654687000104786, 36.316104000199687 ], [ -120.647526999970864, 36.317151999965063 ], [ -120.645126999910929, 36.31704400038052 ], [ -120.643341000286739, 36.319057999727193 ], [ -120.639857999746766, 36.318375999752789 ], [ -120.637388000056035, 36.318800999566633 ], [ -120.633445999932803, 36.318432999683466 ], [ -120.633107999634319, 36.317810999777976 ], [ -120.631654000031801, 36.318229000168401 ], [ -120.630570999551821, 36.317115000057413 ], [ -120.629008000318777, 36.316950999689084 ], [ -120.627899999585111, 36.318118999592457 ], [ -120.626166999707038, 36.31872999988974 ], [ -120.623355000432696, 36.318286000099022 ], [ -120.618915999873309, 36.319989000392354 ], [ -120.616915000226868, 36.318859999589449 ], [ -120.613788999962196, 36.32033700025255 ], [ -120.612435999621539, 36.320304999676353 ], [ -120.611510000086298, 36.324409000075605 ], [ -120.603885000092475, 36.324152999961143 ], [ -120.60272100037372, 36.325515999863796 ], [ -120.601098000172385, 36.325765999701332 ], [ -120.599226000179499, 36.328330000129654 ], [ -120.596100999960981, 36.328371000221694 ], [ -120.596153999707099, 36.48828300016055 ], [ -120.602704999635819, 36.488289999584026 ], [ -120.748424999813722, 36.60534199973381 ], [ -120.871929999869451, 36.703379999887431 ], [ -120.917712999555135, 36.740430999791101 ], [ -120.932662000051096, 36.75194400011577 ], [ -120.991814000215811, 36.77573500007037 ], [ -121.089714000300717, 36.81617899996121 ], [ -121.123726000354509, 36.829678000139836 ], [ -121.140491000059455, 36.836705999582534 ], [ -121.141566000170599, 36.83911400001125 ], [ -121.14199800030724, 36.846352000144918 ], [ -121.142794000142771, 36.847298999749341 ], [ -121.144461999721329, 36.84730900021043 ], [ -121.144898000042531, 36.850021000269237 ], [ -121.14811099982262, 36.854673999905515 ], [ -121.148963000441995, 36.857689999594072 ], [ -121.150703999789528, 36.858677000143643 ], [ -121.151881000107892, 36.861964999785073 ], [ -121.151776999808533, 36.865650999794127 ], [ -121.154372999913789, 36.866760999720555 ], [ -121.156362999952307, 36.866759999674457 ], [ -121.162555000412794, 36.869293999618606 ], [ -121.164467999598344, 36.873480000202051 ], [ -121.164525000428227, 36.874749000266377 ], [ -121.165516000262983, 36.875591000424549 ], [ -121.166004000284261, 36.878077999999846 ], [ -121.165043000034302, 36.879894000108209 ], [ -121.167453999702104, 36.882716999889851 ], [ -121.168461000274817, 36.885372000018094 ], [ -121.173053999842068, 36.88576099997033 ], [ -121.176823000081185, 36.890628999628802 ], [ -121.178547000443587, 36.890460999975517 ], [ -121.183338000148467, 36.897152000064978 ], [ -121.181903999669714, 36.901980999723605 ], [ -121.183399000263478, 36.906597000351553 ], [ -121.183262000240916, 36.909022999811896 ], [ -121.18578299958557, 36.910506999898416 ], [ -121.187760999969953, 36.913288999587905 ], [ -121.191624000047398, 36.912617000074817 ], [ -121.197238999979675, 36.914386999860483 ], [ -121.199984999807725, 36.913227000326003 ], [ -121.204913999581208, 36.912783999682006 ], [ -121.205462999717497, 36.911731999732297 ], [ -121.207325000148501, 36.911578999871153 ], [ -121.216022000115004, 36.913555000163399 ], [ -121.220675999797379, 36.910412000014048 ], [ -121.221576999978424, 36.912455999844781 ], [ -121.222401000205821, 36.91299799965816 ], [ -121.221989000092151, 36.914333000068098 ], [ -121.222950000342109, 36.919521000094107 ], [ -121.223559999694032, 36.920352999791362 ], [ -121.226169000398841, 36.920352999791362 ], [ -121.229114000410618, 36.92129099988 ], [ -121.230624999943643, 36.923549999732927 ], [ -121.233645999862858, 36.926944999812235 ], [ -121.233294999864199, 36.929348000010521 ], [ -121.232487000374647, 36.930224999983977 ], [ -121.232410000421055, 36.932003000138536 ], [ -121.23042699980607, 36.934161999876608 ], [ -121.229328000386772, 36.936541999913516 ], [ -121.229542000362812, 36.938541000367024 ], [ -121.228167999953087, 36.941081999734763 ], [ -121.227267999818139, 36.941578000124821 ], [ -121.22445999982898, 36.94488099955862 ], [ -121.223636999647624, 36.945209000295392 ], [ -121.221865999815861, 36.945049000111453 ], [ -121.220828999658409, 36.945391999741219 ], [ -121.217472000432338, 36.947941000377227 ], [ -121.215075999657472, 36.951351000248678 ], [ -121.215426999656131, 36.951907999854598 ], [ -121.212954999873148, 36.954120000238163 ], [ -121.212329999829421, 36.955898000392551 ], [ -121.210697000066375, 36.957432000086897 ], [ -121.21246699985204, 36.959040999642752 ], [ -121.21349999982499, 36.961300000394886 ], [ -121.214370000375084, 36.961300000394886 ], [ -121.215486999725044, 36.962121999630824 ], [ -121.219727000100761, 36.963673000109111 ], [ -121.221470000440036, 36.966550999729066 ], [ -121.223067000341587, 36.967483999587273 ], [ -121.228308000113884, 36.967702999793858 ], [ -121.231088999757333, 36.968943000319371 ], [ -121.236318999921764, 36.973173000233999 ], [ -121.238430000144206, 36.976223999738068 ], [ -121.24284000026563, 36.980142999699922 ], [ -121.244302074807081, 36.982285193436269 ], [ -121.244850000327062, 36.983087999711643 ], [ -121.245600999886051, 36.987101000411201 ], [ -121.244099999914908, 36.992975999742839 ], [ -121.243350000402074, 36.993893999808506 ], [ -121.241877999969518, 36.994336000406406 ], [ -121.240480000251637, 36.997435000325311 ], [ -121.234699999904933, 36.998399999860339 ], [ -121.232099999615116, 36.999400000110199 ], [ -121.232876000326996, 37.001469000194561 ], [ -121.233391784311777, 37.0016013820117 ], [ -121.233588999932238, 37.00165199964016 ], [ -121.234139000114624, 37.002695000074482 ], [ -121.233756999585694, 37.003817999701084 ], [ -121.234466999951849, 37.005824999624338 ], [ -121.235939000384406, 37.006638000243697 ], [ -121.235299999695087, 37.008399999660469 ], [ -121.237129000402831, 37.009139999611534 ], [ -121.236789000012152, 37.010015000392173 ], [ -121.234374000159789, 37.010615000182327 ], [ -121.233473548215159, 37.011129481957369 ], [ -121.23229999984494, 37.011799999970208 ], [ -121.233557000255246, 37.013222999941718 ], [ -121.23431900032142, 37.013370000425539 ], [ -121.238127999707274, 37.018396000175414 ], [ -121.23894000028065, 37.018492000105937 ], [ -121.240644999766687, 37.021245000256783 ], [ -121.241929999669594, 37.021702999793945 ], [ -121.246090999999524, 37.027919999608457 ], [ -121.245761000069876, 37.028600000389986 ], [ -121.246741000296652, 37.02985599985476 ], [ -121.246460999974943, 37.031155000403146 ], [ -121.247608999855288, 37.033734999770729 ], [ -121.243502000216949, 37.032050000307549 ], [ -121.239595999955213, 37.031832000146892 ], [ -121.23793299970805, 37.032648000005508 ], [ -121.237702999893372, 37.034399999860398 ], [ -121.235100000364469, 37.037000000150101 ], [ -121.230230999760693, 37.03817500037627 ], [ -121.229899999785005, 37.038299999845378 ], [ -121.223470000040265, 37.039797999678171 ], [ -121.224769999735543, 37.052126999861457 ], [ -121.22211899979186, 37.055285999849275 ], [ -121.223479999602148, 37.056293000421988 ], [ -121.222348999606425, 37.057562999633035 ], [ -121.217698000062455, 37.05719499974964 ], [ -121.211554000016918, 37.055123999573141 ], [ -121.209923000346066, 37.056290000283525 ], [ -121.209533000347562, 37.057370999772047 ], [ -121.207921999800249, 37.058738999905131 ], [ -121.207191000264231, 37.062068999684698 ], [ -121.209439999656126, 37.067155000403204 ], [ -121.208599999590092, 37.068300000145143 ], [ -121.214761000419685, 37.069280000371919 ], [ -121.215567060620117, 37.069994086756935 ], [ -121.218511999828706, 37.07260299982886 ], [ -121.220824000327127, 37.073115000057555 ], [ -121.22188699988493, 37.073870999847088 ], [ -121.223599999739974, 37.078999999850282 ], [ -121.228250000137223, 37.081571999748292 ], [ -121.232136000375988, 37.084902000427235 ], [ -121.232830000004355, 37.08491500012741 ], [ -121.234454000251787, 37.086290999730011 ], [ -121.23912399977263, 37.086201000076244 ], [ -121.239634999955058, 37.08531299959543 ], [ -121.240937999788684, 37.085184999987916 ], [ -121.242470000290098, 37.086941099922569 ], [ -121.244444999636812, 37.089205000110951 ], [ -121.242605000220465, 37.090795999735747 ], [ -121.241578999670935, 37.093119999888245 ], [ -121.237336000056189, 37.093472999979269 ], [ -121.232465000259424, 37.095637999993926 ], [ -121.230935999896303, 37.097183000195514 ], [ -121.229749000016113, 37.096844999896973 ], [ -121.228700000204697, 37.099099999565567 ], [ -121.229029000088076, 37.102856000104623 ], [ -121.229874000384598, 37.104590000028679 ], [ -121.226612000143462, 37.105692999632367 ], [ -121.224499999874922, 37.106900000434962 ], [ -121.22583500028486, 37.110843999751069 ], [ -121.223342999579643, 37.113456999740947 ], [ -121.222749000066131, 37.115138999965041 ], [ -121.220673999705184, 37.116125999615406 ], [ -121.216300000344518, 37.123100000165095 ], [ -121.218899999735072, 37.124233000252957 ], [ -121.220713999751126, 37.125965000084875 ], [ -121.221124999818699, 37.127645000216773 ], [ -121.221199831735646, 37.127720215050431 ], [ -121.222101999907181, 37.128626999636481 ], [ -121.221671999862735, 37.13055799965224 ], [ -121.222096999676637, 37.131687999601638 ], [ -121.222874000434615, 37.131992000130936 ], [ -121.223801000015953, 37.133201000126348 ], [ -121.224191000014457, 37.13352499977924 ], [ -121.225490916363242, 37.134605235451318 ], [ -121.225764999754801, 37.134832999843411 ], [ -121.227023767848891, 37.136006276204967 ], [ -121.231257000310109, 37.139952000284893 ], [ -121.234967999673302, 37.150430999691025 ], [ -121.236070000130212, 37.15726400003382 ], [ -121.242802000311883, 37.158630000074709 ], [ -121.247722999716473, 37.15772100042409 ], [ -121.250007350201486, 37.158026953761407 ], [ -121.261252000379329, 37.159533000347892 ], [ -121.268467000351563, 37.171231000210696 ], [ -121.272058999622914, 37.173384999718166 ], [ -121.27433600030605, 37.178799000273955 ], [ -121.27673400027362, 37.179691000039895 ], [ -121.279152000264446, 37.183132999588565 ], [ -121.281228999818268, 37.183736000416332 ], [ -121.283254999718224, 37.18095499987362 ], [ -121.285021000218819, 37.181199000333777 ], [ -121.286685999658914, 37.17742699995631 ], [ -121.289917000269156, 37.175487000424994 ], [ -121.290478000059522, 37.170397000421474 ], [ -121.291273007185509, 37.169922063813203 ], [ -121.298091000399154, 37.165849000231333 ], [ -121.301576000132059, 37.168219999853363 ], [ -121.305000999796107, 37.166700999951331 ], [ -121.311839000369446, 37.170206999753475 ], [ -121.312991000434124, 37.167970000015657 ], [ -121.316090652250409, 37.167547339703958 ], [ -121.316246943703334, 37.167526028215377 ], [ -121.32736499959492, 37.166009999561993 ], [ -121.33150399980957, 37.171336999703101 ], [ -121.333305000125449, 37.170863000327529 ], [ -121.342015999838395, 37.174728999643719 ], [ -121.345621999755281, 37.179973999600577 ], [ -121.353515999563513, 37.183952999631572 ], [ -121.362124999968614, 37.183568999909767 ], [ -121.363226880143884, 37.180994988808095 ], [ -121.363320364017454, 37.180776608866381 ], [ -121.363491000009503, 37.18037800024473 ], [ -121.364121891106493, 37.180102098408213 ], [ -121.371164999564883, 37.177022000165437 ], [ -121.373008000019013, 37.173099000019022 ], [ -121.376020999569221, 37.171789999908754 ], [ -121.378608000158863, 37.168064999900082 ], [ -121.381868000307804, 37.167940000430974 ], [ -121.383506000301509, 37.165565999771275 ], [ -121.383108999980152, 37.162059999969358 ], [ -121.383014005747611, 37.161876974250674 ], [ -121.380584999597886, 37.15719699964211 ], [ -121.382506000051706, 37.151545999848338 ], [ -121.382873913119113, 37.15149242111255 ], [ -121.384275328869023, 37.151288334629214 ], [ -121.390958999557995, 37.150314999737589 ], [ -121.391231919324525, 37.14990610111397 ], [ -121.391266216973861, 37.149854715090214 ], [ -121.391573136998545, 37.149394876005374 ], [ -121.392378000244378, 37.148188999722777 ], [ -121.392515887101524, 37.148273152023933 ], [ -121.396417000344115, 37.150654000082341 ], [ -121.397736658500719, 37.150263021897047 ], [ -121.397973000153627, 37.150193000406944 ], [ -121.400094999984049, 37.154978999881166 ], [ -121.403590000178212, 37.156047999715611 ], [ -121.405484000286265, 37.158893999658517 ], [ -121.406679999682012, 37.169065000149942 ], [ -121.408500402657921, 37.170130805165911 ], [ -121.409610924006131, 37.170780990448634 ], [ -121.412353999637219, 37.172386999560615 ], [ -121.40902900008814, 37.175816000308316 ], [ -121.41009299969204, 37.177910999792971 ], [ -121.407858000046474, 37.180901000081235 ], [ -121.407983999561736, 37.183659999609631 ], [ -121.410478000359262, 37.185467000202152 ], [ -121.409161999926198, 37.18965600002474 ], [ -121.410656999620642, 37.194984000211718 ], [ -121.414276000137136, 37.199061000265203 ], [ -121.415822000384878, 37.211322000010455 ], [ -121.420027000045877, 37.214886999835414 ], [ -121.420774000319682, 37.221371000271745 ], [ -121.430510999682667, 37.227876999923808 ], [ -121.431989057568728, 37.226930049301018 ], [ -121.432831999696816, 37.226389999698995 ], [ -121.435055999734459, 37.2294260003099 ], [ -121.440535523953429, 37.231137561749506 ], [ -121.440696999966349, 37.231187999726671 ], [ -121.44769499982425, 37.237338000049022 ], [ -121.447096000080137, 37.239554999763641 ], [ -121.448540305957806, 37.24144389737387 ], [ -121.449577942151052, 37.242800942689485 ], [ -121.454701000050989, 37.249500999771612 ], [ -121.453970999661692, 37.25561200009389 ], [ -121.456206000206578, 37.261004999681234 ], [ -121.453799999869943, 37.263203000318413 ], [ -121.452916999619674, 37.277246000402783 ], [ -121.454307533426288, 37.278645802308461 ], [ -121.457010112277658, 37.281366394219674 ], [ -121.457769483101288, 37.282130826354148 ], [ -121.457886969962431, 37.282249096281362 ], [ -121.45801800013038, 37.282380999783527 ], [ -121.457000999995955, 37.284201000076393 ], [ -121.452959999803909, 37.284111999569348 ], [ -121.451901000430666, 37.286846999789418 ], [ -121.448599943091722, 37.289551990348059 ], [ -121.44760900035493, 37.290364000098691 ], [ -121.44860100023584, 37.294000999646642 ], [ -121.442501000420634, 37.296701000051428 ], [ -121.442485276804632, 37.296683005252703 ], [ -121.440070999876468, 37.293920000407866 ], [ -121.435767000146768, 37.292033999769501 ], [ -121.431730000139169, 37.294432999783282 ], [ -121.431416314150056, 37.294506121592178 ], [ -121.425011999703827, 37.295999000054053 ], [ -121.421991999830709, 37.29592800037716 ], [ -121.421700999901077, 37.299201000226276 ], [ -121.407893999907969, 37.30993999993126 ], [ -121.404705000335298, 37.31105299999615 ], [ -121.405640000285644, 37.313740002689372 ], [ -121.408350000252142, 37.321528000117326 ], [ -121.410889999573669, 37.324508999990599 ], [ -121.409169000248994, 37.325124999619334 ], [ -121.409942641685234, 37.327180296354982 ], [ -121.409953261602993, 37.327208509789898 ], [ -121.410101000060934, 37.32760099958665 ], [ -121.408100999561327, 37.330700999551652 ], [ -121.419701000300734, 37.344800999566701 ], [ -121.418893070871604, 37.349094930882814 ], [ -121.418871981857251, 37.349207013418777 ], [ -121.418624949231173, 37.350519926516142 ], [ -121.418499999774951, 37.351183999842078 ], [ -121.421602993776617, 37.35702300345406 ], [ -121.422601000035911, 37.358900999581749 ], [ -121.421451000063428, 37.363154999703681 ], [ -121.418241000421688, 37.36451000013659 ], [ -121.414800000019852, 37.375981000323122 ], [ -121.408025999699873, 37.380737000212662 ], [ -121.410198418035407, 37.386216821719074 ], [ -121.411499999824969, 37.389499999625514 ], [ -121.418399999660096, 37.390800000219997 ], [ -121.42300000044952, 37.393699999955288 ], [ -121.43114300004919, 37.3944729996295 ], [ -121.435034999665334, 37.396194999899535 ], [ -121.441694000077916, 37.392828000212091 ], [ -121.444195000298862, 37.393411000117908 ], [ -121.447112999964759, 37.391741999593762 ], [ -121.45049999967506, 37.394700000205148 ], [ -121.455600000139668, 37.395600000340039 ], [ -121.457200000179682, 37.398199999730423 ], [ -121.454599999889865, 37.401100000364863 ], [ -121.455299999794931, 37.40679999972042 ], [ -121.462499999974796, 37.41600000039989 ], [ -121.465200000379582, 37.415100000265056 ], [ -121.471096999826614, 37.424241000022334 ], [ -121.46773699956276, 37.425718999832156 ], [ -121.468440651498042, 37.427760046231811 ], [ -121.469277000433067, 37.430185999884145 ], [ -121.463088000110929, 37.437668999624918 ], [ -121.460809000235031, 37.438864999919986 ], [ -121.462425000113456, 37.445758000331693 ], [ -121.461866000415455, 37.451554999663813 ], [ -121.464281000267817, 37.454615999628913 ], [ -121.467881999954159, 37.45394200002346 ], [ -121.468502999813438, 37.455809999831843 ], [ -121.472037000007333, 37.456831000150771 ], [ -121.47398099972321, 37.462121000384002 ], [ -121.482224480606021, 37.465678957684361 ], [ -121.483200000379497, 37.466100000414826 ], [ -121.48572299981646, 37.475718999732237 ], [ -121.482358000221382, 37.47548999996377 ], [ -121.47664800040468, 37.480345999968165 ], [ -121.473474999771156, 37.479411000017819 ], [ -121.471923000146148, 37.480743000289522 ], [ -121.471596000354907, 37.482236999937754 ], [ -121.47087600042687, 37.481850000077714 ], [ -121.470079999692018, 37.483294000118292 ], [ -121.470211000337201, 37.485018999627414 ], [ -121.469526000224505, 37.485446999579665 ], [ -121.468628000181923, 37.48882399972797 ], [ -121.468276000137166, 37.489688000001252 ], [ -121.472741000096846, 37.492801999712697 ], [ -121.474998999903733, 37.495466000255874 ], [ -121.478578000374284, 37.496640999582723 ], [ -121.480710999812629, 37.499999999800423 ], [ -121.484399999959862, 37.502600000090126 ], [ -121.492300000044793, 37.502499999975271 ], [ -121.495000000449465, 37.505000000150176 ], [ -121.494499999874904, 37.508499999675394 ], [ -121.49650000037451, 37.513299999795265 ], [ -121.498615921217777, 37.515792084372151 ], [ -121.501000000149759, 37.518599999590549 ], [ -121.498600000089709, 37.520700000205011 ], [ -121.498314000332755, 37.52127199957431 ], [ -121.497599999839906, 37.522699999805468 ], [ -121.503099999864958, 37.526000000000124 ], [ -121.507500000424557, 37.524899999635579 ], [ -121.515599999839935, 37.525600000439908 ], [ -121.521099999864873, 37.524899999635579 ], [ -121.527500000024759, 37.527900000384932 ], [ -121.528500000274562, 37.527100000364896 ], [ -121.538600000189717, 37.529899999985162 ], [ -121.544700000004866, 37.532600000389891 ], [ -121.545800000369525, 37.53509999966542 ], [ -121.54730000029457, 37.535999999800481 ], [ -121.549400000009769, 37.53940000011022 ], [ -121.555599999939886, 37.542800000419959 ], [ -121.556199999729984, 37.616699999905279 ], [ -121.555800000169654, 37.635600000040142 ], [ -121.556099999615128, 37.746399999660412 ], [ -121.555599999939886, 37.756100000015181 ], [ -121.555623000101207, 37.820335999906661 ], [ -121.5538019997623, 37.821259000202986 ], [ -121.552947999950106, 37.823837000377523 ], [ -121.550339000144561, 37.824073999615564 ], [ -121.552170000045237, 37.826674999951535 ], [ -121.551068999634424, 37.827843999900836 ], [ -121.55278000029665, 37.833259999649442 ], [ -121.549072000172544, 37.83686100023516 ], [ -121.54948400028627, 37.835074999711708 ], [ -121.543624999893609, 37.836395000329276 ], [ -121.539337000002376, 37.840569000359324 ], [ -121.538544000305251, 37.843628000232115 ], [ -121.540679999881945, 37.843459999679453 ], [ -121.537857000100189, 37.846526999921309 ], [ -121.53831499963735, 37.848175000376159 ], [ -121.535172000387377, 37.850661999951512 ], [ -121.53626999976052, 37.852920999804496 ], [ -121.538238999729913, 37.852973999550784 ], [ -121.538573999890048, 37.851218999557432 ], [ -121.539559004637852, 37.851024649028545 ], [ -121.541472999579128, 37.850647000159199 ], [ -121.541943716769538, 37.853860110312951 ], [ -121.542404000244233, 37.857002000042485 ], [ -121.541138000318256, 37.858627000336128 ], [ -121.542159999783962, 37.859932000261836 ], [ -121.549194000402622, 37.857414000156155 ], [ -121.553252999626011, 37.863617000224622 ], [ -121.55481000038094, 37.860863000027621 ], [ -121.559981999669333, 37.861518999702298 ], [ -121.562438999659889, 37.858710999713139 ], [ -121.561981000122842, 37.855300999841518 ], [ -121.566269000014188, 37.8600229999617 ], [ -121.569839000069578, 37.860046000123134 ], [ -121.567673000008767, 37.861687000255188 ], [ -121.568497000236221, 37.862983999812002 ], [ -121.575271999702807, 37.861617999771056 ], [ -121.578124999968622, 37.859611999894128 ], [ -121.579329999779475, 37.862594999859539 ], [ -121.57504299993434, 37.864960000104077 ], [ -121.573486000078674, 37.867340000141155 ], [ -121.578323000106138, 37.87153600028654 ], [ -121.579712000308291, 37.874640999582766 ], [ -121.57818600008369, 37.880638000043973 ], [ -121.574051000053487, 37.885756999586079 ], [ -121.57630899986026, 37.890335000260279 ], [ -121.575469999840493, 37.891762000416179 ], [ -121.567899999685096, 37.89509999966549 ], [ -121.567099999665061, 37.901100000265103 ], [ -121.572310999852618, 37.906119999738451 ], [ -121.563461000024972, 37.912941000426997 ], [ -121.56390399976965, 37.914474000075302 ], [ -121.564068907794137, 37.914683217595041 ], [ -121.566832999942847, 37.918189999669039 ], [ -121.566330000129199, 37.920867999958489 ], [ -121.556580000166718, 37.92366000010918 ], [ -121.55647299972901, 37.924309000360438 ], [ -121.55871599974347, 37.925980000077118 ], [ -121.55996699987702, 37.928649999997674 ], [ -121.558577999674753, 37.932952999681333 ], [ -121.562408000029052, 37.936577000428485 ], [ -121.562805000350295, 37.938277999730076 ], [ -121.561799999869947, 37.941199999580533 ], [ -121.562449997537385, 37.942201001584294 ], [ -121.563186999979905, 37.943336000056547 ], [ -121.564254999768309, 37.946876999674032 ], [ -121.562835999981246, 37.947922000200492 ], [ -121.560899999735057, 37.9477999999703 ], [ -121.560271999552981, 37.948401999852592 ], [ -121.561066000195581, 37.949463000217463 ], [ -121.562438999659889, 37.949744999732275 ], [ -121.566482999990228, 37.947105000295778 ], [ -121.568726000004688, 37.948089999853778 ], [ -121.568526999820961, 37.951384999818231 ], [ -121.564177999814717, 37.95565000044752 ], [ -121.56479999971998, 37.956999999750394 ], [ -121.566956000219079, 37.95754199956383 ], [ -121.574614999982032, 37.956268000168222 ], [ -121.575744999931658, 37.956962999842744 ], [ -121.574645999612983, 37.958649000251341 ], [ -121.566832999942847, 37.960135999577005 ], [ -121.565673999555258, 37.961090000403431 ], [ -121.565947999600382, 37.962608000259195 ], [ -121.572753999597239, 37.966453999552641 ], [ -121.573592999617063, 37.969184999588322 ], [ -121.573287999941101, 37.972435000175381 ], [ -121.580154000006928, 37.97771499994758 ], [ -121.580063000307064, 37.978714000151172 ], [ -121.578171000291263, 37.979279000125985 ], [ -121.574677000143311, 37.978928000127326 ], [ -121.572495000243862, 37.980026000399903 ], [ -121.57279999991988, 37.981185999934212 ], [ -121.581177000418052, 37.98360399992481 ], [ -121.581741000346824, 37.985137999619212 ], [ -121.580398999613976, 37.99120299961902 ], [ -121.576812999720005, 37.995162999672914 ], [ -121.57672488220112, 37.995852001757328 ], [ -121.576614000435541, 37.996719000381859 ], [ -121.57923900007961, 37.998168999799816 ], [ -121.579699999755007, 37.999399999910338 ], [ -121.578208000198856, 38.000298999999131 ], [ -121.571251000433165, 38.000308000414122 ], [ -121.569777999954567, 38.004242000168347 ], [ -121.572097999922619, 38.005081000188227 ], [ -121.577881000407615, 38.005058000026963 ], [ -121.577914994094954, 38.005084351039557 ], [ -121.580184999637879, 38.006843999651039 ], [ -121.580612000443239, 38.009871999893051 ], [ -121.579941000076929, 38.011169000349241 ], [ -121.577347000063867, 38.012726000205078 ], [ -121.569336000256044, 38.012917000019797 ], [ -121.567916999569661, 38.014098999669386 ], [ -121.568892999612046, 38.015677999640161 ], [ -121.573100000264617, 38.017399999910367 ], [ -121.573761000169839, 38.018920999904424 ], [ -121.57304400038015, 38.019774999716617 ], [ -121.569243999610762, 38.01992799957776 ], [ -121.561356000079115, 38.017059000372797 ], [ -121.559100000364538, 38.017899999585666 ], [ -121.560470999736708, 38.021338999895249 ], [ -121.561974004555168, 38.022692995003467 ], [ -121.56620000042949, 38.026499999575492 ], [ -121.565871999692888, 38.030173999930469 ], [ -121.567550999778689, 38.03105900027299 ], [ -121.56965398529934, 38.030031924262573 ], [ -121.570220999699188, 38.029755000393152 ], [ -121.57241800029027, 38.030089999654024 ], [ -121.573273000148561, 38.031815000062522 ], [ -121.572326999691143, 38.038040000246099 ], [ -121.573732735933277, 38.04058299359923 ], [ -121.574279999821897, 38.04157300039401 ], [ -121.577972000107479, 38.042976000342378 ], [ -121.581634999955099, 38.041343999726166 ], [ -121.581923999792593, 38.037948999646858 ], [ -121.579619999663123, 38.035186999980169 ], [ -121.579970999661725, 38.032371999668214 ], [ -121.580900992478064, 38.032238478331124 ], [ -121.582367000436591, 38.032027999992351 ], [ -121.583847000338665, 38.033051000403702 ], [ -121.585937999638759, 38.038245999853302 ], [ -121.584335000359772, 38.051131999642337 ], [ -121.585754000146778, 38.058632000166938 ], [ -121.582290999629777, 38.063399999710384 ], [ -121.582839999765952, 38.06742900024841 ], [ -121.581909000000223, 38.068794000243201 ], [ -121.573806999593216, 38.071883999746944 ], [ -121.572326999691143, 38.073775999762802 ], [ -121.57304400038015, 38.075211000287595 ], [ -121.575057999726766, 38.076378000144871 ], [ -121.576202000321871, 38.0781710000918 ], [ -121.577835000085031, 38.089614999932564 ], [ -121.58023099996052, 38.094048000215309 ], [ -121.576503906984215, 38.095281089200739 ], [ -121.57299800005751, 38.096440999952335 ], [ -121.566122000429857, 38.097405000340643 ], [ -121.563544000255206, 38.099333000217939 ], [ -121.562971999957654, 38.101502999563991 ], [ -121.564687999951047, 38.105361000310268 ], [ -121.57213299973796, 38.10897799983502 ], [ -121.578430999690681, 38.110905999712315 ], [ -121.582438000113484, 38.113556999656112 ], [ -121.583296000110181, 38.118380999983515 ], [ -121.58301000041098, 38.120309999906851 ], [ -121.579813999616135, 38.125000000349985 ], [ -121.578351999644894, 38.125776000162489 ], [ -121.575280000071814, 38.129136000426286 ], [ -121.566608000358713, 38.133792000200799 ], [ -121.559664000293253, 38.136527999567761 ], [ -121.557023999957494, 38.136575999982597 ], [ -121.556063999753633, 38.138528000067367 ], [ -121.558880000111685, 38.141583999802094 ], [ -121.55849600038988, 38.143584000301701 ], [ -121.557151999564951, 38.144384000321509 ], [ -121.54953599998629, 38.145728000247288 ], [ -121.547407999879169, 38.147616000078585 ], [ -121.546855188429731, 38.147821167115353 ], [ -121.545856000253991, 38.148191999661208 ], [ -121.544237924804179, 38.147642269198457 ], [ -121.543360000263647, 38.147344000125713 ], [ -121.542335999806426, 38.147647999755634 ], [ -121.541600000039693, 38.150912000088908 ], [ -121.54016791790059, 38.151705153435671 ], [ -121.539520000347579, 38.1520640001537 ], [ -121.537456479458399, 38.151528600027348 ], [ -121.536559999643998, 38.151295999810714 ], [ -121.535248000294814, 38.151663999694108 ], [ -121.53347200023245, 38.155839999816351 ], [ -121.535295999810387, 38.157664000293551 ], [ -121.532672000212415, 38.160047999615813 ], [ -121.532400000259713, 38.162752000204932 ], [ -121.530111999968653, 38.163360000363923 ], [ -121.528239999975824, 38.169103999949755 ], [ -121.524048000015, 38.171359999664446 ], [ -121.523296000409914, 38.172399999960305 ], [ -121.523551999624885, 38.174927999627698 ], [ -121.525055999734434, 38.177200000080177 ], [ -121.525008000218861, 38.178991999981179 ], [ -121.526479999752041, 38.180576000182555 ], [ -121.526768000442644, 38.181744000085757 ], [ -121.526047999615344, 38.182943999666008 ], [ -121.523631999716883, 38.184287999591731 ], [ -121.523408000178847, 38.185695999770758 ], [ -121.524480000151755, 38.18684799983555 ], [ -121.525672000262432, 38.190023999708046 ], [ -121.528088000160892, 38.193912000039006 ], [ -121.52733599965643, 38.196087999661813 ], [ -121.524536000036107, 38.197368000233269 ], [ -121.523432000386379, 38.199479999602602 ], [ -121.521064000003378, 38.20199200033079 ], [ -121.519008845008386, 38.203128894722909 ], [ -121.518808000288857, 38.203240000326048 ], [ -121.517519287224275, 38.20308013461937 ], [ -121.516006137452734, 38.202892427391134 ], [ -121.513853502758138, 38.202625391635877 ], [ -121.512488000220856, 38.20245600014465 ], [ -121.508871999842711, 38.204664000343485 ], [ -121.507240000125762, 38.207192000011048 ], [ -121.50701599968852, 38.209320000118169 ], [ -121.503639999586142, 38.211624000247696 ], [ -121.503240000025812, 38.212663999644008 ], [ -121.505192000110583, 38.217623999947818 ], [ -121.506424000267259, 38.222647999605726 ], [ -121.505327000040836, 38.224672000312637 ], [ -121.503272999748958, 38.224628000082362 ], [ -121.499945000061473, 38.226932000211889 ], [ -121.497864039017543, 38.227448819727215 ], [ -121.496599000443382, 38.227762999862819 ], [ -121.495719330840359, 38.227486329677788 ], [ -121.494614999782186, 38.22713899986519 ], [ -121.493706585202744, 38.227440992878201 ], [ -121.49275000011221, 38.227758999678315 ], [ -121.492748425454636, 38.227758555069329 ], [ -121.491390000348019, 38.22737499995651 ], [ -121.489726000054645, 38.229166999857512 ], [ -121.489694000377597, 38.232271000006847 ], [ -121.48875000001226, 38.233743000439347 ], [ -121.486637999743721, 38.234766999997191 ], [ -121.485710000116285, 38.235903000223516 ], [ -121.485565999770927, 38.23739099959522 ], [ -121.486318000275276, 38.238782999935665 ], [ -121.485549999932402, 38.240543000159619 ], [ -121.483069999780525, 38.241566999717463 ], [ -121.481054000341658, 38.244142999799863 ], [ -121.477518000055511, 38.246255000068402 ], [ -121.47715000017223, 38.248622999552026 ], [ -121.479109999726518, 38.25327199990312 ], [ -121.47877499956644, 38.254163999669061 ], [ -121.476470000290135, 38.2559350004002 ], [ -121.475128999603442, 38.257987999746547 ], [ -121.471096189533284, 38.259556865732293 ], [ -121.470245000106445, 38.259888000131298 ], [ -121.469156091836567, 38.259649015091725 ], [ -121.468426999906001, 38.259488999717803 ], [ -121.46691422062122, 38.259826069455244 ], [ -121.465989999938415, 38.260031999577279 ], [ -121.461227999772234, 38.259209000295414 ], [ -121.457909153004152, 38.257435150793981 ], [ -121.457907000407545, 38.25743400027909 ], [ -121.456522641255788, 38.257439375290289 ], [ -121.455074000164814, 38.25744499988707 ], [ -121.452672000012626, 38.255807999939407 ], [ -121.449577320701223, 38.254875711577881 ], [ -121.448847999935026, 38.254655999874615 ], [ -121.444527682871012, 38.256463191321245 ], [ -121.443951999884746, 38.256703999889908 ], [ -121.438304000229266, 38.255215999618997 ], [ -121.43614400044504, 38.255279999872243 ], [ -121.434246021348429, 38.254468650240881 ], [ -121.434048000015025, 38.254383999921913 ], [ -121.430726678602468, 38.254959346961471 ], [ -121.429983999661715, 38.255088000011426 ], [ -121.428655999574573, 38.254847999735603 ], [ -121.427088000110984, 38.25215999988427 ], [ -121.424496000190061, 38.250815999958718 ], [ -121.423983999961422, 38.249456000194527 ], [ -121.424480000351537, 38.243423999917866 ], [ -121.422880000311636, 38.242416000198432 ], [ -121.422031999876765, 38.240256000414433 ], [ -121.420175999722403, 38.238815999658982 ], [ -121.419455999794366, 38.237328000287278 ], [ -121.414623999997445, 38.235695999670838 ], [ -121.413536000186127, 38.234447999675751 ], [ -121.412431999636851, 38.234144000045831 ], [ -121.411315042282581, 38.233222999841928 ], [ -121.41078175101228, 38.232783268309674 ], [ -121.410608000058971, 38.232639999936339 ], [ -121.408671999812725, 38.23311999958861 ], [ -121.408352000344394, 38.232223999638109 ], [ -121.407648000254881, 38.232735999866804 ], [ -121.405072000172481, 38.231792000400844 ], [ -121.40456332428937, 38.231022783279741 ], [ -121.404415999598541, 38.230799999620444 ], [ -121.403311999948698, 38.230400000060229 ], [ -121.40223464952453, 38.230891423010917 ], [ -121.400575999682417, 38.231648000055316 ], [ -121.40022399963766, 38.22960000004025 ], [ -121.397353314482245, 38.227843077611737 ], [ -121.397296000409881, 38.227808000139419 ], [ -121.395311999748799, 38.227775999562994 ], [ -121.393695999870374, 38.230079999692521 ], [ -121.391551999924673, 38.230783999782034 ], [ -121.388668962688541, 38.232870769973147 ], [ -121.388191999660876, 38.233216000418281 ], [ -121.38726400003344, 38.233279999772378 ], [ -121.385112661305186, 38.232112784366791 ], [ -121.3842559998144, 38.231648000055316 ], [ -121.383127277534129, 38.231943090823165 ], [ -121.381808000238891, 38.232287999891582 ], [ -121.378367999883153, 38.230799999620444 ], [ -121.377862222737633, 38.230804359806257 ], [ -121.373985878152382, 38.230837776861563 ], [ -121.372800000319501, 38.230848000035508 ], [ -121.371087477560366, 38.230180912723881 ], [ -121.370048000214808, 38.2297760000626 ], [ -121.367092113790989, 38.231042808626967 ], [ -121.366128000206913, 38.231456000194498 ], [ -121.364352000144549, 38.230224000037879 ], [ -121.363812965712157, 38.229205824386668 ], [ -121.363597945051424, 38.228799674448453 ], [ -121.363534204524512, 38.228679275734351 ], [ -121.363487999871154, 38.228592000320816 ], [ -121.361727999647314, 38.228592000320816 ], [ -121.361568000362695, 38.2297760000626 ], [ -121.35421139507298, 38.231054784972741 ], [ -121.353376000302035, 38.231200000080094 ], [ -121.348799999720086, 38.230335999806812 ], [ -121.346432000236462, 38.228416000298409 ], [ -121.344910887811125, 38.228454028082353 ], [ -121.342592000320394, 38.228512000228932 ], [ -121.341432190692046, 38.229454344584155 ], [ -121.341311999748825, 38.229551999625414 ], [ -121.339367566922249, 38.2292025393524 ], [ -121.337839999716095, 38.228927999627786 ], [ -121.333839999616202, 38.231311999849197 ], [ -121.329776000162099, 38.231855999754941 ], [ -121.326808260013536, 38.232958303147825 ], [ -121.326415999898302, 38.233103999749972 ], [ -121.326140754678363, 38.233085270052584 ], [ -121.325606640722924, 38.233048925033643 ], [ -121.322987313865099, 38.232870686881256 ], [ -121.321007999619326, 38.232735999866804 ], [ -121.319759999624068, 38.233856000254548 ], [ -121.315264686975581, 38.235296115216727 ], [ -121.314415999598566, 38.235568000063267 ], [ -121.313499116533876, 38.23535504633503 ], [ -121.311936000346009, 38.234991999581325 ], [ -121.311586130140483, 38.235218386003453 ], [ -121.311119999588129, 38.235519999648432 ], [ -121.310729350463191, 38.235456651173877 ], [ -121.308752000104505, 38.235135999926626 ], [ -121.308711088464463, 38.235164839288814 ], [ -121.307776000062233, 38.235824000177729 ], [ -121.306207999699268, 38.234975999742858 ], [ -121.306105668822852, 38.23497523608728 ], [ -121.304063999753566, 38.234959999904277 ], [ -121.299648000254876, 38.236863999574211 ], [ -121.294032000276388, 38.237888000031433 ], [ -121.291616000377928, 38.239087999611854 ], [ -121.288831999696868, 38.242160000084141 ], [ -121.286992000280463, 38.245808000139448 ], [ -121.285327999987089, 38.247279999672571 ], [ -121.282016000138128, 38.248607999759713 ], [ -121.281318163582057, 38.249975759691836 ], [ -121.28121600011815, 38.250176000122508 ], [ -121.277491850260844, 38.249476311415322 ], [ -121.275936000345951, 38.249184000241655 ], [ -121.273663999893472, 38.250592000420681 ], [ -121.268105234204199, 38.252208579953844 ], [ -121.26739200024042, 38.252415999998561 ], [ -121.265103999949417, 38.252224000137744 ], [ -121.262672000212433, 38.251152000164893 ], [ -121.25796800002297, 38.25049599959101 ], [ -121.255423999617733, 38.248544000405616 ], [ -121.250816000257942, 38.246944000365602 ], [ -121.249856000054137, 38.244992000280831 ], [ -121.245800963642694, 38.24484181385111 ], [ -121.244672000212518, 38.244800000419843 ], [ -121.238431388320009, 38.246691512888958 ], [ -121.237440000355548, 38.246991999881061 ], [ -121.22800000029963, 38.246944000365602 ], [ -121.224063999553664, 38.244816000258425 ], [ -121.222248979610868, 38.244441769347816 ], [ -121.220960000303592, 38.244176000422385 ], [ -121.214239999775998, 38.247519999948395 ], [ -121.213604370801477, 38.247514374968944 ], [ -121.212617131741183, 38.247505638427185 ], [ -121.21062400029723, 38.247488000271346 ], [ -121.202448000074924, 38.247983999762084 ], [ -121.196352000444335, 38.251903999770036 ], [ -121.190367999683303, 38.253519999648461 ], [ -121.189415131902535, 38.253455677392139 ], [ -121.180176000022186, 38.252832000296792 ], [ -121.172960000003854, 38.249487999871576 ], [ -121.169950003381416, 38.250151121827173 ], [ -121.164607999759198, 38.251328000187243 ], [ -121.151008000318825, 38.263712000208784 ], [ -121.141584000101375, 38.264688000251169 ], [ -121.134847999735257, 38.268639999936397 ], [ -121.128544000405157, 38.273983999961786 ], [ -121.113983999861546, 38.278400000360023 ], [ -121.099322454259777, 38.285372244386792 ], [ -121.098608000358752, 38.285712000308877 ], [ -121.093847435253338, 38.284613649225548 ], [ -121.092540000220652, 38.284311999599367 ], [ -121.082891999565902, 38.286552000374797 ], [ -121.070988000096008, 38.291816000308359 ], [ -121.065356000278996, 38.296519999598559 ], [ -121.060892028672072, 38.297147924001649 ], [ -121.059099999565206, 38.297399999710422 ], [ -121.051847999685208, 38.2941540002073 ], [ -121.048439999905952, 38.287769999885825 ], [ -121.043098154292466, 38.286381648708527 ], [ -121.041976000391969, 38.286089999753926 ], [ -121.037784000431145, 38.288106000092171 ], [ -121.035040999842067, 38.294804999651319 ], [ -121.025184000341198, 38.298000000399895 ] ] ] ] } },
{ "type": "Feature", "properties": { "AREA_NAME": "West Silver Valley, ID", "Status": null, "Status_120": "Nonattainment", "Id": 0, "NAME": null, "COMPOSID": "PM-2.5.2012.West_Silver_Valley" }, "geometry": { "type": "MultiPolygon", "coordinates": [ [ [ [ -116.328559451697231, 47.384611397136098 ], [ -116.3284900603648, 47.45698939228356 ], [ -116.328577414601739, 47.499999332936284 ], [ -116.323435168473281, 47.530253788706261 ], [ -116.323000047333494, 47.555454260520662 ], [ -116.323384811175629, 47.564849745929564 ], [ -116.323686845746408, 47.602911565174168 ], [ -116.323138869993443, 47.617631218148915 ], [ -116.30928160912606, 47.617583151896952 ], [ -116.308436323405431, 47.632075374379269 ], [ -116.287334171821271, 47.632192660328428 ], [ -116.287768273073084, 47.617689729018821 ], [ -116.265294891169845, 47.617625454477945 ], [ -116.26537124908026, 47.632147291109959 ], [ -116.265347887279574, 47.660421474334896 ], [ -116.221956470633245, 47.659946517262654 ], [ -116.221891345906556, 47.645446324548232 ], [ -116.200546810345031, 47.645216146705366 ], [ -116.200606159064762, 47.659856434381766 ], [ -116.200720880711344, 47.688871540539822 ], [ -116.157767531964453, 47.688668633990517 ], [ -116.157897047428492, 47.674124978260636 ], [ -116.136560678481203, 47.674209505090801 ], [ -116.136915853934511, 47.615831444175342 ], [ -116.115691264327609, 47.61580595673064 ], [ -116.115579647122274, 47.601248677123806 ], [ -116.00865528499196, 47.601377555933823 ], [ -116.008611974417306, 47.586868522426585 ], [ -115.986360988294052, 47.586988454271477 ], [ -115.985978432999786, 47.543322239668726 ], [ -116.008231927800637, 47.543383328980269 ], [ -116.024040476486732, 47.543327759268777 ], [ -116.023857249512446, 47.530375461458505 ], [ -116.023785600468841, 47.519266100822108 ], [ -116.051132514969311, 47.519230493399334 ], [ -116.051146694946567, 47.515701621396374 ], [ -116.072525253241679, 47.515625500367207 ], [ -116.072397427250053, 47.500512790317771 ], [ -116.094025821663081, 47.500849217184623 ], [ -116.093682841040049, 47.486168575973636 ], [ -116.115001473442589, 47.485994409511591 ], [ -116.114980434943732, 47.471677505560535 ], [ -116.115081530421207, 47.457249837244831 ], [ -116.095908000919167, 47.457128526473639 ], [ -116.095811151653947, 47.413375818014686 ], [ -116.159230380055646, 47.413490807991707 ], [ -116.159288133209998, 47.398970394164849 ], [ -116.201928130442184, 47.399154037810888 ], [ -116.20202747711653, 47.384579119765306 ], [ -116.328559451697231, 47.384611397136098 ] ] ] ] } },
{ "type": "Feature", "properties": { "AREA_NAME": "Clevelend, OH", "Status": null, "Status_120": "Nonattainment", "Id": 0, "NAME": null, "COMPOSID": "PM-2.5.2012.Cleveland" }, "geometry": { "type": "MultiPolygon", "coordinates": [ [ [ [ -81.488989753245718, 41.618513369534583 ], [ -81.489004752990894, 41.61731670310953 ], [ -81.48881753062129, 41.616460592194862 ], [ -81.488583641000815, 41.612792815191099 ], [ -81.488558640812187, 41.611876704269406 ], [ -81.48854252950963, 41.610954482236615 ], [ -81.48851975161682, 41.610389482354329 ], [ -81.488348640290397, 41.609224482611637 ], [ -81.488320862471284, 41.609004482659692 ], [ -81.488384751254088, 41.608554482743656 ], [ -81.488456417354413, 41.605925594381091 ], [ -81.488454750620008, 41.605602816669233 ], [ -81.488420861578703, 41.604850594604102 ], [ -81.488359750191151, 41.603486705999892 ], [ -81.4883514168083, 41.603244483827972 ], [ -81.488215860875215, 41.60133837312069 ], [ -81.488264749398553, 41.599642817904318 ], [ -81.488223638012542, 41.598302818181807 ], [ -81.488220860029486, 41.597325596158775 ], [ -81.488272526443424, 41.596167818610361 ], [ -81.488262526428656, 41.596089485294165 ], [ -81.488235859505934, 41.594850596660478 ], [ -81.488133637075407, 41.593775596891362 ], [ -81.488027524805531, 41.588180598042214 ], [ -81.488071413258041, 41.586143376229259 ], [ -81.488093634650838, 41.582219488135991 ], [ -81.488110856196144, 41.579015599896906 ], [ -81.488134744730218, 41.577348378011003 ], [ -81.488035855440131, 41.575357822872093 ], [ -81.48789141020734, 41.571487823676605 ], [ -81.487898632129514, 41.570066712853659 ], [ -81.48622252131922, 41.570094490824502 ], [ -81.481855855412178, 41.570052824684041 ], [ -81.480916411132554, 41.570050602573666 ], [ -81.48062585562792, 41.57004949149723 ], [ -81.480333633456866, 41.570048380421063 ], [ -81.480102522386346, 41.570047824892981 ], [ -81.479964744632795, 41.570047824909324 ], [ -81.479804744660711, 41.570046713817398 ], [ -81.479725855785645, 41.570046713826756 ], [ -81.478189744943748, 41.570041714009847 ], [ -81.476871411841643, 41.570038380833601 ], [ -81.472107523788239, 41.570025603623229 ], [ -81.471418635020001, 41.570023381483217 ], [ -81.47135752391965, 41.570023381490458 ], [ -81.468172524478263, 41.570015604091957 ], [ -81.461885858912098, 41.569990604842545 ], [ -81.457697526311719, 41.569973383120555 ], [ -81.447646417000371, 41.570127828725852 ], [ -81.447373639265535, 41.570104495429533 ], [ -81.447168639304252, 41.570116717673628 ], [ -81.446873639366899, 41.570168384364806 ], [ -81.44624475056051, 41.570034495577659 ], [ -81.446027528369086, 41.569999495610581 ], [ -81.44583086173067, 41.569969495640031 ], [ -81.445599750653614, 41.56993838456264 ], [ -81.445359750692106, 41.569920606816993 ], [ -81.445017528528339, 41.569912829081368 ], [ -81.442886417787719, 41.569892829338194 ], [ -81.442742528924711, 41.569895607132523 ], [ -81.441528640248976, 41.569894496165617 ], [ -81.440550862639938, 41.569879496284678 ], [ -81.439879751645947, 41.56987560747622 ], [ -81.439313640633742, 41.569872829766119 ], [ -81.439075862897838, 41.569873385349801 ], [ -81.438927529589009, 41.569865607591183 ], [ -81.438782529606655, 41.569828385393677 ], [ -81.438667529617874, 41.569785607638252 ], [ -81.438519751850464, 41.569711718781932 ], [ -81.438280862982936, 41.569613385496886 ], [ -81.438116418557087, 41.569564496637561 ], [ -81.437919751915828, 41.569520607780852 ], [ -81.437664751954273, 41.569490607817201 ], [ -81.437096418716905, 41.569471718999615 ], [ -81.435550863434329, 41.569477830292811 ], [ -81.435320863473422, 41.569471719210256 ], [ -81.435164752388431, 41.56946560811884 ], [ -81.435032530186859, 41.569453385914862 ], [ -81.434876419095531, 41.569416719274152 ], [ -81.434720863557033, 41.56936783041369 ], [ -81.434587530233784, 41.569304497108966 ], [ -81.434350863580832, 41.56917171938629 ], [ -81.432869752739649, 41.569217830663739 ], [ -81.432418641710726, 41.569231719603316 ], [ -81.420179755052686, 41.569612832089085 ], [ -81.418794755305001, 41.569655610022501 ], [ -81.418404755376073, 41.569667832288552 ], [ -81.418294755395436, 41.569667832301597 ], [ -81.417824755481519, 41.569684499020717 ], [ -81.417661422175598, 41.569678387930153 ], [ -81.417490866652585, 41.56969061017007 ], [ -81.417283644468398, 41.569698387970874 ], [ -81.416805866776087, 41.569705610248405 ], [ -81.415447533680052, 41.569699499299745 ], [ -81.414877533777855, 41.569688388258491 ], [ -81.414055867252074, 41.569671721692686 ], [ -81.413714756199838, 41.569666721734194 ], [ -81.413530867344278, 41.569671721754979 ], [ -81.413427534030959, 41.569680610654352 ], [ -81.413351422935563, 41.56969172177228 ], [ -81.413271422955049, 41.569717832887491 ], [ -81.413153645209917, 41.569774499556708 ], [ -81.413085867451855, 41.569811721779388 ], [ -81.409173645923815, 41.56984450001471 ], [ -81.391020871302715, 41.569696724421568 ], [ -81.391008648805908, 41.568381724690234 ], [ -81.391012537189809, 41.565985614065575 ], [ -81.390962536694403, 41.563589503447297 ], [ -81.390971425482192, 41.563116725764573 ], [ -81.390953647590095, 41.562558392546798 ], [ -81.390946425236848, 41.56192950378658 ], [ -81.39094642513318, 41.561436726108937 ], [ -81.390923647136702, 41.560378392993364 ], [ -81.390923646848378, 41.559007837716337 ], [ -81.390861424019221, 41.556070616098332 ], [ -81.390790865691642, 41.542828396575331 ], [ -81.39077864319772, 41.54152561906367 ], [ -81.390745865046128, 41.539719508323479 ], [ -81.390741420561113, 41.539522841697284 ], [ -81.390736420077658, 41.537218397721709 ], [ -81.390753641780179, 41.534759509330449 ], [ -81.390738640614416, 41.529197843795643 ], [ -81.390746417668325, 41.525757844493647 ], [ -81.390752528748962, 41.525617844521413 ], [ -81.390768639620973, 41.52449284474811 ], [ -81.390767528124329, 41.522655622899272 ], [ -81.390768639218592, 41.522576734026337 ], [ -81.390767528094472, 41.522513400705996 ], [ -81.39076586142221, 41.52248562293407 ], [ -81.390696416945644, 41.522274511874024 ], [ -81.390663639158291, 41.522201734114958 ], [ -81.390626416930388, 41.522143400797937 ], [ -81.390483639132157, 41.521926734192149 ], [ -81.390046416844058, 41.521247845493029 ], [ -81.389950861268289, 41.521071734429114 ], [ -81.389895861249343, 41.520935623352194 ], [ -81.389823638999133, 41.520741734511198 ], [ -81.389790861201405, 41.520619512317722 ], [ -81.389732527816079, 41.520322845718219 ], [ -81.389718638921593, 41.520284512394348 ], [ -81.389682527802293, 41.52021562352374 ], [ -81.390189749877592, 41.519939512408541 ], [ -81.390393638706698, 41.519825623518692 ], [ -81.390588638651096, 41.519723401294108 ], [ -81.390748638610432, 41.519663401287332 ], [ -81.390757526761988, 41.516158401998425 ], [ -81.390815858482284, 41.508521736876496 ], [ -81.390828635742778, 41.506066737373779 ], [ -81.390823635604903, 41.505405626397604 ], [ -81.390839746466924, 41.504231737745272 ], [ -81.390839746443135, 41.504118404434998 ], [ -81.390846412915309, 41.503196737954759 ], [ -81.390865856824604, 41.500661738467556 ], [ -81.390876412246982, 41.500035627482468 ], [ -81.390881412091929, 41.49930062763115 ], [ -81.390870856517822, 41.499203405429974 ], [ -81.39085585650416, 41.499125627669734 ], [ -81.390834745382094, 41.499055627686431 ], [ -81.390861410082948, 41.489702851805788 ], [ -81.390850852779565, 41.481354520169937 ], [ -81.390856406579161, 41.472977855204448 ], [ -81.391078627995284, 41.469314522589087 ], [ -81.391097516412572, 41.46707841192994 ], [ -81.390948626409724, 41.461632857498458 ], [ -81.390957515187196, 41.461108413159451 ], [ -81.390994737021416, 41.459285635747577 ], [ -81.39111584720041, 41.454933414395249 ], [ -81.391134735911209, 41.454097859007192 ], [ -81.391174735476582, 41.452054526084183 ], [ -81.391213623999619, 41.450338415317148 ], [ -81.391264734624031, 41.448054526886231 ], [ -81.391329733996486, 41.445109527476774 ], [ -81.390778622978303, 41.445091749767904 ], [ -81.389093623271037, 41.445079527747666 ], [ -81.388720845558325, 41.445078416680921 ], [ -81.38443973517316, 41.444962861655846 ], [ -81.378259736309332, 41.445218417891397 ], [ -81.377344736473276, 41.445235640218485 ], [ -81.376745847694067, 41.4452584180626 ], [ -81.375497514582221, 41.445271751541007 ], [ -81.375247514626992, 41.445276751569672 ], [ -81.374962514334456, 41.443639529713643 ], [ -81.374956403208515, 41.443563418618815 ], [ -81.374946403199672, 41.443512863074695 ], [ -81.374935847567059, 41.443135640930322 ], [ -81.374906402545662, 41.440352863721216 ], [ -81.374801401121303, 41.43345342069064 ], [ -81.374770845424123, 41.432750643059151 ], [ -81.374750845224042, 41.431776754370503 ], [ -81.374766399832311, 41.427257866397547 ], [ -81.374773621863611, 41.426350644358799 ], [ -81.374799732541447, 41.424299533661127 ], [ -81.376348621156836, 41.42428842236896 ], [ -81.384208619776558, 41.424270643664251 ], [ -81.385196397382529, 41.424276754657178 ], [ -81.386561397144305, 41.424280643383732 ], [ -81.387079730389502, 41.424293421097552 ], [ -81.387195841482367, 41.424303421081717 ], [ -81.387340841454886, 41.42429342106665 ], [ -81.38981861879752, 41.424288420774388 ], [ -81.391679729581512, 41.424282864999668 ], [ -81.391713618463385, 41.424277864996604 ], [ -81.391788618447436, 41.424264531657172 ], [ -81.391797507217433, 41.423702865103515 ], [ -81.39180639587812, 41.422617865322913 ], [ -81.391805840100943, 41.421556754427364 ], [ -81.391828617267905, 41.418651755014778 ], [ -81.391828616827439, 41.416542866554352 ], [ -81.391843616687538, 41.415885644463827 ], [ -81.391850838521094, 41.414030644839897 ], [ -81.391880837924305, 41.411197867634023 ], [ -81.391898615166397, 41.408646757038987 ], [ -81.391907503825053, 41.407551757260364 ], [ -81.3919358368735, 41.406210646418309 ], [ -81.3919708359536, 41.401832869525741 ], [ -81.391975835113442, 41.397810648119901 ], [ -81.391949722770534, 41.391884538215706 ], [ -81.391951389351675, 41.391475649409685 ], [ -81.391961388909181, 41.389362872059969 ], [ -81.391969722101379, 41.388692872195072 ], [ -81.391966388740812, 41.388559538889197 ], [ -81.391965833164107, 41.38845787224318 ], [ -81.391976388334186, 41.386618428171168 ], [ -81.391970832615542, 41.38583176166496 ], [ -81.391957498884224, 41.383911762056492 ], [ -81.391947498572975, 41.382410651251533 ], [ -81.39183583105698, 41.378242874333587 ], [ -81.391802497065171, 41.375055652762704 ], [ -81.391836384744749, 41.369280653931646 ], [ -81.391842495061809, 41.365474543592931 ], [ -81.391845828007817, 41.363617877303035 ], [ -81.391779716727356, 41.3627495441539 ], [ -81.391721383243905, 41.361979544317172 ], [ -81.391710827595702, 41.361525655521739 ], [ -81.391679716244042, 41.36034454465419 ], [ -81.391743604657535, 41.358115656210437 ], [ -81.391766382261068, 41.357297878596071 ], [ -81.391817493168858, 41.356364545446318 ], [ -81.39174860420222, 41.355932878875478 ], [ -81.391717493084315, 41.355874545557619 ], [ -81.391650826419792, 41.355828434463767 ], [ -81.391574715315102, 41.355795656701687 ], [ -81.391473603262384, 41.351187879871716 ], [ -81.391430824926957, 41.348472880428282 ], [ -81.391435824881171, 41.348256769360454 ], [ -81.391704713723541, 41.348259547105854 ], [ -81.392381380273676, 41.348268435912978 ], [ -81.392977491281542, 41.348273435841485 ], [ -81.393702491157171, 41.348285657975566 ], [ -81.394251379950845, 41.34828954679876 ], [ -81.395538601951188, 41.34830565775448 ], [ -81.396034712976899, 41.348312879916577 ], [ -81.396454712906547, 41.348327879863888 ], [ -81.396621379544641, 41.34833065762146 ], [ -81.396650823992886, 41.348373435387053 ], [ -81.39774749050784, 41.348566768551521 ], [ -81.398246379309242, 41.34856565738167 ], [ -81.405438600291887, 41.348658434290613 ], [ -81.406913600039601, 41.34868676744393 ], [ -81.411769710313905, 41.348750655746073 ], [ -81.414771376463179, 41.348789544272407 ], [ -81.419110820159545, 41.348845654859332 ], [ -81.429046374002695, 41.348977875880912 ], [ -81.440043594321637, 41.349088430114946 ], [ -81.450345814773897, 41.34925676219725 ], [ -81.450971370219818, 41.349256762123375 ], [ -81.461265812880725, 41.34935564977647 ], [ -81.461664701702205, 41.349367871949042 ], [ -81.461935812766427, 41.349370649694293 ], [ -81.463309701428585, 41.349438427296072 ], [ -81.464037479083402, 41.349460649427812 ], [ -81.466724700866038, 41.349611760190982 ], [ -81.467373589641369, 41.349612871225155 ], [ -81.467688589586189, 41.349612871187958 ], [ -81.468875811602132, 41.349621759934884 ], [ -81.469917478088462, 41.349632870920757 ], [ -81.478999698739884, 41.349736758716205 ], [ -81.489052474772706, 41.349822868622972 ], [ -81.496350806852462, 41.349950645513303 ], [ -81.496449695724507, 41.349953423278883 ], [ -81.496532473488003, 41.349954534379997 ], [ -81.499420806317843, 41.349969534036035 ], [ -81.508312471437634, 41.350032866307075 ], [ -81.509036360199445, 41.350032866221646 ], [ -81.510193582204721, 41.349965643876558 ], [ -81.511073582044517, 41.349937866000595 ], [ -81.511498581978728, 41.349980643719483 ], [ -81.511523581975169, 41.349984532604608 ], [ -81.512038581899333, 41.350054532529612 ], [ -81.512178581879184, 41.350075643619874 ], [ -81.517581358718743, 41.350123420750343 ], [ -81.517799692014236, 41.350125642946445 ], [ -81.51793246976915, 41.350127865152551 ], [ -81.518640802979533, 41.350134531734213 ], [ -81.520749691518773, 41.350232864798748 ], [ -81.522580802326161, 41.350318420120807 ], [ -81.526654690539303, 41.350507864046072 ], [ -81.528063579182287, 41.350514530545084 ], [ -81.528837467937052, 41.350522863785486 ], [ -81.532287467338634, 41.350557863371272 ], [ -81.533794689302226, 41.35058675207646 ], [ -81.53577246673477, 41.350596751841117 ], [ -81.536716355460044, 41.350606751727774 ], [ -81.538107466327119, 41.350607862674437 ], [ -81.543074687687607, 41.350658417633753 ], [ -81.546040798286356, 41.350699528386635 ], [ -81.54671579816906, 41.350705639416873 ], [ -81.548806353361414, 41.350724528055352 ], [ -81.550882464107772, 41.350724527810485 ], [ -81.552462463830807, 41.350726749845883 ], [ -81.555474685536282, 41.350786749478395 ], [ -81.55646968536459, 41.350801749357977 ], [ -81.558332462818512, 41.350817860246103 ], [ -81.561623573362397, 41.350870637624915 ], [ -81.562320795461915, 41.350869526431893 ], [ -81.564675795050917, 41.350882859484813 ], [ -81.56636246142331, 41.350892859283803 ], [ -81.568492461052173, 41.350907859029569 ], [ -81.5699085719191, 41.350930636635745 ], [ -81.570457460712149, 41.350933414348184 ], [ -81.570881349527468, 41.350937858741752 ], [ -81.571690793833113, 41.350954525309625 ], [ -81.573496349075768, 41.350975636203493 ], [ -81.577438570614675, 41.351021746840367 ], [ -81.577810792771459, 41.351021746796476 ], [ -81.579865792412818, 41.351033413218452 ], [ -81.580109681257966, 41.351029524301623 ], [ -81.580250792346362, 41.351039524282989 ], [ -81.580401347880368, 41.351063413149198 ], [ -81.582266347571945, 41.351156746243632 ], [ -81.585380791490081, 41.351258412522455 ], [ -81.58735079115165, 41.351296745615699 ], [ -81.587432457802208, 41.351287856718955 ], [ -81.58752079111926, 41.351284523375895 ], [ -81.58794356883169, 41.351327856650585 ], [ -81.588034679926082, 41.351324523307184 ], [ -81.588115791020101, 41.351310634411561 ], [ -81.588178568782865, 41.351291745519063 ], [ -81.588262457650799, 41.351261745515281 ], [ -81.588403568725951, 41.351207856620803 ], [ -81.588526346474595, 41.351171745502505 ], [ -81.588723568659674, 41.351159523259582 ], [ -81.589060790821151, 41.351152856554492 ], [ -81.591181346002202, 41.351144522972803 ], [ -81.592242456932709, 41.351173411730791 ], [ -81.592438568005704, 41.351155633933452 ], [ -81.592562456872855, 41.351155633918864 ], [ -81.598056344797143, 41.351162855491928 ], [ -81.598211344769922, 41.35116285547366 ], [ -81.598276344737911, 41.351063411041828 ], [ -81.598347455810227, 41.35093674439257 ], [ -81.598398566892129, 41.350839522184152 ], [ -81.598426344645532, 41.350745633311057 ], [ -81.598434677970573, 41.350712855539008 ], [ -81.598434677962629, 41.350674522213424 ], [ -81.598434677951204, 41.350619522224683 ], [ -81.59841467794206, 41.350558411128389 ], [ -81.598375789040503, 41.350464522263152 ], [ -81.598319677915129, 41.350348411182281 ], [ -81.598282455687695, 41.35029174453156 ], [ -81.598236344573053, 41.350235633437279 ], [ -81.598197455684527, 41.350204522337101 ], [ -81.598157455688082, 41.350187855678577 ], [ -81.598085789029184, 41.350164522358469 ], [ -81.598037455703079, 41.350158411254235 ], [ -81.59797245571238, 41.350147855708499 ], [ -81.597904677946261, 41.350146744605595 ], [ -81.597800789076601, 41.350151744616895 ], [ -81.597761344641555, 41.350163411285735 ], [ -81.597556344688897, 41.350217855743317 ], [ -81.597231344766939, 41.350318411316692 ], [ -81.596868567070032, 41.350400633564895 ], [ -81.596744678205425, 41.350412855799277 ], [ -81.596662455997006, 41.35040952247639 ], [ -81.596492456025246, 41.350401744720202 ], [ -81.596345789380237, 41.350381744741519 ], [ -81.596205789394304, 41.350330633657343 ], [ -81.596086344960227, 41.350279522570752 ], [ -81.595864678310122, 41.350171744841006 ], [ -81.595642456101828, 41.350050633780775 ], [ -81.595506344993453, 41.349948411595378 ], [ -81.595442456106483, 41.349903411612082 ], [ -81.595265789438542, 41.349747856109033 ], [ -81.595163567217298, 41.349665633915556 ], [ -81.595073567219629, 41.349600633939424 ], [ -81.594956345003226, 41.349529522856585 ], [ -81.594842456123189, 41.349475633992071 ], [ -81.594668567253677, 41.349421745134642 ], [ -81.5944113450673, 41.349376745174133 ], [ -81.5942346784271, 41.349354522977279 ], [ -81.59413745622075, 41.349348411878921 ], [ -81.594002456243359, 41.349343411895873 ], [ -81.593888567375558, 41.349348411908259 ], [ -81.593802456281608, 41.349357856360903 ], [ -81.593655789645396, 41.349380634151359 ], [ -81.593470789684702, 41.349413411944219 ], [ -81.593353567490212, 41.349447856395486 ], [ -81.593282456394107, 41.349459523068141 ], [ -81.593206345297077, 41.349462856409787 ], [ -81.593142456415194, 41.349442856421426 ], [ -81.59308634530862, 41.349416745322209 ], [ -81.59304134531007, 41.349385634222735 ], [ -81.592950789747562, 41.349275634255775 ], [ -81.592920789740404, 41.349215634271616 ], [ -81.592882456395046, 41.349125634294388 ], [ -81.592863567470644, 41.348938412112545 ], [ -81.592871345219535, 41.348805634360929 ], [ -81.592886345199219, 41.348720634376441 ], [ -81.59293134514796, 41.348511745524718 ], [ -81.592980789545521, 41.348327856667417 ], [ -81.593063567265986, 41.348121745588585 ], [ -81.593101345023328, 41.348055634486421 ], [ -81.5931735672158, 41.347973412272466 ], [ -81.593275789397921, 41.347866745615427 ], [ -81.593436344895352, 41.347722856736901 ], [ -81.593639678160102, 41.347564523411791 ], [ -81.593688567032743, 41.347527856746908 ], [ -81.593752455904564, 41.347499523411763 ], [ -81.593838566995359, 41.347474523406675 ], [ -81.593914678089973, 41.347459523400858 ], [ -81.593987455853906, 41.347454523393232 ], [ -81.594065789173456, 41.347454523384002 ], [ -81.594155789159913, 41.347465634482276 ], [ -81.594280789143156, 41.347490634462396 ], [ -81.594404678017256, 41.34752452332981 ], [ -81.594901344630117, 41.347685634349602 ], [ -81.595497455672913, 41.347861745354592 ], [ -81.59582856674902, 41.347973411959501 ], [ -81.595879677854683, 41.347990634172106 ], [ -81.596067455607766, 41.348030634141843 ], [ -81.596181344479163, 41.348042856348187 ], [ -81.596307455568478, 41.348044522999608 ], [ -81.596417455548078, 41.34803952298769 ], [ -81.596552455520467, 41.348020634086765 ], [ -81.596781344359243, 41.347973411847178 ], [ -81.596963566538307, 41.347919522947763 ], [ -81.597047455405345, 41.34788563405592 ], [ -81.597094677613924, 41.347859522944525 ], [ -81.597137455376668, 41.34782341183567 ], [ -81.597177455357667, 41.34776563406497 ], [ -81.597201344225098, 41.347682856301212 ], [ -81.597211344190981, 41.347526745220755 ], [ -81.597134677411944, 41.346920634242018 ], [ -81.597083566258419, 41.346672856520819 ], [ -81.597036343993992, 41.346429523242541 ], [ -81.596953566175415, 41.346162856639864 ], [ -81.596803566131143, 41.345822856726798 ], [ -81.59660856606699, 41.345348412401933 ], [ -81.596221343803094, 41.344819523666374 ], [ -81.595991343786892, 41.344546745971236 ], [ -81.595698566005396, 41.344280634948809 ], [ -81.595367454892482, 41.343991746157762 ], [ -81.594987454896582, 41.343689524041807 ], [ -81.594853566015118, 41.343611746295686 ], [ -81.594742454916315, 41.343576746315954 ], [ -81.594576343831889, 41.343564524115763 ], [ -81.594434677195096, 41.34358841301642 ], [ -81.594299677226019, 41.343623413025256 ], [ -81.594141343926722, 41.343653413037813 ], [ -81.593991343954457, 41.343659524165417 ], [ -81.593817455094779, 41.343653413075991 ], [ -81.593342455170955, 41.343617857583659 ], [ -81.593017455215772, 41.343558413189662 ], [ -81.592747455256614, 41.343526746561231 ], [ -81.592406344200086, 41.343500635495609 ], [ -81.592072455375302, 41.343526746640791 ], [ -81.591554677703712, 41.343599524464778 ], [ -81.59110245557757, 41.343679524501837 ], [ -81.590868566736717, 41.343712857855955 ], [ -81.590492455697245, 41.343739524561514 ], [ -81.590091344659427, 41.343752857939457 ], [ -81.589812455819356, 41.343751746861344 ], [ -81.589592455856888, 41.343746746888328 ], [ -81.589410789216814, 41.343720635804011 ], [ -81.589295789232054, 41.34369674693351 ], [ -81.589184678132369, 41.343657858065626 ], [ -81.589053567031158, 41.34359452476064 ], [ -81.588980789256269, 41.34354674700112 ], [ -81.588906344810582, 41.343477858135095 ], [ -81.588797455917117, 41.343363413726735 ], [ -81.588528567004317, 41.34302063605049 ], [ -81.588392455880268, 41.342842858324893 ], [ -81.588200789194389, 41.34258785839944 ], [ -81.588098566956447, 41.342425636222274 ], [ -81.588030789162559, 41.342290636257673 ], [ -81.587996344694062, 41.342145636291342 ], [ -81.587973566877963, 41.341941747446647 ], [ -81.587951344610431, 41.341704525275325 ], [ -81.588007455588226, 41.341109525389811 ], [ -81.588089677747874, 41.340877858760621 ], [ -81.58811356657219, 41.340586747705942 ], [ -81.588089677609872, 41.34021285889596 ], [ -81.588018566369442, 41.339529525710141 ], [ -81.587921344081551, 41.33913063691385 ], [ -81.587791344022662, 41.338736748120475 ], [ -81.587757455099307, 41.338541748164189 ], [ -81.587746343951267, 41.338354525981359 ], [ -81.587763566136218, 41.33818952601294 ], [ -81.587831343833614, 41.337859526072087 ], [ -81.587859677122282, 41.337668414996543 ], [ -81.587853565981604, 41.337520637249604 ], [ -81.587831343684229, 41.337139526218685 ], [ -81.587785788096269, 41.336944526263778 ], [ -81.587752454739089, 41.336801748518994 ], [ -81.587734676933351, 41.336651748551638 ], [ -81.587743565787719, 41.336492859693948 ], [ -81.58776856574697, 41.336317859726734 ], [ -81.587830787917881, 41.336122859759008 ], [ -81.587926343415162, 41.335923415343927 ], [ -81.588102454443771, 41.335674526484972 ], [ -81.588378565440607, 41.335357859850212 ], [ -81.588711343089457, 41.335018415435627 ], [ -81.588835787483902, 41.334882859893064 ], [ -81.58915745400698, 41.334463415496025 ], [ -81.589377453904234, 41.334154526644106 ], [ -81.589529676058518, 41.333955637777734 ], [ -81.58964745377672, 41.333768415579804 ], [ -81.58975134261091, 41.333592860047688 ], [ -81.589869675870688, 41.333338415641101 ], [ -81.589960786918283, 41.333109526788043 ], [ -81.590065786844264, 41.332841749052449 ], [ -81.590380786667595, 41.332256749134416 ], [ -81.590459675519753, 41.332146749147469 ], [ -81.590613564340941, 41.331950638058153 ], [ -81.590783564274233, 41.331772860296581 ], [ -81.591036341952915, 41.331509526987027 ], [ -81.591115786364952, 41.331420638106898 ], [ -81.591172453002386, 41.331327860341283 ], [ -81.591222452955066, 41.33114174926213 ], [ -81.591256341800161, 41.330959527073126 ], [ -81.591290786213904, 41.330840638204315 ], [ -81.591448563880746, 41.330439527156287 ], [ -81.59155078603051, 41.330176749419977 ], [ -81.591589674879401, 41.330016749447871 ], [ -81.59160634150507, 41.329833416149903 ], [ -81.591632452510225, 41.329344527357513 ], [ -81.591659674672087, 41.329076749631078 ], [ -81.591672452422799, 41.328956749653948 ], [ -81.591699674598914, 41.328757860802313 ], [ -81.591712452339308, 41.328588416390865 ], [ -81.59169967452668, 41.328409527539925 ], [ -81.591685785607311, 41.32825063868502 ], [ -81.591581341091512, 41.327817861007631 ], [ -81.591535785515006, 41.327678416596946 ], [ -81.591483563277123, 41.327558416627539 ], [ -81.591375785471016, 41.327330638908819 ], [ -81.591253563224186, 41.327108416746242 ], [ -81.591109674309678, 41.326862861257652 ], [ -81.59105078540729, 41.326747861287984 ], [ -81.59087356316725, 41.326511750245814 ], [ -81.590729674271486, 41.326356750294302 ], [ -81.590373563156973, 41.326038417067764 ], [ -81.590029674272387, 41.325767861607801 ], [ -81.589929674275439, 41.325697861633806 ], [ -81.589718563172426, 41.325557861687251 ], [ -81.589493563178578, 41.325396750635342 ], [ -81.589093563190772, 41.325116750739497 ], [ -81.588668563198055, 41.324791750855745 ], [ -81.588437452093103, 41.32462563980571 ], [ -81.588155785432434, 41.324415639881586 ], [ -81.588009674322691, 41.324298417700426 ], [ -81.58763467431875, 41.323961751146506 ], [ -81.587368563196108, 41.323680640123975 ], [ -81.587230785402681, 41.323488417957115 ], [ -81.58718467428227, 41.323404529090737 ], [ -81.587111340928374, 41.323243418021121 ], [ -81.587038563119961, 41.323033418072406 ], [ -81.587005785323711, 41.322916751433368 ], [ -81.586990785290396, 41.322743418137051 ], [ -81.586985785268396, 41.322632862604586 ], [ -81.58700134079433, 41.322503418184688 ], [ -81.587016340744682, 41.32227675156237 ], [ -81.587207451615939, 41.321281751742397 ], [ -81.58741856260373, 41.320865640691146 ], [ -81.587554673598063, 41.320417862988371 ], [ -81.5876257846448, 41.320167863030889 ], [ -81.587649673483909, 41.319947863072954 ], [ -81.587649673448212, 41.319775640885751 ], [ -81.587601340074059, 41.319537863162026 ], [ -81.587485784495414, 41.319328418773907 ], [ -81.587151340004908, 41.318822863360666 ], [ -81.586496339951225, 41.318008419159106 ], [ -81.586050784382891, 41.317569530412065 ], [ -81.585757451050597, 41.317325641607361 ], [ -81.585146339948153, 41.316849530665209 ], [ -81.58404745111946, 41.316208419814046 ], [ -81.583829673344056, 41.316035642097098 ], [ -81.583644673339876, 41.315858419932731 ], [ -81.583495784442846, 41.315692864428492 ], [ -81.583398562208984, 41.315554531134687 ], [ -81.583335784416363, 41.315429531167581 ], [ -81.583279673274447, 41.31523342010302 ], [ -81.583271339904485, 41.315049531252519 ], [ -81.583359673150241, 41.314701753535125 ], [ -81.583595784106365, 41.314154531396383 ], [ -81.58376356180726, 41.313925642534308 ], [ -81.583890783962829, 41.313711753674013 ], [ -81.583937450590469, 41.313562864809967 ], [ -81.583961339442993, 41.313407864838666 ], [ -81.583961339399835, 41.313199531547731 ], [ -81.583937450469591, 41.312979531595332 ], [ -81.583890783764218, 41.31275342053577 ], [ -81.583731339250335, 41.312283420650232 ], [ -81.583613561412108, 41.311891754077081 ], [ -81.583557450260372, 41.311647865244517 ], [ -81.583532450222023, 41.311441754178212 ], [ -81.583518561240169, 41.31098175427352 ], [ -81.583549672309985, 41.310808420971767 ], [ -81.583641338920316, 41.310614532111572 ], [ -81.583748561098673, 41.310493421012495 ], [ -81.583898561048841, 41.310380643239995 ], [ -81.584485783114943, 41.310124532111857 ], [ -81.584722449717859, 41.310017865439001 ], [ -81.584912449664799, 41.309922865435901 ], [ -81.585071338506097, 41.309827865436574 ], [ -81.585213560676209, 41.309696754335377 ], [ -81.585411338353907, 41.309381754376247 ], [ -81.585459671656537, 41.309274532170065 ], [ -81.585459671642838, 41.309208421072462 ], [ -81.58544356051739, 41.309125643313422 ], [ -81.58540356051104, 41.309060643331392 ], [ -81.585166338264969, 41.308744532312524 ], [ -81.585087449365261, 41.308625643457162 ], [ -81.585031338236817, 41.308494532379335 ], [ -81.584991338219297, 41.308375643519369 ], [ -81.584833560361034, 41.307853421421981 ], [ -81.584770782547039, 41.307625643698053 ], [ -81.584738560305851, 41.307506754837156 ], [ -81.584706338070873, 41.307417865970088 ], [ -81.584643560284391, 41.307322865996866 ], [ -81.584524671394192, 41.307215643810395 ], [ -81.584405782514025, 41.307156754947513 ], [ -81.584123560321459, 41.307060643889251 ], [ -81.583526338167289, 41.306882866217954 ], [ -81.583360782624894, 41.306805644030959 ], [ -81.583186338185143, 41.306680644076998 ], [ -81.582655782632713, 41.306245644228014 ], [ -81.582473560420212, 41.306138422049102 ], [ -81.582180782666953, 41.306008422110047 ], [ -81.581934671587902, 41.305954533261094 ], [ -81.581427449437669, 41.305871755559899 ], [ -81.581142449481462, 41.305841755599687 ], [ -81.580841338419489, 41.305823422305536 ], [ -81.580588560687332, 41.305829533445163 ], [ -81.580406338503352, 41.305859533460499 ], [ -81.580168560779597, 41.305918422365416 ], [ -81.579891338625956, 41.306014533489666 ], [ -81.579622449796446, 41.306073422398235 ], [ -81.579448560943177, 41.306097866858167 ], [ -81.579256338758839, 41.306117866876718 ], [ -81.579067449896442, 41.306085644683293 ], [ -81.578941338793996, 41.306020644711417 ], [ -81.578822449902631, 41.305907866970607 ], [ -81.578624672122402, 41.305728422585943 ], [ -81.578497449905413, 41.305645644840013 ], [ -81.578355783249933, 41.30557953375898 ], [ -81.577594672234397, 41.305395644997255 ], [ -81.57741245002947, 41.305324533922054 ], [ -81.577285783371352, 41.305258422839358 ], [ -81.577182450040254, 41.30518175620044 ], [ -81.577040783373832, 41.305062867352447 ], [ -81.576897450033627, 41.304907867400928 ], [ -81.576715783348192, 41.30466342302757 ], [ -81.576588561122691, 41.304539534178851 ], [ -81.576000783373502, 41.30417953432142 ], [ -81.575081339061001, 41.304036756681015 ], [ -81.574633561348378, 41.303971756747046 ], [ -81.574443561368199, 41.303906756782602 ], [ -81.574344672475576, 41.303804534592892 ], [ -81.574285783581146, 41.303727867948737 ], [ -81.574277450223406, 41.303602867975108 ], [ -81.57429356131199, 41.303507867992508 ], [ -81.574362450165253, 41.303394534674169 ], [ -81.57461745008807, 41.303237868009347 ], [ -81.574936338885394, 41.303066756895461 ], [ -81.575108561061896, 41.302991756890442 ], [ -81.575400783204373, 41.302854534661741 ], [ -81.575627449808692, 41.302745645768354 ], [ -81.575954671937978, 41.30257453465348 ], [ -81.576147449590465, 41.30213286805396 ], [ -81.576163560671588, 41.302001756967698 ], [ -81.576155782866735, 41.301864534774253 ], [ -81.576115782849101, 41.301745645914295 ], [ -81.576036338377989, 41.301549534852477 ], [ -81.576004671690953, 41.301424534881704 ], [ -81.575965782771917, 41.301245646033742 ], [ -81.575893560462461, 41.300763423918148 ], [ -81.575846338227706, 41.300662868388649 ], [ -81.575767449331664, 41.300561757307392 ], [ -81.575687449333344, 41.300501757329037 ], [ -81.57558078267661, 41.300459535127942 ], [ -81.575355782716386, 41.300460646265343 ], [ -81.575040782775346, 41.300478424076559 ], [ -81.574800782816141, 41.300471757439603 ], [ -81.574618560614923, 41.300418424138606 ], [ -81.574333560631644, 41.300257868649247 ], [ -81.573735782846782, 41.299716757718755 ], [ -81.573394671751629, 41.29950453557985 ], [ -81.573161338432087, 41.299373424522891 ], [ -81.572898560669273, 41.299222869028902 ], [ -81.572795782888392, 41.299120646839661 ], [ -81.572724671766395, 41.299007869093124 ], [ -81.572669671754042, 41.298901758010096 ], [ -81.572637449511589, 41.298776758039381 ], [ -81.57264578281756, 41.298651758063791 ], [ -81.572746338304313, 41.298404535880103 ], [ -81.573255782546383, 41.297859535930947 ], [ -81.573390782490776, 41.297705647057519 ], [ -81.573509671320537, 41.297520647081143 ], [ -81.573556337934662, 41.297306758230341 ], [ -81.573580782342773, 41.297151758258977 ], [ -81.573564671203656, 41.297002869402228 ], [ -81.573493560070617, 41.29683675833332 ], [ -81.573374671176637, 41.296711758372808 ], [ -81.573207448966429, 41.296627869520677 ], [ -81.572970782332845, 41.296586758445784 ], [ -81.572748560152064, 41.296598425136239 ], [ -81.572446337998386, 41.29667342515657 ], [ -81.571939671465103, 41.296887869617031 ], [ -81.571789671504234, 41.296949536288864 ], [ -81.571655782643845, 41.296973425188675 ], [ -81.571520782668514, 41.296978425203534 ], [ -81.571338560472313, 41.296949536342005 ], [ -81.571163560486937, 41.296871758600624 ], [ -81.570965782704505, 41.296681758662672 ], [ -81.570902449357746, 41.296562869805364 ], [ -81.570862449332665, 41.29640786984168 ], [ -81.570871338188624, 41.296256758760286 ], [ -81.570919671483793, 41.296113425450393 ], [ -81.570990782559079, 41.296000647687173 ], [ -81.571077449194405, 41.295922869914975 ], [ -81.57122856026551, 41.295857869910442 ], [ -81.571996337862927, 41.295637869864777 ], [ -81.57222633780394, 41.295547869856023 ], [ -81.572400782195487, 41.295440647635075 ], [ -81.572598559906467, 41.29528564764329 ], [ -81.572709670971179, 41.295155647656728 ], [ -81.572773559814181, 41.29498842546095 ], [ -81.572781337556094, 41.294821758827261 ], [ -81.572741337523766, 41.294631758870722 ], [ -81.572662448617933, 41.294482870021376 ], [ -81.572552448606956, 41.294336758952952 ], [ -81.572234670844935, 41.294143425696362 ], [ -81.571988559754914, 41.29403675908037 ], [ -81.571751337560741, 41.293970648010706 ], [ -81.571481337600844, 41.293935648049654 ], [ -81.570641337744703, 41.293917870374401 ], [ -81.57025356003372, 41.293911759310213 ], [ -81.570055782286857, 41.293893426003919 ], [ -81.569841337867658, 41.293833426041395 ], [ -81.56971467120735, 41.293756759405305 ], [ -81.569619671205572, 41.293667870545619 ], [ -81.569572448968273, 41.293554537240944 ], [ -81.569580782280198, 41.293458426148455 ], [ -81.569619671141382, 41.293357870608716 ], [ -81.569722448875311, 41.293232870622099 ], [ -81.569889671042262, 41.293107870627807 ], [ -81.570324670916207, 41.292867870625457 ], [ -81.570633559710004, 41.292670648406904 ], [ -81.570899670726519, 41.292439537311544 ], [ -81.571116337308197, 41.292212870665466 ], [ -81.571235781698334, 41.292051759573056 ], [ -81.571314670538797, 41.291884537375601 ], [ -81.571354670507091, 41.291765648506136 ], [ -81.571362448252685, 41.291616759646644 ], [ -81.571330781561954, 41.291473426346158 ], [ -81.571259670435012, 41.29133675971574 ], [ -81.57111633709367, 41.291176759765186 ], [ -81.570815781535316, 41.29090842652186 ], [ -81.570506337104533, 41.290711759931646 ], [ -81.57007967046593, 41.290485648916835 ], [ -81.569723559376541, 41.290288426776719 ], [ -81.569342448292886, 41.290098426860183 ], [ -81.569081337207905, 41.290002871354915 ], [ -81.568891337234021, 41.289967871384356 ], [ -81.568724670594065, 41.289955649184307 ], [ -81.568413559545064, 41.289991760324689 ], [ -81.567354670888221, 41.290214538181807 ], [ -81.567122448713988, 41.290249538201998 ], [ -81.566936337635539, 41.290249538223925 ], [ -81.566722448779785, 41.290228427142338 ], [ -81.566480782144026, 41.290172871626574 ], [ -81.566276337721021, 41.290102871664871 ], [ -81.566093559959555, 41.290026760590791 ], [ -81.56592633774946, 41.289943427294141 ], [ -81.565658559981017, 41.289761760695967 ], [ -81.565507448865631, 41.289612871855198 ], [ -81.565361337749906, 41.289466760791029 ], [ -81.565238559949933, 41.289255649737356 ], [ -81.565151337696278, 41.28902953868247 ], [ -81.565059670989854, 41.288759538748252 ], [ -81.564881337588204, 41.288278427756026 ], [ -81.564826337554734, 41.288070650027045 ], [ -81.564834670852051, 41.287903427837797 ], [ -81.564881337483527, 41.287772872303343 ], [ -81.565032448547171, 41.287671761195 ], [ -81.56523855960603, 41.287594538964221 ], [ -81.565444670679781, 41.287588427830109 ], [ -81.565618559547929, 41.287635650022239 ], [ -81.565769670652372, 41.287731761095955 ], [ -81.565999670647813, 41.287904538811468 ], [ -81.566158559531004, 41.288011760993243 ], [ -81.566340781733402, 41.28807064984867 ], [ -81.566602448367789, 41.288136760915464 ], [ -81.566847448328502, 41.288154538660741 ], [ -81.567038559404807, 41.28814842752837 ], [ -81.567283559350642, 41.288094538621586 ], [ -81.567481337077766, 41.28801787194719 ], [ -81.567608559256769, 41.287916760841746 ], [ -81.567680781445176, 41.287814538631807 ], [ -81.567751336952796, 41.28764287199175 ], [ -81.567832447997631, 41.287391760922205 ], [ -81.567886336791489, 41.286978427666639 ], [ -81.567997447736403, 41.286269538908961 ], [ -81.568013558752227, 41.285822872331281 ], [ -81.56798966981323, 41.285560650165209 ], [ -81.567931336451011, 41.285371761321535 ], [ -81.56786244754197, 41.285215650250358 ], [ -81.567735780862833, 41.285048428077104 ], [ -81.567577447524087, 41.284887872572803 ], [ -81.567379669749045, 41.284733428183095 ], [ -81.567183558650314, 41.284626761561285 ], [ -81.566858558686604, 41.284526761619901 ], [ -81.566525780955615, 41.284470650559385 ], [ -81.565868558842368, 41.284439539532002 ], [ -81.565589670003888, 41.284446761785574 ], [ -81.565438558913314, 41.284417872920372 ], [ -81.565335781137392, 41.28433953961509 ], [ -81.565272447794257, 41.284238428532007 ], [ -81.5652246699904, 41.284071761904933 ], [ -81.565209669959614, 41.283910650828368 ], [ -81.565224669865984, 41.283470650916136 ], [ -81.565209669838978, 41.283327873169185 ], [ -81.565161336478241, 41.283154539876769 ], [ -81.565121336447262, 41.282970651029977 ], [ -81.565050780869498, 41.282803428850109 ], [ -81.564884669736998, 41.282559540030483 ], [ -81.564695780838264, 41.282351762317191 ], [ -81.564487447514452, 41.282220651257276 ], [ -81.563997447520137, 41.281832873616189 ], [ -81.563759669755655, 41.281695651449816 ], [ -81.563600780876243, 41.281606762597733 ], [ -81.563323558643447, 41.281320651577531 ], [ -81.563093558643303, 41.281124540533355 ], [ -81.562903558645829, 41.280975651697162 ], [ -81.562779669764822, 41.280908429503249 ], [ -81.562617447563824, 41.280873429529414 ], [ -81.562410780920374, 41.280810651788812 ], [ -81.562232447593502, 41.280690651834142 ], [ -81.561979669798845, 41.280394540813163 ], [ -81.561876336453039, 41.280246763077557 ], [ -81.561857447541172, 41.280119540883497 ], [ -81.561866336402218, 41.279992874241557 ], [ -81.561895780815433, 41.279866763152597 ], [ -81.561904669673581, 41.279725652069104 ], [ -81.561913558506816, 41.279464541010057 ], [ -81.561988558433839, 41.279175652171197 ], [ -81.562063558387095, 41.279013429973133 ], [ -81.56214855834736, 41.278893429987555 ], [ -81.562260780535468, 41.278823429988577 ], [ -81.562373558280228, 41.278759541099355 ], [ -81.562532447133961, 41.278724541087804 ], [ -81.562748558208611, 41.278731763283155 ], [ -81.562926335968228, 41.278794541027189 ], [ -81.563067447082318, 41.278928429872181 ], [ -81.563198558199531, 41.279069540939183 ], [ -81.563395780426447, 41.279259540877305 ], [ -81.563583558215285, 41.279471763034202 ], [ -81.563798558216789, 41.279661762970221 ], [ -81.564070780407306, 41.279739540700149 ], [ -81.564305780370503, 41.279760651779256 ], [ -81.564492447016022, 41.279816762857003 ], [ -81.564699669219479, 41.279901762815314 ], [ -81.564989669190538, 41.280007873870666 ], [ -81.565271335817826, 41.280056762716391 ], [ -81.565449669118365, 41.280049540474664 ], [ -81.565608557973633, 41.28002176268383 ], [ -81.565796335700853, 41.279936762679007 ], [ -81.565909668986649, 41.279802873803945 ], [ -81.565955780060449, 41.279661762716174 ], [ -81.566040779946448, 41.279182873914714 ], [ -81.566049668801639, 41.279027873945246 ], [ -81.566030779884017, 41.278872873978976 ], [ -81.565974668760774, 41.278766762896083 ], [ -81.565918557630368, 41.278625651820334 ], [ -81.56584355760414, 41.278435651867753 ], [ -81.565740779815229, 41.278294540797411 ], [ -81.565637446481034, 41.278202874161614 ], [ -81.565449668715885, 41.278104540870444 ], [ -81.565145779864224, 41.278026763144247 ], [ -81.565653557548742, 41.278006763088555 ], [ -81.568902445840308, 41.277875651621521 ], [ -81.569820779004601, 41.277837873743266 ], [ -81.580215777153398, 41.277710650323016 ], [ -81.584309665313768, 41.27766342762839 ], [ -81.590504664211451, 41.277593426913306 ], [ -81.604544661713192, 41.277437869736652 ], [ -81.609172438666704, 41.277383424758746 ], [ -81.614703548792761, 41.277319535231861 ], [ -81.617947437104036, 41.277282868190902 ], [ -81.619014659136212, 41.277270645845547 ], [ -81.625026324732374, 41.277202867374221 ], [ -81.625670769062566, 41.27719786729935 ], [ -81.627401324311194, 41.277184533765158 ], [ -81.627538546510323, 41.277189533747958 ], [ -81.630005768301928, 41.277204533454601 ], [ -81.636007433887144, 41.277076754996713 ], [ -81.636148544973054, 41.277074532758327 ], [ -81.636536322681394, 41.277068421602877 ], [ -81.63671854487248, 41.277072866024987 ], [ -81.637860766897802, 41.277091754775604 ], [ -81.638128544629723, 41.277097865853939 ], [ -81.638559655666853, 41.27710675469033 ], [ -81.638693544532842, 41.277109532451838 ], [ -81.640380766463224, 41.277132865581919 ], [ -81.640765766395702, 41.277133421092103 ], [ -81.640991321910491, 41.277128421066514 ], [ -81.646954654195525, 41.277129531475879 ], [ -81.648474653929966, 41.277137864628699 ], [ -81.65236631990976, 41.277125641951237 ], [ -81.656112430361404, 41.277122863733339 ], [ -81.661740762751378, 41.277348418580978 ], [ -81.661802429405554, 41.277340640797512 ], [ -81.661930762714746, 41.277332863006293 ], [ -81.663281318032631, 41.277332862847466 ], [ -81.664152428986554, 41.277313418304509 ], [ -81.670485761194527, 41.277259528681746 ], [ -81.672203538666992, 41.27724452848279 ], [ -81.674195760534971, 41.277226750474398 ], [ -81.678149648720904, 41.277191750016534 ], [ -81.68462075868139, 41.277134527045057 ], [ -81.684984647505914, 41.277133415891484 ], [ -81.686855758286569, 41.277127860117041 ], [ -81.687079647134752, 41.27712174898079 ], [ -81.687512424836456, 41.277121748929908 ], [ -81.696018534439006, 41.27706785905194 ], [ -81.700752422488705, 41.277039525167922 ], [ -81.701077422436526, 41.277064525124665 ], [ -81.701242422412477, 41.277088413989304 ], [ -81.70138075572649, 41.277112858412494 ], [ -81.701600755697626, 41.277160636154633 ], [ -81.701665755689888, 41.277178413921206 ], [ -81.701821311224933, 41.277211747229359 ], [ -81.702012422314326, 41.277269524972979 ], [ -81.702142422302586, 41.277323413835518 ], [ -81.702671311091109, 41.277288413780518 ], [ -81.705150755098131, 41.277284524601001 ], [ -81.713183531467195, 41.277312856984338 ], [ -81.71800353061596, 41.277301745309053 ], [ -81.718571308238324, 41.277033411963593 ], [ -81.718693530430727, 41.276993411957456 ], [ -81.718814641514754, 41.276965634171113 ], [ -81.718939641487623, 41.276940634161491 ], [ -81.719057419241992, 41.276927856372488 ], [ -81.719170752554049, 41.27692174524924 ], [ -81.719375752518289, 41.276923411891516 ], [ -81.719897419092959, 41.276922856274822 ], [ -81.720043530177307, 41.276917856258606 ], [ -81.720235752362697, 41.276903411794478 ], [ -81.72781075101696, 41.276848410915562 ], [ -81.727979639874434, 41.276840633119498 ], [ -81.728879639713384, 41.276828410793975 ], [ -81.730730750497813, 41.276825632799287 ], [ -81.730795750484717, 41.27681785501543 ], [ -81.730847417139302, 41.276803410567908 ], [ -81.730934639337036, 41.276759521677633 ], [ -81.731175750408596, 41.276773410535441 ], [ -81.731376305932926, 41.276793410507779 ], [ -81.731703528096432, 41.276788410470367 ], [ -81.732337416870607, 41.276773410398938 ], [ -81.732905750103157, 41.276770632554893 ], [ -81.732975750100138, 41.276815632537485 ], [ -81.733057416760687, 41.276855632519776 ], [ -81.733186305636622, 41.276902854717214 ], [ -81.733265750072235, 41.276927854702805 ], [ -81.733341305621991, 41.276964521353058 ], [ -81.733467416718142, 41.276999521331142 ], [ -81.733539638929727, 41.27700952132065 ], [ -81.733731305563708, 41.277014521297083 ], [ -81.733988527743094, 41.277026743486616 ], [ -81.734087416617655, 41.277041743471855 ], [ -81.734160749943172, 41.277066743458256 ], [ -81.734193527720393, 41.27709174344924 ], [ -81.734292416611254, 41.2771856323074 ], [ -81.734335749941479, 41.277207854519993 ], [ -81.734391305489964, 41.277220632288625 ], [ -81.734447416589049, 41.277210632284131 ], [ -81.734817416503418, 41.277111743371911 ], [ -81.735144638652002, 41.277034521127 ], [ -81.735429638589451, 41.27697452110565 ], [ -81.735664638540001, 41.276935632197066 ], [ -81.735885749605032, 41.276900632178268 ], [ -81.736027416242948, 41.276882854387495 ], [ -81.736196305099128, 41.276868409926109 ], [ -81.736467416157723, 41.276845632121095 ], [ -81.736651305011719, 41.276833409879821 ], [ -81.73782352702473, 41.276820631966928 ], [ -81.740692415406755, 41.276814520520013 ], [ -81.742652415058302, 41.276799520292698 ], [ -81.742878526129545, 41.276799520266145 ], [ -81.743233526069488, 41.276811742444188 ], [ -81.743486303806861, 41.276831742410387 ], [ -81.743577414902248, 41.276833409066057 ], [ -81.74389463706818, 41.276831742362418 ], [ -81.744429636970381, 41.276814520080926 ], [ -81.744818525786059, 41.276791742261999 ], [ -81.749860747113615, 41.276763408342127 ], [ -81.752803524367749, 41.276739519112397 ], [ -81.755026301750803, 41.27672562996522 ], [ -81.757618523509024, 41.27669174077878 ], [ -81.758943523271881, 41.276674518404434 ], [ -81.762886300347958, 41.276642851281061 ], [ -81.763646300213267, 41.276639517859124 ], [ -81.768361299374078, 41.276601739535344 ], [ -81.768555743784248, 41.2766017395125 ], [ -81.771482409930016, 41.276578405840148 ], [ -81.773724631750241, 41.276546738916643 ], [ -81.775793520270284, 41.2765278497886 ], [ -81.777844631014887, 41.276504516219163 ], [ -81.781794630310543, 41.276467849096115 ], [ -81.785097407499578, 41.276438404269896 ], [ -81.787630740377978, 41.276399515091462 ], [ -81.789713517780285, 41.276360625965928 ], [ -81.793871294811538, 41.276297847712833 ], [ -81.795144627916798, 41.276281736455509 ], [ -81.795789627800218, 41.27626840304913 ], [ -81.796031294422079, 41.276257847467363 ], [ -81.796224627720377, 41.276253403001135 ], [ -81.797725738559649, 41.276219513942962 ], [ -81.799520738235913, 41.2761856248502 ], [ -81.80027351587816, 41.276172846986668 ], [ -81.801635737859527, 41.276170624604966 ], [ -81.801789626720478, 41.276166735698823 ], [ -81.803411293093461, 41.27613062440475 ], [ -81.804192404064395, 41.276119513204165 ], [ -81.805247403873565, 41.276096735307171 ], [ -81.805892403757653, 41.276086735233484 ], [ -81.806283514798508, 41.276080624077721 ], [ -81.806479625874175, 41.27607673516664 ], [ -81.806684625837306, 41.27607340180991 ], [ -81.807115736871708, 41.276070623982037 ], [ -81.807877403402387, 41.276062846116425 ], [ -81.808247403335344, 41.276054512741368 ], [ -81.809214625383973, 41.276040623741871 ], [ -81.80964740308228, 41.276025623694039 ], [ -81.810179625208249, 41.276014512522785 ], [ -81.810899625079301, 41.276005623551171 ], [ -81.811801291582213, 41.275983401227585 ], [ -81.812466291462457, 41.275971734485346 ], [ -81.813265735761988, 41.275953401061898 ], [ -81.813776291225054, 41.275941734337714 ], [ -81.815832401966134, 41.275907845214341 ], [ -81.816340735207987, 41.275899511823063 ], [ -81.816589624051758, 41.275893400683934 ], [ -81.816815735121764, 41.275887845103028 ], [ -81.817942401587771, 41.275879511639097 ], [ -81.819159623591517, 41.275861733722124 ], [ -81.821306289873206, 41.275832844587192 ], [ -81.822140734166197, 41.275812844493281 ], [ -81.822282400807083, 41.275809511144075 ], [ -81.822690734066754, 41.275801733319945 ], [ -81.824453511526883, 41.275770622008302 ], [ -81.82534240025619, 41.275757844128826 ], [ -81.825883511269467, 41.275746732956435 ], [ -81.82648240005021, 41.275735621777287 ], [ -81.827384622110529, 41.27572284389624 ], [ -81.82852573301578, 41.275701732655556 ], [ -81.829357399532697, 41.275687843671911 ], [ -81.830861288151269, 41.275664510166877 ], [ -81.832504621189472, 41.275640621089998 ], [ -81.83328850993675, 41.275625621001076 ], [ -81.834607398588076, 41.275602843073166 ], [ -81.835234620698046, 41.275595620778844 ], [ -81.835428509552202, 41.275593398534305 ], [ -81.835642398402115, 41.275587842954756 ], [ -81.835947398346619, 41.275579509587359 ], [ -81.839148508885827, 41.275548398106999 ], [ -81.839469619939422, 41.275544509181159 ], [ -81.840878508575372, 41.275524509019967 ], [ -81.840956286339022, 41.275522842344465 ], [ -81.842035730588492, 41.275501731111035 ], [ -81.84285350822006, 41.275493397683462 ], [ -81.843159619276108, 41.275488397648601 ], [ -81.844625730122928, 41.275462841926277 ], [ -81.846453507574239, 41.275445619493006 ], [ -81.847002396365156, 41.275440619429666 ], [ -81.847524618495626, 41.275442841590191 ], [ -81.849586284790576, 41.275406730244597 ], [ -81.849750729205752, 41.275405619114402 ], [ -81.853008506397032, 41.275352840965198 ], [ -81.853046284168158, 41.275352840960764 ], [ -81.853701284050629, 41.275344507552312 ], [ -81.855074617139948, 41.275337840725868 ], [ -81.85560628371168, 41.275332840664554 ], [ -81.8569235056991, 41.275322840512054 ], [ -81.857467394489788, 41.275312840450255 ], [ -81.85814628325852, 41.275311729259819 ], [ -81.859370727481647, 41.275287840232153 ], [ -81.859645727431698, 41.275281729089961 ], [ -81.860716282794627, 41.275264506745678 ], [ -81.861255727143373, 41.275262840016104 ], [ -81.862354615834704, 41.275246728779372 ], [ -81.862965726836009, 41.275237839820598 ], [ -81.863304615664276, 41.275234506448271 ], [ -81.865368504181944, 41.27520283954594 ], [ -81.86607239294446, 41.275193395020793 ], [ -81.868482392512547, 41.27516450585513 ], [ -81.869194614607579, 41.275158394661766 ], [ -81.873117391681561, 41.275107838656417 ], [ -81.874254613700174, 41.275095616303375 ], [ -81.874875724699947, 41.275087838454319 ], [ -81.875081280217955, 41.275081727320277 ], [ -81.87806239079579, 41.275051726976891 ], [ -81.878273501869316, 41.275050615841231 ], [ -81.88039350149117, 41.275034504484793 ], [ -81.882055723417494, 41.275024504291878 ], [ -81.883438500951016, 41.275025615240615 ], [ -81.88445738965946, 41.275024504010247 ], [ -81.888968499962374, 41.274973392380616 ], [ -81.8913023884365, 41.274963392108958 ], [ -81.89373127689214, 41.274945614049962 ], [ -81.897839609490504, 41.274904502465624 ], [ -81.904468497243855, 41.275084501651648 ], [ -81.907169607896478, 41.275178390204729 ], [ -81.911363496120615, 41.275553389636421 ], [ -81.912557384834557, 41.275729500571614 ], [ -81.914518495662961, 41.276041722500153 ], [ -81.920156272442071, 41.276036721840342 ], [ -81.921215716648121, 41.275789499544416 ], [ -81.922157383122098, 41.275663388348754 ], [ -81.922868494113558, 41.275693388259263 ], [ -81.924309604965941, 41.275675610316156 ], [ -81.924790715993964, 41.275685610257767 ], [ -81.925462382540559, 41.275679499069213 ], [ -81.927123493182577, 41.274829499048209 ], [ -81.927315715368735, 41.274819499027679 ], [ -81.929045715060184, 41.274807832160654 ], [ -81.936771269247714, 41.274805609033521 ], [ -81.94122737956674, 41.274790608514401 ], [ -81.941318490661715, 41.274790608503722 ], [ -81.947583489553921, 41.274797829990348 ], [ -81.951815711029283, 41.274810607269643 ], [ -81.95316459967934, 41.274810607111604 ], [ -81.956648487953672, 41.274822828923199 ], [ -81.957018487887964, 41.274821717768965 ], [ -81.95817959879443, 41.274826717631882 ], [ -81.958777376465278, 41.274821717562901 ], [ -81.959037376420511, 41.274827828642266 ], [ -81.962508486917628, 41.274831717123696 ], [ -81.963787375578093, 41.274822828086883 ], [ -81.964834597616374, 41.274830605740412 ], [ -81.965385708627579, 41.27481949456697 ], [ -81.967929597068533, 41.274832827599646 ], [ -81.96884348579465, 41.274828383049048 ], [ -81.972310707402229, 41.274826715976538 ], [ -81.972314596208648, 41.274429493835058 ], [ -81.972395707128683, 41.273570605112241 ], [ -81.972417373561413, 41.272452827560471 ], [ -81.972422373484804, 41.272084494301836 ], [ -81.972485706612915, 41.271141716709351 ], [ -81.972466262129259, 41.270934494531765 ], [ -81.97253570623397, 41.269342828182346 ], [ -81.972541261678401, 41.268807828291031 ], [ -81.972831260154209, 41.261647829720687 ], [ -81.972867370957616, 41.260182830015964 ], [ -81.972867370709125, 41.258974496929568 ], [ -81.972867370665938, 41.258764496972532 ], [ -81.973042369325498, 41.252395609365038 ], [ -81.97312347961676, 41.248476721267735 ], [ -81.97315625718764, 41.247498388130516 ], [ -81.973177367891694, 41.245535610751531 ], [ -81.973210701023362, 41.244582833164635 ], [ -81.973221256180238, 41.242651722447036 ], [ -81.973221255984242, 41.241697833753072 ], [ -81.973297366340361, 41.238088390037483 ], [ -81.973297366268469, 41.237738390109087 ], [ -81.973504586554, 41.228486725309217 ], [ -81.973628474151568, 41.222303393225253 ], [ -81.974230694079765, 41.211643395333716 ], [ -81.974268471267763, 41.20880061813255 ], [ -81.97372958214892, 41.207214507408715 ], [ -81.973787359884454, 41.207058396322715 ], [ -81.973827359764798, 41.206509507541398 ], [ -81.973819581798466, 41.205583396620518 ], [ -81.973827359385069, 41.204657841253209 ], [ -81.97387069232434, 41.202773397188814 ], [ -81.973881247678563, 41.201800619608605 ], [ -81.973942358366514, 41.199789508901446 ], [ -81.973983469470042, 41.199788397785753 ], [ -81.974073469454083, 41.199787842219834 ], [ -81.982959578966046, 41.199659507873463 ], [ -81.99923624275543, 41.199681728187905 ], [ -82.000018464845482, 41.199712839201219 ], [ -82.002683464377128, 41.199730616663828 ], [ -82.002881242126037, 41.19976061663457 ], [ -82.00306068654794, 41.199805616604387 ], [ -82.003258464293793, 41.19982061657818 ], [ -82.012863462591696, 41.199816726567178 ], [ -82.016737350796149, 41.199825615001544 ], [ -82.021866238777363, 41.199830614400994 ], [ -82.022085683182965, 41.199830614375344 ], [ -82.023387349619981, 41.19983561422216 ], [ -82.023543460702456, 41.19983061420497 ], [ -82.023833460652028, 41.199835614170013 ], [ -82.025838460288853, 41.199796725054718 ], [ -82.040224568847052, 41.199780612265684 ], [ -82.052387344477353, 41.199823388613545 ], [ -82.05304456658989, 41.199856721863277 ], [ -82.053467344292685, 41.199856721813887 ], [ -82.05375956646084, 41.199845610670877 ], [ -82.056326232679552, 41.199880610363905 ], [ -82.059874565387716, 41.199900609945232 ], [ -82.060241231989423, 41.199900609902393 ], [ -82.062632342671776, 41.199877831850031 ], [ -82.062801231537705, 41.199911720712208 ], [ -82.063751231367021, 41.199900609492367 ], [ -82.072622340876492, 41.199763386261999 ], [ -82.072703451091783, 41.195457831577976 ], [ -82.072926227224741, 41.187614499823503 ], [ -82.072884560307884, 41.186355611197008 ], [ -82.07290733789749, 41.185455611378565 ], [ -82.07310733623784, 41.177515612979832 ], [ -82.073345667618582, 41.1681733926413 ], [ -82.073410666703097, 41.163750615760847 ], [ -82.073456222252887, 41.163761726864315 ], [ -82.073457333362228, 41.163754504643457 ], [ -82.073510665776467, 41.159303394436883 ], [ -82.07376733125534, 41.153711728884318 ], [ -82.073806219642506, 41.151289507153102 ], [ -82.074043440065964, 41.142686731107744 ], [ -82.074143439410648, 41.139563398401805 ], [ -82.074194550184586, 41.137955620947025 ], [ -82.074120661271039, 41.13777062099345 ], [ -82.074197327656236, 41.136458399030744 ], [ -82.075363438562633, 41.136467843337286 ], [ -82.075671216283922, 41.136458398858792 ], [ -82.076235660630232, 41.136467843235536 ], [ -82.077644549269451, 41.136467843071195 ], [ -82.080687326509931, 41.136477842714243 ], [ -82.082698437264611, 41.136477842479657 ], [ -82.083601214881369, 41.136473397930807 ], [ -82.090052324855705, 41.136506730504813 ], [ -82.095408435024865, 41.136544507650285 ], [ -82.10123732288605, 41.136573395853425 ], [ -82.105974544275199, 41.136607839738424 ], [ -82.116425653549442, 41.136690616280688 ], [ -82.116617320180112, 41.136680616260449 ], [ -82.116681209057631, 41.136680616253003 ], [ -82.116796209037219, 41.136680616239595 ], [ -82.117129542311474, 41.136680616200728 ], [ -82.118287319883606, 41.13667950495477 ], [ -82.119584541888415, 41.136741727013096 ], [ -82.12277620798875, 41.136741726641013 ], [ -82.124887318725257, 41.136741726394895 ], [ -82.128892318020064, 41.136768392589211 ], [ -82.142566204501449, 41.136862835420473 ], [ -82.160623423548174, 41.13701172217452 ], [ -82.165648422663864, 41.137051721580839 ], [ -82.169732310836636, 41.137096721095801 ], [ -82.170007309289389, 41.12974450034735 ], [ -82.170096197206718, 41.125053390186679 ], [ -82.170117308196339, 41.124475612524755 ], [ -82.17026064044974, 41.119298391346184 ], [ -82.170348417479701, 41.115702836516839 ], [ -82.170632303851676, 41.103585616743196 ], [ -82.170701192074716, 41.10037339517087 ], [ -82.170701192041605, 41.100210617426399 ], [ -82.170795635762886, 41.096738395904303 ], [ -82.171080633419166, 41.085462842624764 ], [ -82.171119522087025, 41.084409509502599 ], [ -82.171493407959815, 41.069894512431652 ], [ -82.171510629222865, 41.065187846726801 ], [ -82.171631184423745, 41.063546735937742 ], [ -82.171954517704592, 41.063570624784141 ], [ -82.178119516627874, 41.063655624049488 ], [ -82.181499516036808, 41.063698401425405 ], [ -82.201577290304868, 41.063965621257708 ], [ -82.203945623215461, 41.063954509873426 ], [ -82.206450622784502, 41.064022842901437 ], [ -82.211937288493203, 41.06410339780259 ], [ -82.220472287000305, 41.064216730120322 ], [ -82.231620618383104, 41.064364506571827 ], [ -82.239520617000707, 41.064469505631912 ], [ -82.243997282882205, 41.064520616212278 ], [ -82.249993392947061, 41.064616726606765 ], [ -82.252696170250502, 41.064646726286597 ], [ -82.253643392304156, 41.064645615065544 ], [ -82.254227281093065, 41.064664503882753 ], [ -82.254870614312722, 41.064667837140661 ], [ -82.256320614064421, 41.064714503629197 ], [ -82.257285613892535, 41.064712836850774 ], [ -82.258244502620556, 41.064760614507293 ], [ -82.26121116877485, 41.06483450303628 ], [ -82.262396168569893, 41.064862836226148 ], [ -82.265286168071285, 41.064937835874943 ], [ -82.265366168057113, 41.06493839142113 ], [ -82.26701061221749, 41.064979502332683 ], [ -82.268494500849869, 41.065015613264023 ], [ -82.270411167185244, 41.065062835253883 ], [ -82.272967277854761, 41.065126723832634 ], [ -82.275049499720126, 41.06519283468824 ], [ -82.276095610650543, 41.065219501227979 ], [ -82.279660610030888, 41.065290611910363 ], [ -82.282437276219056, 41.065366722683301 ], [ -82.287523386449266, 41.065484499846072 ], [ -82.289951163807132, 41.065543388440858 ], [ -82.291564496860644, 41.06557949935722 ], [ -82.299498384360803, 41.06569283174575 ], [ -82.304143383526167, 41.06565338676986 ], [ -82.307833382873767, 41.065674497448164 ], [ -82.314203381748371, 41.065716718921948 ], [ -82.326803379520584, 41.065792828554514 ], [ -82.327487268288706, 41.065797828474054 ], [ -82.330868378802336, 41.06582060585464 ], [ -82.336582266666738, 41.065786716309319 ], [ -82.336428377850694, 41.066010605170192 ], [ -82.336665600935433, 41.070474493115633 ], [ -82.336855602233285, 41.077043380634755 ], [ -82.33689838030196, 41.078515602549899 ], [ -82.337211160210529, 41.08929448919092 ], [ -82.337385605840481, 41.095289487940583 ], [ -82.337604496217708, 41.102813375260268 ], [ -82.337868386910571, 41.111927817803853 ], [ -82.337988387687531, 41.115857816983606 ], [ -82.339934500813783, 41.127480592150214 ], [ -82.34049950134839, 41.130605591443299 ], [ -82.340499501358551, 41.130655591432998 ], [ -82.340568390703552, 41.132959479841141 ], [ -82.340639502160684, 41.134723368359808 ], [ -82.340631169248013, 41.136784479048927 ], [ -82.340711169455943, 41.13787670103769 ], [ -82.340748393400673, 41.146376699289092 ], [ -82.340856173088227, 41.15585447510928 ], [ -82.340974508212597, 41.16475447326907 ], [ -82.341606176657734, 41.174037804623858 ], [ -82.341573400672686, 41.182805580606036 ], [ -82.34157951284925, 41.188036690642768 ], [ -82.343466181043809, 41.197179466324656 ], [ -82.344003403580913, 41.199192799182207 ], [ -82.344129515182686, 41.20170835420673 ], [ -82.344061182849259, 41.206548353221272 ], [ -82.344068405993994, 41.211074463402603 ], [ -82.344019518802071, 41.219342795044504 ], [ -82.343999520921969, 41.229703348475887 ], [ -82.344027300371593, 41.237907791233056 ], [ -82.342801191747071, 41.248997789099533 ], [ -82.341555638105802, 41.257267787547136 ], [ -82.341668416515304, 41.260453342435632 ], [ -82.341731194646584, 41.262235564284737 ], [ -82.34209953068671, 41.275777783684177 ], [ -82.342108419641633, 41.276107783615437 ], [ -82.342123419827729, 41.277029450091121 ], [ -82.342292309857655, 41.282746671120051 ], [ -82.342285643388379, 41.283704448702025 ], [ -82.34265064482652, 41.291040558264626 ], [ -82.342673422602076, 41.291049447148971 ], [ -82.342714533869184, 41.291846669202805 ], [ -82.342673422809327, 41.292060558052512 ], [ -82.342722312121708, 41.294169446502835 ], [ -82.342910646208452, 41.298008334581709 ], [ -82.342955646529745, 41.299614445357811 ], [ -82.342952313363327, 41.300425556302848 ], [ -82.342987313897254, 41.303059444646919 ], [ -82.343161203365952, 41.306038332904009 ], [ -82.343165647828755, 41.306131666217745 ], [ -82.343169536727416, 41.306182777317865 ], [ -82.343322315117462, 41.309300554437726 ], [ -82.34351342698946, 41.313175553619921 ], [ -82.343823428403908, 41.32033777433562 ], [ -82.343827317318954, 41.320468329863893 ], [ -82.343933429022456, 41.323446662573453 ], [ -82.34408342984689, 41.32759277281589 ], [ -82.344042319629366, 41.331908327490197 ], [ -82.344361208841434, 41.333759438184089 ], [ -82.344466209394014, 41.336540548711959 ], [ -82.344651210366351, 41.341434436574517 ], [ -82.344705655094629, 41.34286276960821 ], [ -82.344719544053433, 41.343215547311985 ], [ -82.34472232185108, 41.34331443618025 ], [ -82.344724544096565, 41.343429436156406 ], [ -82.344768433640851, 41.346656657710959 ], [ -82.344631211716106, 41.34798443523205 ], [ -82.344768433987753, 41.34834443514216 ], [ -82.344671211860842, 41.348723323964606 ], [ -82.344850656322663, 41.348964435005222 ], [ -82.344812323220069, 41.350053323675063 ], [ -82.344966212138914, 41.35033276804419 ], [ -82.345028434446618, 41.350802767940429 ], [ -82.34490232347747, 41.351383323391495 ], [ -82.345149546266939, 41.354357767196362 ], [ -82.345267324522382, 41.356783322240133 ], [ -82.345288435717649, 41.357210544372265 ], [ -82.345461214339139, 41.361463321256686 ], [ -82.344695660206341, 41.367713320062855 ], [ -82.344848438571958, 41.370702763875649 ], [ -82.344983439263515, 41.374180540923575 ], [ -82.345797329883609, 41.383297761178682 ], [ -82.346712331374007, 41.391329426089314 ], [ -82.346741222403409, 41.401742757281106 ], [ -82.346754555773657, 41.40193331279594 ], [ -82.346758444684369, 41.402042757217444 ], [ -82.346761222485171, 41.402156646082638 ], [ -82.346779555851313, 41.402331646044559 ], [ -82.347031222929772, 41.404548312226652 ], [ -82.347099556376094, 41.405155534316179 ], [ -82.347184556729815, 41.406945533938718 ], [ -82.34718622355544, 41.407717756002128 ], [ -82.347288446177217, 41.409744422240692 ], [ -82.347346224244632, 41.411199421935194 ], [ -82.347326224281858, 41.411362755237334 ], [ -82.34728955766812, 41.411587755195384 ], [ -82.347270668820343, 41.411770532937858 ], [ -82.347313446663648, 41.412125532859953 ], [ -82.347280668978399, 41.412545532777543 ], [ -82.347509557977347, 41.413278310378161 ], [ -82.347911224855892, 41.414654421159661 ], [ -82.348050669371474, 41.415120532158774 ], [ -82.347266225120705, 41.415378309975303 ], [ -82.347298447359506, 41.41548664328262 ], [ -82.347448447441238, 41.416013309823576 ], [ -82.347439558772322, 41.41707164294062 ], [ -82.347606225661053, 41.418293309336946 ], [ -82.347612336784991, 41.4183605315447 ], [ -82.347681225733297, 41.418708309243016 ], [ -82.347869559239129, 41.419708309015618 ], [ -82.347824559356525, 41.420238308912111 ], [ -82.347936226235177, 41.421362753112547 ], [ -82.34791344920194, 41.424951641267143 ], [ -82.347955671693484, 41.426293307653346 ], [ -82.348018449804258, 41.427961640636752 ], [ -82.348050672140403, 41.428541640513913 ], [ -82.345878450394366, 41.428963307347843 ], [ -82.345380672764833, 41.429249418458426 ], [ -82.344468450814176, 41.429773307346402 ], [ -82.337134563356443, 41.430343308086812 ], [ -82.335773452514118, 41.430464419332189 ], [ -82.33461623051015, 41.430517752789939 ], [ -82.333578453002886, 41.43092775282711 ], [ -82.325190676591987, 41.430273309497814 ], [ -82.317722344675104, 41.43065775473675 ], [ -82.313316234260995, 41.430213310898885 ], [ -82.311976234446661, 41.429950533331784 ], [ -82.310351234702807, 41.429782755778476 ], [ -82.309372345975703, 41.42971775590636 ], [ -82.308392346153283, 41.429728311574365 ], [ -82.296209570308164, 41.42852942435664 ], [ -82.295848459254159, 41.428493313295128 ], [ -82.291890682211587, 41.42862442484244 ], [ -82.283692350543376, 41.429585536715443 ], [ -82.268567353539993, 41.430996649306977 ], [ -82.263823465690834, 41.431923316338654 ], [ -82.254628467843673, 41.434385539132016 ], [ -82.251980690945956, 41.43635331681611 ], [ -82.250013469282052, 41.437352761285844 ], [ -82.249296247218211, 41.437498316895471 ], [ -82.248570691826387, 41.437663316946647 ], [ -82.247578469841784, 41.437954428114224 ], [ -82.246537358985464, 41.438286650390154 ], [ -82.245534581450556, 41.438594428222174 ], [ -82.245174581543807, 41.438734428235655 ], [ -82.24447124839233, 41.439005539373461 ], [ -82.243589581956314, 41.439359428293059 ], [ -82.243083470970845, 41.4395294283174 ], [ -82.242399582246691, 41.439734428355422 ], [ -82.242232360068201, 41.43980165058349 ], [ -82.241776249094201, 41.440070539470582 ], [ -82.241361249199912, 41.440223317265648 ], [ -82.239437360848214, 41.441157761743675 ], [ -82.238456250005996, 41.441610539543532 ], [ -82.238010694580026, 41.441851650657341 ], [ -82.237408472535762, 41.442191650658096 ], [ -82.23707125040896, 41.442361650662754 ], [ -82.236418472821271, 41.442716650666377 ], [ -82.236083472918935, 41.442899428445919 ], [ -82.235505695297221, 41.44315442846132 ], [ -82.235052362093143, 41.443387761799833 ], [ -82.233538473620726, 41.444093317388003 ], [ -82.233004584879865, 41.444347761842785 ], [ -82.232498473914063, 41.444612761847708 ], [ -82.232140696232378, 41.444768317413249 ], [ -82.231697363035366, 41.445044428519672 ], [ -82.229398474789519, 41.446166650780945 ], [ -82.228860697164279, 41.446439428565789 ], [ -82.22804569738382, 41.446796650810171 ], [ -82.227637364162717, 41.446986650819134 ], [ -82.227489586425634, 41.44705553971113 ], [ -82.226660697799673, 41.447610539694395 ], [ -82.226557364496628, 41.447667761917032 ], [ -82.226231253481174, 41.44784831747377 ], [ -82.225841253585202, 41.448014428596458 ], [ -82.225296253720671, 41.448198317511512 ], [ -82.225198475973457, 41.448261650843222 ], [ -82.224874587198912, 41.448534428603097 ], [ -82.224729587239537, 41.448605539716546 ], [ -82.224580698380151, 41.448619428620113 ], [ -82.22443569840604, 41.448619428637095 ], [ -82.224155698476565, 41.448718317538422 ], [ -82.223865698560672, 41.448874428651536 ], [ -82.223301254286085, 41.449207761982585 ], [ -82.223195698765451, 41.449285539756808 ], [ -82.22296847662777, 41.449497761962107 ], [ -82.22278847667161, 41.449554428638223 ], [ -82.222671254480431, 41.449603317530865 ], [ -82.22258625450975, 41.449671650860111 ], [ -82.222511254543718, 41.449770539737514 ], [ -82.222356254631393, 41.450060539696217 ], [ -82.222235699125875, 41.450198317459808 ], [ -82.221856254798354, 41.450435539677919 ], [ -82.221449588232318, 41.450570539697857 ], [ -82.221289588268931, 41.450609428597531 ], [ -82.221077366102946, 41.450697761937555 ], [ -82.220616255109363, 41.450867761956729 ], [ -82.220481255148101, 41.450938317513611 ], [ -82.219985699762447, 41.451331650824372 ], [ -82.219713477649734, 41.45162553968489 ], [ -82.219557366589811, 41.451738317457831 ], [ -82.219146255585244, 41.451897761917699 ], [ -82.218271255806769, 41.452212761955657 ], [ -82.217782367046937, 41.452414428638228 ], [ -82.217488478239787, 41.452555539754876 ], [ -82.217357367170493, 41.452644428640887 ], [ -82.217183478360269, 41.452874428614109 ], [ -82.216925700692357, 41.453182761914348 ], [ -82.216698478579659, 41.453515539650517 ], [ -82.216726256424352, 41.453862761798327 ], [ -82.216755700902922, 41.454053317311391 ], [ -82.216741256480191, 41.454145539516304 ], [ -82.216680700958875, 41.454258317278139 ], [ -82.216606256539535, 41.45431553949728 ], [ -82.216014590045276, 41.454637761722779 ], [ -82.21552570131108, 41.454963317268884 ], [ -82.215362368017153, 41.455012761722323 ], [ -82.215136256946465, 41.455012761748819 ], [ -82.214923479195079, 41.45495665067412 ], [ -82.214562368109469, 41.454768317421681 ], [ -82.214477368121848, 41.454754428545606 ], [ -82.213697368291164, 41.454899428607263 ], [ -82.213471257232328, 41.454956650844288 ], [ -82.213389590580817, 41.454959428631021 ], [ -82.213326257254423, 41.454938317531685 ], [ -82.213265701708949, 41.454934428650631 ], [ -82.21309570174526, 41.454963317553606 ], [ -82.213046257315511, 41.454991650886868 ], [ -82.212989590671413, 41.455051650881195 ], [ -82.212663479649891, 41.455203317555011 ], [ -82.212327368640771, 41.455405539775086 ], [ -82.21172847992203, 41.455710539782828 ], [ -82.211469591112959, 41.455872762002137 ], [ -82.211036257904155, 41.456100539783904 ], [ -82.210910702384709, 41.456166650896222 ], [ -82.210665702448949, 41.456265539793556 ], [ -82.210491258059292, 41.456379428679455 ], [ -82.210339591445305, 41.45650276200535 ], [ -82.209857369376536, 41.456828317550595 ], [ -82.209673480539649, 41.456920539775524 ], [ -82.209361258393699, 41.457019428680653 ], [ -82.208674591911517, 41.457317762033277 ], [ -82.208483480868253, 41.45748053980013 ], [ -82.208355703174831, 41.457777761976274 ], [ -82.208235703240035, 41.457989428613708 ], [ -82.208093481065234, 41.458095539719722 ], [ -82.20751237008875, 41.458244428646161 ], [ -82.207158481296915, 41.45840776198748 ], [ -82.206867370270018, 41.458563317545256 ], [ -82.206584592564781, 41.458669428667726 ], [ -82.206400703711594, 41.458683317575321 ], [ -82.206152370422572, 41.458683317604425 ], [ -82.205861259372512, 41.458726650963023 ], [ -82.205408481713647, 41.458910539867205 ], [ -82.20467848189088, 41.459136651017559 ], [ -82.204253481996133, 41.459278317704992 ], [ -82.204033482061789, 41.459405539926856 ], [ -82.203821259914179, 41.459582762137721 ], [ -82.203410704493621, 41.459880539902514 ], [ -82.203156260126249, 41.460033317678715 ], [ -82.202815704667287, 41.460205539905573 ], [ -82.202198482624226, 41.460538317687472 ], [ -82.201695704974426, 41.460722762153011 ], [ -82.201121260703005, 41.461062762150604 ], [ -82.200703483043668, 41.461274428822946 ], [ -82.200618483063451, 41.461296651050453 ], [ -82.200448483108374, 41.461366651056046 ], [ -82.20034237203383, 41.461451651051057 ], [ -82.200243483186185, 41.461565539928209 ], [ -82.200087372129289, 41.46169276214259 ], [ -82.199960705495698, 41.461743317702648 ], [ -82.199910705508827, 41.461763317704474 ], [ -82.199759594431157, 41.46179442882692 ], [ -82.199258483430896, 41.461897762197722 ], [ -82.199031261266896, 41.461982762206944 ], [ -82.198493483635005, 41.462223317776314 ], [ -82.198271261485488, 41.462382762214069 ], [ -82.198039594899129, 41.462570539980511 ], [ -82.197692372772607, 41.462733317765583 ], [ -82.196927372957603, 41.462966651140775 ], [ -82.196095706516402, 41.463337762273262 ], [ -82.195301262284275, 41.463677762296641 ], [ -82.193338485040385, 41.464562762345324 ], [ -82.193183485082614, 41.464632762349176 ], [ -82.192481263087089, 41.465121651220109 ], [ -82.191631263334216, 41.465581651225477 ], [ -82.190851263551167, 41.465956651239992 ], [ -82.190653485845388, 41.466133317893679 ], [ -82.190419597051132, 41.466388317868869 ], [ -82.190319597086955, 41.466475540084851 ], [ -82.190107374940411, 41.466657762294588 ], [ -82.18986737505665, 41.467011651139138 ], [ -82.189683486290022, 41.467443317738777 ], [ -82.189555708563049, 41.467578317726144 ], [ -82.189477375265696, 41.467684428824683 ], [ -82.189420708643013, 41.467847762131193 ], [ -82.189342375404252, 41.468236650949549 ], [ -82.189116264427383, 41.468689428661001 ], [ -82.189031264539395, 41.469156650797345 ], [ -82.188981264622413, 41.469514428507665 ], [ -82.188939597977935, 41.469585539609113 ], [ -82.188889597995669, 41.469627761828562 ], [ -82.188878486901103, 41.469698317370927 ], [ -82.188921264702785, 41.469850539556916 ], [ -82.18897848694489, 41.46999553952049 ], [ -82.188985709177629, 41.470052761730159 ], [ -82.188966264737701, 41.470057761731397 ], [ -82.188234598010609, 41.469135539783998 ], [ -82.187926264657492, 41.468774428783121 ], [ -82.187901264660539, 41.468767762120727 ], [ -82.187883486888154, 41.468778317676183 ], [ -82.187883486892531, 41.468799428782944 ], [ -82.187947375791964, 41.468905539864799 ], [ -82.188666264768301, 41.46994665067826 ], [ -82.188790709222857, 41.470102761742737 ], [ -82.188775709233141, 41.470139428403655 ], [ -82.188719598135933, 41.470158317295216 ], [ -82.188584598174245, 41.470226650630423 ], [ -82.187295709702596, 41.471129428374169 ], [ -82.187243487495607, 41.471157761707843 ], [ -82.186109598621385, 41.470251650915422 ], [ -82.185908487576867, 41.470399428686548 ], [ -82.185896265358537, 41.470407762019583 ], [ -82.185889598698893, 41.470435539792447 ], [ -82.186428487584152, 41.47088276185977 ], [ -82.186980709798277, 41.471319428372226 ], [ -82.186980709804502, 41.471349428366068 ], [ -82.186661265464025, 41.471575539468255 ], [ -82.18660570991841, 41.47157553947477 ], [ -82.186395709918315, 41.471394428425434 ], [ -82.185471265473936, 41.47059831758596 ], [ -82.185365709940299, 41.470612762039778 ], [ -82.185209598876241, 41.470705539816869 ], [ -82.185166265563623, 41.47076831758681 ], [ -82.185176265563953, 41.470778317583623 ], [ -82.18525848778998, 41.470867762000118 ], [ -82.186051265554738, 41.471487761780018 ], [ -82.187057376648909, 41.472272761501067 ], [ -82.187441265537586, 41.472602761388423 ], [ -82.187455709995547, 41.472680539148605 ], [ -82.187398487798333, 41.472751650251801 ], [ -82.187271265613305, 41.472821650252385 ], [ -82.187188487846967, 41.472805539154272 ], [ -82.185634599029143, 41.471809428429573 ], [ -82.184458487978532, 41.471087762048818 ], [ -82.184372376877363, 41.471061650953125 ], [ -82.18426626578777, 41.471074428740707 ], [ -82.184165710246049, 41.471054428756538 ], [ -82.184118488037768, 41.471080539867877 ], [ -82.183912376997114, 41.471243317636421 ], [ -82.183898488119468, 41.471285539851642 ], [ -82.183948488129715, 41.471377762049087 ], [ -82.185577377056305, 41.472963317088713 ], [ -82.186236265970052, 41.473650539092702 ], [ -82.18623626598017, 41.473699427971624 ], [ -82.186236265983283, 41.473714427968474 ], [ -82.18608737715455, 41.473876650174908 ], [ -82.186006266058769, 41.47388053907256 ], [ -82.185550710510498, 41.473523316976916 ], [ -82.185301266070823, 41.473331650378846 ], [ -82.183643488310139, 41.471985539738064 ], [ -82.183579599424093, 41.471944428642921 ], [ -82.183423488340921, 41.471944428661232 ], [ -82.18328959948461, 41.471986650890429 ], [ -82.182947377375129, 41.472235539768427 ], [ -82.182870710733837, 41.472291650877054 ], [ -82.182737377455979, 41.472444428639157 ], [ -82.182544599758714, 41.472666650838356 ], [ -82.182071266640278, 41.473295539653904 ], [ -82.182026266648236, 41.473295539659183 ], [ -82.177812378160027, 41.471598318279 ], [ -82.177677378181954, 41.471587762741457 ], [ -82.17733237827369, 41.471733318307599 ], [ -82.176417378474227, 41.471912762822576 ], [ -82.175847378604089, 41.472047762861727 ], [ -82.175487378710386, 41.472250540640232 ], [ -82.175142378806825, 41.472418318424019 ], [ -82.174843489966761, 41.472396651796828 ], [ -82.174378490135808, 41.472811651766349 ], [ -82.174333490192808, 41.473047762834341 ], [ -82.174123490274681, 41.473261651703943 ], [ -82.173358490584675, 41.474098318288888 ], [ -82.1727734906123, 41.473727762877857 ], [ -82.172158490645145, 41.473356651914962 ], [ -82.17163349071113, 41.473222763115018 ], [ -82.17106349079873, 41.473154429862575 ], [ -82.170689601981394, 41.473177763234951 ], [ -82.170344602061476, 41.473266652146165 ], [ -82.167089602804523, 41.474047763478907 ], [ -82.166435714061734, 41.474189430193242 ], [ -82.166105714135583, 41.474261652439388 ], [ -82.165213492113153, 41.474456652504045 ], [ -82.164747381105954, 41.474556652538233 ], [ -82.163811270224954, 41.474860541474641 ], [ -82.163308492584022, 41.47508776370924 ], [ -82.162706270506035, 41.475264430410398 ], [ -82.161969603997221, 41.475391652692906 ], [ -82.161346270816338, 41.475590541614181 ], [ -82.161282381951921, 41.475653319386524 ], [ -82.161282381965279, 41.475717763817769 ], [ -82.161232381983112, 41.475760541592635 ], [ -82.161093493126472, 41.475796652712695 ], [ -82.160417382172596, 41.475972763867034 ], [ -82.15987627119344, 41.476143319451097 ], [ -82.159362382429961, 41.47630554170037 ], [ -82.159078493600461, 41.476347763947174 ], [ -82.158759604766971, 41.476340541763875 ], [ -82.158235715994977, 41.476453319580003 ], [ -82.156032383174093, 41.477027764165207 ], [ -82.155174605600806, 41.47727554199281 ], [ -82.154997383425183, 41.477347764221044 ], [ -82.154898494562346, 41.47738831977987 ], [ -82.154742383502565, 41.477501653108256 ], [ -82.154664605756352, 41.477586653099991 ], [ -82.154622383560636, 41.477678319752854 ], [ -82.154551272468183, 41.477706653088667 ], [ -82.154232383636185, 41.477706653126077 ], [ -82.154069605891905, 41.477728319807419 ], [ -82.153920717044372, 41.477799430921451 ], [ -82.153679605996757, 41.477898319818358 ], [ -82.153552383801653, 41.477919430940048 ], [ -82.153317383832643, 41.477866653200635 ], [ -82.15316960607602, 41.477841653223166 ], [ -82.152935717225986, 41.477827764364577 ], [ -82.152603495068874, 41.477855542175625 ], [ -82.151936272998952, 41.478015542221108 ], [ -82.151511273103395, 41.478153320020468 ], [ -82.151412384246669, 41.478223320017726 ], [ -82.151186273193488, 41.478308320026862 ], [ -82.15081738437658, 41.478337764508588 ], [ -82.150576273318578, 41.478386653415697 ], [ -82.150144606759895, 41.478535542324792 ], [ -82.14993849570314, 41.478620542331491 ], [ -82.149889606839139, 41.478698320099092 ], [ -82.149818495756932, 41.478776653424724 ], [ -82.149698495788513, 41.478825542317637 ], [ -82.149421273618728, 41.478839431236196 ], [ -82.14908127368831, 41.478882764600577 ], [ -82.148812384857607, 41.47893165351104 ], [ -82.148521273823548, 41.479052764631383 ], [ -82.148224607256594, 41.479278320175531 ], [ -82.148113496176563, 41.47933276462193 ], [ -82.147976273992768, 41.47939943129105 ], [ -82.147508496336627, 41.479583320197158 ], [ -82.146970718691506, 41.47976054244608 ], [ -82.146275718866903, 41.480008320254633 ], [ -82.145921274498917, 41.480071653616562 ], [ -82.14563127457717, 41.480199431402184 ], [ -82.145454607961199, 41.480291653626246 ], [ -82.144873496984417, 41.480439431441972 ], [ -82.144214608258764, 41.480659431474201 ], [ -82.143725719493858, 41.480836653717482 ], [ -82.143413497365515, 41.481020542605279 ], [ -82.143257386307113, 41.481140542598986 ], [ -82.142988497494272, 41.481275542602951 ], [ -82.142641275366444, 41.481431653722836 ], [ -82.142265719889465, 41.481487764866465 ], [ -82.141486275629759, 41.481707764912841 ], [ -82.140600720279025, 41.481933320526117 ], [ -82.139538498316924, 41.482273320581072 ], [ -82.137660721024048, 41.482995542875734 ], [ -82.136384610215586, 41.483356654062575 ], [ -82.135719610381244, 41.483583320760864 ], [ -82.134960721685161, 41.483859431904477 ], [ -82.133140722133305, 41.484454431996113 ], [ -82.132148500132118, 41.484666654291367 ], [ -82.131035722620595, 41.484992765466259 ], [ -82.130691278253991, 41.485071654379354 ], [ -82.129975722860053, 41.485235543318723 ], [ -82.129802389565995, 41.4852755433308 ], [ -82.12897350089267, 41.485601654472461 ], [ -82.128237389964312, 41.485849432285853 ], [ -82.127110723585218, 41.486266654554832 ], [ -82.12660739037409, 41.486422765693064 ], [ -82.125686279502233, 41.486783321282871 ], [ -82.125014613004325, 41.487019432424439 ], [ -82.124580724200541, 41.487056654690036 ], [ -82.12406739097824, 41.487150543619897 ], [ -82.123456280014395, 41.487334432542781 ], [ -82.123113502312037, 41.487403321457812 ], [ -82.122787391264993, 41.487431654823652 ], [ -82.122194613620152, 41.487562765977515 ], [ -82.12199239144708, 41.487625543766121 ], [ -82.121897391474135, 41.487674432656178 ], [ -82.121809613721055, 41.487718321546389 ], [ -82.121552391580977, 41.487892765985237 ], [ -82.12135850274538, 41.487982765989656 ], [ -82.12127239165514, 41.488009432660945 ], [ -82.121073502814866, 41.488072766004649 ], [ -82.120498502934083, 41.488152766055727 ], [ -82.120296280764279, 41.48823165495223 ], [ -82.120102391934452, 41.488349432728626 ], [ -82.119918503097821, 41.488443321619819 ], [ -82.119325725509867, 41.488848321606461 ], [ -82.119141281117322, 41.488939432720549 ], [ -82.118822392298725, 41.489004432744721 ], [ -82.118566281258708, 41.489126654971955 ], [ -82.118382392409146, 41.489157766098273 ], [ -82.118233503561044, 41.48922665499056 ], [ -82.117747392602865, 41.489545543871195 ], [ -82.117567392646578, 41.489601654991965 ], [ -82.117383503794699, 41.489621655009429 ], [ -82.117230726044141, 41.489621655027364 ], [ -82.116897392758077, 41.489562766189678 ], [ -82.116776281667313, 41.48955665509407 ], [ -82.116467392844172, 41.489608321786335 ], [ -82.116110726243264, 41.489618321826192 ], [ -82.115628504119954, 41.48968054409228 ], [ -82.115492393034174, 41.489685544107196 ], [ -82.115444615265332, 41.489687766334583 ], [ -82.115204615316841, 41.489729433020969 ], [ -82.114896282043418, 41.489753321941109 ], [ -82.114708504305014, 41.489781655290727 ], [ -82.114535726573862, 41.489857766406502 ], [ -82.114313504403498, 41.489916655309415 ], [ -82.114098504450482, 41.489958321992766 ], [ -82.113870726713188, 41.489957766464116 ], [ -82.113800726727362, 41.489965544248463 ], [ -82.113741282300523, 41.489999433137427 ], [ -82.113630726792721, 41.490134433122741 ], [ -82.113536282377353, 41.49019332201064 ], [ -82.113062393589203, 41.490271655383559 ], [ -82.112991282492217, 41.490278322057229 ], [ -82.112894615844652, 41.490287766511067 ], [ -82.112762393651053, 41.490311655410615 ], [ -82.112610727027231, 41.490387766523931 ], [ -82.112086282708646, 41.490543322109197 ], [ -82.111892393873219, 41.490634433224393 ], [ -82.110841282982548, 41.490793322204148 ], [ -82.110414616411617, 41.490887766679343 ], [ -82.110147394239718, 41.490900544485868 ], [ -82.109901283181813, 41.490945544505635 ], [ -82.109412394421241, 41.491143322300225 ], [ -82.109169616699091, 41.491202766761049 ], [ -82.109002394509588, 41.491216655666712 ], [ -82.10868350570064, 41.491327766792566 ], [ -82.108486283520648, 41.491361655697617 ], [ -82.107993505863888, 41.491521655722714 ], [ -82.107501283758921, 41.491663322418155 ], [ -82.106899617223377, 41.491778322465265 ], [ -82.106339617342641, 41.49187165584523 ], [ -82.105539617518843, 41.492032767017292 ], [ -82.104070728965581, 41.492387767117052 ], [ -82.10363739574278, 41.492547767135171 ], [ -82.103456284674053, 41.492596656035353 ], [ -82.103408506907485, 41.492609433816021 ], [ -82.102905729263995, 41.492824433831053 ], [ -82.102634618217067, 41.49290054495841 ], [ -82.10240961826797, 41.492952767196407 ], [ -82.102204618308221, 41.492970544994591 ], [ -82.102128507213592, 41.492984433889553 ], [ -82.102051285013104, 41.493022767224176 ], [ -82.101968507262299, 41.493081656110625 ], [ -82.101736285092272, 41.49313332279398 ], [ -82.101486285155559, 41.493223322804901 ], [ -82.101375729623214, 41.493240545036684 ], [ -82.101195729671147, 41.493316656153333 ], [ -82.100959618605827, 41.493334433955148 ], [ -82.100109618822259, 41.493646656213237 ], [ -82.099870729989661, 41.493712767338828 ], [ -82.099668507803543, 41.493712767362567 ], [ -82.099516285605389, 41.493698322939004 ], [ -82.099401285627465, 41.49370554517332 ], [ -82.099276285656188, 41.493736656292654 ], [ -82.099058507933862, 41.493816656301888 ], [ -82.098885730206163, 41.493909434080898 ], [ -82.098735730238829, 41.49393776742609 ], [ -82.098364619193802, 41.493937767469681 ], [ -82.098191285897201, 41.4939655452621 ], [ -82.097823508202225, 41.494048323066124 ], [ -82.097401286067154, 41.494105545326242 ], [ -82.097112397238064, 41.494145545351927 ], [ -82.096814619528459, 41.49421832314983 ], [ -82.096599619581298, 41.494287767605279 ], [ -82.096283508559495, 41.494446656498745 ], [ -82.096040730842432, 41.494530545398987 ], [ -82.095853508660085, 41.494561656525711 ], [ -82.095700730900759, 41.494519434330059 ], [ -82.095617397580838, 41.494512767674522 ], [ -82.095138508806258, 41.494651656591245 ], [ -82.094930731086251, 41.494751656595177 ], [ -82.094864619988357, 41.494758323268265 ], [ -82.094802397774103, 41.494743323278648 ], [ -82.094710731123399, 41.494741656623034 ], [ -82.094602397818051, 41.494783323293973 ], [ -82.094531286733059, 41.494847767733482 ], [ -82.09449739785363, 41.494864434400768 ], [ -82.094455731195453, 41.494869434404606 ], [ -82.094280731225041, 41.494861656648943 ], [ -82.094224620127363, 41.494878323318837 ], [ -82.094152397917981, 41.49487832332732 ], [ -82.094082397923273, 41.494843323342671 ], [ -82.094041286820385, 41.494847767791036 ], [ -82.094006286830023, 41.494864434458435 ], [ -82.093832398001013, 41.495003323339255 ], [ -82.093725731359882, 41.495034434456521 ], [ -82.093513509179004, 41.495051656700234 ], [ -82.093413509201866, 41.49507554559591 ], [ -82.093132398163974, 41.49518665671733 ], [ -82.092813509346456, 41.495256656740459 ], [ -82.092764620466241, 41.495256656746207 ], [ -82.092660731581361, 41.495186656772731 ], [ -82.092591287147812, 41.495179434560171 ], [ -82.092494620499892, 41.495186656792235 ], [ -82.092341287216286, 41.495294434565906 ], [ -82.092247398354147, 41.495342767900354 ], [ -82.092070731729734, 41.495394434577207 ], [ -82.091692398478358, 41.495464434607321 ], [ -82.091210731920668, 41.495575545752295 ], [ -82.090735732009549, 41.49559554580388 ], [ -82.090482398729364, 41.495634434714667 ], [ -82.090239620999029, 41.495654434739052 ], [ -82.089580732255072, 41.495786657011507 ], [ -82.089337398979467, 41.4958555459149 ], [ -82.089184621234651, 41.495883323705009 ], [ -82.089080732370789, 41.495914434821856 ], [ -82.088949621285323, 41.495925545946129 ], [ -82.088834621312287, 41.495956657064376 ], [ -82.088744621338265, 41.49600443484298 ], [ -82.088213510348297, 41.496131657101586 ], [ -82.087911288192686, 41.496192768235673 ], [ -82.08764462158841, 41.496264434918977 ], [ -82.08701462172877, 41.496399434965312 ], [ -82.086822399556866, 41.496476657194286 ], [ -82.086639621830329, 41.496566657197313 ], [ -82.086458510755904, 41.496587768325341 ], [ -82.086260733013376, 41.496587768348583 ], [ -82.086129621929885, 41.496608323915339 ], [ -82.085976288639728, 41.496684435028861 ], [ -82.085799622028247, 41.496798323915186 ], [ -82.085560733202911, 41.496899435033676 ], [ -82.084752400060424, 41.497124435082519 ], [ -82.0844857334463, 41.497148323997862 ], [ -82.084016289115866, 41.497294435134215 ], [ -82.083482400348771, 41.497422768503924 ], [ -82.083031289338251, 41.497519435203898 ], [ -82.082548511674275, 41.497653324122062 ], [ -82.081994622916199, 41.497807768599927 ], [ -82.081835734069486, 41.497874435271626 ], [ -82.081782400750527, 41.497897768606421 ], [ -82.081647400791823, 41.497980546383118 ], [ -82.081560734157748, 41.498063324154131 ], [ -82.08148462308192, 41.498167768586072 ], [ -82.081404623112149, 41.498244435246484 ], [ -82.080988512113336, 41.498427768591114 ], [ -82.080385734493419, 41.498670546390024 ], [ -82.080253512296238, 41.49867776862628 ], [ -82.07994129012242, 41.498642768670145 ], [ -82.079642401274498, 41.498583324272971 ], [ -82.079483512410462, 41.498566657628416 ], [ -82.079372401322573, 41.498583324304683 ], [ -82.079223512469582, 41.498628324312953 ], [ -82.079001290284893, 41.498618324341173 ], [ -82.078754623655868, 41.498587768820812 ], [ -82.078616290339923, 41.498552768844263 ], [ -82.078539623686879, 41.498552768853266 ], [ -82.078487401481837, 41.49859054662938 ], [ -82.078407401521446, 41.498712768836057 ], [ -82.078328512658686, 41.498770546611247 ], [ -82.078116290490271, 41.498847768842587 ], [ -82.077873512778012, 41.49895443551587 ], [ -82.077669623937624, 41.49901332441673 ], [ -82.07750962396922, 41.49902776887707 ], [ -82.077391290664224, 41.499062768883761 ], [ -82.07716962405631, 41.499155546668618 ], [ -82.076860735239123, 41.499235546688496 ], [ -82.076614624177623, 41.49926332448949 ], [ -82.076413513118922, 41.49934276894129 ], [ -82.076264624260787, 41.499363324510142 ], [ -82.076167402055262, 41.499360546744391 ], [ -82.076125735390349, 41.499332768977133 ], [ -82.076073513162939, 41.499263324553056 ], [ -82.076011290946028, 41.499235546788292 ], [ -82.075931290960924, 41.499238324574861 ], [ -82.075851290996155, 41.499339435674671 ], [ -82.075750735478053, 41.499433324556122 ], [ -82.075657402174286, 41.499495546776636 ], [ -82.075470735557531, 41.499575546782154 ], [ -82.075116291195513, 41.499668324582615 ], [ -82.074987402331104, 41.499675546818487 ], [ -82.074755735720061, 41.499744435720416 ], [ -82.074623513526575, 41.499769435730933 ], [ -82.074391291346402, 41.499772769090875 ], [ -82.074179624726881, 41.499817769106535 ], [ -82.073707402590927, 41.499828324715395 ], [ -82.07341629154412, 41.499887769181804 ], [ -82.073336291566193, 41.499925546961279 ], [ -82.07297629164637, 41.500002769209964 ], [ -82.072506291745597, 41.500076658138937 ], [ -82.07234629178474, 41.500128324813836 ], [ -82.072289625128207, 41.500128324820501 ], [ -82.072233514030628, 41.500145547045797 ], [ -82.071851291910818, 41.500310547056891 ], [ -82.071765736375283, 41.500333324840085 ], [ -82.071543514193706, 41.50033832486514 ], [ -82.071423514230574, 41.500412769308475 ], [ -82.071372403132074, 41.500429435977779 ], [ -82.071224625383195, 41.500441658214797 ], [ -82.071025736524874, 41.500418324909631 ], [ -82.070962403204007, 41.500424436026911 ], [ -82.070745736595001, 41.500515547144815 ], [ -82.070193514511217, 41.500708324948064 ], [ -82.070116292315461, 41.500769436055734 ], [ -82.070013514565062, 41.500813324947693 ], [ -82.069820736827793, 41.500842769408706 ], [ -82.069663514644844, 41.500896658305059 ], [ -82.069536292446287, 41.500901658318966 ], [ -82.069458514688421, 41.500930547211063 ], [ -82.0691507369623, 41.500915547250393 ], [ -82.06874962594199, 41.50100832505624 ], [ -82.067855737247626, 41.501177769571022 ], [ -82.067594626189276, 41.50120776959556 ], [ -82.067285737355448, 41.501207769631861 ], [ -82.067153515164833, 41.501246658528338 ], [ -82.06710351517971, 41.501275547417272 ], [ -82.067049626302122, 41.501283325199715 ], [ -82.066858515221838, 41.501268325225247 ], [ -82.066826293007765, 41.501279436337903 ], [ -82.0667612930297, 41.501329436335276 ], [ -82.066633515310031, 41.501499436315505 ], [ -82.066527404232033, 41.501567769647288 ], [ -82.06630351539566, 41.501628325216792 ], [ -82.066217404312013, 41.501686658548252 ], [ -82.06614851544947, 41.501754436320262 ], [ -82.066074626582093, 41.501794436320765 ], [ -82.065999626596962, 41.50180165855032 ], [ -82.065833515525867, 41.501851658559637 ], [ -82.065653515575093, 41.501934436341635 ], [ -82.065408515618827, 41.501934436370426 ], [ -82.065120737910433, 41.502021658608527 ], [ -82.065040737927532, 41.502035547503979 ], [ -82.064958515720804, 41.502039436401773 ], [ -82.064835737955732, 41.501995547536332 ], [ -82.06454351578796, 41.502006658679527 ], [ -82.06439573803577, 41.502003325364143 ], [ -82.064251293619179, 41.502013325379096 ], [ -82.064087404769239, 41.502060547610917 ], [ -82.063576293755204, 41.502089436553931 ], [ -82.063500738215481, 41.502100547671681 ], [ -82.063360738250779, 41.502150547677857 ], [ -82.063241293843987, 41.502229436564669 ], [ -82.062913516205541, 41.502618325412499 ], [ -82.062807405126875, 41.50268332541161 ], [ -82.062486294078056, 41.502708325444281 ], [ -82.062367405217401, 41.502741658784664 ], [ -82.062208516375534, 41.502831658784963 ], [ -82.06213629417887, 41.502892769892064 ], [ -82.062090738632776, 41.502899436562736 ], [ -82.061971294208277, 41.502892769911455 ], [ -82.061801294242244, 41.502910547705532 ], [ -82.061718516484405, 41.502935547710166 ], [ -82.06135629436929, 41.503140547710743 ], [ -82.061286294390158, 41.503180547710734 ], [ -82.061169627766631, 41.503288325480185 ], [ -82.061014627813023, 41.503378325479964 ], [ -82.060949627826062, 41.503385547708334 ], [ -82.060884627834781, 41.503371658830012 ], [ -82.060827405623314, 41.503374436613903 ], [ -82.060762405641867, 41.503407769948062 ], [ -82.060463516859215, 41.503662769930941 ], [ -82.060427405754581, 41.503662769935183 ], [ -82.06032629465706, 41.503641658840316 ], [ -82.060211294679632, 41.503651658851808 ], [ -82.060041294701875, 41.503612769990831 ], [ -82.059958516937343, 41.503605547779848 ], [ -82.059112405994853, 41.503691658972699 ], [ -82.058928517145532, 41.50372443676541 ], [ -82.058766294952207, 41.503724436784495 ], [ -82.058564628326664, 41.503749436803098 ], [ -82.058449628353841, 41.50378165903215 ], [ -82.058193517307828, 41.503875547931962 ], [ -82.058135739541953, 41.503882770159464 ], [ -82.058056295106468, 41.503857770173994 ], [ -82.058016295112623, 41.503853325735129 ], [ -82.057952406237405, 41.503864436851437 ], [ -82.057757406293192, 41.503965547964768 ], [ -82.057710739637784, 41.503979436856305 ], [ -82.057591295215403, 41.50398332575849 ], [ -82.057408517478365, 41.504022770216309 ], [ -82.057310739726319, 41.504062770219647 ], [ -82.057235739755299, 41.504137770213084 ], [ -82.056973517631505, 41.504386659081831 ], [ -82.056927406533831, 41.504411659082159 ], [ -82.056627406611227, 41.504526659093798 ], [ -82.056121295626184, 41.504699436895692 ], [ -82.055923517906237, 41.504807770230173 ], [ -82.055835740146904, 41.504821659126513 ], [ -82.055696295731835, 41.504843325805162 ], [ -82.055156295833214, 41.504868325863541 ], [ -82.054786295923307, 41.504984436994292 ], [ -82.054610740417687, 41.50507443699648 ], [ -82.054433518227739, 41.50507777034997 ], [ -82.053756296176758, 41.505320548157663 ], [ -82.053714629527022, 41.505366659264219 ], [ -82.05371074065863, 41.505461659245285 ], [ -82.053746296223451, 41.505536659225733 ], [ -82.054032407376923, 41.50598554798912 ], [ -82.054086296284893, 41.506123325732304 ], [ -82.054088518514007, 41.506158325724932 ], [ -82.054093518528674, 41.506233325708983 ], [ -82.054068518539012, 41.506261659039481 ], [ -82.05396574078037, 41.50626554793962 ], [ -82.053831296357544, 41.506254436846561 ], [ -82.053668518596311, 41.506194436877976 ], [ -82.053554629716032, 41.506138325791724 ], [ -82.053473518598011, 41.506035548044537 ], [ -82.05343074082117, 41.50600332583393 ], [ -82.053310740838782, 41.505985548073944 ], [ -82.052559629878729, 41.506068325923074 ], [ -82.052160741063247, 41.506079437078732 ], [ -82.051885741116138, 41.506098325996042 ], [ -82.050840741328813, 41.506225548315108 ], [ -82.049464630518329, 41.506492770644378 ], [ -82.049272408335966, 41.506519437328151 ], [ -82.049006297271234, 41.506514437360501 ], [ -82.048629630659889, 41.506458326305136 ], [ -82.048440741806957, 41.506469437436202 ], [ -82.047283519821036, 41.506614437542545 ], [ -82.046945742115938, 41.50667443756997 ], [ -82.046720742162051, 41.506703326479375 ], [ -82.04642574222251, 41.506741659839527 ], [ -82.044570742646286, 41.507190548854595 ], [ -82.044257409382737, 41.507257771099859 ], [ -82.044112409423562, 41.507329437768966 ], [ -82.043963520581698, 41.507428326655045 ], [ -82.043840742839834, 41.507495548877998 ], [ -82.043641298445849, 41.50756777110891 ], [ -82.04344129848964, 41.507606660013273 ], [ -82.043324631858596, 41.50767832667897 ], [ -82.043069631906363, 41.50768943781781 ], [ -82.042997409699282, 41.507700548935169 ], [ -82.042897409722855, 41.507728326719004 ], [ -82.042747409779651, 41.507872771151483 ], [ -82.042681298706952, 41.508000548910886 ], [ -82.042662409837419, 41.508077771119616 ], [ -82.04262352096228, 41.508110548895196 ], [ -82.042506298768046, 41.508144437790889 ], [ -82.042214632154071, 41.508148326713332 ], [ -82.04214629883316, 41.508149437832245 ], [ -82.041874632224236, 41.508194437854975 ], [ -82.041757410025184, 41.508205548977614 ], [ -82.04150241006937, 41.508199437897666 ], [ -82.041336298995873, 41.508238326798157 ], [ -82.041236299021961, 41.508277771246263 ], [ -82.041158521261224, 41.508293326807809 ], [ -82.041058521280306, 41.508299437929395 ], [ -82.040928521318548, 41.50837166015215 ], [ -82.040795743585178, 41.508471660147293 ], [ -82.040667410281557, 41.508504437933425 ], [ -82.040606299181334, 41.508504437940616 ], [ -82.040595743617274, 41.508454437952118 ], [ -82.040545743615723, 41.508404437968188 ], [ -82.040534632506564, 41.508404437969482 ], [ -82.040501299185038, 41.508432771300974 ], [ -82.040279632615466, 41.508709437937043 ], [ -82.040173521542812, 41.508803326819148 ], [ -82.040022410473114, 41.508873326822695 ], [ -82.039735743862579, 41.508897771295814 ], [ -82.039579632785319, 41.50892666019714 ], [ -82.039546299456418, 41.508919437980325 ], [ -82.039145743955203, 41.508837771377394 ], [ -82.039003521758346, 41.508837771394106 ], [ -82.038958521767753, 41.508844438064806 ], [ -82.038702410714919, 41.508905549193514 ], [ -82.038256299725944, 41.509110549204003 ], [ -82.038111299761354, 41.509156660322631 ], [ -82.037960744253169, 41.509255549208987 ], [ -82.037786299854545, 41.509326660326074 ], [ -82.037517411027451, 41.509393327010713 ], [ -82.037273522187192, 41.509418327034297 ], [ -82.037117411103921, 41.50941832705265 ], [ -82.037000744461878, 41.509436660395963 ], [ -82.036770744518748, 41.509513327073932 ], [ -82.036169633536204, 41.509616660456807 ], [ -82.03609852243855, 41.509620549353237 ], [ -82.035989633574872, 41.509648327138201 ], [ -82.03586130026504, 41.509651660485858 ], [ -82.035631300297197, 41.509609438299371 ], [ -82.035588522530873, 41.509627771633909 ], [ -82.035535744770556, 41.509666660521148 ], [ -82.035461300345119, 41.509694438301892 ], [ -82.035181300410471, 41.509768327208661 ], [ -82.034049634018274, 41.510119438380876 ], [ -82.033557411907324, 41.510232771748946 ], [ -82.033395745273751, 41.510253327319305 ], [ -82.033247411965434, 41.510246660671456 ], [ -82.033218523085409, 41.51026443844902 ], [ -82.033101300913401, 41.51040554954497 ], [ -82.03306630092429, 41.510427771766757 ], [ -82.03302741204439, 41.510437771769304 ], [ -82.032928523173922, 41.510441660668995 ], [ -82.03278352319532, 41.51042054957928 ], [ -82.032641300997668, 41.510416660707932 ], [ -82.032481301031339, 41.510441660721582 ], [ -82.031800745644858, 41.510671660754554 ], [ -82.031676301227776, 41.510696660764097 ], [ -82.031484634599579, 41.510717771893397 ], [ -82.031410745729076, 41.510742771896986 ], [ -82.031219634676262, 41.510859438562221 ], [ -82.031052412499918, 41.510936660788289 ], [ -82.030900745869118, 41.510979438575134 ], [ -82.030576301515495, 41.511138327469666 ], [ -82.030448523766367, 41.511166660812243 ], [ -82.030274634908437, 41.511166660832693 ], [ -82.030154634933524, 41.511184438620994 ], [ -82.029764635028144, 41.511305549753168 ], [ -82.028988524114098, 41.51158832756429 ], [ -82.028898524141226, 41.511641660897254 ], [ -82.028657413127533, 41.511903327538796 ], [ -82.028512413174042, 41.512002771979887 ], [ -82.027488524521942, 41.512264438713387 ], [ -82.026179635926439, 41.512554438807975 ], [ -82.025359636095331, 41.512664438881934 ], [ -82.025239636131516, 41.51273554999262 ], [ -82.02515463616642, 41.51283054998315 ], [ -82.024987413982089, 41.512869438883754 ], [ -82.024920747343572, 41.512947772208889 ], [ -82.024863525139608, 41.512986661096477 ], [ -82.024805747375026, 41.513000549989414 ], [ -82.024677414063092, 41.512993327783782 ], [ -82.024578525196915, 41.51301832779022 ], [ -82.024514636326728, 41.513053327790544 ], [ -82.024436303012536, 41.513078327794666 ], [ -82.024256303047622, 41.513092772257373 ], [ -82.024070747519218, 41.513064438951616 ], [ -82.023942414209372, 41.513067772299365 ], [ -82.023801303132913, 41.513113327862229 ], [ -82.023655747604735, 41.513120550100084 ], [ -82.023503525406042, 41.513103327899273 ], [ -82.02345352541559, 41.513106661237806 ], [ -82.02333352544737, 41.513156661241666 ], [ -82.023209636584312, 41.513174439030422 ], [ -82.022922414442618, 41.513315550146459 ], [ -82.022833525571798, 41.513326661265694 ], [ -82.022738525587243, 41.513319439056055 ], [ -82.022536303388492, 41.513259439092216 ], [ -82.022492414501443, 41.513230550214416 ], [ -82.022396303405387, 41.513220550227736 ], [ -82.022364636747895, 41.513237772450168 ], [ -82.022311303455098, 41.513386661314826 ], [ -82.022240747914921, 41.513400550209163 ], [ -82.022173525704702, 41.513400550217064 ], [ -82.021896303525196, 41.513368328034048 ], [ -82.02180852577257, 41.51341443914604 ], [ -82.021737414679293, 41.513439439149316 ], [ -82.021620748034934, 41.513446661383753 ], [ -82.021500748051935, 41.513425550291011 ], [ -82.021422414731717, 41.513421661412245 ], [ -82.021361303640404, 41.513464439188446 ], [ -82.02128574812059, 41.513571661397513 ], [ -82.021220748143662, 41.513626661394014 ], [ -82.021161303710571, 41.513630550288973 ], [ -82.021123525936616, 41.513616661407461 ], [ -82.021068525923553, 41.513506661436402 ], [ -82.021026303701532, 41.513471661448584 ], [ -82.020927414828748, 41.513464439239485 ], [ -82.020109637211846, 41.513537772653919 ], [ -82.02000741501125, 41.513554439329248 ], [ -82.019708526191394, 41.513630550459837 ], [ -82.019389637369216, 41.513678328265378 ], [ -82.018911304135528, 41.513747772751842 ], [ -82.01830741538852, 41.513912772789169 ], [ -82.01758963776274, 41.514029439516349 ], [ -82.017541304440925, 41.514043328408079 ], [ -82.017476304459692, 41.514077772853121 ], [ -82.017438526695926, 41.514112772850467 ], [ -82.017340748941535, 41.514141661744929 ], [ -82.016836304628313, 41.514340550652385 ], [ -82.016550749136542, 41.514402772895451 ], [ -82.016354638069046, 41.51444443957665 ], [ -82.015802415977362, 41.51459943960991 ], [ -82.014878527299572, 41.514823328561711 ], [ -82.014763527330317, 41.514872773009479 ], [ -82.014508527407955, 41.51502777300778 ], [ -82.01434630521814, 41.515044439690179 ], [ -82.014287416344146, 41.515065550803854 ], [ -82.014211305248011, 41.51507277303353 ], [ -82.014149638590283, 41.515062773042892 ], [ -82.013918527540184, 41.515158328606084 ], [ -82.013539638741648, 41.515268328628089 ], [ -82.012672416756274, 41.515664439760151 ], [ -82.012613527880774, 41.515678328653117 ], [ -82.012551305669618, 41.515678328660442 ], [ -82.012207416830464, 41.515623328712131 ], [ -82.012143527949519, 41.51560666205642 ], [ -82.011995750178556, 41.515513328759575 ], [ -82.011936305734778, 41.51546555099852 ], [ -82.011895750183598, 41.51545166211725 ], [ -82.011746305769179, 41.515468328798036 ], [ -82.011515750232476, 41.515361662180382 ], [ -82.011446305796838, 41.515344439969844 ], [ -82.011021305858876, 41.515279440033083 ], [ -82.010773528108544, 41.515199440078632 ], [ -82.010511305928006, 41.515175551225454 ], [ -82.01017352819143, 41.515084440172828 ], [ -82.009940750451605, 41.515067773536892 ], [ -82.009676306064719, 41.515118329113221 ], [ -82.009459639438603, 41.51512777358122 ], [ -82.009351306120976, 41.515110551375258 ], [ -82.009256306131363, 41.515079440281674 ], [ -82.008999639502363, 41.515040551430921 ], [ -82.007748528573501, 41.514846662728907 ], [ -82.007185750885782, 41.514797773916165 ], [ -82.007139639781741, 41.514792773922643 ], [ -82.007008528696147, 41.514803329491464 ], [ -82.006656306559606, 41.514913329510421 ], [ -82.006472417710697, 41.514948329524842 ], [ -82.005593528973876, 41.514927774076874 ], [ -82.004615751346535, 41.514814440881786 ], [ -82.004240751395628, 41.51472944094327 ], [ -82.003999640308365, 41.514637774323774 ], [ -82.003574640357186, 41.51450944106665 ], [ -82.003227418177715, 41.514417774459538 ], [ -82.00202241833901, 41.514162774653499 ], [ -82.001514640642213, 41.51411777472245 ], [ -82.000099640867589, 41.513990552692675 ], [ -81.999822418700333, 41.514017774941976 ], [ -81.999544640967855, 41.513997774978691 ], [ -81.999007418812837, 41.513861663958629 ], [ -81.998712418859682, 41.513834441776744 ], [ -81.998629641099527, 41.513848330672516 ], [ -81.998476307807948, 41.513917775120767 ], [ -81.998348530062287, 41.513962775126593 ], [ -81.998015752349488, 41.51399055293782 ], [ -81.997800752394767, 41.51402444184513 ], [ -81.997487419134671, 41.514108330753722 ], [ -81.997318530277397, 41.514115552994305 ], [ -81.99700575253479, 41.514017775273338 ], [ -81.996901308104839, 41.513997775289667 ], [ -81.996679641483198, 41.514024441977014 ], [ -81.996558530401671, 41.514063330872226 ], [ -81.996359641574415, 41.514189441980875 ], [ -81.996280752730257, 41.514336664182267 ], [ -81.996204641650152, 41.514420553062976 ], [ -81.996162419441106, 41.51444777528453 ], [ -81.995999641694738, 41.51445944196805 ], [ -81.995330752927629, 41.514472775377293 ], [ -81.994962419652524, 41.514437775427822 ], [ -81.994699641909833, 41.514381664359078 ], [ -81.994654641907786, 41.514333331040916 ], [ -81.994612419678717, 41.514264442171083 ], [ -81.994595752967967, 41.514038331108225 ], [ -81.994570752965316, 41.514004442229236 ], [ -81.994529641859188, 41.513993331125207 ], [ -81.994484641868695, 41.514000553351231 ], [ -81.994442419658441, 41.514021664462966 ], [ -81.994387419669607, 41.514028331134739 ], [ -81.994289641908395, 41.51402444225819 ], [ -81.994161308591458, 41.513993331168543 ], [ -81.993616308669701, 41.513903331251079 ], [ -81.993519642015173, 41.513879442378425 ], [ -81.993464642017727, 41.513844442392106 ], [ -81.993436308675655, 41.513778331297786 ], [ -81.993462419771959, 41.51372944241588 ], [ -81.993755753017055, 41.513556664638941 ], [ -81.99378075300406, 41.513515553533274 ], [ -81.993780752991796, 41.513456664656438 ], [ -81.993759641874291, 41.513407775779996 ], [ -81.993710752984001, 41.513359442462288 ], [ -81.993596308548263, 41.513303331376108 ], [ -81.993277419697364, 41.513213331432034 ], [ -81.993245753030735, 41.513186664774572 ], [ -81.993231308551188, 41.513005553702236 ], [ -81.993218530767123, 41.51296444260111 ], [ -81.993183530766004, 41.512929442612332 ], [ -81.993013530776096, 41.512832775985437 ], [ -81.992701308581417, 41.512697776049805 ], [ -81.99247575306596, 41.512697776076344 ], [ -81.992080753144691, 41.512738331670057 ], [ -81.991397419965395, 41.512894442829577 ], [ -81.99126853109594, 41.512877776181533 ], [ -81.99110575333988, 41.512842776207869 ], [ -81.990734642266005, 41.512704442946408 ], [ -81.990620753375737, 41.512600554092195 ], [ -81.990550753365042, 41.512489443012008 ], [ -81.99050575337165, 41.512482776352073 ], [ -81.990398531186571, 41.512569443013582 ], [ -81.990332420095712, 41.512610554124102 ], [ -81.990158531238663, 41.512614443032611 ], [ -81.990051309028843, 41.512582776385081 ], [ -81.989929642369432, 41.512513331969096 ], [ -81.989895753488014, 41.512520554193905 ], [ -81.989877420163708, 41.512548331968141 ], [ -81.989829642446438, 41.51279777636713 ], [ -81.989798531352434, 41.512853331915039 ], [ -81.989759642475533, 41.512877776359041 ], [ -81.989718531371707, 41.512877776363887 ], [ -81.989687420262555, 41.512860554148837 ], [ -81.989655753591379, 41.512811665273624 ], [ -81.989593531344838, 41.512641665315776 ], [ -81.989558531344528, 41.512610554215151 ], [ -81.989492420248908, 41.512628331997036 ], [ -81.989402420273493, 41.512669443110347 ], [ -81.989076309245064, 41.512787776457863 ], [ -81.988906309276672, 41.512794443143186 ], [ -81.988830753732174, 41.512783332043206 ], [ -81.988552420374148, 41.512426665482216 ], [ -81.988500753705793, 41.512374443276784 ], [ -81.988448531487336, 41.512347776621738 ], [ -81.988400753716505, 41.512340554406556 ], [ -81.988202420430639, 41.512399443306712 ], [ -81.988091309342252, 41.512413332205909 ], [ -81.988015753799289, 41.512409443326661 ], [ -81.987428531649016, 41.512253332316618 ], [ -81.987064642791864, 41.512094443503052 ], [ -81.986978531683775, 41.512035554636356 ], [ -81.986929642794252, 41.511990554651312 ], [ -81.986905753899421, 41.511941665775176 ], [ -81.986905753834392, 41.51162944361684 ], [ -81.98689130937872, 41.511563332521 ], [ -81.98673853159427, 41.511400554794442 ], [ -81.986482420464583, 41.511092777109774 ], [ -81.98635742045218, 41.510926666047375 ], [ -81.986235753794034, 41.510863332741309 ], [ -81.98609075381772, 41.510853332760391 ], [ -81.986039642717387, 41.510861666098016 ], [ -81.985937420516763, 41.51087777721785 ], [ -81.985843531653231, 41.510919443887111 ], [ -81.985683531691279, 41.510965555007509 ], [ -81.985573531715062, 41.510985555016433 ], [ -81.985451309507283, 41.51095055503793 ], [ -81.985150753964007, 41.510752777335945 ], [ -81.984928531732876, 41.510520555187412 ], [ -81.984858531736606, 41.510478332982039 ], [ -81.984785753970627, 41.510472777436256 ], [ -81.984411309602194, 41.510517777471101 ], [ -81.984314642949613, 41.510503333040937 ], [ -81.984126309636167, 41.510437777520956 ], [ -81.983908531889853, 41.510402777553772 ], [ -81.9837207541418, 41.510385555357061 ], [ -81.983342420872916, 41.510371666515617 ], [ -81.983277420886608, 41.510381666521262 ], [ -81.983089643140147, 41.510371666545353 ], [ -81.982696309832775, 41.510160555523655 ], [ -81.98255242094784, 41.510056666672973 ], [ -81.982330754280852, 41.509865555627037 ], [ -81.982271309832583, 41.509796666759293 ], [ -81.982090754293864, 41.509723333462084 ], [ -81.981074643295727, 41.509397778092755 ], [ -81.980796310002489, 41.509352778134712 ], [ -81.98048464337306, 41.509265555966984 ], [ -81.979967421200385, 41.509061667180639 ], [ -81.979558532345251, 41.508874445044803 ], [ -81.979232421250956, 41.50867666734591 ], [ -81.978979643493446, 41.5085583340665 ], [ -81.978851310178001, 41.508534445197583 ], [ -81.978632421324576, 41.508517778560119 ], [ -81.978431310254763, 41.508544445244979 ], [ -81.978101310314912, 41.508551667504527 ], [ -81.977831310352897, 41.50850333421284 ], [ -81.977612421495095, 41.508465556468515 ], [ -81.977227421555497, 41.508426667632968 ], [ -81.976991310476308, 41.50837833433728 ], [ -81.976703532728749, 41.508277778836117 ], [ -81.976329643861675, 41.50806333447953 ], [ -81.976152421642041, 41.507924445639972 ], [ -81.976093532742581, 41.507823334556448 ], [ -81.976058532727919, 41.507723334580916 ], [ -81.976017421609029, 41.507650556822959 ], [ -81.975954643825716, 41.507570556846666 ], [ -81.975878532716692, 41.507515556866842 ], [ -81.975763532729829, 41.507480556887579 ], [ -81.975664643856447, 41.507470556901218 ], [ -81.975632421639133, 41.507466668016967 ], [ -81.97529242170333, 41.507484445831075 ], [ -81.975039643976118, 41.507511668077491 ], [ -81.974823532903486, 41.507511668102921 ], [ -81.974574644055295, 41.507494445913508 ], [ -81.973828533026293, 41.507251668273156 ], [ -81.973596310813647, 41.5070994461094 ], [ -81.973433533037422, 41.506967779488754 ], [ -81.97324242191344, 41.506742779557307 ], [ -81.973172421922285, 41.50672555734684 ], [ -81.973089644159785, 41.50672833513385 ], [ -81.972739644236484, 41.506797779605229 ], [ -81.972579644262851, 41.506787779626087 ], [ -81.97248964427007, 41.506745557423137 ], [ -81.972305755388049, 41.506621668581197 ], [ -81.972135755388479, 41.506478335297139 ], [ -81.971976310952215, 41.506381668669079 ], [ -81.971768533195586, 41.506305557597905 ], [ -81.971289644376654, 41.506232779891462 ], [ -81.970862422199303, 41.506083335527848 ], [ -81.969950755620502, 41.505726669041373 ], [ -81.96958242230572, 41.505501669130766 ], [ -81.969523533409955, 41.505418335821339 ], [ -81.969455755567154, 41.505047780349535 ], [ -81.969411311117611, 41.504985558145357 ], [ -81.96934242223864, 41.504974447044596 ], [ -81.9692657555902, 41.504996669271257 ], [ -81.969121311184196, 41.505057780386863 ], [ -81.968855755687372, 41.505113335962285 ], [ -81.968564644630064, 41.505122780439031 ], [ -81.968345755768112, 41.50506555825433 ], [ -81.968049644669279, 41.504871669439879 ], [ -81.967871311349342, 41.504783336145664 ], [ -81.967765755798638, 41.504716669505036 ], [ -81.967723533575565, 41.504676669518169 ], [ -81.967686311338483, 41.504573336210406 ], [ -81.967659644651789, 41.504454447348913 ], [ -81.967633533526325, 41.504363336259523 ], [ -81.967585755745517, 41.504307780720971 ], [ -81.967490755743398, 41.504216669639675 ], [ -81.967347422415003, 41.504117780787865 ], [ -81.967214644634268, 41.503990558607242 ], [ -81.967135755743598, 41.503914447520991 ], [ -81.966992422404473, 41.503764447568564 ], [ -81.966860755738807, 41.503656669828288 ], [ -81.966722422418613, 41.503601669855769 ], [ -81.966632422431189, 41.503585558758559 ], [ -81.966526311321729, 41.503502781010177 ], [ -81.966436311318546, 41.5034105588175 ], [ -81.966277422439816, 41.503323336631794 ], [ -81.966065755803271, 41.503287781108412 ], [ -81.96589075582871, 41.503260558912309 ], [ -81.965780755837429, 41.503208336713747 ], [ -81.965663533617274, 41.503117781190475 ], [ -81.965624644715191, 41.503021670103642 ], [ -81.965505755829284, 41.502934447913205 ], [ -81.965335755830637, 41.502795559072695 ], [ -81.965219644723732, 41.502716670213644 ], [ -81.965049644736581, 41.502633336917292 ], [ -81.964888533643347, 41.502581670280236 ], [ -81.964845755871437, 41.502573336953667 ], [ -81.964803533655896, 41.502569448070489 ], [ -81.964705755896375, 41.502573336970137 ], [ -81.964615755912405, 41.502573336980717 ], [ -81.964530755923334, 41.502553336994772 ], [ -81.964398533723696, 41.502549448122259 ], [ -81.963968533768124, 41.50239555931541 ], [ -81.9633574227243, 41.502196670539078 ], [ -81.963264644944005, 41.502105559457526 ], [ -81.963124644938205, 41.501958337281856 ], [ -81.962758533827127, 41.501645559611191 ], [ -81.962779644898831, 41.501474448532548 ], [ -81.962689644906519, 41.501434448551301 ], [ -81.962462422694202, 41.501288337496881 ], [ -81.962133533827398, 41.501113337571368 ], [ -81.96167242275493, 41.500905559890285 ], [ -81.961489644993279, 41.500826671038993 ], [ -81.960620756250705, 41.500787782260367 ], [ -81.960217422916131, 41.500437782379393 ], [ -81.959581311823953, 41.49998556032449 ], [ -81.958637422978711, 41.499389449446397 ], [ -81.958574645202418, 41.499342782796617 ], [ -81.958468534042282, 41.499016671764693 ], [ -81.958256311833054, 41.498897782925127 ], [ -81.958065756212207, 41.498421671933734 ], [ -81.958075756137589, 41.498071672004123 ], [ -81.95804464502055, 41.498016672019013 ], [ -81.95802242278252, 41.497921672041116 ], [ -81.958022422760905, 41.497817783173488 ], [ -81.957874644992799, 41.497738338762659 ], [ -81.957641311694388, 41.497706672129887 ], [ -81.957439645052133, 41.497651672164842 ], [ -81.957238533950246, 41.497524449992341 ], [ -81.956962422860073, 41.497389450052445 ], [ -81.956729645107032, 41.497309450096147 ], [ -81.956612422894167, 41.49725445012119 ], [ -81.95640075623875, 41.497127783505313 ], [ -81.956178534026648, 41.49698667244926 ], [ -81.954399645274464, 41.496124450612648 ], [ -81.953242423152986, 41.495620561963008 ], [ -81.953101312075688, 41.495662784193136 ], [ -81.952913534326896, 41.495641673108466 ], [ -81.95285631208543, 41.495500562032909 ], [ -81.952772423171893, 41.495310562081642 ], [ -81.951737423281173, 41.494951673387888 ], [ -81.951474645508725, 41.494753340126046 ], [ -81.95111631221873, 41.494655562410507 ], [ -81.950883534474457, 41.494617784667824 ], [ -81.950292423422169, 41.494395562560506 ], [ -81.950183534573398, 41.494495562552963 ], [ -81.949988534594226, 41.49442945147829 ], [ -81.949661312415003, 41.494356673753899 ], [ -81.949562423547476, 41.494374451539642 ], [ -81.949557423511294, 41.494196673798839 ], [ -81.949524645729781, 41.494150562701023 ], [ -81.949477423507858, 41.494111673825621 ], [ -81.94939631240301, 41.494072784954213 ], [ -81.949235756864113, 41.494015562762549 ], [ -81.949154645766882, 41.494012784994929 ], [ -81.949093534667199, 41.494015562779275 ], [ -81.948984645802824, 41.494040562787013 ], [ -81.948713534752642, 41.494101673917527 ], [ -81.948678534758571, 41.49410056281075 ], [ -81.948014645910007, 41.493727785187382 ], [ -81.947948534778178, 41.493571674115934 ], [ -81.947899645893401, 41.493549451904038 ], [ -81.947544645925632, 41.493401674198182 ], [ -81.94749464593167, 41.493387785318021 ], [ -81.946642423810459, 41.493145563245641 ], [ -81.946422423841454, 41.493106674390575 ], [ -81.946215757191766, 41.493011674434364 ], [ -81.946036312770076, 41.492968341130968 ], [ -81.945876312797097, 41.492961674484476 ], [ -81.945707423939666, 41.492968341169671 ], [ -81.945509646210425, 41.493032785624216 ], [ -81.945368535109552, 41.492961674544226 ], [ -81.94498353515462, 41.492849452390296 ], [ -81.944691312979984, 41.492828341317917 ], [ -81.944530757445605, 41.492793341343919 ], [ -81.944431313011236, 41.492756674696516 ], [ -81.944249646334498, 41.492553341426095 ], [ -81.944161313002951, 41.492486674783443 ], [ -81.944014646349885, 41.49242667481299 ], [ -81.943042424258309, 41.492224452746484 ], [ -81.94292242427818, 41.492217786095274 ], [ -81.942453535469483, 41.492202786153541 ], [ -81.942233535478948, 41.492060563986314 ], [ -81.942113535492538, 41.492023341785767 ], [ -81.941866313304502, 41.491976675157773 ], [ -81.941612424456579, 41.491956675191695 ], [ -81.941395757821269, 41.491922786335266 ], [ -81.941136313418568, 41.491901675259022 ], [ -81.940924646774093, 41.491827786410184 ], [ -81.940715757908592, 41.491761675337102 ], [ -81.940435757946673, 41.491705564270497 ], [ -81.940172424642952, 41.491623342096013 ], [ -81.939765758030276, 41.491535564384058 ], [ -81.939424646963701, 41.491458342217761 ], [ -81.939222424763841, 41.491393342254796 ], [ -81.939022424789385, 41.491345564510382 ], [ -81.938831313705521, 41.491313342317227 ], [ -81.938606313748068, 41.491325564563461 ], [ -81.938427424891444, 41.491327786806295 ], [ -81.938254647125746, 41.491238342400436 ], [ -81.938076313816666, 41.491202786873139 ], [ -81.937904647176353, 41.491182786897362 ], [ -81.937695758321496, 41.491168342480506 ], [ -81.937478536137917, 41.491168342506057 ], [ -81.937315758399052, 41.491216675848669 ], [ -81.937152425113084, 41.491304453627698 ], [ -81.937025758487209, 41.491392786957917 ], [ -81.9369307584914, 41.491331675870491 ], [ -81.93683464737741, 41.49123556479028 ], [ -81.936568536300996, 41.491175564833874 ], [ -81.936341314113491, 41.491148342643932 ], [ -81.936015758612939, 41.491134453796285 ], [ -81.935735758672649, 41.491182787152603 ], [ -81.935517425390671, 41.491243342721518 ], [ -81.935408536524761, 41.491260564953038 ], [ -81.935300758761201, 41.491236676081684 ], [ -81.935322425405559, 41.491148342763843 ], [ -81.935291314274636, 41.491026676125749 ], [ -81.935218536492698, 41.49094445392894 ], [ -81.935083536508373, 41.490904453952979 ], [ -81.934920758753989, 41.490877787310943 ], [ -81.934657425467407, 41.490877787341944 ], [ -81.934449647729195, 41.49089056514147 ], [ -81.934264647770519, 41.490931676266044 ], [ -81.934073536703153, 41.490978342945617 ], [ -81.933956314510283, 41.491019454062148 ], [ -81.933738536782414, 41.491073342965663 ], [ -81.933612425686604, 41.491039454098519 ], [ -81.933530759010495, 41.490924454131608 ], [ -81.933458536795527, 41.490897787478907 ], [ -81.933268536816627, 41.490836676402644 ], [ -81.933059647957734, 41.490802787545228 ], [ -81.932942425751918, 41.490781676452265 ], [ -81.932706314682747, 41.490781676480054 ], [ -81.932498536937757, 41.490761676508619 ], [ -81.93233575917769, 41.490707787649889 ], [ -81.932172425871855, 41.490700565448392 ], [ -81.932018537010251, 41.490700565466497 ], [ -81.931837425932855, 41.490707787708551 ], [ -81.931701314851466, 41.490734454385752 ], [ -81.931538537113752, 41.490788343282809 ], [ -81.931375759376252, 41.490842787735261 ], [ -81.931284648281334, 41.490842787745983 ], [ -81.931203537162034, 41.490734454444343 ], [ -81.93117631492494, 41.490639454467001 ], [ -81.931058537155366, 41.490578343382268 ], [ -81.930823537185802, 41.490524454532029 ], [ -81.930633537208109, 41.490469454565606 ], [ -81.930479648339769, 41.490436676812685 ], [ -81.930319648362982, 41.490411676836601 ], [ -81.930162426156812, 41.490354454644567 ], [ -81.929953537291084, 41.490287788016097 ], [ -81.929745759540111, 41.490239454717099 ], [ -81.929492426246298, 41.490212788085707 ], [ -81.929256315172864, 41.490192788117611 ], [ -81.928948537439695, 41.490144454830386 ], [ -81.928586315269058, 41.490083343774401 ], [ -81.928300759758727, 41.490056677146825 ], [ -81.928055759793665, 41.490015566072913 ], [ -81.927756315392472, 41.48996834389559 ], [ -81.927403537667445, 41.489920566169047 ], [ -81.927023537733433, 41.489913343993059 ], [ -81.926770759999428, 41.489907788468372 ], [ -81.926571315591559, 41.489913344046279 ], [ -81.926335760083688, 41.489941677401575 ], [ -81.926118537904173, 41.489961677423032 ], [ -81.925982426837038, 41.490056677419673 ], [ -81.925910760208453, 41.490178344069832 ], [ -81.925855760242129, 41.490293344052823 ], [ -81.925729649180312, 41.490422788485624 ], [ -81.925584649218749, 41.490483344045899 ], [ -81.925448538124684, 41.490449455179998 ], [ -81.925394649225552, 41.490354455205718 ], [ -81.925303538108281, 41.490246677460654 ], [ -81.925158538118424, 41.490171677493151 ], [ -81.924995760351109, 41.490083344196997 ], [ -81.924733538150178, 41.489961677586052 ], [ -81.92444353817622, 41.489839455422945 ], [ -81.924126315994656, 41.489764455475637 ], [ -81.92372853829194, 41.489785566629209 ], [ -81.923429649463145, 41.489819455546403 ], [ -81.923076316195306, 41.489832788918562 ], [ -81.922895760676042, 41.489852788935664 ], [ -81.922622427401237, 41.489900566735905 ], [ -81.922358538553908, 41.489875566772049 ], [ -81.922108538595197, 41.489860566804552 ], [ -81.92189353862868, 41.489837789056708 ], [ -81.92169631643911, 41.489826677971152 ], [ -81.921485760916994, 41.489807789110849 ], [ -81.921340760935436, 41.48977278913511 ], [ -81.921128538738785, 41.489714455838637 ], [ -81.920792427677625, 41.489667789221123 ], [ -81.920415761070572, 41.489632789272569 ], [ -81.92016242777909, 41.489617789305534 ], [ -81.91984853893868, 41.489582789349583 ], [ -81.919621316751886, 41.489559456047779 ], [ -81.919327427908726, 41.489528344977636 ], [ -81.919037427958585, 41.489520567235544 ], [ -81.918815761332112, 41.489524456149702 ], [ -81.918727428034686, 41.489621678362504 ], [ -81.918619650295327, 41.48971445613396 ], [ -81.918513539203872, 41.489718345034589 ], [ -81.918420761436167, 41.489687789496173 ], [ -81.918332428107945, 41.48963667840593 ], [ -81.918229650335618, 41.48957556731942 ], [ -81.918048539245248, 41.489520567351953 ], [ -81.91784131704938, 41.489470567386505 ], [ -81.917479650433165, 41.489404456331535 ], [ -81.917097428268391, 41.489354456386778 ], [ -81.916823539418516, 41.489308345317326 ], [ -81.91661076166632, 41.489249456465451 ], [ -81.916367428360957, 41.489176678731305 ], [ -81.916073539509696, 41.489106678780182 ], [ -81.915835761762864, 41.48905278993027 ], [ -81.915540761803925, 41.488998345531712 ], [ -81.915112428537725, 41.488955567813115 ], [ -81.914822428581914, 41.48892056785435 ], [ -81.914450761969263, 41.488862790132146 ], [ -81.914140762012167, 41.488804456847198 ], [ -81.913863539829535, 41.488758345778137 ], [ -81.913641317633903, 41.488696679150202 ], [ -81.913295762121209, 41.488607790320167 ], [ -81.913031317710704, 41.488545568141795 ], [ -81.912768539968383, 41.488491679294846 ], [ -81.912382428908145, 41.488406679357652 ], [ -81.912077428950127, 41.488348346072186 ], [ -81.911736317889051, 41.488297790567124 ], [ -81.911408540159826, 41.48825167950401 ], [ -81.911108540204111, 41.488208346214918 ], [ -81.910793540250509, 41.488162790705708 ], [ -81.910504651411145, 41.488154457408108 ], [ -81.910312429227901, 41.488177790759281 ], [ -81.910113540383193, 41.488220568551711 ], [ -81.909889651536631, 41.488232790797817 ], [ -81.909669651571505, 41.48821279082776 ], [ -81.909421318273445, 41.488170568643454 ], [ -81.909049651658975, 41.488104457589564 ], [ -81.90876465169444, 41.488031679860221 ], [ -81.908330762866242, 41.487953346593983 ], [ -81.907834651824658, 41.487864457781676 ], [ -81.907475762987858, 41.487808346724258 ], [ -81.907114651932346, 41.487767791219525 ], [ -81.906809651979174, 41.487732791262609 ], [ -81.90663076312002, 41.487723346841094 ], [ -81.906489652036555, 41.487735569077465 ], [ -81.906362429842517, 41.487762791309031 ], [ -81.906150763221376, 41.487800569104031 ], [ -81.905900763263432, 41.487789458024594 ], [ -81.905677429961628, 41.487750569170018 ], [ -81.90549131887056, 41.487688346982424 ], [ -81.905357429992634, 41.487626680344071 ], [ -81.905212430002265, 41.48754945815471 ], [ -81.905099652227619, 41.487468347073474 ], [ -81.905021318893617, 41.487398347096999 ], [ -81.904928541116064, 41.487320569346089 ], [ -81.904845763338727, 41.487251680481002 ], [ -81.904690763354978, 41.487197791621355 ], [ -81.904478541155854, 41.487127791660626 ], [ -81.904261318957595, 41.487057791700487 ], [ -81.904055763425617, 41.486995569515194 ], [ -81.903750763466675, 41.486933347341591 ], [ -81.90341631906486, 41.486852791841869 ], [ -81.902998541347444, 41.486786680793486 ], [ -81.902600763626538, 41.486720569742658 ], [ -81.902228541457418, 41.48665834757697 ], [ -81.901783541522008, 41.486589458754544 ], [ -81.901391319355014, 41.486520569925887 ], [ -81.901065763843519, 41.486454458866653 ], [ -81.900703541669586, 41.486377792258345 ], [ -81.90031131950326, 41.486311681206864 ], [ -81.90004743065947, 41.486303347906322 ], [ -81.899722430714036, 41.486288347947664 ], [ -81.899458541871795, 41.486287792423312 ], [ -81.898986319752694, 41.486380570237692 ], [ -81.898660764267845, 41.486442792485526 ], [ -81.898360764334782, 41.486508348063005 ], [ -81.898071319953871, 41.486566681418523 ], [ -81.897859653327785, 41.486581681440384 ], [ -81.897709653348841, 41.486554459241354 ], [ -81.89754965337896, 41.486562792591798 ], [ -81.897399653403781, 41.486554459277848 ], [ -81.897017431234232, 41.486481681559951 ], [ -81.896562431288245, 41.486353348306359 ], [ -81.896143542448669, 41.486233348380232 ], [ -81.895575764743441, 41.486097792919203 ], [ -81.89532243144059, 41.486028348518794 ], [ -81.895022431474544, 41.485935570795256 ], [ -81.894841320385666, 41.485888348604092 ], [ -81.894691320402842, 41.48584279307547 ], [ -81.894508542647031, 41.485792793107244 ], [ -81.894239653796888, 41.4857494598144 ], [ -81.89403854272004, 41.48574279317274 ], [ -81.893782431654515, 41.485743348758398 ], [ -81.893524653928139, 41.485770571005339 ], [ -81.893376320619836, 41.485764459912978 ], [ -81.893275765077732, 41.485743348818048 ], [ -81.89306465398829, 41.485667793302738 ], [ -81.89272354291333, 41.485550571144614 ], [ -81.892529654041624, 41.485467793406578 ], [ -81.892262431849474, 41.485384460121772 ], [ -81.891956320788267, 41.485363349051035 ], [ -81.89172743193997, 41.485363349077986 ], [ -81.891330765354013, 41.485412793559036 ], [ -81.891053543183858, 41.485426682477737 ], [ -81.890703543241543, 41.485405571412166 ], [ -81.890362432185185, 41.485377793680158 ], [ -81.889983543354944, 41.485336682622112 ], [ -81.889587432306826, 41.485301682675846 ], [ -81.889227432356307, 41.485232793843409 ], [ -81.888946321273579, 41.485129460564259 ], [ -81.888752432401873, 41.485046682826315 ], [ -81.88852132132169, 41.484998349530066 ], [ -81.888208543599347, 41.484998349566887 ], [ -81.888005765850266, 41.484963349597955 ], [ -81.887852432525293, 41.484872794078917 ], [ -81.88770076586998, 41.484797794112112 ], [ -81.887502432570031, 41.484789460803782 ], [ -81.887216321518508, 41.48483168305107 ], [ -81.886189655009758, 41.484715572084568 ], [ -81.885796321731078, 41.484642794368 ], [ -81.885386321785802, 41.484556683322737 ], [ -81.885025766278915, 41.484482794491413 ], [ -81.884467433021484, 41.484371683468694 ], [ -81.883958544212675, 41.484322794649763 ], [ -81.883515766495464, 41.484236683608366 ], [ -81.883024655457277, 41.484168350346849 ], [ -81.882572433296502, 41.484078350418507 ], [ -81.882121322243762, 41.483974461603964 ], [ -81.881595766757073, 41.483857795022963 ], [ -81.88116243348037, 41.483760572871674 ], [ -81.880774655755602, 41.483684461821781 ], [ -81.880185766958263, 41.483622795237025 ], [ -81.879628544832102, 41.483609461972094 ], [ -81.879185767127922, 41.483585573140189 ], [ -81.878955767160932, 41.483548350952667 ], [ -81.878775767172286, 41.483449462105185 ], [ -81.878528544993898, 41.483449462134288 ], [ -81.87831576726424, 41.483499462149091 ], [ -81.878102433963562, 41.483474462179402 ], [ -81.877872434006875, 41.48348668442614 ], [ -81.877741322901073, 41.483400573348057 ], [ -81.877511322924008, 41.483314462281676 ], [ -81.877249656306461, 41.483327795643056 ], [ -81.877101323004382, 41.483351684544552 ], [ -81.877085767474767, 41.483462795634743 ], [ -81.8770196563908, 41.483536684516324 ], [ -81.876954656415009, 41.483597795622593 ], [ -81.876888545325855, 41.483646684509317 ], [ -81.876806323120604, 41.483658351183273 ], [ -81.876726323136779, 41.483667795635192 ], [ -81.876691323140989, 41.483658351196837 ], [ -81.876687434249334, 41.483641684534064 ], [ -81.876724656453334, 41.483585573430005 ], [ -81.87682243420349, 41.483536684539537 ], [ -81.876970767472031, 41.483351684559935 ], [ -81.876980767464829, 41.483325573452937 ], [ -81.876954656351046, 41.483290573463201 ], [ -81.876933545230742, 41.483228351256102 ], [ -81.876904656344564, 41.483216684595298 ], [ -81.876883545238414, 41.483222795707626 ], [ -81.87683965637143, 41.483290573476744 ], [ -81.876806323056741, 41.483351684579297 ], [ -81.876757434184171, 41.483388351244237 ], [ -81.876675767539737, 41.483425573468445 ], [ -81.87660965643785, 41.483413351256559 ], [ -81.87659132310614, 41.4834055734825 ], [ -81.876593545319182, 41.483363351268615 ], [ -81.876576323089836, 41.483314462391782 ], [ -81.876546323092839, 41.483303351286438 ], [ -81.876511323098896, 41.483302795735078 ], [ -81.876412434219773, 41.483265573532144 ], [ -81.875904656524284, 41.483228351377257 ], [ -81.87508465666474, 41.483204462589867 ], [ -81.874690767843049, 41.48319168486109 ], [ -81.874493545645663, 41.483142796005374 ], [ -81.874395767874901, 41.483093351582546 ], [ -81.874263545676115, 41.483093351598114 ], [ -81.874066323499179, 41.483142796055688 ], [ -81.87388576797494, 41.483139462744376 ], [ -81.873547434692924, 41.483097796125982 ], [ -81.872616323744907, 41.483087796237761 ], [ -81.872397434884178, 41.483036685162801 ], [ -81.872124657152611, 41.483026685197025 ], [ -81.871851323863382, 41.483005574122373 ], [ -81.87140132395173, 41.483046685278097 ], [ -81.871086323986333, 41.482944463113824 ], [ -81.870854657356603, 41.482924463145238 ], [ -81.870636324057543, 41.482903352064085 ], [ -81.870404657431976, 41.482903352091363 ], [ -81.87017132413591, 41.482883352122968 ], [ -81.870062435289682, 41.482995574335135 ], [ -81.869898546436261, 41.483026685459187 ], [ -81.869707435359032, 41.483026685481697 ], [ -81.86948965761988, 41.48302668550734 ], [ -81.869284657656237, 41.483026685531485 ], [ -81.869161324336218, 41.482985574443276 ], [ -81.869038546571701, 41.48294446335499 ], [ -81.868888546600317, 41.482954463370653 ], [ -81.868710768869136, 41.483026685599071 ], [ -81.868505768916123, 41.483077796723848 ], [ -81.868300768952494, 41.483077796747999 ], [ -81.868150768979106, 41.483077796765663 ], [ -81.868150769087762, 41.48359946332576 ], [ -81.868150769136705, 41.483834463277759 ], [ -81.868150769181483, 41.484049463233873 ], [ -81.868137435890873, 41.484243352084682 ], [ -81.868137435912388, 41.484346685396915 ], [ -81.868004658170449, 41.484405574289418 ], [ -81.867945769275352, 41.484325574312727 ], [ -81.86794576921136, 41.48401835215325 ], [ -81.8679457691306, 41.483630574454672 ], [ -81.867959657908159, 41.483108352337446 ], [ -81.867713546838672, 41.483098352368529 ], [ -81.867495769097317, 41.483087796840799 ], [ -81.867222435803825, 41.483046685770248 ], [ -81.866921324737589, 41.483005574702979 ], [ -81.866648547014663, 41.483036685839849 ], [ -81.866347435963462, 41.483067796980066 ], [ -81.866101324895965, 41.483067797009056 ], [ -81.865856324945725, 41.483098352587263 ], [ -81.865719658292747, 41.483047797058113 ], [ -81.865528547217593, 41.483057797078516 ], [ -81.865282436160712, 41.483108352652756 ], [ -81.865064658419499, 41.4830983526805 ], [ -81.86481854734771, 41.483077797158117 ], [ -81.864599658491386, 41.483047797190025 ], [ -81.864408547403499, 41.482996686111804 ], [ -81.864244658545701, 41.483006686129102 ], [ -81.864080769687988, 41.483016686146385 ], [ -81.863889658604265, 41.482985575064134 ], [ -81.863752436397832, 41.482944463977553 ], [ -81.863602436424443, 41.482944463995224 ], [ -81.863370769796788, 41.482934464024609 ], [ -81.863179658736684, 41.483016686252526 ], [ -81.863029658778132, 41.483088352922195 ], [ -81.862851325491306, 41.483159464039808 ], [ -81.862687436639973, 41.483200575161845 ], [ -81.862496325573403, 41.483251686285001 ], [ -81.862332436720067, 41.483282797409053 ], [ -81.862196325633008, 41.48328279742509 ], [ -81.862101325641348, 41.483241686333528 ], [ -81.861896325684171, 41.483272797462419 ], [ -81.861663547964696, 41.483354464139843 ], [ -81.861390770247993, 41.483415575270591 ], [ -81.861158548066911, 41.48341557529794 ], [ -81.860994659228382, 41.483517797518601 ], [ -81.860817437044034, 41.483548353088828 ], [ -81.860653548196879, 41.483609464206765 ], [ -81.860326326032236, 41.483607797578941 ], [ -81.860134659404338, 41.483630575374661 ], [ -81.859888548336926, 41.483630575403652 ], [ -81.859724659496237, 41.483722797626335 ], [ -81.859561326196129, 41.483743353196921 ], [ -81.859329659579103, 41.483784464326952 ], [ -81.859069659633846, 41.483825575460315 ], [ -81.858796326359553, 41.483876686593156 ], [ -81.85844132643733, 41.483947797731574 ], [ -81.858195770935993, 41.483999464416534 ], [ -81.858004659867333, 41.48404057554179 ], [ -81.857772437699055, 41.484101686667756 ], [ -81.857540771082057, 41.484142797797801 ], [ -81.857280771136558, 41.48418335337567 ], [ -81.857089660067885, 41.484224464500926 ], [ -81.85698077118542, 41.484162797859646 ], [ -81.856898548996895, 41.484254464517306 ], [ -81.856789660146504, 41.484346686733502 ], [ -81.856748549057642, 41.484418353390375 ], [ -81.856611326861767, 41.48442835340451 ], [ -81.856447438001965, 41.484428353423802 ], [ -81.856297438032968, 41.484449464548256 ], [ -81.856160771399061, 41.484490575667088 ], [ -81.855874660349372, 41.484541686801435 ], [ -81.855696327060357, 41.48460279792107 ], [ -81.855491327109547, 41.484664464599327 ], [ -81.855218549392859, 41.484725575730081 ], [ -81.854959660558407, 41.48476668686331 ], [ -81.854644660631294, 41.484848353550312 ], [ -81.854412438475663, 41.484970575775016 ], [ -81.854098549665878, 41.485083353566743 ], [ -81.853893549725839, 41.485196686901027 ], [ -81.853661327561653, 41.485277798022977 ], [ -81.853401327624823, 41.485359464703507 ], [ -81.853196327675988, 41.485430575824275 ], [ -81.853005772165119, 41.485482798058328 ], [ -81.852759661108067, 41.485533353632476 ], [ -81.852527438937699, 41.485584464760478 ], [ -81.852281327874366, 41.485604464785425 ], [ -81.851990772378088, 41.485641687034345 ], [ -81.851790772422888, 41.485686687048705 ], [ -81.851530772490136, 41.485788353725219 ], [ -81.851271328111153, 41.485881687070041 ], [ -81.851025772599158, 41.485881687098974 ], [ -81.850902439306793, 41.485973353761388 ], [ -81.850759661567665, 41.486037798209587 ], [ -81.850602439376814, 41.486054464891332 ], [ -81.850424661630584, 41.486054464912272 ], [ -81.850165772809092, 41.486157798255029 ], [ -81.849946328433248, 41.486300576029493 ], [ -81.84971466182688, 41.486392798260169 ], [ -81.849632439606552, 41.486331687171145 ], [ -81.849495772957582, 41.48630057608257 ], [ -81.84937355078263, 41.486423353849624 ], [ -81.849209661954745, 41.486576687170924 ], [ -81.849045773115307, 41.486674464948052 ], [ -81.848867439827359, 41.486740576066715 ], [ -81.848731328765879, 41.48686335383541 ], [ -81.848526328825599, 41.486975576058917 ], [ -81.848376328882196, 41.487119464936086 ], [ -81.848239662259033, 41.487211687155558 ], [ -81.84803466231439, 41.487303353827613 ], [ -81.847829662374096, 41.48741557605112 ], [ -81.847652440189847, 41.487446687176742 ], [ -81.847478551340259, 41.487487798299981 ], [ -81.847187440297759, 41.487569464984261 ], [ -81.846913551463388, 41.487597798344034 ], [ -81.846663551523818, 41.487675576135423 ], [ -81.846496329350828, 41.487769465024869 ], [ -81.846266329414348, 41.487878353918568 ], [ -81.846078551679597, 41.487925576153273 ], [ -81.845848551733525, 41.487988353945283 ], [ -81.84561855179706, 41.488097798394477 ], [ -81.84534744074702, 41.488160576191405 ], [ -81.845159663009113, 41.488191687318285 ], [ -81.844971329718845, 41.488238353997559 ], [ -81.844783552000408, 41.48836335399421 ], [ -81.844490774291003, 41.488442798456923 ], [ -81.844156329922086, 41.488520576258175 ], [ -81.843863552212426, 41.488598354054602 ], [ -81.843550774493494, 41.488614465199269 ], [ -81.843216330130957, 41.488723354105367 ], [ -81.842902441323957, 41.488849465227673 ], [ -81.842547441412947, 41.488974465244006 ], [ -81.842213552583218, 41.488974465283341 ], [ -81.841962441529589, 41.489036687522358 ], [ -81.841732441596591, 41.489162798634851 ], [ -81.841461330559639, 41.489287798641314 ], [ -81.841377441721377, 41.489459465282799 ], [ -81.84121077510693, 41.48956835416903 ], [ -81.840980775183766, 41.489741687494124 ], [ -81.840855775238524, 41.489897798588117 ], [ -81.840709664176217, 41.490007798582823 ], [ -81.840378553129156, 41.490033354172148 ], [ -81.840271330951197, 41.490154465271146 ], [ -81.840093553232649, 41.490287798598224 ], [ -81.839873553265377, 41.490257798630282 ], [ -81.839664664397233, 41.490179465337548 ], [ -81.839414664438166, 41.49016335425928 ], [ -81.839100775637647, 41.490320576486333 ], [ -81.83887077571741, 41.490507798697379 ], [ -81.838756331326977, 41.490669465344567 ], [ -81.838460775819016, 41.490646687606251 ], [ -81.83744855373368, 41.49044279887827 ], [ -81.836631331591988, 41.49013446570418 ], [ -81.835904665070046, 41.490210576885374 ], [ -81.83554744292195, 41.490262799138996 ], [ -81.835298554094194, 41.490344465818417 ], [ -81.834901331962968, 41.490443354733841 ], [ -81.8346674431168, 41.490449465871322 ], [ -81.834364665402262, 41.490495577008694 ], [ -81.833975776598152, 41.490571688150077 ], [ -81.833710776670699, 41.490694465933963 ], [ -81.833485776714198, 41.490711688179175 ], [ -81.833181332350293, 41.490839465966751 ], [ -81.832971332402096, 41.490909465977218 ], [ -81.832909665764831, 41.490997799299812 ], [ -81.832800776891389, 41.490979465983045 ], [ -81.832590776943206, 41.491049465993513 ], [ -81.832582443635715, 41.491166688192713 ], [ -81.832419665892843, 41.491195577094977 ], [ -81.832310777014641, 41.491154466005057 ], [ -81.832115777049211, 41.491154466028028 ], [ -81.831882443753727, 41.491137799392213 ], [ -81.831742443777301, 41.491131688298893 ], [ -81.831633554927009, 41.491224466070584 ], [ -81.831524666087702, 41.491369466053733 ], [ -81.831360777247241, 41.491462799387406 ], [ -81.831228555061827, 41.491526688278789 ], [ -81.831041332883743, 41.491579466067854 ], [ -81.830855777361094, 41.491579466089732 ], [ -81.830660777390605, 41.491555577228674 ], [ -81.830458555206718, 41.491567799472264 ], [ -81.830186333040146, 41.491602799497166 ], [ -81.829913555319067, 41.491643355076576 ], [ -81.829594666487935, 41.491649466224089 ], [ -81.829454666505498, 41.491614466247675 ], [ -81.829252444319167, 41.491614466271514 ], [ -81.829065777689067, 41.4916316885123 ], [ -81.828894666611959, 41.491649466306583 ], [ -81.828707444427835, 41.491672799657188 ], [ -81.82853633335047, 41.491689466340659 ], [ -81.828396333395929, 41.491788355225864 ], [ -81.828240777882542, 41.491858355229844 ], [ -81.82808577792342, 41.491922799679401 ], [ -81.827478555837985, 41.492062799722412 ], [ -81.827369666980715, 41.492121688612102 ], [ -81.826015778402081, 41.49245946648044 ], [ -81.82596133396224, 41.492435577602812 ], [ -81.825852445092622, 41.492435577615652 ], [ -81.825680778457738, 41.492441688745821 ], [ -81.82533855631435, 41.492529466545989 ], [ -81.825206334105815, 41.492482799904487 ], [ -81.824443556507006, 41.492692799951477 ], [ -81.824397445401516, 41.49268057773714 ], [ -81.824350778750471, 41.492715577735559 ], [ -81.822071334867772, 41.493473355627266 ], [ -81.821986334888962, 41.493502800075653 ], [ -81.821775779384012, 41.493566688976379 ], [ -81.82166744606765, 41.493555577880279 ], [ -81.821456334999922, 41.493584466788136 ], [ -81.821270779488117, 41.493636689021621 ], [ -81.821013557315212, 41.493654466826065 ], [ -81.820795779590526, 41.493724466837449 ], [ -81.820655779618974, 41.493741689072579 ], [ -81.820476335220889, 41.493811689079543 ], [ -81.820149668626669, 41.49388168910378 ], [ -81.819970779778188, 41.493923355782989 ], [ -81.819783557591407, 41.493934466913849 ], [ -81.819581335418377, 41.493998355813574 ], [ -81.819332446596761, 41.494109466931292 ], [ -81.819270779955588, 41.494179466924294 ], [ -81.81897466892012, 41.494290578047583 ], [ -81.818663557879987, 41.49436668917982 ], [ -81.818313557963648, 41.494470578088738 ], [ -81.817947446940565, 41.494581689220354 ], [ -81.817659669229627, 41.494657800349849 ], [ -81.81732578041192, 41.494715578155159 ], [ -81.81719355821437, 41.494721689280667 ], [ -81.817053558247707, 41.49476280039984 ], [ -81.81677244720575, 41.494855578191853 ], [ -81.816617447250181, 41.494936689304716 ], [ -81.816438558400307, 41.494971689318618 ], [ -81.816314669521148, 41.494913356011779 ], [ -81.816103558443984, 41.494896689373441 ], [ -81.815924669602381, 41.494971689379199 ], [ -81.81575355852398, 41.494983356063663 ], [ -81.815458558594429, 41.495070578302858 ], [ -81.814718558756027, 41.495216689471377 ], [ -81.814453558807969, 41.495240578386642 ], [ -81.814197447741947, 41.495239467305865 ], [ -81.813862447805093, 41.495257800674956 ], [ -81.813279670152454, 41.495362800722297 ], [ -81.812851336905752, 41.49541446742883 ], [ -81.812353559217456, 41.495420578597425 ], [ -81.812049670382351, 41.495420578633258 ], [ -81.811828559308339, 41.495410578661343 ], [ -81.811690781540548, 41.495341689802828 ], [ -81.811427448249745, 41.495321689837901 ], [ -81.811170781625918, 41.495309467648404 ], [ -81.810797448362621, 41.495327801022 ], [ -81.81034578178793, 41.495385578841208 ], [ -81.81015855960878, 41.495432801075872 ], [ -81.809940781870623, 41.495437801100579 ], [ -81.80973078190415, 41.495420578906618 ], [ -81.809481337497473, 41.495389467831281 ], [ -81.8093246708668, 41.495429467841589 ], [ -81.80911744870086, 41.49552335673571 ], [ -81.808951337635293, 41.495600578961749 ], [ -81.808744671018246, 41.495662801195628 ], [ -81.80866133770607, 41.495693356754806 ], [ -81.807976337820918, 41.495662801286194 ], [ -81.807334671258388, 41.495616690260164 ], [ -81.806576338065099, 41.495644468121661 ], [ -81.806261338100228, 41.495545579290088 ], [ -81.806123560346919, 41.495545579306324 ], [ -81.805443560482928, 41.495620579371256 ], [ -81.805231338317654, 41.495713357155076 ], [ -81.805094671686646, 41.495768357159889 ], [ -81.804864671724474, 41.495754468301044 ], [ -81.804588560670794, 41.495795579436262 ], [ -81.804239671836626, 41.495761690595458 ], [ -81.803826338573671, 41.495747801758142 ], [ -81.803624671937058, 41.495720579565223 ], [ -81.803265783114355, 41.495733357382676 ], [ -81.802990783166052, 41.495747801856659 ], [ -81.802990783158862, 41.495713357419241 ], [ -81.802953560934569, 41.495671690765477 ], [ -81.802824672069889, 41.495678357445911 ], [ -81.801961338886727, 41.49566557977262 ], [ -81.801768561148819, 41.495692802011966 ], [ -81.801612450075268, 41.495740579798444 ], [ -81.801547450111258, 41.495857802004423 ], [ -81.801566339007564, 41.49590946865824 ], [ -81.801575783465381, 41.495981690864618 ], [ -81.801520783484577, 41.496026690861918 ], [ -81.801364672419027, 41.496112801973872 ], [ -81.801061339151985, 41.496173357552777 ], [ -81.800454672611011, 41.496260579828757 ], [ -81.799912450498837, 41.49632835765663 ], [ -81.799783561643181, 41.496377802106196 ], [ -81.799609672797715, 41.496438357669838 ], [ -81.798212451049849, 41.497526690945847 ], [ -81.79806078442239, 41.497585579840582 ], [ -81.797959673330439, 41.497591690962338 ], [ -81.797771340028348, 41.497581690986557 ], [ -81.795722451493106, 41.497537802348248 ], [ -81.795080784933916, 41.497508357985517 ], [ -81.794929673844251, 41.497482802453014 ], [ -81.794859673838417, 41.497395580256821 ], [ -81.794906340389801, 41.496882802578149 ], [ -81.794822451461869, 41.49662446930747 ], [ -81.794708562570975, 41.49651780267606 ], [ -81.794615784796846, 41.496456691588278 ], [ -81.794511340361822, 41.496413358276165 ], [ -81.794372451486694, 41.496361691636409 ], [ -81.79427134036726, 41.496235580563003 ], [ -81.794186340329688, 41.495983358402199 ], [ -81.794012451453483, 41.495896691773758 ], [ -81.79373467371947, 41.495870580700789 ], [ -81.79359467372069, 41.495757802962437 ], [ -81.793490784835612, 41.495687802989053 ], [ -81.793049673784395, 41.495600580836616 ], [ -81.792504673870027, 41.495548358689355 ], [ -81.792260785024212, 41.495548358718111 ], [ -81.792070785058385, 41.495550580962203 ], [ -81.791854674001399, 41.495626692083334 ], [ -81.791703562915302, 41.495618358769548 ], [ -81.791529674033683, 41.495505581035204 ], [ -81.791343562942743, 41.495444469958514 ], [ -81.791181340729167, 41.495348358886197 ], [ -81.790740785260937, 41.495392803373548 ], [ -81.790508563084771, 41.49541669228487 ], [ -81.790148563172465, 41.495531692303871 ], [ -81.789904674339581, 41.495592803431258 ], [ -81.78973078548853, 41.495626692333794 ], [ -81.789626341095243, 41.495783358980781 ], [ -81.789452452280599, 41.495991692292023 ], [ -81.789150785683788, 41.496070581200428 ], [ -81.789045785703195, 41.496074470100865 ], [ -81.78890634125446, 41.495935581256823 ], [ -81.788790785688605, 41.495788359078276 ], [ -81.788535785715709, 41.49570169245937 ], [ -81.788210785762359, 41.495649470286182 ], [ -81.787839674720558, 41.495666692548561 ], [ -81.787665785889487, 41.495796692542626 ], [ -81.787502452594197, 41.495840581441719 ], [ -81.787224674847423, 41.495753359270132 ], [ -81.786968563787141, 41.495779470406063 ], [ -81.786539674999602, 41.495901692653909 ], [ -81.786257452828394, 41.495906692686219 ], [ -81.785622452946058, 41.495931692756024 ], [ -81.785019675265985, 41.495888359502587 ], [ -81.784833564191374, 41.495905581743244 ], [ -81.784671342001573, 41.495923359536484 ], [ -81.784579675362792, 41.495979470646979 ], [ -81.783780786612468, 41.495965581855131 ], [ -81.783141342273851, 41.495930581937643 ], [ -81.782849675654418, 41.495909470865271 ], [ -81.782454675718313, 41.495880582028875 ], [ -81.782257453500307, 41.495733359859933 ], [ -81.782040786846963, 41.495613359909989 ], [ -81.781862453518769, 41.495486693290225 ], [ -81.781749675726999, 41.49532447111438 ], [ -81.781542453504713, 41.495148360063645 ], [ -81.781438564613609, 41.495049471207274 ], [ -81.781316342411628, 41.49504280455637 ], [ -81.781081342450307, 41.495028360142541 ], [ -81.780996342461052, 41.495007804601194 ], [ -81.780930786925708, 41.495049471267158 ], [ -81.780789675846918, 41.495084471276613 ], [ -81.780338564806925, 41.495042804671677 ], [ -81.780140787064141, 41.495042804695004 ], [ -81.778890787107599, 41.494190582794118 ], [ -81.778721342684221, 41.494147805045067 ], [ -81.778495787164417, 41.494127805075699 ], [ -81.778185787207505, 41.494071694012575 ], [ -81.778072453870607, 41.493958360715766 ], [ -81.777987453860575, 41.493837805194808 ], [ -81.777893564966362, 41.493732805227339 ], [ -81.777780787180475, 41.493598360823604 ], [ -81.777639676066698, 41.493465583089609 ], [ -81.777545787188359, 41.493436694217671 ], [ -81.777451342760628, 41.493436694228819 ], [ -81.777300787246517, 41.493507805343107 ], [ -81.777206342834788, 41.493584472005303 ], [ -81.777084676188224, 41.49357780535432 ], [ -81.776491342938016, 41.493472805445741 ], [ -81.776181342980962, 41.493415583271812 ], [ -81.776040787432564, 41.493330583305728 ], [ -81.775824676361168, 41.493337805551946 ], [ -81.775372454243964, 41.493457805580761 ], [ -81.774808565457832, 41.493471694533319 ], [ -81.774526343281067, 41.493450583459826 ], [ -81.774469676612838, 41.493394472366823 ], [ -81.774431343277513, 41.493352805713208 ], [ -81.774394676574644, 41.493147805759364 ], [ -81.774366343222653, 41.49303447245245 ], [ -81.774168565457941, 41.492929472497309 ], [ -81.77406578768354, 41.492858361412715 ], [ -81.773905787688548, 41.492746694787712 ], [ -81.773510787739212, 41.492654472630903 ], [ -81.773002454467829, 41.492520583829304 ], [ -81.772701343382124, 41.492386695003269 ], [ -81.772014676797326, 41.492196695123035 ], [ -81.771562454637618, 41.492112806304583 ], [ -81.771252454686262, 41.49208336190275 ], [ -81.770866343620767, 41.491974473081591 ], [ -81.770509677013564, 41.491956695349451 ], [ -81.769163566068642, 41.491611695578683 ], [ -81.768834677227716, 41.491562806738578 ], [ -81.768618566153307, 41.491555584543256 ], [ -81.768277455100247, 41.491544473474612 ], [ -81.767806344072497, 41.491544473530183 ], [ -81.767524677462944, 41.491579473556314 ], [ -81.76722356642729, 41.491685584681285 ], [ -81.767082455370542, 41.491826695780212 ], [ -81.766894677655444, 41.491967806884709 ], [ -81.766668566594547, 41.49201669579034 ], [ -81.766339677772521, 41.492058362487278 ], [ -81.766132455585549, 41.492051695846399 ], [ -81.765972455602139, 41.491995584765682 ], [ -81.765831344505614, 41.491945584792475 ], [ -81.765050789054285, 41.491783362695394 ], [ -81.764551344683582, 41.491713362768564 ], [ -81.763734678127676, 41.491551696231262 ], [ -81.76292578934958, 41.491396696358251 ], [ -81.762793567134409, 41.4913183630565 ], [ -81.762727456027619, 41.491283363071474 ], [ -81.762680789354661, 41.491213363091248 ], [ -81.762671344882563, 41.491072807565487 ], [ -81.762671344863321, 41.490980585362081 ], [ -81.762737455927478, 41.49081169649984 ], [ -81.762699678132734, 41.49069836319412 ], [ -81.7625307892134, 41.490409474384087 ], [ -81.762069678157587, 41.490283363353129 ], [ -81.761768567084985, 41.490212807847421 ], [ -81.761486344911177, 41.490205585659993 ], [ -81.7612607893941, 41.490198363465865 ], [ -81.760752456159452, 41.490240585739471 ], [ -81.760573567302231, 41.49024058576056 ], [ -81.760413567326111, 41.490219474672578 ], [ -81.760310789553373, 41.490156696919698 ], [ -81.760206345111101, 41.490078363614757 ], [ -81.759755789595644, 41.489888363706562 ], [ -81.759388567410426, 41.48975447488835 ], [ -81.759086345238146, 41.489737808260763 ], [ -81.758870789725023, 41.489758363837574 ], [ -81.758710789757728, 41.489779474963214 ], [ -81.758353567591399, 41.489744475012429 ], [ -81.75790134544161, 41.489708363962066 ], [ -81.757431345499967, 41.48958947515289 ], [ -81.757167456641525, 41.489511697422166 ], [ -81.756716345579235, 41.489363364172199 ], [ -81.756245790098262, 41.489321697569558 ], [ -81.755945790156503, 41.489346697599863 ], [ -81.755314679159696, 41.489359475449461 ], [ -81.754797457026072, 41.489345586624445 ], [ -81.754572457041903, 41.489230586674424 ], [ -81.754270790417252, 41.489176697832185 ], [ -81.754100790446103, 41.489170586742318 ], [ -81.753876346032996, 41.48913058677693 ], [ -81.753737457162956, 41.489103364576621 ], [ -81.753491346089788, 41.489076697944434 ], [ -81.753254679464305, 41.489073364639779 ], [ -81.7530535683957, 41.489106697990046 ], [ -81.752977457282654, 41.489032809125227 ], [ -81.752878568406018, 41.489007809141953 ], [ -81.752811346186917, 41.488965586936253 ], [ -81.752426346253742, 41.488959475871752 ], [ -81.752198568510124, 41.488930587015624 ], [ -81.752198568498187, 41.48887336480513 ], [ -81.752091346285283, 41.488826698160594 ], [ -81.751751346332824, 41.488766698212949 ], [ -81.751451346384428, 41.488759476027617 ], [ -81.75132579086906, 41.488845587135984 ], [ -81.750987457597034, 41.488852809396626 ], [ -81.750649679863486, 41.488778365007192 ], [ -81.75027745766586, 41.488580587313727 ], [ -81.749718568826125, 41.488342809650348 ], [ -81.749472457742868, 41.488267809694698 ], [ -81.749221346645541, 41.488120587532094 ], [ -81.748952457784569, 41.488026698694142 ], [ -81.748679680038904, 41.487949476519852 ], [ -81.748259680108177, 41.487925587685375 ], [ -81.747798569068422, 41.487876698860795 ], [ -81.747459680229213, 41.487827810021905 ], [ -81.747318569143687, 41.487830587815814 ], [ -81.747196346942502, 41.487827810052977 ], [ -81.747026346963494, 41.487784476748509 ], [ -81.746772458101944, 41.487700587906737 ], [ -81.74664134700447, 41.487654476820417 ], [ -81.74650079146565, 41.487615587956114 ], [ -81.746321347048536, 41.48759447687042 ], [ -81.746142458188316, 41.487580588005471 ], [ -81.746023569314787, 41.487553365802896 ], [ -81.745941347104946, 41.487542810259107 ], [ -81.745840791566508, 41.487539476938323 ], [ -81.745605791607161, 41.487535588077989 ], [ -81.74510579169187, 41.487517810362853 ], [ -81.744811347296775, 41.487504477066928 ], [ -81.744505791797977, 41.487517810433623 ], [ -81.744111347431669, 41.487557810471941 ], [ -81.743864680816969, 41.4875978104929 ], [ -81.743258569840449, 41.487729477204269 ], [ -81.742882458817945, 41.4878355883381 ], [ -81.742635792213235, 41.487923366127056 ], [ -81.742393570054162, 41.488020588357969 ], [ -81.742005792377043, 41.488174477261254 ], [ -81.74191134795764, 41.488214477264265 ], [ -81.741846347976463, 41.488249477264759 ], [ -81.741711348017787, 41.488333366152467 ], [ -81.741675792469508, 41.488337810600214 ], [ -81.741658570252099, 41.488346699489362 ], [ -81.741599681374453, 41.488350588384357 ], [ -81.741352459196378, 41.488352810635298 ], [ -81.74121634811155, 41.488363366204759 ], [ -81.741022459266361, 41.488408366218437 ], [ -81.740580792707647, 41.488551699574693 ], [ -81.740317459441584, 41.488650588474393 ], [ -81.740181348367528, 41.48871281069998 ], [ -81.739981348424536, 41.488816699591347 ], [ -81.739875792899909, 41.488875588480681 ], [ -81.739728570723045, 41.488967810701439 ], [ -81.739478570801595, 41.489132810697257 ], [ -81.73909079315203, 41.489418366240308 ], [ -81.738893570995558, 41.489566699566673 ], [ -81.738822459909969, 41.489628366229184 ], [ -81.738797459928151, 41.489694477329728 ], [ -81.738846348913171, 41.490196699443722 ], [ -81.738828571161761, 41.490307810534226 ], [ -81.73882857117357, 41.490364477189402 ], [ -81.73885857118394, 41.490439477170561 ], [ -81.738893571187788, 41.490487810489903 ], [ -81.738987460078434, 41.490575588238684 ], [ -81.739405793391242, 41.490831699248155 ], [ -81.739463571166908, 41.490870588122412 ], [ -81.739528571160093, 41.490892810332397 ], [ -81.739587460037626, 41.490888365881887 ], [ -81.739657460017966, 41.490853365880717 ], [ -81.739693571122672, 41.490853365876461 ], [ -81.739734682231983, 41.490879476977433 ], [ -81.739746348906777, 41.49092836585492 ], [ -81.739740793365996, 41.490994476953261 ], [ -81.739699682277859, 41.491069476942805 ], [ -81.739357460192252, 41.491434476908729 ], [ -81.739243571345156, 41.491538365789928 ], [ -81.739199682472886, 41.491580588008652 ], [ -81.739121349161493, 41.491619476898883 ], [ -81.738719682601086, 41.491788365800737 ], [ -81.73725634962895, 41.492279476984294 ], [ -81.734012461551771, 41.493420588245435 ], [ -81.733942461567707, 41.493437810472393 ], [ -81.733888572688201, 41.493436699367862 ], [ -81.733638572648431, 41.493034477257119 ], [ -81.733208572604028, 41.4924578107589 ], [ -81.732760794770968, 41.49181336649869 ], [ -81.732438572510603, 41.491357811074138 ], [ -81.730360795259756, 41.49212281116327 ], [ -81.727513573770509, 41.493222811274876 ], [ -81.727514684888988, 41.493259477933954 ], [ -81.72753079600561, 41.493299477923905 ], [ -81.727557462675975, 41.493339477912528 ], [ -81.728211351661344, 41.494355588739289 ], [ -81.728249685003846, 41.494431699830358 ], [ -81.728270796125344, 41.49449947759183 ], [ -81.728259685022891, 41.494531699808789 ], [ -81.728227462810551, 41.494551699808461 ], [ -81.728190796152873, 41.494563366477074 ], [ -81.728121351723189, 41.494575588705032 ], [ -81.727498574058842, 41.494591699886371 ], [ -81.72744579629105, 41.494594477669857 ], [ -81.727424685185355, 41.494602811003972 ], [ -81.727408574082887, 41.494630588777966 ], [ -81.727376351906486, 41.494822810964799 ], [ -81.727354685251072, 41.494858366515579 ], [ -81.727317463037991, 41.494870588739715 ], [ -81.726604685390171, 41.494889477708924 ], [ -81.726519685406913, 41.494897811050578 ], [ -81.726434685427719, 41.494925588832707 ], [ -81.726152463276492, 41.495026699956519 ], [ -81.725633574532623, 41.495281699965709 ], [ -81.723943575027349, 41.496220588862549 ], [ -81.722248575511728, 41.497105588882143 ], [ -81.720690798166203, 41.49785670002391 ], [ -81.720636353740019, 41.497898366688503 ], [ -81.720278576009889, 41.497823366746125 ], [ -81.719857464989886, 41.497903366779461 ], [ -81.71931135394469, 41.497756700207205 ], [ -81.7190074651038, 41.497729478026358 ], [ -81.718539687313708, 41.497274478174397 ], [ -81.717968576339743, 41.497448367095231 ], [ -81.717807465232013, 41.497327811583247 ], [ -81.716410798938071, 41.497930589402912 ], [ -81.716166354543262, 41.497961700536621 ], [ -81.71615968790789, 41.498105589396857 ], [ -81.716965799078295, 41.499071700215808 ], [ -81.717136354642477, 41.499257811268862 ], [ -81.717126354669716, 41.499379477911937 ], [ -81.717006354706257, 41.499452811244417 ], [ -81.716766354753148, 41.49947447793501 ], [ -81.716123577104312, 41.499547811329279 ], [ -81.715443577252486, 41.499681700271118 ], [ -81.714476355260032, 41.499963366994557 ], [ -81.714010799809088, 41.500070589249866 ], [ -81.713652466564383, 41.500191700378572 ], [ -81.713330799974202, 41.500285589286328 ], [ -81.713097466690428, 41.500325589305731 ], [ -81.712918577847219, 41.500392811535335 ], [ -81.712667466797328, 41.500473367104021 ], [ -81.71205857808333, 41.500795589332427 ], [ -81.711646355970288, 41.500969478234616 ], [ -81.71139580048434, 41.501090589350575 ], [ -81.71121635609947, 41.501224478233333 ], [ -81.711091356138326, 41.501304478231816 ], [ -81.710955800634665, 41.501438367109373 ], [ -81.711091356365671, 41.502392811343192 ], [ -81.710966356573763, 41.503283366731885 ], [ -81.709809690210662, 41.503757811216133 ], [ -81.709566356941821, 41.503860589001761 ], [ -81.709323579230144, 41.503971700118811 ], [ -81.708688579411699, 41.504303366792826 ], [ -81.708255801756735, 41.504525589020822 ], [ -81.708054690709432, 41.504660589017043 ], [ -81.707948579640288, 41.504771700117978 ], [ -81.707896357450224, 41.504881700101741 ], [ -81.707748579718441, 41.504976700099782 ], [ -81.707305801935604, 41.504577811344539 ], [ -81.706957468588925, 41.504219478125414 ], [ -81.70662580191447, 41.503901700451593 ], [ -81.706416357469422, 41.503721700513047 ], [ -81.706308579692504, 41.50363447832131 ], [ -81.706277468578449, 41.50359447833312 ], [ -81.706192468595859, 41.503605589452043 ], [ -81.705887468671676, 41.503710589466628 ], [ -81.707197468750877, 41.505197811230957 ], [ -81.70724357986704, 41.505260588990446 ], [ -81.707266357651633, 41.505312811199381 ], [ -81.707212468788001, 41.505387811190353 ], [ -81.707181357690772, 41.505428366741384 ], [ -81.705834691414296, 41.506156700085143 ], [ -81.704397469133454, 41.504660589448839 ], [ -81.703768580425105, 41.504992811677603 ], [ -81.705121358288082, 41.506544477868111 ], [ -81.704286358538283, 41.507035588977715 ], [ -81.70281635847202, 41.505475589469356 ], [ -81.702203580867064, 41.505784478367602 ], [ -81.703578580964958, 41.507415588983726 ], [ -81.698922471234525, 41.510085588989163 ], [ -81.697416360040094, 41.508413367285769 ], [ -81.697362471155856, 41.508390589518989 ], [ -81.697315804499809, 41.508401700633378 ], [ -81.69725469340321, 41.508419478414702 ], [ -81.697115804555864, 41.508500589525731 ], [ -81.697076360126687, 41.508540589522177 ], [ -81.697053582363822, 41.508592811736492 ], [ -81.697014693504869, 41.508702811718607 ], [ -81.697022471300599, 41.508795589476591 ], [ -81.697230804641833, 41.509009478297287 ], [ -81.697161360266577, 41.509281700472179 ], [ -81.697068582499213, 41.509252811600142 ], [ -81.697076360233041, 41.509049478307382 ], [ -81.696883582439895, 41.508812811711699 ], [ -81.697022471200043, 41.508314478463554 ], [ -81.696620804506651, 41.507846700828601 ], [ -81.69653580451434, 41.507811700845714 ], [ -81.696381360093596, 41.507794478645337 ], [ -81.696296360108605, 41.507794478655377 ], [ -81.695593582537128, 41.508187811991441 ], [ -81.695492471459531, 41.508262811988097 ], [ -81.695724693704847, 41.508569478564787 ], [ -81.695276360504053, 41.508824478565785 ], [ -81.69545469385163, 41.509043367388976 ], [ -81.695531360521755, 41.509124478474547 ], [ -81.695608582748562, 41.509211700669887 ], [ -81.69567080496445, 41.509234478435616 ], [ -81.69577080496272, 41.509310589519387 ], [ -81.695809693860426, 41.509385589499495 ], [ -81.695801360542973, 41.509454478375332 ], [ -81.695763582784053, 41.509512811701256 ], [ -81.695392471771058, 41.509668367268922 ], [ -81.695662471781475, 41.509946700513552 ], [ -81.695940805134626, 41.510276700413435 ], [ -81.6972008047765, 41.509628367063478 ], [ -81.697269693643719, 41.509582811509048 ], [ -81.697339693630084, 41.509576700390937 ], [ -81.697478582500423, 41.509605589257617 ], [ -81.697524693606965, 41.509622811470791 ], [ -81.697509693626557, 41.509703367011703 ], [ -81.697532471418469, 41.50979058921348 ], [ -81.697586360323157, 41.509911700293515 ], [ -81.697756360329521, 41.510085589126881 ], [ -81.697964693669462, 41.51029336683775 ], [ -81.698057471450312, 41.510386700141069 ], [ -81.698073582568213, 41.510432811240882 ], [ -81.698042471472135, 41.510478366790757 ], [ -81.697918582622137, 41.510559477900017 ], [ -81.69733969390704, 41.510901700120819 ], [ -81.697377471692548, 41.510970588991214 ], [ -81.697037471789955, 41.511149477883748 ], [ -81.696923582950902, 41.511291700090474 ], [ -81.696417471953069, 41.511405589015901 ], [ -81.696370805296468, 41.511414477908431 ], [ -81.696299694194266, 41.51139670014274 ], [ -81.696217471984767, 41.511388366820732 ], [ -81.695828583083625, 41.51100058916802 ], [ -81.695452471959698, 41.510621700400804 ], [ -81.69486469414754, 41.509960589493808 ], [ -81.693738583374454, 41.510625589491283 ], [ -81.694517472314899, 41.511530589214779 ], [ -81.694440805670652, 41.511572811437468 ], [ -81.694371361243768, 41.511598366996004 ], [ -81.693550805626415, 41.510609478405627 ], [ -81.694308583177744, 41.51016670062868 ], [ -81.693808583154052, 41.509630589685884 ], [ -81.692873583402374, 41.510028367493035 ], [ -81.692432472252463, 41.509469478770136 ], [ -81.69239080558971, 41.509453367667227 ], [ -81.692346361150641, 41.5094417010082 ], [ -81.692299694492505, 41.509442812124597 ], [ -81.69179969463103, 41.50968281213477 ], [ -81.69181969464627, 41.509772812114043 ], [ -81.691745805800863, 41.509918367648623 ], [ -81.69167247251309, 41.510074478736506 ], [ -81.691537472581103, 41.510285589820569 ], [ -81.691415805970607, 41.510451700912178 ], [ -81.69185636154036, 41.510891700770443 ], [ -81.692195806006154, 41.511280589539957 ], [ -81.692241361566971, 41.511344478410486 ], [ -81.692265806020885, 41.511410589505203 ], [ -81.692272472708339, 41.511515589482983 ], [ -81.692297472734722, 41.511662811672252 ], [ -81.692334694978925, 41.511799478306692 ], [ -81.692383583884308, 41.511919478276432 ], [ -81.692505806107903, 41.512029478239519 ], [ -81.693266361657393, 41.512643366913409 ], [ -81.693502472784274, 41.512918366829467 ], [ -81.693688583929102, 41.513236700075879 ], [ -81.693773583956485, 41.513439477802358 ], [ -81.693773583990989, 41.513604477768673 ], [ -81.69372580624426, 41.513712811085568 ], [ -81.693669695156004, 41.513774477746331 ], [ -81.693266361993636, 41.514251699918852 ], [ -81.692671362173286, 41.514607811027702 ], [ -81.69072969604936, 41.515562811062296 ], [ -81.690343585038335, 41.515715588854484 ], [ -81.689949696257273, 41.515898366641537 ], [ -81.689578585247759, 41.51607058887253 ], [ -81.689080807612314, 41.516330588878255 ], [ -81.688743585484161, 41.516495588884517 ], [ -81.688317474488883, 41.516689477784155 ], [ -81.687986363469676, 41.516849477790679 ], [ -81.687694696889068, 41.517014477791463 ], [ -81.687269697007494, 41.517221700021636 ], [ -81.686961363760545, 41.517374477804722 ], [ -81.686551363872482, 41.517563366703534 ], [ -81.686244697287123, 41.517693366713274 ], [ -81.68591469738044, 41.517860588940366 ], [ -81.685751364089995, 41.517927811168228 ], [ -81.685546364139583, 41.517991700068265 ], [ -81.684135808974972, 41.518669477874539 ], [ -81.683717475760162, 41.518882811213771 ], [ -81.683166364798296, 41.519130589006124 ], [ -81.682670809383083, 41.519383366790883 ], [ -81.682244698386867, 41.519572811247095 ], [ -81.680943587637714, 41.520204477938741 ], [ -81.680533587748499, 41.520387811283122 ], [ -81.679666365764533, 41.520794477969332 ], [ -81.679162477005391, 41.520989477989083 ], [ -81.678799699326206, 41.52115447799828 ], [ -81.678429699432385, 41.521349478002307 ], [ -81.678097477297285, 41.521485589124907 ], [ -81.677207477542112, 41.521904478033576 ], [ -81.676986366493537, 41.522016700259023 ], [ -81.677025810956991, 41.52214058911801 ], [ -81.677156366549312, 41.522426700155428 ], [ -81.677329699894045, 41.522627811204998 ], [ -81.677511366556999, 41.522763366711487 ], [ -81.677668588794617, 41.522969477761997 ], [ -81.677653588814707, 41.523052811080099 ], [ -81.67697581124925, 41.523495588847737 ], [ -81.676435811427282, 41.523890588831009 ], [ -81.675878589362952, 41.524174477727833 ], [ -81.675413589500508, 41.524439477728748 ], [ -81.675352478417167, 41.524520588830597 ], [ -81.675344700650726, 41.524568366599595 ], [ -81.675350811773313, 41.524628366586548 ], [ -81.675809700698238, 41.525187810862732 ], [ -81.675942478475079, 41.525295588602887 ], [ -81.67601081180004, 41.525313366369026 ], [ -81.676115811780406, 41.525307810802161 ], [ -81.676219700638356, 41.52524781080205 ], [ -81.676291367287234, 41.525223366354126 ], [ -81.676347478391023, 41.525235588567277 ], [ -81.676371367283167, 41.525271699668167 ], [ -81.676371367290727, 41.525307810771963 ], [ -81.676339700637129, 41.525343366323945 ], [ -81.675595811964627, 41.525749477440193 ], [ -81.675350812030317, 41.525856699669504 ], [ -81.675177478753469, 41.525980588553658 ], [ -81.674775812204686, 41.526204477444345 ], [ -81.674238590135332, 41.526481699673546 ], [ -81.673994701324233, 41.526647810779593 ], [ -81.673615812545407, 41.526853366338074 ], [ -81.673331368189466, 41.52703669966764 ], [ -81.672748590586451, 41.52737947744442 ], [ -81.672440812903545, 41.527573366330131 ], [ -81.671273591017098, 41.528192810786251 ], [ -81.670809702276941, 41.528511699664975 ], [ -81.670234702456227, 41.528883366323754 ], [ -81.669208591647404, 41.529461699660544 ], [ -81.668877480630556, 41.529632810775944 ], [ -81.668538591843514, 41.529833366330571 ], [ -81.668026369763737, 41.530081699673957 ], [ -81.667805814274374, 41.530211699673423 ], [ -81.667592481000867, 41.530317810788119 ], [ -81.66737136995603, 41.530447810787749 ], [ -81.667024703387668, 41.53062447745944 ], [ -81.666803592347705, 41.530777810787619 ], [ -81.666527481305224, 41.530872810800872 ], [ -81.666346370243218, 41.530954477472385 ], [ -81.666173592519684, 41.531067810803002 ], [ -81.665999703676064, 41.531137810809298 ], [ -81.665912481486643, 41.531220588580524 ], [ -81.665439703854062, 41.531515588576276 ], [ -81.66515581504504, 41.531657810802997 ], [ -81.664797481721166, 41.531400588675581 ], [ -81.664600815038511, 41.531158366525929 ], [ -81.664356370595286, 41.53095781104016 ], [ -81.66401748168964, 41.530591700043729 ], [ -81.663646370564891, 41.530213366831333 ], [ -81.66334637055607, 41.529918366926921 ], [ -81.663031370535165, 41.529552811483164 ], [ -81.66270081497504, 41.529251700472528 ], [ -81.662487481627323, 41.52900336721499 ], [ -81.662329703842872, 41.528838367267205 ], [ -81.662227481614039, 41.528720589525548 ], [ -81.662333592699738, 41.528688367297434 ], [ -81.662507481539237, 41.528599478406043 ], [ -81.662759703684927, 41.528446700629665 ], [ -81.663067481371328, 41.52826947840709 ], [ -81.663256370202191, 41.528151700631007 ], [ -81.66349359236392, 41.528062811732219 ], [ -81.663792481162872, 41.527885589510781 ], [ -81.663982481111049, 41.527797811728462 ], [ -81.664202481044995, 41.527667811728953 ], [ -81.66437636988573, 41.527584478392086 ], [ -81.664447480979305, 41.527560589499636 ], [ -81.664667480910836, 41.527419478391337 ], [ -81.664817480865793, 41.527330589502768 ], [ -81.665148591878875, 41.527141700613242 ], [ -81.665377480690253, 41.526964478400082 ], [ -81.665669702828836, 41.526811700618879 ], [ -81.665953591639152, 41.526675589501984 ], [ -81.666118591595193, 41.526604478385856 ], [ -81.666386369276211, 41.526368367291298 ], [ -81.666654702533791, 41.526232811731639 ], [ -81.666986369108514, 41.526073367280453 ], [ -81.667246369029357, 41.525914478393311 ], [ -81.667609702262652, 41.525742811718608 ], [ -81.667971368817305, 41.52551281172282 ], [ -81.668184702085739, 41.525382811724093 ], [ -81.66808970207795, 41.525265589536971 ], [ -81.667979702062638, 41.52509947847274 ], [ -81.667955813152034, 41.524975589611898 ], [ -81.667939702006692, 41.524798367427699 ], [ -81.667924701989691, 41.524704478559755 ], [ -81.667908590856769, 41.524586700807838 ], [ -81.667876368621634, 41.52449781194089 ], [ -81.667845813050505, 41.524397811964867 ], [ -81.667711368606405, 41.524285589781442 ], [ -81.667742479677273, 41.524119478700548 ], [ -81.667742479644019, 41.523960589843945 ], [ -81.667703590710133, 41.523712812121289 ], [ -81.667671368466387, 41.523582812151588 ], [ -81.667671368440352, 41.523458367732509 ], [ -81.66755359064156, 41.523258367787172 ], [ -81.667537479518515, 41.523187812248011 ], [ -81.667435812825119, 41.522974478970113 ], [ -81.667324701712744, 41.522874479003697 ], [ -81.667017479541016, 41.522856701265788 ], [ -81.666780812934803, 41.522945590164525 ], [ -81.666654701890323, 41.523157812358363 ], [ -81.666599701960777, 41.523447812305761 ], [ -81.666528590923832, 41.523742812254035 ], [ -81.666465813237295, 41.524125589961244 ], [ -81.666465813313906, 41.524491700997743 ], [ -81.666536368932313, 41.524851700915974 ], [ -81.666382480088586, 41.524937812027737 ], [ -81.666090813506784, 41.525096700918709 ], [ -81.665759702497354, 41.525303367582431 ], [ -81.665396369268848, 41.525497812030089 ], [ -81.6652074804405, 41.525627812025938 ], [ -81.664947480521022, 41.525792812023091 ], [ -81.664710813914709, 41.525881700921836 ], [ -81.664410813991111, 41.525993367601188 ], [ -81.664114702960447, 41.526128367608649 ], [ -81.664071369670793, 41.526300589800933 ], [ -81.664055814163603, 41.526518367536141 ], [ -81.664103591988692, 41.526784478587352 ], [ -81.66399636979834, 41.526846700809564 ], [ -81.663862480953085, 41.526941700805978 ], [ -81.663657481000257, 41.526994478597253 ], [ -81.663484703224498, 41.526858367534309 ], [ -81.663346369881538, 41.526695589806096 ], [ -81.663235814332126, 41.526631700943256 ], [ -81.663093592144833, 41.526678367617265 ], [ -81.66295248107582, 41.526760589839363 ], [ -81.662794703344503, 41.526849478728764 ], [ -81.662526370077032, 41.526937812075829 ], [ -81.662258592370208, 41.527050589862277 ], [ -81.662037481325029, 41.527179478751037 ], [ -81.661784703625429, 41.52733947874831 ], [ -81.661524703631784, 41.527150589928638 ], [ -81.661461370273813, 41.526979478859857 ], [ -81.661335814705907, 41.526814478908356 ], [ -81.661138592502482, 41.526737812280594 ], [ -81.660992481421459, 41.526758367849233 ], [ -81.660799703665802, 41.526701701216922 ], [ -81.66064137035815, 41.526690590126847 ], [ -81.660397481504759, 41.526654479051864 ], [ -81.660318592607538, 41.526548367971714 ], [ -81.660113592625137, 41.526459479125201 ], [ -81.659726370504899, 41.526619479138354 ], [ -81.65969581497319, 41.526707812457232 ], [ -81.659411370606165, 41.526837812464358 ], [ -81.659206370650864, 41.526878368035874 ], [ -81.659033592921034, 41.526961701372699 ], [ -81.658417481982909, 41.527268368049647 ], [ -81.658039704318796, 41.527492812493009 ], [ -81.657739704419868, 41.52772281248162 ], [ -81.657795815544702, 41.527835590229692 ], [ -81.657842482221469, 41.527923367984144 ], [ -81.65788970445756, 41.528029479068017 ], [ -81.658078593319374, 41.528059479039577 ], [ -81.658307482171708, 41.528077812342119 ], [ -81.658504704361292, 41.528088367872208 ], [ -81.658638593225547, 41.52808336785742 ], [ -81.65882748208341, 41.528094478943977 ], [ -81.659009704263667, 41.52804781226525 ], [ -81.659245815320645, 41.527988367805058 ], [ -81.659356370849352, 41.527953367799078 ], [ -81.659506370809325, 41.527888367794638 ], [ -81.659640815223682, 41.527858367784866 ], [ -81.65974248186015, 41.527799478895872 ], [ -81.659868592919395, 41.527658367798672 ], [ -81.659892481776879, 41.527528367822349 ], [ -81.659829703986759, 41.527416701185857 ], [ -81.659782481754277, 41.527327812320678 ], [ -81.65975081506221, 41.527179479021306 ], [ -81.659892481680473, 41.527067812360649 ], [ -81.660018592770456, 41.527073367900179 ], [ -81.660160814988757, 41.52717447897389 ], [ -81.660263592770562, 41.527280590051213 ], [ -81.660310814998056, 41.52734559003234 ], [ -81.660397481690211, 41.527540589982323 ], [ -81.66042859282048, 41.527658367732485 ], [ -81.660444703958277, 41.527799478812881 ], [ -81.660349704019765, 41.528012812114021 ], [ -81.660160815182593, 41.528100589896219 ], [ -81.659979704114562, 41.528153367684666 ], [ -81.659782481944518, 41.528236701024305 ], [ -81.659506370895841, 41.528301701043631 ], [ -81.659366370952142, 41.528452812140571 ], [ -81.659100815458103, 41.528522812157711 ], [ -81.658958593275813, 41.528593367715679 ], [ -81.658524704486993, 41.528705589966258 ], [ -81.658248593440788, 41.528782812205378 ], [ -81.658217482353777, 41.528871701079908 ], [ -81.658193593488747, 41.528965589952435 ], [ -81.658043593538736, 41.529077812169476 ], [ -81.657767482503587, 41.529207812175621 ], [ -81.657609704769712, 41.529284478845348 ], [ -81.657444704806196, 41.52931947885768 ], [ -81.657144704879101, 41.529414478873811 ], [ -81.656845816051558, 41.529455590011821 ], [ -81.656691371621363, 41.529393367820624 ], [ -81.656643593814763, 41.529215590084682 ], [ -81.656517482690148, 41.529044479023405 ], [ -81.656336371567818, 41.528838367975609 ], [ -81.656123593812907, 41.528767812459613 ], [ -81.655941371622774, 41.528767812481149 ], [ -81.655776371662995, 41.528820590267706 ], [ -81.655673593910691, 41.528855590272769 ], [ -81.655524705068032, 41.528950590270959 ], [ -81.655445816212662, 41.529044479150073 ], [ -81.655453594023882, 41.529210590226398 ], [ -81.655484705166586, 41.529387812408828 ], [ -81.65549248297755, 41.529552812374249 ], [ -81.655484705245428, 41.529764478998707 ], [ -81.655531371945898, 41.52996559006327 ], [ -81.655571372022848, 41.530366701087971 ], [ -81.655650816513983, 41.530656701019481 ], [ -81.655667483200787, 41.530766700995038 ], [ -81.655667483225898, 41.530886700970569 ], [ -81.655610816584058, 41.530957812073908 ], [ -81.655550816602556, 41.530995589851095 ], [ -81.655492483287503, 41.531033367628091 ], [ -81.655346372215448, 41.53109670096579 ], [ -81.655257483349743, 41.53113281208001 ], [ -81.655169705588648, 41.531138367644822 ], [ -81.654873594524602, 41.531113367684895 ], [ -81.654573594580071, 41.531125589940132 ], [ -81.654226372425242, 41.531154478864167 ], [ -81.653950816931982, 41.53121947888345 ], [ -81.653824705850667, 41.531255590002175 ], [ -81.653765816972765, 41.531258367786307 ], [ -81.653643594770273, 41.53124947891375 ], [ -81.653477483663863, 41.531131701179547 ], [ -81.653380817009349, 41.531108367862409 ], [ -81.653292483692894, 41.531114478982701 ], [ -81.653203594823552, 41.531132812322817 ], [ -81.652972483768906, 41.531207812334827 ], [ -81.652810817138956, 41.531246701234934 ], [ -81.652730817151777, 41.531240590134544 ], [ -81.65261859493684, 41.531180590160055 ], [ -81.652545817171927, 41.531180590168653 ], [ -81.65248137274385, 41.531204479060321 ], [ -81.652409706103711, 41.531270590166393 ], [ -81.652385817231561, 41.531330590156976 ], [ -81.652409706126292, 41.531378367922137 ], [ -81.65244970612541, 41.531408367911297 ], [ -81.652497483901087, 41.531438367899618 ], [ -81.652696372781904, 41.531567812294135 ], [ -81.652949706095256, 41.531685590017929 ], [ -81.653292483847579, 41.53185336772102 ], [ -81.653595817172643, 41.53206947875217 ], [ -81.653816372722488, 41.532228367582704 ], [ -81.654005817169576, 41.532400589747368 ], [ -81.65416359496129, 41.532600589687988 ], [ -81.654187483890524, 41.5328133674196 ], [ -81.654195817273092, 41.533055589591442 ], [ -81.654195817310196, 41.533232811777559 ], [ -81.654210817353231, 41.533450589509158 ], [ -81.653638595294368, 41.533748367293846 ], [ -81.653347484260721, 41.533872811747337 ], [ -81.653094706557198, 41.534014478415095 ], [ -81.652661373344827, 41.534226700645277 ], [ -81.65246859562545, 41.534342811755529 ], [ -81.65218581793421, 41.534517811753297 ], [ -81.651974706888439, 41.534651700639841 ], [ -81.651604706991975, 41.534834478424131 ], [ -81.651210818209833, 41.535011700656732 ], [ -81.650981373831783, 41.535135589547515 ], [ -81.650579707278141, 41.535336700665162 ], [ -81.650208596275732, 41.53554281177815 ], [ -81.64990137413497, 41.53567281178799 ], [ -81.649751374181363, 41.535767811786322 ], [ -81.649585818671071, 41.535844478456973 ], [ -81.649333596518161, 41.535962811796033 ], [ -81.648899707744135, 41.536145589587875 ], [ -81.64863581893583, 41.536307811808165 ], [ -81.64850581894575, 41.536245589614012 ], [ -81.648371374510134, 41.536174478533248 ], [ -81.648237485605335, 41.535985589698683 ], [ -81.647945818930964, 41.535702812013078 ], [ -81.647661374486006, 41.535460589873786 ], [ -81.647393596699729, 41.535194478848581 ], [ -81.647125818910055, 41.534911701160148 ], [ -81.647015818896165, 41.534752812316647 ], [ -81.646825818892381, 41.534574479042092 ], [ -81.646543596771053, 41.53481836791466 ], [ -81.646183596889344, 41.535079479015153 ], [ -81.645835819225567, 41.535330590116111 ], [ -81.645510819320563, 41.535510590117923 ], [ -81.645114708347307, 41.535834478987617 ], [ -81.644658597378651, 41.536130590092306 ], [ -81.643812486493914, 41.536498367895227 ], [ -81.64312359778657, 41.53678447902945 ], [ -81.642778597876415, 41.536922812375465 ], [ -81.642483597968891, 41.537115590148801 ], [ -81.642360820224582, 41.537171701262942 ], [ -81.641830820377791, 41.537456701267573 ], [ -81.64146137607581, 41.537825590124939 ], [ -81.640772487538158, 41.538921701094175 ], [ -81.640390821027694, 41.539345589941895 ], [ -81.640144710012152, 41.539594478809057 ], [ -81.640033598936171, 41.539668367696017 ], [ -81.639873598979676, 41.539741701033456 ], [ -81.639738599019012, 41.539815589923215 ], [ -81.639664710154705, 41.539870589920689 ], [ -81.639430821332255, 41.539990589923882 ], [ -81.639159710301968, 41.540147812146166 ], [ -81.639011377017852, 41.540257812141327 ], [ -81.638827488180695, 41.540349478811009 ], [ -81.63874137710016, 41.540423367694999 ], [ -81.638531377156582, 41.540515589923352 ], [ -81.638359710547235, 41.540644478806186 ], [ -81.638260821685449, 41.54069058991962 ], [ -81.638100821719505, 41.540718367710717 ], [ -81.638023599523365, 41.540777812152122 ], [ -81.637569710760701, 41.540997812160974 ], [ -81.63702082203362, 41.541307812162692 ], [ -81.636553599948755, 41.541569478831377 ], [ -81.63624637782209, 41.54176670104971 ], [ -81.636085822313206, 41.541854478828562 ], [ -81.635866377912194, 41.541876701072184 ], [ -81.635661377929864, 41.541788367781066 ], [ -81.635544711258618, 41.541668367819334 ], [ -81.63551582235884, 41.541591701171761 ], [ -81.635515822338249, 41.541493367858408 ], [ -81.635588600096213, 41.541460590078742 ], [ -81.635691377858237, 41.541471701175382 ], [ -81.635778600074275, 41.541515590045087 ], [ -81.635881377847511, 41.541580590019656 ], [ -81.635968600065894, 41.541635589998144 ], [ -81.636041377830807, 41.541635589989539 ], [ -81.636158600020735, 41.541580589986872 ], [ -81.636611377661495, 41.541307812211116 ], [ -81.636713599852342, 41.541244478878674 ], [ -81.636802488706408, 41.541152812220169 ], [ -81.636882488683412, 41.541110589997039 ], [ -81.636977488662154, 41.541089478879023 ], [ -81.637204710820711, 41.540976701097357 ], [ -81.637750821765209, 41.54064170110103 ], [ -81.637874710607946, 41.540525589998914 ], [ -81.637885821703961, 41.540462812232654 ], [ -81.637732488361564, 41.54029059006362 ], [ -81.637356377233075, 41.539890590189643 ], [ -81.6372397105782, 41.539848367989791 ], [ -81.636950821738353, 41.539839479136837 ], [ -81.636735821782295, 41.539867812489867 ], [ -81.636519710718844, 41.539913368061661 ], [ -81.63489748899768, 41.540938368044714 ], [ -81.634870822338527, 41.54095170137844 ], [ -81.634153600317276, 41.541306701390901 ], [ -81.633841378189743, 41.541495590278224 ], [ -81.633601378267997, 41.54166670138288 ], [ -81.633252489491326, 41.541908368041575 ], [ -81.633517489503092, 41.542187812397778 ], [ -81.633841378389377, 41.542448367861915 ], [ -81.634117489517678, 41.542762812209624 ], [ -81.63451360057573, 41.542843367701913 ], [ -81.634753600523894, 41.542798367682707 ], [ -81.635150822651582, 41.542681700992766 ], [ -81.635654711415697, 41.542510589856988 ], [ -81.636170822439396, 41.542528367570071 ], [ -81.636759711231875, 41.54256447860422 ], [ -81.637004711186563, 41.542554478577266 ], [ -81.637431377774476, 41.54253781186349 ], [ -81.637911377687757, 41.542528367364227 ], [ -81.638223599869988, 41.542600589534821 ], [ -81.63805582221039, 41.543023367246285 ], [ -81.637659711267105, 41.543490589420173 ], [ -81.63739582251327, 41.543912811587596 ], [ -81.637112489291312, 41.544205589339199 ], [ -81.636704711707878, 41.544789478157334 ], [ -81.636152489754366, 41.54560670027837 ], [ -81.635623601118951, 41.546370589074137 ], [ -81.635215823531809, 41.546936700118138 ], [ -81.634807490372395, 41.547422811178485 ], [ -81.634116379455733, 41.547768366745366 ], [ -81.633504712968531, 41.548109477859299 ], [ -81.632843601961213, 41.548047811283453 ], [ -81.632447490912455, 41.548011700226489 ], [ -81.631756379910442, 41.547950589209591 ], [ -81.631201379970776, 41.547770589311931 ], [ -81.630874713261605, 41.547292811670133 ], [ -81.630486379913108, 41.546893367353007 ], [ -81.630063602113211, 41.546431700830411 ], [ -81.629705824321746, 41.546065589836203 ], [ -81.629445824321834, 41.54584670102269 ], [ -81.629104713206459, 41.5455394789034 ], [ -81.628953602095606, 41.545413367835806 ], [ -81.628809713218956, 41.545350590087878 ], [ -81.628464713211201, 41.54502281241767 ], [ -81.628380824319891, 41.544940590222154 ], [ -81.628127490995638, 41.544770590286817 ], [ -81.62799360210397, 41.544644479217183 ], [ -81.627959713207943, 41.544581701456245 ], [ -81.627833602091329, 41.544449479275876 ], [ -81.62766471319263, 41.544260590445461 ], [ -81.627462490977067, 41.544121701608759 ], [ -81.627252491033957, 41.544216701614189 ], [ -81.627041379974585, 41.544285590514022 ], [ -81.626839713359459, 41.544361701633562 ], [ -81.626468602341376, 41.544493368317276 ], [ -81.626292491277368, 41.544569479433697 ], [ -81.626064713571367, 41.54472059054094 ], [ -81.626014713602714, 41.544827812747229 ], [ -81.625441380455641, 41.545233368287967 ], [ -81.624868602847698, 41.545561701622226 ], [ -81.624439714074626, 41.545753368300538 ], [ -81.623925825355059, 41.546128368284954 ], [ -81.623740825432691, 41.546342812707564 ], [ -81.623100825617016, 41.546683368269463 ], [ -81.622664714613236, 41.546828368291429 ], [ -81.622383603576083, 41.546944479412247 ], [ -81.622073603657824, 41.547073368311459 ], [ -81.62143360385798, 41.547489479413571 ], [ -81.621249715042708, 41.547685590506461 ], [ -81.620575826357324, 41.5480894793928 ], [ -81.620187493167663, 41.548447812699052 ], [ -81.619749715533317, 41.548763368242106 ], [ -81.619471382256307, 41.548797812712472 ], [ -81.618907493541414, 41.549153368262324 ], [ -81.618520826981495, 41.549336701604027 ], [ -81.61801471601369, 41.549594479389185 ], [ -81.617660827250788, 41.549897812702547 ], [ -81.617206382948567, 41.550193368251691 ], [ -81.61680138307031, 41.55043336825068 ], [ -81.616398605419249, 41.550698368244333 ], [ -81.616060827714051, 41.55076059049393 ], [ -81.615589716768099, 41.551151701581041 ], [ -81.615295828014169, 41.551548368201729 ], [ -81.614679717034591, 41.55165670158587 ], [ -81.614376383794095, 41.551844479361193 ], [ -81.6138713839443, 41.552135590472858 ], [ -81.613433606304369, 41.552424479354606 ], [ -81.612793606496609, 41.552802812686629 ], [ -81.612490828812071, 41.552992812683769 ], [ -81.612119717806095, 41.553181701578083 ], [ -81.611647495756827, 41.553609479324635 ], [ -81.61116638479966, 41.55393836820339 ], [ -81.610637496122834, 41.554504479261801 ], [ -81.610199718454155, 41.55465670150479 ], [ -81.609929718554611, 41.554908368152091 ], [ -81.609525829805605, 41.555235590355444 ], [ -81.609121385496039, 41.555538368119407 ], [ -81.608608607901061, 41.55597836809055 ], [ -81.607874719207871, 41.556294479224064 ], [ -81.607470830443134, 41.556546701442691 ], [ -81.607167497295748, 41.557177812461127 ], [ -81.60696583077555, 41.557706701266206 ], [ -81.606392497649139, 41.558210590120254 ], [ -81.605213609036994, 41.558538367970819 ], [ -81.604708609105046, 41.558437812495441 ], [ -81.604560831364935, 41.55849336805715 ], [ -81.603751387127986, 41.558801701423505 ], [ -81.603360831723748, 41.559194479167573 ], [ -81.602858609663571, 41.55954447915564 ], [ -81.602502498663569, 41.559774479151038 ], [ -81.602178609872439, 41.559968368038739 ], [ -81.601903609954235, 41.56012670137234 ], [ -81.60168638779993, 41.560267812480447 ], [ -81.601475832305979, 41.56038447914824 ], [ -81.601276387921558, 41.56050281248109 ], [ -81.601061387985453, 41.560626701370147 ], [ -81.600970832458202, 41.560685590257741 ], [ -81.600883610255863, 41.560706701374947 ], [ -81.600776388055252, 41.560719479162792 ], [ -81.600581388092237, 41.560731701405658 ], [ -81.600433610341867, 41.560738368088387 ], [ -81.600287499252786, 41.560720590331556 ], [ -81.600167499274804, 41.560724479233819 ], [ -81.600027499305995, 41.560755590355257 ], [ -81.599867499339695, 41.560781701479925 ], [ -81.599555832767948, 41.56097170147811 ], [ -81.599443610584927, 41.561064479250312 ], [ -81.599365832837378, 41.561142812576804 ], [ -81.599282499533473, 41.561213368127923 ], [ -81.599220832892897, 41.561285590342756 ], [ -81.599212499579707, 41.561374479214507 ], [ -81.599199721828953, 41.56149281252528 ], [ -81.599179721846951, 41.561561701402503 ], [ -81.599138610761258, 41.56164836805636 ], [ -81.599088610781649, 41.561703368051006 ], [ -81.598968610826972, 41.561818368041806 ], [ -81.598765833109809, 41.561936701375068 ], [ -81.59851749985522, 41.562103368037199 ], [ -81.598310833262474, 41.562281701358685 ], [ -81.597925833388047, 41.562556701348257 ], [ -81.597342500237758, 41.562938368006179 ], [ -81.596783611524799, 41.563306701330674 ], [ -81.596597500479589, 41.563464479098343 ], [ -81.596432500529474, 41.563563367986632 ], [ -81.596324722784942, 41.563631701318769 ], [ -81.596233611693975, 41.563650590214564 ], [ -81.596122500603684, 41.563656701337642 ], [ -81.595844722915615, 41.563850590219886 ], [ -81.595527500796535, 41.56407559021158 ], [ -81.595397500836555, 41.564156701321608 ], [ -81.595281389752458, 41.564187812440125 ], [ -81.595190834220773, 41.564225590220936 ], [ -81.595070834256177, 41.564293367999127 ], [ -81.594950834294849, 41.564376701329671 ], [ -81.594739723259295, 41.56455947909523 ], [ -81.594544723325214, 41.564709479087753 ], [ -81.594341390057551, 41.564851701305109 ], [ -81.594151390119748, 41.564988367966365 ], [ -81.594018612382214, 41.565068367965758 ], [ -81.593916390189435, 41.565122812411275 ], [ -81.593766390235146, 41.565214479076978 ], [ -81.593671390265598, 41.565279479075031 ], [ -81.593625834729593, 41.565334479069243 ], [ -81.593559723641945, 41.56539059017669 ], [ -81.59345639033522, 41.565430590180796 ], [ -81.593402501457916, 41.565440590185162 ], [ -81.593303612589608, 41.565455590193814 ], [ -81.593059723772882, 41.565594479083238 ], [ -81.592905834940339, 41.565733367962089 ], [ -81.592744723891599, 41.565895590170356 ], [ -81.592590835053016, 41.566005590166213 ], [ -81.592412501781084, 41.566148367935931 ], [ -81.592317501821228, 41.566259479035715 ], [ -81.592239724081978, 41.566377812354162 ], [ -81.592077501926696, 41.566560590113859 ], [ -81.591957501974591, 41.566687812324425 ], [ -81.591845835340209, 41.566747812325403 ], [ -81.591725835383443, 41.56685281231821 ], [ -81.591630835418343, 41.566939478978547 ], [ -81.591519724356729, 41.567081701184904 ], [ -81.591403613299903, 41.567242812276959 ], [ -81.59132083555653, 41.567336701156492 ], [ -81.591208613376338, 41.567442812259351 ], [ -81.591129724524521, 41.567553367801715 ], [ -81.591034724573177, 41.567705590004159 ], [ -81.590898613521219, 41.567872812208428 ], [ -81.5907613913582, 41.568039478857401 ], [ -81.590629724743593, 41.568176701067259 ], [ -81.590542502552822, 41.568253367728673 ], [ -81.590451391477373, 41.568346701053777 ], [ -81.590360835961178, 41.568457812152943 ], [ -81.590276391554667, 41.568567812140579 ], [ -81.590298613790566, 41.568651701009756 ], [ -81.590339724908091, 41.568716700991629 ], [ -81.590435836024582, 41.568822812069733 ], [ -81.590492502696037, 41.568893367604169 ], [ -81.590526391592562, 41.568958367586973 ], [ -81.590538613823853, 41.569011700907964 ], [ -81.590534724950516, 41.569082812005071 ], [ -81.590526391629538, 41.569134478662214 ], [ -81.590509724973188, 41.569169478657038 ], [ -81.590435836114153, 41.569249478649525 ], [ -81.590397502798098, 41.569299478643849 ], [ -81.590348613933998, 41.569376700856118 ], [ -81.59031583617498, 41.569438367514159 ], [ -81.590232502877171, 41.569537811948187 ], [ -81.590161391792321, 41.569602811943312 ], [ -81.590103614039464, 41.569673367491404 ], [ -81.589864725264619, 41.570015589672195 ], [ -81.589726391998866, 41.570221700757706 ], [ -81.589688614252211, 41.570337811849662 ], [ -81.589572503193878, 41.5704917007209 ], [ -81.589546392103429, 41.570568367375074 ], [ -81.589533614344148, 41.57064558958308 ], [ -81.589623614342372, 41.570712811781007 ], [ -81.589855836565988, 41.570914478378995 ], [ -81.590138614342365, 41.571145589409596 ], [ -81.590510836561506, 41.571443367082693 ], [ -81.590613614341308, 41.571539478162009 ], [ -81.590923614337697, 41.571782811409143 ], [ -81.590450836717437, 41.572135589171005 ], [ -81.590157503456609, 41.572234478074499 ], [ -81.590025836815983, 41.572247811420738 ], [ -81.589884725732176, 41.572259478101635 ], [ -81.58967750353753, 41.572216700357131 ], [ -81.589511392441395, 41.572148367057416 ], [ -81.589395836906178, 41.572148367071101 ], [ -81.589205836931825, 41.572110589323486 ], [ -81.589081392499082, 41.572061700459329 ], [ -81.58895750362548, 41.572030589369213 ], [ -81.588799725872846, 41.572017811612653 ], [ -81.588658614795904, 41.572061700509401 ], [ -81.588509725951411, 41.57214836717602 ], [ -81.588393614872317, 41.572203367178581 ], [ -81.588195837137306, 41.572240589416602 ], [ -81.588062503835417, 41.5722783672025 ], [ -81.587988614973924, 41.57234670053073 ], [ -81.587955837225195, 41.572457811623053 ], [ -81.587955837247364, 41.572563367157045 ], [ -81.587979726150166, 41.572649478247882 ], [ -81.587955837292981, 41.572780589335053 ], [ -81.587921392872687, 41.572866700432733 ], [ -81.587739726261503, 41.572978367098159 ], [ -81.587574726312681, 41.573083367096302 ], [ -81.587493615232717, 41.573163367089656 ], [ -81.587400837485845, 41.5732328115309 ], [ -81.587276393085403, 41.573337811524247 ], [ -81.587358615317811, 41.57345558926837 ], [ -81.587590837554984, 41.573721700297767 ], [ -81.587772504224873, 41.573889478019801 ], [ -81.587830837563459, 41.573963366886808 ], [ -81.587732504268416, 41.574063366878015 ], [ -81.587714726512601, 41.574152811306369 ], [ -81.587690837637339, 41.574197811300039 ], [ -81.587648615431775, 41.57424170018497 ], [ -81.587583615447002, 41.574259477966791 ], [ -81.587535837672121, 41.574233366866714 ], [ -81.586713615469634, 41.573636700418938 ], [ -81.586505837704166, 41.573520589356072 ], [ -81.586332504389006, 41.573461700499614 ], [ -81.586153615517816, 41.573395589423193 ], [ -81.585917504429702, 41.573306700580382 ], [ -81.585825837785691, 41.573337811696007 ], [ -81.585635837839746, 41.573435589476397 ], [ -81.585522504544286, 41.573520589472515 ], [ -81.585391393472051, 41.573595589472745 ], [ -81.585218615749142, 41.573711700580688 ], [ -81.585134726897408, 41.573818367235489 ], [ -81.585063615814818, 41.573894478339625 ], [ -81.584985838068661, 41.573979478331545 ], [ -81.584896393654901, 41.574050589438691 ], [ -81.584890838118966, 41.574139478310123 ], [ -81.584938615902402, 41.574206700512953 ], [ -81.585039727011662, 41.57428281159666 ], [ -81.585075838127551, 41.57433558935945 ], [ -81.584997504828564, 41.574433367126495 ], [ -81.584914727077646, 41.574491700457791 ], [ -81.58483139377303, 41.574558367120751 ], [ -81.584717504921031, 41.574638367117991 ], [ -81.584598616042427, 41.574587811586795 ], [ -81.584425838267947, 41.574458367189123 ], [ -81.583455838301404, 41.573802811881968 ], [ -81.58307972721181, 41.573589478636556 ], [ -81.582870838346153, 41.573524478674578 ], [ -81.582740838369531, 41.573526700911742 ], [ -81.582555838411579, 41.573571700924475 ], [ -81.582418616221972, 41.573611700932609 ], [ -81.582293616241145, 41.573597812061351 ], [ -81.582222505135221, 41.573562812076844 ], [ -81.582091394037761, 41.573517812101549 ], [ -81.581936394076365, 41.573571700997839 ], [ -81.58179972744496, 41.573624478781063 ], [ -81.581739727471543, 41.573700589883757 ], [ -81.581703616385511, 41.573789478758819 ], [ -81.581727505299156, 41.573927812061143 ], [ -81.581352505402464, 41.574104478736281 ], [ -81.581137505463687, 41.574215589850191 ], [ -81.580994727734435, 41.574326700955623 ], [ -81.580774727792971, 41.574420589851478 ], [ -81.580506394542411, 41.5745894787377 ], [ -81.580196394637383, 41.574781700957502 ], [ -81.580017505804818, 41.574899478732441 ], [ -81.579928616941913, 41.57494836762195 ], [ -81.579863616968254, 41.575019478726297 ], [ -81.579833616994293, 41.575117812043125 ], [ -81.579807505905137, 41.575200589807153 ], [ -81.579714728157342, 41.57526558980485 ], [ -81.579547505985175, 41.575363367582547 ], [ -81.579428617143407, 41.575487812015716 ], [ -81.579332506068113, 41.575577812008838 ], [ -81.579221395003472, 41.575705589773762 ], [ -81.579130839488826, 41.575824478649132 ], [ -81.579047506192651, 41.575931700859378 ], [ -81.578916395115016, 41.575980589753804 ], [ -81.578826395130093, 41.575976700876396 ], [ -81.578701395163179, 41.576029478658242 ], [ -81.578588617434335, 41.576167811976759 ], [ -81.578439728594134, 41.576274478639363 ], [ -81.578301395301793, 41.576353367528526 ], [ -81.577986395403983, 41.576575589742795 ], [ -81.577807506566856, 41.576671700855478 ], [ -81.577700839935062, 41.576747811963806 ], [ -81.577566395546896, 41.576903367503512 ], [ -81.577303617856671, 41.577099478605859 ], [ -81.577023617950175, 41.577309478596234 ], [ -81.576568618096374, 41.57762336747512 ], [ -81.576395840375326, 41.577748367470178 ], [ -81.576181396008877, 41.57793947856775 ], [ -81.576038618276925, 41.578037811897943 ], [ -81.575859729438193, 41.578126700789909 ], [ -81.575722507247775, 41.578162811909884 ], [ -81.575567507288369, 41.578225589693275 ], [ -81.575448618438003, 41.578309478579193 ], [ -81.575360840691246, 41.57838336746341 ], [ -81.5752758407138, 41.578419478577196 ], [ -81.575192507406399, 41.578472811909506 ], [ -81.575150840765787, 41.578561700785301 ], [ -81.575126396345382, 41.57865558965792 ], [ -81.5750813963664, 41.578717811872806 ], [ -81.574989729727193, 41.578771700761592 ], [ -81.574912507543786, 41.578891700746276 ], [ -81.574804729805535, 41.578989478516924 ], [ -81.574721396495349, 41.57902947851867 ], [ -81.574625840967954, 41.579083367407911 ], [ -81.5744475077027, 41.57925781183792 ], [ -81.574155841147387, 41.579542811814477 ], [ -81.574042507854543, 41.579640589585672 ], [ -81.573917507893412, 41.579720589584248 ], [ -81.573774730168964, 41.579854478462856 ], [ -81.573583619119688, 41.579988367346992 ], [ -81.573333619203936, 41.580179478448891 ], [ -81.573094730395169, 41.580360589551397 ], [ -81.572885841579705, 41.580534478429605 ], [ -81.572695841649733, 41.580708367305597 ], [ -81.572570841692396, 41.580806700633758 ], [ -81.572445841733995, 41.58089947840741 ], [ -81.572278619575044, 41.581060589505434 ], [ -81.57214084185479, 41.581218367267489 ], [ -81.571938619713592, 41.581434478358574 ], [ -81.571737508688912, 41.581676700555256 ], [ -81.571462508800195, 41.581975589415819 ], [ -81.571218620004132, 41.582212811618618 ], [ -81.571009731180979, 41.582350589393116 ], [ -81.57080139792464, 41.58254170048999 ], [ -81.570652509092255, 41.582685589367216 ], [ -81.570497509147458, 41.582818367136291 ], [ -81.570354731422881, 41.582951700459404 ], [ -81.570229731479571, 41.583116700440591 ], [ -81.570163620398375, 41.583203367097504 ], [ -81.570151398187718, 41.58324836708978 ], [ -81.570139731537253, 41.583315589299666 ], [ -81.570074731557156, 41.583355589299238 ], [ -81.569984731569306, 41.583337811535692 ], [ -81.56982973159846, 41.583346700441169 ], [ -81.569669731636949, 41.583395589339005 ], [ -81.56956750944768, 41.583466700447779 ], [ -81.569275842887691, 41.583729478206671 ], [ -81.569085842955062, 41.583890589307394 ], [ -81.56889473189915, 41.583992811531466 ], [ -81.568763620825138, 41.584059478200103 ], [ -81.568608620874983, 41.584166700418841 ], [ -81.568501398688483, 41.584246700415214 ], [ -81.568435843169922, 41.584367811509502 ], [ -81.568394732088549, 41.584474478159329 ], [ -81.568376398774191, 41.584549478146229 ], [ -81.56837084323854, 41.584639478128537 ], [ -81.568340843250382, 41.584670589236886 ], [ -81.568245843267178, 41.584670589248134 ], [ -81.568143621057146, 41.584643367043533 ], [ -81.568043621074736, 41.58464281149989 ], [ -81.567917510007419, 41.584745589271755 ], [ -81.56775639893894, 41.584812811499333 ], [ -81.567648621189832, 41.584859478169307 ], [ -81.567476399017778, 41.584953367059512 ], [ -81.567291399081313, 41.585100589273601 ], [ -81.567136399131229, 41.585207811492339 ], [ -81.567041399160885, 41.585269478157755 ], [ -81.566945843646593, 41.585385589256568 ], [ -81.56685639924612, 41.585519478128752 ], [ -81.5667558437232, 41.585590589237313 ], [ -81.56661862155147, 41.585715589228073 ], [ -81.566463621608733, 41.585857811439752 ], [ -81.56637973276537, 41.586004478086451 ], [ -81.56628473281134, 41.586143366958346 ], [ -81.566123621779568, 41.586385589150318 ], [ -81.565986399623824, 41.586586700236737 ], [ -81.565927510766699, 41.586688366889668 ], [ -81.56588584413646, 41.586826700199765 ], [ -81.565867510827616, 41.586927811292469 ], [ -81.565796399751903, 41.587036700167559 ], [ -81.565665844235411, 41.587112811278736 ], [ -81.565587510918576, 41.587125589063163 ], [ -81.565499733154923, 41.58711947796364 ], [ -81.56535751095852, 41.587122811313151 ], [ -81.565236399865995, 41.587109477996933 ], [ -81.565125844316256, 41.587044478023223 ], [ -81.564900844320178, 41.586874478084468 ], [ -81.564844733217726, 41.586868366981363 ], [ -81.564797511006063, 41.58687947809576 ], [ -81.564715844358332, 41.586900589212206 ], [ -81.564654733263254, 41.586925589214388 ], [ -81.564576399955214, 41.586980589212494 ], [ -81.564501399983243, 41.587050589207131 ], [ -81.564462511105646, 41.587071700318518 ], [ -81.564417511117085, 41.587088366987167 ], [ -81.564071400034265, 41.586932811504234 ], [ -81.564019733379979, 41.586948367062782 ], [ -81.563952511181441, 41.587004478170357 ], [ -81.563887511200207, 41.587039478170979 ], [ -81.563798622325947, 41.587034478182474 ], [ -81.563716400119802, 41.587041700413046 ], [ -81.563666400130884, 41.587052811527755 ], [ -81.563625844587293, 41.587075589305805 ], [ -81.563584733489236, 41.587103367082683 ], [ -81.563559733501535, 41.587140589300354 ], [ -81.563563622400451, 41.587191700400567 ], [ -81.563580844625704, 41.587220589281529 ], [ -81.563620844627081, 41.587260589268681 ], [ -81.563620844639459, 41.58731947814556 ], [ -81.563616400206541, 41.587370589246852 ], [ -81.563534733571089, 41.587450589240184 ], [ -81.563491400250385, 41.58747447812938 ], [ -81.563434733600502, 41.587506700351739 ], [ -81.563381400279283, 41.587519478133231 ], [ -81.563309733628188, 41.587533367027774 ], [ -81.563245844752259, 41.587541700366963 ], [ -81.563199733650933, 41.587549478148638 ], [ -81.56314973365815, 41.587541700378345 ], [ -81.563106400336167, 41.587559478157686 ], [ -81.563070844795988, 41.587602811486363 ], [ -81.563031400365162, 41.587634478151287 ], [ -81.563009733725423, 41.58774447813142 ], [ -81.563006400419184, 41.587870589217289 ], [ -81.562995844883957, 41.587958366978427 ], [ -81.563009733802389, 41.588110589167989 ], [ -81.563045844921334, 41.588177811372212 ], [ -81.563095844933017, 41.588275589124152 ], [ -81.563127511606424, 41.5883344779973 ], [ -81.563138622725774, 41.588382811319477 ], [ -81.563113622737646, 41.58841836687084 ], [ -81.563051400531165, 41.588440589095903 ], [ -81.5629447338885, 41.588465589103379 ], [ -81.562598622885119, 41.588687811321357 ], [ -81.562482511825536, 41.588835589082869 ], [ -81.56240084518879, 41.588909477966368 ], [ -81.562317511878007, 41.58894670019086 ], [ -81.562218623022318, 41.589021700187295 ], [ -81.56215251193575, 41.589082811293792 ], [ -81.562003623078411, 41.58910781130637 ], [ -81.561889734210894, 41.589114477985191 ], [ -81.561510845441617, 41.589365589090058 ], [ -81.561175845555184, 41.589624477965941 ], [ -81.560872512327279, 41.58987170017371 ], [ -81.560665845738086, 41.590066700158545 ], [ -81.560501401349484, 41.590194477929806 ], [ -81.5603947347212, 41.590287811256751 ], [ -81.560262512545179, 41.590396700139088 ], [ -81.560144734809811, 41.590499477909873 ], [ -81.560026401513795, 41.590577811241381 ], [ -81.559926401542583, 41.59063058902025 ], [ -81.559777512705722, 41.590753366790629 ], [ -81.559677512744599, 41.590854477893018 ], [ -81.559566401678353, 41.59097447788173 ], [ -81.559509735028954, 41.591009477881386 ], [ -81.55947362393664, 41.591068366762556 ], [ -81.559459735064095, 41.591134477861807 ], [ -81.559441401747065, 41.591196700073517 ], [ -81.559420846205256, 41.591244477843965 ], [ -81.559331401798644, 41.591349477833269 ], [ -81.559224735173643, 41.591458366712651 ], [ -81.559117512991236, 41.591557811149521 ], [ -81.559042513016166, 41.591613366702646 ], [ -81.559002513029725, 41.591644477812139 ], [ -81.558813624199615, 41.591765588920971 ], [ -81.558631402035246, 41.591887811139891 ], [ -81.558392513218919, 41.592032811138672 ], [ -81.558221402158011, 41.592127811139655 ], [ -81.557801402315462, 41.592524477775292 ], [ -81.557600846835228, 41.592714477760367 ], [ -81.556547513886102, 41.593658366581913 ], [ -81.556357513956854, 41.593835588790604 ], [ -81.556094736276961, 41.594080588771867 ], [ -81.555816403063943, 41.594419477624726 ], [ -81.555655847581363, 41.594631699822813 ], [ -81.554941403382031, 41.595198366458767 ], [ -81.554819736757324, 41.595295588675576 ], [ -81.553863625952488, 41.595950588655548 ], [ -81.553081404007486, 41.59661281083563 ], [ -81.552526404203974, 41.597081699694812 ], [ -81.550026405089653, 41.599196699560466 ], [ -81.548396405684031, 41.600655588345631 ], [ -81.548250850181432, 41.600785588336443 ], [ -81.547490850456157, 41.601454477179146 ], [ -81.547153628355915, 41.60175169938092 ], [ -81.547051406177033, 41.60187169936858 ], [ -81.54702085065054, 41.601984477126955 ], [ -81.546958628468516, 41.602123365994963 ], [ -81.546937517375795, 41.602193365983247 ], [ -81.546857517400483, 41.602243365982595 ], [ -81.54674140633179, 41.602347810419488 ], [ -81.546534739727676, 41.602471699307678 ], [ -81.545925851063132, 41.603027810377753 ], [ -81.544778629229995, 41.603915588110794 ], [ -81.543279740861863, 41.605134476929187 ], [ -81.540552519528774, 41.607074476857605 ], [ -81.539333631043334, 41.607970587930794 ], [ -81.537970853715549, 41.608966699000696 ], [ -81.537402520557308, 41.609322810106683 ], [ -81.536594743022235, 41.609799476772189 ], [ -81.532319744351369, 41.612532810055995 ], [ -81.531523633481456, 41.613011698941818 ], [ -81.53081085593179, 41.613498365593976 ], [ -81.530421411601679, 41.613715587818113 ], [ -81.530204745024648, 41.613959476683071 ], [ -81.530026411758541, 41.614129476669639 ], [ -81.529749745156124, 41.614203365576294 ], [ -81.529457522978348, 41.614169476729003 ], [ -81.529199745255951, 41.614216698972093 ], [ -81.528362523272122, 41.614648365650183 ], [ -81.528083634448663, 41.614725587889765 ], [ -81.527939745596498, 41.614779476784769 ], [ -81.52774252343832, 41.614918365668814 ], [ -81.52740252355197, 41.615173365657199 ], [ -81.527319745803965, 41.615245587874561 ], [ -81.527148634732086, 41.615288365663901 ], [ -81.526720857060923, 41.615436699017792 ], [ -81.525595857335603, 41.615799476855159 ], [ -81.525165857433109, 41.615902810218486 ], [ -81.524727524199221, 41.616007810249087 ], [ -81.523400857841494, 41.616364477000445 ], [ -81.520822525134392, 41.617180588251294 ], [ -81.520636414072527, 41.617258366035351 ], [ -81.520109747516543, 41.617343366080455 ], [ -81.519465858765017, 41.617456699467141 ], [ -81.519226414378807, 41.617532810591165 ], [ -81.518923636680015, 41.617654477269006 ], [ -81.518688636729706, 41.617693366177875 ], [ -81.518008636834992, 41.617624477383664 ], [ -81.516589748209043, 41.617685588650623 ], [ -81.515863637296661, 41.618021699779398 ], [ -81.514399748760326, 41.618470588750682 ], [ -81.513591415616602, 41.618694477689864 ], [ -81.513142526846593, 41.618883366593558 ], [ -81.512935860240262, 41.618996699928381 ], [ -81.51270474917699, 41.619030588837759 ], [ -81.512462527008495, 41.619082811078066 ], [ -81.511378638386731, 41.619444477799696 ], [ -81.511262527312411, 41.619521700019988 ], [ -81.511089749588606, 41.619633366684425 ], [ -81.510986416286343, 41.619694477795363 ], [ -81.509717527733983, 41.620230588947926 ], [ -81.508966416821991, 41.620547811194669 ], [ -81.507687528285516, 41.621150589001559 ], [ -81.506061417638918, 41.621995589022539 ], [ -81.504449751424019, 41.622791700162828 ], [ -81.503945862680069, 41.623057811279573 ], [ -81.503696418302724, 41.623167811286834 ], [ -81.503370862818784, 41.623235589089461 ], [ -81.503177529547571, 41.623368366863133 ], [ -81.503042529582302, 41.623420589090706 ], [ -81.502913640722895, 41.623452811321684 ], [ -81.502774751872721, 41.623520589102149 ], [ -81.502597529709789, 41.623653366873981 ], [ -81.502462529750375, 41.623733366873708 ], [ -81.502269752022627, 41.623809477992182 ], [ -81.501963640989317, 41.62392281133873 ], [ -81.501743641049188, 41.62402281134451 ], [ -81.501608641090655, 41.62410670023236 ], [ -81.501549752228314, 41.624183366890449 ], [ -81.501329752285613, 41.624271700231859 ], [ -81.501211418988305, 41.624343366897953 ], [ -81.501050863471974, 41.624395589128667 ], [ -81.50088364129634, 41.624476700243079 ], [ -81.500625863595118, 41.62462447802141 ], [ -81.500451419205106, 41.624736700241463 ], [ -81.500156419286128, 41.62487447802625 ], [ -81.499937530466838, 41.625021700244417 ], [ -81.499628641676921, 41.625233366904752 ], [ -81.499484752834462, 41.625333366901408 ], [ -81.499382530642151, 41.625389478013261 ], [ -81.499317530659042, 41.625415589126803 ], [ -81.499231419569185, 41.625444478020029 ], [ -81.499141419586579, 41.625451700251432 ], [ -81.499015864055593, 41.625463366930617 ], [ -81.498920864080688, 41.62550281137829 ], [ -81.498787530782408, 41.625557811383025 ], [ -81.498614753047249, 41.625615589169442 ], [ -81.498441419756602, 41.625673366956015 ], [ -81.498351419775872, 41.625689478074527 ], [ -81.498293642017529, 41.62573336696142 ], [ -81.49822475315095, 41.625781700293096 ], [ -81.498142530952734, 41.625826700293693 ], [ -81.497948642121827, 41.625939478071444 ], [ -81.497801419944395, 41.626029478070684 ], [ -81.497624753336993, 41.626162811397791 ], [ -81.497369753417004, 41.626329478060889 ], [ -81.497175864595675, 41.626487811384983 ], [ -81.496953642438726, 41.626611700275085 ], [ -81.496759753607208, 41.626721700275645 ], [ -81.496608642541716, 41.626811700275269 ], [ -81.496483642582689, 41.626901700271766 ], [ -81.496357531513013, 41.626992811379289 ], [ -81.496237531552367, 41.627079478042631 ], [ -81.495934753859288, 41.627227811381729 ], [ -81.495589753952714, 41.627382811391087 ], [ -81.495361420679686, 41.627478366954286 ], [ -81.495110865191506, 41.627588366961589 ], [ -81.494707531976474, 41.62781281140834 ], [ -81.493400865717504, 41.628654478058742 ], [ -81.49198142171366, 41.629558366932272 ], [ -81.491598644045169, 41.629756700270654 ], [ -81.491196421938596, 41.629969478052807 ], [ -81.490835866487345, 41.63016281138961 ], [ -81.490490866602272, 41.630419478045006 ], [ -81.490141422268906, 41.630654478038672 ], [ -81.489796422377637, 41.630881700255664 ], [ -81.489682533542904, 41.631043366902922 ], [ -81.48959586690583, 41.631111700232708 ], [ -81.489439755840195, 41.631196700233843 ], [ -81.489386422528952, 41.631256700227965 ], [ -81.489124755936999, 41.631392811342522 ], [ -81.488950867094999, 41.631469478014175 ], [ -81.488779756038483, 41.631585589121975 ], [ -81.488817533527865, 41.630249478278266 ], [ -81.488848644525291, 41.629736700601065 ], [ -81.488869755559179, 41.629387811780752 ], [ -81.488895866364203, 41.627957812068509 ], [ -81.488915866110574, 41.626771701196361 ], [ -81.488682532331993, 41.624464479471328 ], [ -81.488701421131893, 41.624058368440558 ], [ -81.488736420797352, 41.622500590975577 ], [ -81.488989753245718, 41.618513369534583 ] ] ] ] } }
]
}
