cnty_geoid,cnty_name,very_low_mf_own_clients,very_low_mf_rent_clients,very_low_sf_own_clients,very_low_sf_rent_clients,low_mf_own_clients,low_mf_rent_clients,low_sf_own_clients,low_sf_rent_clients,mod_mf_own_clients,mod_mf_rent_clients,mod_sf_own_clients,mod_sf_rent_clients,mid_mf_own_clients,mid_mf_rent_clients,mid_sf_own_clients,mid_sf_rent_clients,high_mf_own_clients,high_mf_rent_clients,high_sf_own_clients,high_sf_rent_clients,very_low_mf_own_pvr_mwh,very_low_mf_rent_pvr_mwh,very_low_sf_own_pvr_mwh,very_low_sf_rent_pvr_mwh,low_mf_own_pvr_mwh,low_mf_rent_pvr_mwh,low_sf_own_pvr_mwh,low_sf_rent_pvr_mwh,mod_mf_own_pvr_mwh,mod_mf_rent_pvr_mwh,mod_sf_own_pvr_mwh,mod_sf_rent_pvr_mwh,mid_mf_own_pvr_mwh,mid_mf_rent_pvr_mwh,mid_sf_own_pvr_mwh,mid_sf_rent_pvr_mwh,high_mf_own_pvr_mwh,high_mf_rent_pvr_mwh,high_sf_own_pvr_mwh,high_sf_rent_pvr_mwh,very_low_mf_own_elec_mwh,very_low_mf_rent_elec_mwh,very_low_sf_own_elec_mwh,very_low_sf_rent_elec_mwh,low_mf_own_elec_mwh,low_mf_rent_elec_mwh,low_sf_own_elec_mwh,low_sf_rent_elec_mwh,mod_mf_own_elec_mwh,mod_mf_rent_elec_mwh,mod_sf_own_elec_mwh,mod_sf_rent_elec_mwh,mid_mf_own_elec_mwh,mid_mf_rent_elec_mwh,mid_sf_own_elec_mwh,mid_sf_rent_elec_mwh,high_mf_own_elec_mwh,high_mf_rent_elec_mwh,high_sf_own_elec_mwh,high_sf_rent_elec_mwh,very_low_mf_own_dlrs_per_mwh,very_low_mf_rent_dlrs_per_mwh,very_low_sf_own_dlrs_per_mwh,very_low_sf_rent_dlrs_per_mwh,low_mf_own_dlrs_per_mwh,low_mf_rent_dlrs_per_mwh,low_sf_own_dlrs_per_mwh,low_sf_rent_dlrs_per_mwh,mod_mf_own_dlrs_per_mwh,mod_mf_rent_dlrs_per_mwh,mod_sf_own_dlrs_per_mwh,mod_sf_rent_dlrs_per_mwh,mid_mf_own_dlrs_per_mwh,mid_mf_rent_dlrs_per_mwh,mid_sf_own_dlrs_per_mwh,mid_sf_rent_dlrs_per_mwh,high_mf_own_dlrs_per_mwh,high_mf_rent_dlrs_per_mwh,high_sf_own_dlrs_per_mwh,high_sf_rent_dlrs_per_mwh,very_low_mf_own_elec_bill_dlrs,very_low_mf_rent_elec_bill_dlrs,very_low_sf_own_elec_bill_dlrs,very_low_sf_rent_elec_bill_dlrs,low_mf_own_elec_bill_dlrs,low_mf_rent_elec_bill_dlrs,low_sf_own_elec_bill_dlrs,low_sf_rent_elec_bill_dlrs,mod_mf_own_elec_bill_dlrs,mod_mf_rent_elec_bill_dlrs,mod_sf_own_elec_bill_dlrs,mod_sf_rent_elec_bill_dlrs,mid_mf_own_elec_bill_dlrs,mid_mf_rent_elec_bill_dlrs,mid_sf_own_elec_bill_dlrs,mid_sf_rent_elec_bill_dlrs,high_mf_own_elec_bill_dlrs,high_mf_rent_elec_bill_dlrs,high_sf_own_elec_bill_dlrs,high_sf_rent_elec_bill_dlrs,very_low_mf_own_billsave_dlrs,very_low_mf_rent_billsave_dlrs,very_low_sf_own_billsave_dlrs,very_low_sf_rent_billsave_dlrs,low_mf_own_billsave_dlrs,low_mf_rent_billsave_dlrs,low_sf_own_billsave_dlrs,low_sf_rent_billsave_dlrs,mod_mf_own_billsave_dlrs,mod_mf_rent_billsave_dlrs,mod_sf_own_billsave_dlrs,mod_sf_rent_billsave_dlrs,mid_mf_own_billsave_dlrs,mid_mf_rent_billsave_dlrs,mid_sf_own_billsave_dlrs,mid_sf_rent_billsave_dlrs,high_mf_own_billsave_dlrs,high_mf_rent_billsave_dlrs,high_sf_own_billsave_dlrs,high_sf_rent_billsave_dlrs,very_low_mf_own_pct_kwh_offset,very_low_mf_rent_pct_kwh_offset,very_low_sf_own_pct_kwh_offset,very_low_sf_rent_pct_kwh_offset,low_mf_own_pct_kwh_offset,low_mf_rent_pct_kwh_offset,low_sf_own_pct_kwh_offset,low_sf_rent_pct_kwh_offset,mod_mf_own_pct_kwh_offset,mod_mf_rent_pct_kwh_offset,mod_sf_own_pct_kwh_offset,mod_sf_rent_pct_kwh_offset,mid_mf_own_pct_kwh_offset,mid_mf_rent_pct_kwh_offset,mid_sf_own_pct_kwh_offset,mid_sf_rent_pct_kwh_offset,high_mf_own_pct_kwh_offset,high_mf_rent_pct_kwh_offset,high_sf_own_pct_kwh_offset,high_sf_rent_pct_kwh_offset
72001,Adjuntas,24.633496468908074,205.16779571769453,473.49317938071573,337.6188227997113,14.766271078055686,63.89617448268809,315.0424317839126,215.4193921431474,9.074291997411136,21.19737093323846,236.1517738909914,100.0482324686427,9.52556081502414,26.072738645970446,210.2868428157435,50.08352560969594,83.59444658959569,134.0803898246992,1847.6073014504855,322.2399611036668,872.1334,5764.445680000001,9793.72,9945.260400000001,340.5091,1810.94168,4046.116,2553.53748,467.2493,1771.540729,7053.042,3169.7390699999996,628.0668000000001,1473.14846,8316.727,2869.8074639999995,1288.162,2649.63309,16413.035,5714.696814,71.16055276501272,592.6829661099069,1367.813798488697,975.3037732432507,42.65638917799316,184.58147431473154,910.0857289371548,622.2974899465788,26.213559869665193,61.23436982152156,682.1886120686037,289.0165240901627,27.517172556052888,75.31819514484087,607.4707255977686,144.67988218014483,241.48528954909852,387.32766446357897,5337.316082182547,930.8777494926843,0.0010720531466364121,0.0021441062932728247,0.0012864637759636946,0.0012864637759636948,0.0010720531466364121,0.0021441062932728242,0.0012864637759636946,0.0012864637759636948,0.0010720531466364121,0.0019296956639455417,0.0012864637759636944,0.0012864637759636948,0.0010720531466364121,0.0019296956639455421,0.0012864637759636948,0.0012864637759636946,0.0010720531466364121,0.0019296956639455421,0.0012864637759636946,0.0012864637759636948,15257.578901623663,127077.52775518557,293273.8173365022,209115.49580635858,9145.983248482993,39576.2300699792,195132.05388319396,133427.1964482342,5620.465868563309,13129.29976989199,146268.48963353463,61968.21481615545,5899.974285050725,16149.021620800397,130248.18057331844,31020.90458924193,51777.01290550323,83047.16829350246,1144377.3000993854,199590.0840954908,15257.578901623663,127077.52775518557,293273.8173365022,185244.008706157,9145.983248482993,39576.2300699792,195132.05388319396,84694.02760696397,5620.465868563309,13129.29976989199,146268.48963353463,42378.50388244545,5899.974285050725,16149.021620800397,130248.18057331844,20431.565820902375,51777.01290550323,83047.16829350246,1144377.3000993854,172252.05387685314,1225.5854769424993,972.6018815480929,716.0126627484765,1019.7090048086536,798.2604870261073,981.1069538387948,444.5862484543366,410.3403149222421,1782.4717524944383,2893.0496617560857,1033.8844529540047,1096.732818297668,2282.453979312804,1955.8998422188129,1369.0745330675982,1983.5566775114764,533.4329069920809,684.0805171170905,307.51476486077524,613.9041154560234
72003,Aguada,194.70951068832028,259.0919553370921,903.3814194325982,171.22183667899102,372.0795382192879,280.0442933883304,1467.5986645657008,149.48592140665997,235.29799231470423,71.08536015066022,946.8896705095899,42.923696285702825,166.1536981549858,60.37691510261202,711.7113693951426,56.13105445849578,839.0421989724543,152.0821488314551,5033.561684794093,145.13107131312233,3329.168235,10593.100489999999,30704.52,11528.188,4255.933473,5839.8535928,24856.12,6908.71,6616.016422999999,5489.341423000001,37095.48,7744.41,7617.6836,5521.359465,46965.75,5968.992,7581.3332,4163.017140000001,58703.47,4688.656,829.5737531487683,1103.8797490673246,3848.920948926798,729.50284335205,1585.2714019939792,1193.1486792441915,6252.808750717691,636.895426555368,1002.5038730919485,302.8642453347424,4034.2909547949503,182.87946850088983,707.9096778103471,257.24015169138266,3032.2970345957237,239.15035968566818,3574.799112745792,647.9568386106973,21445.848452902275,618.341277229405,0.0019351480561925348,0.003010230309632833,0.001935148056192535,0.001935148056192535,0.001935148056192535,0.003010230309632833,0.001935148056192535,0.0019351480561925348,0.001935148056192535,0.002795213858944773,0.001935148056192535,0.001935148056192535,0.0019351480561925348,0.002795213858944773,0.001935148056192535,0.001935148056192535,0.0030102303096328333,0.0030102303096328333,0.001935148056192535,0.0019351480561925348,178372.00398602057,237352.3056308819,827581.3214171579,156855.11214440526,340859.43023402937,256546.5941542319,1344456.744410557,136942.99407739288,215554.82459326356,65120.79507219399,867438.9221429527,39322.0942207801,152212.22633050857,55310.86439113912,651993.7458107002,51421.26152038515,768640.6171454244,139321.3796371279,4611210.21633706,132953.546743788,178372.00398602057,237352.3056308819,827581.3214171579,156855.11214440526,340859.43023402937,256546.5941542319,1344456.744410557,136942.99407739288,215554.82459326356,65120.79507219399,867438.9221429527,39322.0942207801,152212.22633050857,55310.86439113912,651993.7458107002,51421.26152038515,729841.3547275582,114298.07757244464,4191567.210069839,99944.09721220713,401.3106999062658,959.6244970478151,797.7435859928846,1580.280064026649,268.46718282098703,489.4489424821136,397.51927479226106,1084.7479369361427,659.9492132229583,1812.4758889689588,919.5043296495564,4234.707189102705,1076.0812909865062,2146.3832254399035,1548.8505731517703,2495.9159617595633,212.07718142731667,642.4837106320298,273.7288297495902,758.2634659307251
72005,Aguadilla,143.337277870967,1802.3968569946371,862.431740419064,654.5709379337565,242.74880654923123,636.9576569330399,1356.2890627334896,409.65658248511517,202.17709831101786,161.13276915416301,1219.5803833409498,165.00027084225306,129.48756825680877,81.40650098154373,746.8189180338953,100.69151449769666,1142.9449372132638,658.291953031837,7364.445747620224,957.6334167970426,4389.078133,26265.447201000003,26548.29752,26269.6147,4978.915674000001,8728.218989599998,27910.1125,10404.797199999999,10870.819318000002,10288.264779699999,49425.963,14062.9957,16807.762710000003,14619.694248000002,98355.301,31853.98504,9599.0979,7301.674983999998,95326.937,11764.98991,659.3527807250464,8291.041920715954,3967.193842921659,3011.0322626396364,1116.6467160064683,2930.011009982887,6238.942013293446,1884.4240020173459,930.0164894319643,741.2122023369608,5610.080845803831,759.0027452465068,595.6439906463748,374.47064426321907,3435.373809365878,463.1818816821564,5257.557097223358,3028.148965904001,33876.517360426835,4405.122419366466,0.00412508194550057,0.006393877015525883,0.003300065556400456,0.0033000655564004566,0.004331336042775599,0.006393877015525883,0.0033000655564004566,0.0033000655564004566,0.004743844237325655,0.0059813688209758254,0.0033000655564004566,0.003300065556400456,0.004950098334600684,0.005775114723700798,0.0033000655564004566,0.0033000655564004566,0.004950098334600684,0.006187622918250854,0.0033000655564004566,0.003300065556400456,135994.2125742243,1710061.3668266872,818249.984786858,621037.7411967249,230312.96038503936,604326.7758699153,1286807.3529030895,388670.17141948425,191819.7114786809,152878.05368224563,1157102.160491198,156547.42605008677,122854.01358806362,77236.10468850863,708559.9238530353,95533.16088050227,1084392.6929597233,624568.1313768409,6987170.50699667,908574.54799242,134551.7946841756,1503761.9058231225,753998.2193863082,559642.9575945376,230312.96038503936,434739.5226580711,1254175.5007837235,360972.7804332968,191819.7114786809,152878.05368224563,1157102.160491198,150280.2692100924,122854.01358806362,77236.10468850863,706578.97682518,95533.16088050227,957980.7510152664,477412.2323558544,6694193.142861844,597250.7643844265,665.664612527094,316.7930816436146,669.1958742416373,872.4454741302111,445.88101166019635,297.8903137176599,447.35329228146907,552.1473505358283,1168.8845780185773,1388.0322999624439,881.0205121548134,1852.825406505303,2821.7799514372205,3904.096214741916,2863.015976073795,6877.208781205904,182.5771498529139,241.12667726107756,281.3953275827492,267.0752090402067
72007,Aguas Buenas,297.36526297824145,477.8637350898671,524.2049163156768,213.51202292635344,322.7578057319619,268.84745192979597,770.3685382584844,97.34400245678425,121.41972917899066,73.00048244475981,428.2383206980167,40.51081071606007,97.75269185064268,49.66975087524485,355.580933071355,32.99148012228608,375.63387680645735,33.14797329077194,1620.7831582822257,115.00705697602228,4615.760870000001,8612.8745,16680.257,12484.76,3432.3726060000004,3983.5061000000005,16212.65,4706.372,3308.77579,2832.2936600000003,17349.89,4206.474,3109.112,1710.3069999999998,17607.64,3033.381,3681.8617999999997,1243.5433550000002,25906.23,3262.481,1188.3692374024424,1909.700402674742,2094.8949800174,853.2641550664553,1289.8461764562003,1074.4026999911514,3078.6456466371333,389.0185988998139,485.2331086856174,291.7338991919756,1711.3809511490986,161.894502253014,390.65185591998414,198.49663467216416,1421.0181715131075,131.844788059753,1501.156319511589,132.47018614905784,6477.181720931221,459.6059648180736,0.001314418039674638,0.002190696732791063,0.001314418039674638,0.001314418039674638,0.001314418039674638,0.0021906967327910633,0.0013144180396746378,0.001314418039674638,0.0013144180396746378,0.0021906967327910637,0.001314418039674638,0.001314418039674638,0.0015334877129537445,0.0021906967327910637,0.001314418039674638,0.0013144180396746378,0.001752557386232851,0.0021906967327910637,0.001314418039674638,0.001314418039674638,260335.66057269383,418357.4432749335,458927.9588264518,186924.29967118107,282566.18045656435,235369.04845725128,674437.89595094,85222.17736047794,106299.8585839633,63910.049980425836,374911.66582431924,35466.17571425131,85579.97444226746,43484.59290463313,311301.98655704956,28883.194643803105,328857.8244562696,29020.2003988965,1418954.083373802,100685.7285498238,260335.66057269383,418357.4432749335,458927.9588264518,186924.29967118107,282566.18045656435,235369.04845725128,674437.89595094,85222.17736047794,106299.8585839633,63910.049980425836,374911.66582431924,35466.17571425131,85579.97444226746,43484.59290463313,311301.98655704956,28883.194643803105,328857.8244562696,29020.2003988965,1418954.083373802,100685.7285498238,388.41133923065945,451.0065813431645,796.2335658402053,1463.1764296986837,266.1071272413509,370.76471420192894,526.6163066772366,1209.8064239884986,681.8940692160716,970.8483202825217,1013.794736253813,2598.2809431205924,795.877954471264,861.630225028617,1239.0861955868793,2300.721207595442,245.26838092370804,938.7345116287091,399.96145107806973,709.8430502944826
72009,Aibonito,58.52569912680829,72.5204397863556,483.7587165590042,58.65950658362327,71.63151386458973,54.272502114782824,662.6774958446963,52.948614635937375,61.71474278626948,10.876825872046396,530.6147283452484,16.405713979668445,23.48508401978209,10.26493813834223,525.39816886213,15.353195532187444,181.8904852784164,20.02580466157076,3458.40795490815,147.5678691003899,5870.10007,4389.6530999999995,10386.47457,5186.622,2728.209316,3382.4863819899997,8821.736316999999,3141.7991,5579.240176,2727.364909,15777.07514,3648.58,4824.4554800000005,2146.3084,27380.175799999997,4660.847,6266.9724400000005,2704.79875,34612.98841,6703.925,242.2550752593637,300.1834213072789,2002.4195530488473,242.8089436625543,296.5038955725961,224.64984238536357,2743.0169826883457,219.16988288709712,255.4554645456882,45.02238007454441,2196.3703615139575,67.90807344679244,97.2116673797872,42.48959684956137,2174.777488143241,63.55139015192203,752.8981944258576,82.89269308695762,14315.367298364925,610.8267952053166,0.0015292569308193102,0.0021846527583132993,0.00131079165498798,0.00131079165498798,0.0015292569308193098,0.0021846527583132998,0.00131079165498798,0.0013107916549879798,0.0015292569308193098,0.0019661874824819696,0.0013107916549879803,0.00131079165498798,0.0013107916549879798,0.0019661874824819696,0.00131079165498798,0.0013107916549879803,0.0013107916549879798,0.0021846527583133,0.00131079165498798,0.0013107916549879798,52924.32183807651,65579.653935887,437459.13998686505,53045.3228515538,64775.80533133107,49078.18978218326,599253.961733032,47881.00891884997,55808.14852459431,9835.82668156832,479830.65685590473,14835.555996727731,21237.37372814872,9282.501495701434,475113.3638189802,13883.771979004117,164482.11171815533,18109.175059643978,3127410.665464095,133444.4442996968,52924.32183807651,65579.653935887,280778.6275082729,53045.3228515538,64775.80533133107,49078.18978218326,368607.6559696951,47881.00891884997,55808.14852459431,9835.82668156832,297859.2020413859,14835.555996727731,21237.37372814872,9282.501495701434,345214.4994246535,13883.771979004117,164482.11171815533,18109.175059643978,2117659.4060675264,133444.4442996968,2423.1071583187017,1462.3236289610372,518.6962219873325,2136.09182667017,920.1259601434222,1505.670489716033,321.60706159223594,1433.499465626152,2184.03633914128,6057.798153905347,718.3248971327799,5372.822132641927,4962.835850918784,5051.373887116928,1258.987457304258,7333.981190431975,832.37979402767,3263.0122743901716,241.78903473858773,1097.5165222977191
72011,Añasco,211.0252353926257,127.92277103240426,593.3378295167633,132.70659619634836,297.7729419121871,124.01455761627616,774.395349080289,131.8521927357922,155.90415749361014,42.16443172284823,563.4071330137817,60.33453178625491,139.7987522721215,36.81446718238242,643.3822456455994,62.46409007545164,692.4498491860651,67.41441200589576,3937.1546176726197,162.68383846068272,2949.678014,4207.052299999999,18984.793,7331.715,2422.678793,2370.84962,13617.776,5002.286,4041.962485,2916.11185,21786.05,6374.079,4743.530699,2324.8670070000003,34660.25,4810.547,5206.476292,1845.8648170000001,45304.41,4528.601,873.086955136129,529.2623057401454,2454.851041753527,549.0547032632217,1231.9932765023418,513.0926275253064,3203.9508267441847,545.5197302328784,645.0313200973509,174.44935075870646,2331.0170338147545,249.6255604161079,578.3974922525396,152.31463193216007,2661.9027093808468,258.4363055340573,2864.9129535882043,278.91755979331015,16289.418327852087,673.0812876821403,0.0015117423036707875,0.002159631862386839,0.0015117423036707875,0.0015117423036707875,0.0017277054899094712,0.0021596318623868394,0.0015117423036707875,0.0015117423036707877,0.0017277054899094715,0.0021596318623868394,0.0015117423036707872,0.0015117423036707872,0.0015117423036707875,0.0021596318623868394,0.0015117423036707875,0.0015117423036707875,0.0019436686761481552,0.0019436686761481552,0.0015117423036707875,0.0015117423036707875,188554.64069462928,114301.1739036743,530157.4527184443,118575.60313606047,266065.19341808156,110809.11867594342,691935.4290957396,117812.17909715971,139303.01911196831,37674.63762712002,503413.8657992803,53909.93139407976,124912.56533932294,32894.35322284167,574872.9905752732,55812.72798288903,618715.7297533873,60235.9249108819,3517914.6840577517,145360.7794854713,188554.64069462928,114301.1739036743,530157.4527184443,118575.60313606047,266065.19341808156,110809.11867594342,691935.4290957396,117812.17909715971,139303.01911196831,37674.63762712002,503413.8657992803,53909.93139407976,124912.56533932294,32894.35322284167,574872.9905752732,55812.72798288903,600835.6308194604,54521.488744350085,3517914.6840577517,145360.7794854713,337.84470110884837,794.8898408921564,773.3582476938784,1335.3341582223204,196.64707910403885,462.07049035859836,425.030742866869,916.9761830364157,626.6304222855364,1671.6094598904444,934.6156499056855,2553.45606009852,820.1160555739203,1526.3582871246938,1302.085529942674,1861.4052658193784,181.7324427075199,661.7958433193899,278.1217173515478,672.8163570844375
72013,Arecibo,110.97625617408657,1080.0737416355169,3182.947742444401,864.862455937271,162.87786106929806,235.38396264537286,3579.9022930231567,575.4987070296625,96.48101534404665,132.60927691521727,2258.0923401291943,299.67337641329556,67.28032172324022,47.969283440969036,2372.105644070394,194.6882151668991,407.06278133026143,261.24987486171517,14625.803566827555,894.4612838184016,8015.2156840000025,33027.85721,70553.5507,56001.587,6876.0768628,10893.513956000003,53729.1986,24664.041,7896.390814,10925.69672,75616.0234,26165.379,9846.750719199998,8701.812364999998,132622.018,27796.421,7050.381392000001,7873.236767,115583.302,25752.7074,509.37212009527957,4957.451896494852,14609.474995967375,3969.6493462575936,747.596326184461,1080.3935204033162,16431.46456365099,2641.4929338753586,442.8401266091525,608.6659512161381,10364.462834808597,1375.4767762240874,308.81128358754023,220.17516582509538,10887.774760708267,893.6033016068317,1868.3855365675306,1199.115984091122,67131.26598220614,4105.505593620058,0.006064000466523102,0.007109517788337428,0.005018483144708776,0.005018483144708775,0.005854897002160237,0.007109517788337429,0.005018483144708775,0.005018483144708776,0.005018483144708775,0.006900414323974564,0.005018483144708775,0.00480937968034591,0.005018483144708776,0.0066913108596116985,0.005018483144708775,0.00480937968034591,0.006273103930885968,0.006691310859611698,0.005018483144708776,0.00480937968034591,106511.47496178061,1036620.3659693325,3054891.834179442,830067.4306082479,156324.98175012175,225914.02799152583,3435876.164815085,552345.3235633676,92599.40463286384,127274.15903901345,2167245.0850186455,287616.9590591229,64573.509232498036,46039.38994069588,2276671.4216666697,186855.54613208325,390685.88846174226,250739.30644634066,14037380.283944303,858475.4425870773,106511.47496178061,1034859.3912704262,2838848.0251331693,830067.4306082479,156239.28739933757,225477.25745330306,3082606.8114668927,552345.3235633676,92599.40463286384,127274.15903901345,1955957.5682281856,287616.9590591229,64573.509232498036,44991.703406829445,2053235.123790684,186855.54613208325,381302.2004642023,246672.631221722,10909785.056840247,831916.0711387728,1573.548171914225,666.2264788358758,482.9300896813524,1410.7439250974592,919.7579792685344,1008.291307775837,326.9897116709701,933.7159559921728,1783.124504652059,1795.0234768628075,729.5701147776504,1902.277046932651,3188.5980993983635,3952.222464504747,1218.081939742228,3110.5996307329997,377.35152911494254,656.5867581998393,172.17506672768036,627.272495743755
72015,Arroyo,86.73687449812994,58.00909530150377,627.5778942479636,226.39497654651845,64.01056901228353,10.690904103970098,815.5560953176027,147.99289162680975,15.144629551440515,2.466698348744737,452.6318388029473,54.5025336837454,21.030011774201466,1.032273176355708,419.22938692029544,52.45027132244642,73.09624370240287,4.011200617150167,1878.7280207243575,101.70759072113056,3760.802053,3828.141,19279.33,9989.568,1866.13694,611.20968,13811.56,3630.451,2579.6208,578.46664,23154.92,5371.924,2242.7333099999996,299.74869399999994,22064.79,4018.794,2542.52621,627.6645279999999,29186.77,4044.629,414.92666245799984,277.50043386887245,3002.169522471569,1083.014721930398,306.2099241641097,51.14250639287776,3901.408376027052,707.9595263897199,72.44797129596238,11.800043742150057,2165.273066194972,260.7259545349281,100.60211008767654,4.938126561378769,2005.4844185433733,250.9084648341629,349.67343028147195,19.188541138399817,8987.346521487681,486.5426775952459,0.0012798596588948737,0.001066549715745728,0.0008532397725965823,0.0008532397725965823,0.0012798596588948737,0.0010665497157457278,0.0008532397725965822,0.0008532397725965822,0.001066549715745728,0.0010665497157457278,0.0008532397725965822,0.0008532397725965822,0.0008532397725965823,0.0008532397725965823,0.0008532397725965823,0.0008532397725965822,0.0014931696020440192,0.0010665497157457278,0.0008532397725965823,0.0008532397725965822,88507.98277998065,59193.60177243242,640392.610162508,231017.80876466096,65317.62151515043,10909.205131169569,832209.1988919307,151014.80632608716,15453.872638412664,2517.06665979546,461874.2746524256,55615.43853935223,21459.430383486368,1053.351496070991,427789.7673059843,53521.27036941468,74588.81953410749,4093.106619347106,1917090.3755602082,103784.39089747496,88507.98277998065,59193.60177243242,640392.610162508,231017.80876466096,65317.62151515043,10804.636550667754,832209.1988919307,151014.80632608716,15453.872638412664,2517.06665979546,461874.2746524256,55615.43853935223,21459.430383486368,877.9855958444857,427789.7673059843,53521.27036941468,74588.81953410749,4093.106619347106,1917090.3755602082,103784.39089747496,906.3775344590395,1379.5081134211541,642.179925407013,922.385245344984,609.4305875598811,1195.1109226143026,354.01472157766835,512.804880035119,3560.6529125043508,4902.241488594677,1069.3764385426948,2060.3717836922715,2229.310407152909,6070.089340041286,1100.2224597699012,1601.6972574664665,727.1144987920234,3271.0382903676154,324.7540297930862,831.2999426876013
72017,Barceloneta,107.217819409592,166.76383093903712,1401.0269297851733,118.38246926616894,117.10316013057752,50.54806584699134,1389.9387989804677,78.87952212738381,20.442749615894712,21.34499739783463,814.7459724613993,34.31137063223928,30.900570841467072,4.899726791436274,791.5448742381748,37.31958249872768,77.6381088379745,40.08679594533476,2889.33577418432,74.56888006980901,5207.799849999999,6554.894,31217.27,8186.03,3540.6967,1989.9718,19671.18,3504.171,2616.2843,1985.3092,23052.15,3732.503,1848.6974,912.815426,22238.95,3394.5784,2632.5545,1207.2465499999998,27933.18,2649.227,452.957286738093,704.5180810815721,5918.842224706906,500.12397539361245,494.7193477100084,213.5476628977526,5871.99880192557,333.2380244138851,86.36337178345437,90.1750488864155,3442.0129704101096,144.95338024430853,130.54395998802582,20.699609126804965,3343.9965533778895,157.6620092061844,327.9934932493094,169.35250525900912,12206.419604097573,315.02708950353093,0.0008477343186406241,0.0012716014779609363,0.0008477343186406241,0.0008477343186406242,0.0010596678983007804,0.001271601477960936,0.0008477343186406241,0.0008477343186406241,0.0010596678983007801,0.001271601477960936,0.0008477343186406241,0.0008477343186406241,0.0012716014779609363,0.001271601477960936,0.0008477343186406241,0.0008477343186406241,0.0012716014779609358,0.001271601477960936,0.0008477343186406241,0.0008477343186406241,95996.8592115558,149311.03885892162,1254401.4201258165,105993.06437903609,104847.64228731948,45257.920625981,1244473.7258522334,70624.32739291312,18303.298533588397,19111.1209065276,729478.1300557011,30720.488759016047,27666.64874327449,4386.942259809813,708705.1599286001,33413.873987479135,69512.83512956536,35891.4826639572,2586950.2015303033,66764.81876840367,95996.8592115558,149311.03885892162,1254401.4201258165,105993.06437903609,104847.64228731948,45257.920625981,1244473.7258522334,70624.32739291312,18303.298533588397,19111.1209065276,729478.1300557011,30720.488759016047,27666.64874327449,4386.942259809813,708705.1599286001,33413.873987479135,69512.83512956536,35891.4826639572,2586950.2015303033,66764.81876840367,1149.7330990087883,930.4082004449006,527.4218979801551,1636.8001541132578,715.6980450409764,931.8630665383614,334.9997277511253,1051.5519668451109,3029.391101774041,2201.6169933001047,669.7287371713006,2574.967892234823,1416.1493187195883,4409.819627067013,665.0410562635194,2153.073157630954,802.6240014459626,712.860165932371,228.8400768282872,840.9521238872082
72019,Barranquitas,115.49488142226147,146.82442659502635,820.8128941606094,169.51763256023378,62.780473983233875,52.73021571052589,932.7500047446817,135.5126263878434,43.99780150707359,22.085999855664653,451.4982517198421,38.738284814547654,52.11374907598942,25.849325285035814,403.20774347475475,41.41232992335234,201.9189382680351,41.242574407538775,3054.6943017400654,147.81754436368553,6131.264,6129.536700000001,20654.9231,10845.861,2550.598,1727.3537000000001,11567.6102,5244.028,4419.659,2227.04956,18538.6156,5672.202,4822.383,2261.4979700000004,22421.291,3600.436,5257.191,1477.7673300000001,38533.8771,3867.484,471.7403281271191,599.7062582001449,3352.620819676099,692.3969497394827,256.4276531749255,215.37724404038084,3809.8293870711373,553.5030648141533,179.7095859506909,90.21055037785015,1844.1504142198758,158.2270223966319,212.8592781454905,105.58190148050166,1646.907212404943,169.14919402467336,824.740499497863,168.4558254377271,12476.938150725216,603.7626604950941,0.0012851596146269447,0.0017135461528359267,0.0012851596146269447,0.0012851596146269447,0.001285159614626945,0.0017135461528359267,0.0012851596146269447,0.0012851596146269447,0.0012851596146269447,0.0014993528837314357,0.001285159614626945,0.0012851596146269447,0.001285159614626945,0.0017135461528359265,0.0012851596146269447,0.0012851596146269447,0.0012851596146269454,0.0017135461528359265,0.0012851596146269447,0.0012851596146269447,101043.60304997285,128453.0439463109,718108.8134342013,148306.76618267765,54925.07732232987,46132.35599172489,816039.8111471256,118556.63091189833,38492.58370419296,19322.492693147087,395004.60594215617,33891.16318780407,45593.02464520473,22614.932636376932,352756.43973677873,36230.618834534594,176653.86375031798,36082.10395020221,2672476.1709183743,129321.89801466902,101043.60304997285,125433.31477653973,595426.5202289952,148306.76618267765,54925.07732232987,46132.35599172489,661766.967768728,118556.63091189833,38492.58370419296,18975.944399070595,327929.0485390781,33891.16318780407,45593.02464520473,22614.932636376932,317568.46243034187,36230.618834534594,176653.86375031798,36082.10395020221,2172986.851303564,129321.89801466902,1299.7116494877703,1022.0898341791756,616.0828859255101,1566.4224118954887,994.6657345337384,802.0130946035044,303.62541270890796,947.4252869332818,2459.334028632549,2468.7240579643094,1005.265918498428,3584.850371374202,2265.526333648409,2141.9371485913634,1361.4179858535365,2128.5564029792617,637.4357756410411,877.2432334471479,308.84081202053756,640.5636275732267
72021,Bayamón,712.9770032388227,3234.2619494313276,2823.818423978246,765.0296156908233,1587.5413464923222,1678.178288959628,5109.6986203093265,821.9971208347208,1209.0201900005088,840.8367118824277,3211.7102305374174,365.8088971866348,1268.6986517710557,571.04202598715,2965.3288271558513,341.59817262623244,8710.773252189525,1822.0481382281798,24090.9336828395,1119.6988506603745,16335.554293899997,51573.399495,101501.06890799999,61014.222700000006,16870.402314099996,27414.817890299997,101248.93370799998,33380.49368000001,28183.609755999994,32985.614643,146705.437204,38028.8096,61926.871171,37870.4172328,339135.16676600004,55052.4117,42255.367984000004,20543.143115200004,265314.24972,36004.15447,4091.6310983235076,18560.776451838654,16205.323912387208,4390.350533719163,9110.57932257956,9630.726439206781,29323.528925820377,4717.275546141474,6938.322814670153,4825.3921561587995,18431.35668945108,2099.3034178844337,7280.805459932538,3277.09491521431,17017.42355059088,1960.3629568677609,49989.369316536904,10456.366462242893,138253.00535161502,6425.725678818942,0.01885165252451494,0.023723427896018834,0.013132611871010393,0.013132611871010393,0.01863983620401477,0.023299795255018494,0.013132611871010393,0.012920795550510226,0.018004387242514262,0.023511611575518666,0.013132611871010393,0.013132611871010393,0.019275285165515278,0.023087978934518326,0.013132611871010393,0.013132611871010393,0.019275285165515278,0.022876162614018158,0.013132611871010393,0.013132611871010393,866674.2440909457,3931475.373654623,3432552.0836352427,929947.8957583412,1929769.3897337152,2039945.0380964621,6211202.001147511,999195.9489691068,1469650.0090457993,1022096.811487928,3904062.155785682,444666.7255897071,1542193.4228004417,694142.1868705045,3604568.040879062,415236.8683685586,10588564.272752838,2214829.069833647,29284242.891669106,1361073.5698308717,852242.0669521475,3078724.312878141,2998363.8124224213,896562.672363367,1799059.5917218532,1522083.8113352007,5285011.866306491,938133.8346212496,1422746.9284188843,1003949.2300229023,3329068.13292493,428491.6577012898,1518100.3373639595,682740.1824829523,3232970.656071413,391193.9065270196,5702800.569624049,1527112.1006673921,18883697.28251113,1078816.6008947236,399.2430867140802,277.86229541001273,626.3439685424212,1389.734651741202,185.1737602710793,284.65991702031954,345.28222699296884,707.6222992168392,406.2020535627073,683.5841228137162,795.9557165315168,1811.4965791044829,850.5497298587867,1155.6094105477996,1992.8702236139889,2808.2764728406173,84.52870792675029,196.46540879548988,191.90486965924083,560.3126599176207
72023,Cabo Rojo,60.6884182832673,692.6954857128057,886.5921281273776,1132.9904931690387,110.58580338458663,290.1483060317335,1420.716176168404,762.4181321765361,93.08331207609758,112.239711155557,1027.2033218126458,419.7023872152962,76.39278331695009,70.62420272151503,1050.826960760675,386.9840442878997,561.9748108322054,427.9441793898157,10664.347660196883,1574.8416831807012,2001.262108,15342.808795999998,15398.174744999998,30966.368,2762.0401188,6073.877717,14980.49218,13845.115,3466.39185,7525.1858090000005,21442.9767,18416.312,5723.792380000001,7159.237790000001,54009.365990000006,20768.9,6490.889539999999,6405.872179999999,62469.777409999995,17777.433,272.50064794805144,3110.3128739717654,3980.9396292498873,5087.307467241567,496.54784106417003,1302.812029564403,6379.2415341777,3423.3786429515753,417.95887207824705,503.97414993800004,4612.306246997923,1884.5304540264392,343.0157440462338,317.11389993061584,4718.380142187966,1737.6198918515095,2523.3562583139883,1921.5374113889939,47884.616695442455,7071.289567628471,0.0021554662300994993,0.0030176527221392993,0.0021554662300994993,0.0021554662300994993,0.002371012853109449,0.0032331993451492494,0.0021554662300994993,0.0021554662300994993,0.0028021060991293488,0.0032331993451492494,0.0021554662300994993,0.0021554662300994993,0.002586559476119399,0.0030176527221392993,0.0021554662300994993,0.0021554662300994993,0.0034487459681591995,0.002802106099129349,0.0021554662300994993,0.0021554662300994993,58736.59443322572,670417.436488986,858078.0934912952,1096551.9447772212,107029.21030426314,280816.7333893461,1375023.970056815,737897.7057725971,90089.62343351381,108629.92610344608,994167.0358280983,406204.1753248067,73935.88526841103,68352.83023955944,1017030.9057258232,374538.09976350726,543900.9201306029,414180.9000121784,10321367.422828488,1524192.5866278054,58736.59443322572,670417.436488986,704582.6374835948,1096551.9447772212,101990.0855943661,266814.3328085626,1149201.5373030584,737897.7057725971,89485.31048594853,108629.92610344608,801669.0302447808,406204.1753248067,73935.88526841103,68271.77371581906,884199.0015296564,374538.09976350726,494451.2474960402,381687.28214074037,8425867.866583472,1524192.5866278054,734.4063667626631,493.28827734322897,386.7974945377762,608.6985738408798,556.2485404992539,466.21289788295934,234.8318698976966,404.4283862232368,829.3619496013591,1493.1690067686536,464.9079126945851,977.2361046568487,1668.6675405862748,2257.623456923974,1144.6590643914342,1195.2498988642353,257.23238716743737,333.37223319370503,130.45896933314228,251.40298427861012
72025,Caguas,706.9283560731506,2199.600229147676,1857.7211493826558,602.8514755453643,547.7911514290223,965.3121500457746,2497.224616521981,664.0311614961948,398.9017441401858,622.8331257118784,1349.4492866959404,322.64024870011474,442.59047581850183,408.84464900406505,1749.7667402308657,182.89793061364355,3500.7026577418414,1253.6670548371414,18853.483087412536,988.7627094514096,16090.798865,46509.167740000004,75899.0294,44921.81433,11529.026867499999,16836.839020999996,70321.91921000001,29190.703240000003,17350.323954,24164.46532,102191.75690000001,37540.60042,30153.612031999997,22921.02459,209124.23235000003,29709.2479,30137.63705,18105.081526700003,328175.3025,37295.1056,4126.370119959258,12839.157721481073,10843.59536037022,3518.869053834267,3197.479659453493,5634.567036621094,14576.403608538723,3875.9774169197553,2328.406016930762,3635.5027741911426,7876.791427569037,1883.2645066434643,2583.4189548439012,2386.4431648021705,10213.460998924813,1067.5828029855209,20433.74653410162,7317.7065695777665,110048.56234824202,5771.448924009592,0.010296840466204214,0.012656533073042674,0.007079077820515397,0.007079077820515397,0.010511357975916798,0.012656533073042674,0.007079077820515397,0.007079077820515397,0.011154910505054561,0.012656533073042675,0.007079077820515397,0.007079077820515397,0.011369428014767148,0.012442015563330086,0.007079077820515397,0.007079077820515397,0.011369428014767148,0.012442015563330088,0.007079077820515397,0.007079077820515398,885178.642286093,2754224.141219264,2326141.0730375927,754859.0264332176,685915.3739026169,1208713.2890045934,3126893.802669308,831465.023179855,499483.86035179294,779879.001672689,1689709.6815675702,403993.21209526155,554188.6007374104,511933.84478398884,2190966.219035992,229015.20430843838,4383396.420593705,1569776.1901132679,23607343.54239534,1238076.850611933,879045.7411183983,2507713.593017054,2155235.1946600517,718175.4879140796,680030.8760049496,1110120.3628486104,2831502.6123648696,762281.0137215586,495183.45311358804,764999.6356745658,1536054.8412971129,384773.62552966934,537939.1864867823,497552.08473965694,2026598.273194793,228617.55510695095,2738784.171240059,1152754.408412686,19982374.880756818,1083308.7410377352,389.9504503284566,362.2446950876377,699.943394027649,1276.5980672412866,360.5660737641884,298.813358889357,482.4366908227354,753.1185066397496,745.1588695373113,664.6801507496117,1297.3779722327722,1993.3790653182584,1167.197909400722,960.4680693034686,2047.535427726359,2782.851860943936,147.4895315927683,247.4146968664893,298.20953177153655,646.2000459685264
72027,Camuy,37.07200149432495,264.4140003887157,970.6283943230784,330.4006862264316,52.90848892656159,136.27457322884158,1353.2429920731518,244.7071951520472,38.35974893020024,27.364459993384735,854.191534852152,145.3482947332868,16.225912502822034,39.64039357948716,819.2793297659512,80.33217871140438,195.1946809606918,50.770816392687756,4686.4030343059385,432.24128345883867,2299.1664,9933.3354,24508.11,18190.185,1938.008,4637.0802,23297.4,9743.82,3176.515,4002.4492999999998,36405.78,12505.003,3769.8272,3568.07688,53263.43,9781.457,3580.559,2015.44923,50640.3,7564.451,158.62590259372877,1131.3904774334687,4153.182966292486,1413.738264935011,226.388014473157,583.0998140823149,5790.3372462666275,1047.0678176929664,164.13599352744183,117.08869201748166,3654.965951179821,621.9249976577712,69.42840721888254,169.61569263206303,3505.5815149447353,343.73014247336846,835.2107035177079,217.24121307406156,20052.462269903805,1849.499918083086,0.0015114349473489867,0.0019432735037344117,0.0015114349473489867,0.0015114349473489869,0.001511434947348987,0.0019432735037344117,0.0015114349473489869,0.0015114349473489869,0.0015114349473489869,0.0019432735037344117,0.0015114349473489869,0.0015114349473489869,0.0015114349473489867,0.0019432735037344115,0.0015114349473489867,0.0015114349473489867,0.0015114349473489869,0.0019432735037344117,0.0015114349473489869,0.0015114349473489869,34250.39039070542,244289.01524154283,896752.2682841418,305253.3457181852,48881.5366765254,125902.49097095829,1250245.4387062686,226082.12741508393,35440.12524788896,25281.705864943455,789177.6099976875,134285.59658427033,14990.931572770822,36623.29792327202,756922.6303525825,74217.96425592792,180338.09224237106,46906.56592066061,4329713.179304231,399342.6873299808,34250.39039070542,243066.60168574247,896752.2682841418,305253.3457181852,48881.5366765254,122142.3431750703,1250245.4387062686,226082.12741508393,35440.12524788896,25281.705864943455,789177.6099976875,134285.59658427033,14990.931572770822,36623.29792327202,756922.6303525825,74217.96425592792,180338.09224237106,46537.24317014238,4329713.179304231,399342.6873299808,1449.4268353439122,877.9758711186546,590.1042693979408,1286.6727492048321,856.0559199699996,795.246386298006,402.34962160487646,930.5815569299828,1935.294588184839,3418.3055861640532,996.0634513776588,2010.6930975752757,5429.805105733025,2103.624272395604,1519.3892874243916,2845.6791509804375,428.70128279241885,927.7471808781036,252.53906138003134,408.99980184049826
72029,Canóvanas,129.63506123441275,111.00906964901837,1170.9501103545679,299.54796525434824,206.05225400419957,126.49380194952994,1590.9222794936431,213.60479447583987,83.22051525643371,25.859447518079303,700.8157421908058,116.39917373164707,106.01565656039692,24.7572921454614,608.0628196223579,84.98274631778023,603.9750049279493,113.64943015311427,5979.804628617548,223.2422065428617,5294.904363,8570.0013,42102.625799999994,27627.8572,5133.7287259999985,5119.896775,33130.84076,10699.081,5456.6015560000005,4455.880730000001,39968.668,11652.308,7344.1242,3614.1807,49875.991310000005,6898.7077,8597.061599999999,3310.9939200000003,87420.94592,6244.112099999999,735.6127725734711,629.9197819458327,6644.543914439703,1699.7817345188917,1169.2413180486508,717.7877302591362,9027.67150972393,1212.0981284162606,472.2339263764484,146.7391591815963,3976.771455709097,660.5058700837657,601.5847126231637,140.48499027283063,3450.4459856922226,482.2336877419955,3427.2497248004047,644.9024794700723,33932.33759770326,1266.7855204192272,0.003439716576820159,0.003439716576820159,0.0025797874326151183,0.002579787432615119,0.003654698862871419,0.003439716576820159,0.0025797874326151187,0.0025797874326151183,0.0034397165768201596,0.003439716576820159,0.002579787432615119,0.0025797874326151183,0.0034397165768201596,0.003439716576820159,0.0025797874326151187,0.002579787432615119,0.0036546988628714185,0.0032247342907688993,0.0025797874326151187,0.0025797874326151187,158143.7154963503,135421.59475162625,1428459.2404942343,365422.96307504707,251366.17149968722,154311.64715065414,1940789.4588802792,260579.6265653813,101521.92904337124,31546.319894099302,854935.4186517383,141997.06190088444,129330.056773218,30201.78436474214,741784.7659005068,103671.70060170362,736797.9807061423,138642.60931660185,7294851.507817365,272336.4471163605,158143.7154963503,135421.59475162625,1312371.2720075834,365422.96307504707,251366.17149968722,154311.64715065414,1730406.1916029295,260579.6265653813,101521.92904337124,31546.319894099302,752378.5926463327,141997.06190088444,129330.056773218,30201.78436474214,676260.2599473579,103671.70060170362,736797.9807061423,138642.60931660185,6974494.67893648,272336.4471163605,719.7950552810933,1360.490898305674,633.6420729871912,1625.3767550820178,439.06494294673826,713.2884220731402,366.9920945208733,882.6909925172087,1155.486984569209,3036.5996063025327,1005.0531805799537,1764.1490451132931,1220.7963476958237,2572.645442748749,1445.4940467643335,1430.573573634479,250.84432971982142,513.4100155298987,257.6331373230153,492.9099677373631
72031,Carolina,885.1007145001613,2099.6545545459,1399.1793375342322,466.41721855376795,1681.7622263978762,1102.912328947906,2098.6557312930745,342.3268308678398,1367.9538383176077,889.9899155339103,1494.095477680376,325.33247063250235,1559.5151701968311,767.1459484439598,2544.084408911745,242.75499919600406,15119.303007321903,3024.480930310435,17136.46955973651,1020.8653310774356,15378.790579999999,39762.5275401,60550.733799999995,46642.170323,16427.430573999998,20928.6799516,60235.35683,22134.2216,29323.227323000003,32527.241608,100490.53341,30064.7175,76278.13724999999,50155.13603279999,324990.96337,53088.5424,34491.078760000004,15997.589744,151310.7866,16656.527899999997,5764.392419258208,13674.4130910801,9112.430522688925,3037.633836236551,10952.807143893633,7182.93338141076,13667.908058271467,2229.4707895221136,8909.068319921405,5796.23430223656,9730.590546469566,2118.791677296965,10156.649155884446,4996.188814707147,16568.849895195952,1580.9896593437024,98467.43338027019,19697.52668962431,111604.62713983735,6648.586176850517,0.01416682568359648,0.015416839714502051,0.00833342687270381,0.007708419857251026,0.014375161355414076,0.015416839714502051,0.00833342687270381,0.007708419857251025,0.013958490011778886,0.015208504042684456,0.008333426872703813,0.007708419857251026,0.01416682568359648,0.015208504042684456,0.008333426872703813,0.007708419857251026,0.01416682568359648,0.015416839714502051,0.00833342687270381,0.007708419857251026,1200928.567286412,2848868.038041493,1898444.3348355582,632847.4860082013,2281860.434611636,1496461.2516372425,2847512.80766111,464478.294732794,1856076.7336996815,1207562.3673686448,2027229.118680679,441419.8875311928,2115992.3253067983,1040884.3532395686,3451882.474160542,329376.5428160415,20514278.885432903,4103697.4560278947,23251224.97313024,1385137.66779133,929601.1182693986,2205336.5690764226,1665355.0763021563,613080.0024672457,2054705.9314422554,1202455.4066663384,2401339.610531105,455071.7308024597,1610921.1987069494,1105446.3662502652,1747335.969818493,430768.57691660186,1706934.5528598905,1015088.5218028662,3216096.296252235,312842.44168978505,4822087.24879611,1410161.2838725518,12712454.710762788,800122.8108565743,266.7894456425474,290.78050571718745,664.4849982585381,1535.477046857856,149.98374716347084,291.3667556177378,440.7064824638406,992.8015968643601,329.1391004088594,561.1788604792752,1032.72800278766,1418.955804959309,751.0167583745551,1003.8679059758442,1961.457587133005,3357.931033023835,35.027904735568086,81.2162359065453,135.57752082304972,250.5273671264996
72033,Cataño,63.37564664661423,1206.1999362171455,361.19530090942635,78.13837877514472,118.36504413108945,293.0578011989155,413.2705232674457,61.03887440717461,83.41114602687172,107.18902347211917,256.47147230123346,26.893745171109007,58.47776026378149,71.62665784821847,269.9050913988146,21.216105223690523,307.9034175150728,185.14545523310278,3597.7214164116886,146.39720358134682,2688.4585999999995,12198.0035,14522.70684,13751.966699999999,2344.9238385999997,4668.309589999999,12375.205341999997,5862.071900000001,3432.051777,4451.1213,12975.64157,7214.58466,3060.57577,3099.2387199999994,11902.122566,5040.5326509999995,6083.27311,3307.7735200000006,64609.50292499999,5887.240329,397.44047437222855,7564.30427465319,2265.1229506962577,490.0203149048181,742.2892195619618,1837.820009576213,2591.696361337996,382.7861407837862,523.0868196060003,672.2023141444492,1608.3803323179457,168.65568091244754,366.724917365469,449.1841011363328,1692.6250576846053,133.05014418949764,1930.919632274214,1161.0816054629986,22561.98054074099,918.0841082786269,0.0022640025977426997,0.0030186701303235998,0.001698001948307025,0.0018866688314522501,0.0022640025977427,0.0028300032471783748,0.001698001948307025,0.0016980019483070256,0.002075335714597475,0.0030186701303235998,0.0016980019483070247,0.001698001948307025,0.0022640025977426997,0.0030186701303235998,0.001698001948307025,0.00188666883145225,0.0022640025977426997,0.0030186701303236,0.0016980019483070247,0.001698001948307025,74983.85553556804,1427133.7106609193,427353.68704857805,92450.6054909337,140045.39344705697,346735.7729886718,488967.2745524607,72219.06809286625,98689.15986941267,126822.31545264066,303448.104210508,31819.7416424871,69188.84713103325,84746.16431978144,319342.29396686115,25102.15600625529,364300.58862510003,219057.64757995788,4256698.546204821,173212.06717409182,74983.85553556804,869407.879310317,279316.5814911416,91163.18376145215,129535.9542417029,297511.8349871469,326520.7023662538,71765.51189815323,98689.15986941267,122524.92509292273,212140.90132845577,31584.821153770274,69188.84713103325,84589.64488764812,213492.27019979252,24934.608527281463,356270.0890912408,201341.74297629177,3401687.225740352,173212.06717409182,676.4430835199954,161.25744096352147,641.1443067819336,2806.4074655090963,315.9043371239827,254.01342708617452,477.4944135666858,1531.4221899457814,656.1151320129022,662.1698864076658,806.752066614737,4277.70035433626,834.5698983278808,689.9707073691245,703.1753731852041,3788.44583875158,315.0453808807772,284.88725550698706,286.3645007065415,641.252830314028
72035,Cayey,302.98087981902745,693.2255653072643,701.8638465513657,243.91812125040715,407.20996460195636,527.7564618405919,1295.8114722503763,171.03734653721747,188.54366116035186,197.3263255942249,934.5786416903447,135.05195619703989,178.2450698333153,108.5976269961945,830.4916175044011,92.62769223097825,977.2993389109538,224.71901425588572,5860.602661957806,427.11273551029353,5554.96097,12822.47007,16998.80991,15779.717,5173.847265,8816.998904,19130.834957000003,8368.12,5748.887558,7869.324033,27157.892053,12091.561,9383.777780999999,5940.373203,58578.938200000004,12892.62,8356.50797,3717.8239102000002,48507.4352,10495.854,1127.757524709143,2580.3289899447964,2612.482460089209,907.9137165928462,1515.719744396754,1964.4187494937207,4823.27841713205,636.6363932893918,701.7985185626368,734.4894128138249,3478.695078805912,502.69132467657573,663.4650307534157,404.2228377040437,3091.261638054154,344.77943615558826,3637.7103532355723,836.4506678562384,21814.37572991785,1589.8019758162627,0.0025802579804380644,0.004085408469026937,0.002365236482068225,0.0023652364820682258,0.0023652364820682258,0.004085408469026936,0.0023652364820682258,0.002365236482068225,0.0032253224755475806,0.003655365472287258,0.0023652364820682258,0.0023652364820682253,0.00322532247554758,0.0036553654722872577,0.0023652364820682258,0.002365236482068225,0.00322532247554758,0.003870386970657097,0.0023652364820682253,0.0023652364820682253,242492.11276082025,554826.2057050624,561739.893033304,195220.96773232287,325912.33054893906,422392.26294194453,1037108.5523066373,136890.5112018549,150901.7690150712,157931.01408001158,747994.2282166312,108089.44184947637,142659.24502859052,86916.6002384316,664687.7092676061,74134.9909692827,782185.9307881879,179854.87591490068,4690559.755449578,341841.6029513427,242492.11276082025,554826.2057050624,433933.1322747075,195220.96773232287,325912.33054893906,422392.26294194453,818698.7237616818,136890.5112018549,150901.7690150712,157931.01408001158,604682.3398565757,108089.44184947637,142659.24502859052,86916.6002384316,570733.4083047007,74134.9909692827,717812.537117308,176920.33876246552,3487781.4562085844,318405.40687120636,492.56696127411476,496.9315974810764,650.6765182040509,1738.019451806169,341.34590409120494,448.83500049428653,396.6355101759875,1314.4268986514187,819.164960589312,1071.400607784483,780.6919387232452,2405.3649638333295,1414.3590612973221,1469.5788186389684,1894.9848009912707,3739.3819491548684,229.71889343986058,444.47617212483186,222.3645352063562,660.1988272540071
72037,Ceiba,50.923558760759335,28.50281077435075,316.4919783277809,26.62570746250408,39.4403766400616,31.86901355876913,424.01900311232964,24.557800360515813,29.63095166576602,25.75354258981196,287.57707187281676,23.970230416944506,28.21046852328683,11.506875313025645,290.17359838733756,15.238616223609394,190.75871728087844,53.37030753196099,1734.2231534596158,78.15621773787626,1970.79048,2491.714,2510.82678,2866.405,1244.52033,1490.652,3531.8386,1717.737,1809.6881,2562.254,3662.687,2522.315,2776.982,1755.5084,4347.2447,3133.309,2164.749,1434.2721,5532.060219999999,2893.596,296.1738191599552,165.77369157353652,1840.7322707984067,154.85637019308675,229.3870904324037,185.35168570807687,2466.114517608058,142.82932497141994,172.33501219786112,149.78381816474283,1672.5618113131857,139.41199047151432,164.07341525533585,66.92452945143289,1687.6633319663006,88.62851056546917,1109.4616953335933,310.4042253948418,10086.323641456685,454.5602479841038,0.0006363853787115819,0.0010606422978526363,0.0006363853787115819,0.0006363853787115819,0.0008485138382821094,0.0010606422978526367,0.0006363853787115819,0.000636385378711582,0.0008485138382821092,0.0010606422978526363,0.0006363853787115819,0.0006363853787115819,0.0008485138382821094,0.0010606422978526363,0.0006363853787115819,0.0006363853787115819,0.0008485138382821092,0.0010606422978526363,0.0006363853787115819,0.000636385378711582,62826.896023521214,35165.317830814005,390471.70108622476,32849.44326374281,48659.530138791044,39318.36756805487,523133.07374471135,30298.16468768556,36557.160667600314,31773.410615878856,354797.960570357,29573.250784383363,34804.64083458985,14196.597340014841,358001.4228836748,18800.629420283178,235348.4003836208,65845.57017719052,2139596.2967919977,96425.16518686483,62826.896023521214,35165.317830814005,75560.54636469176,32849.44326374281,48659.530138791044,39318.36756805487,151428.61789954238,30298.16468768556,36557.160667600314,31773.410615878856,87249.83903909588,29573.250784383363,34804.64083458985,14196.597340014841,85387.25371950961,18800.629420283178,216171.01137433542,65845.57017719052,345452.3982905805,96425.16518686483,665.416843929622,1503.081687056891,136.4036921518708,1851.0087744055654,542.5415735706968,804.2289954393674,143.21470372858485,1202.6500862786534,1050.0989189139711,1710.6347210229692,218.9866452304264,1809.2525552996663,1692.5240421663552,2623.116537971286,257.5895688232448,3535.3285077327905,195.11705623591652,462.06590718137636,54.847141700492266,636.5704024565717
72039,Ciales,51.072717819062234,229.3445729433218,432.7274675241527,102.4660544867359,96.17295052341697,78.45425334140756,482.0986491662436,55.86945419886204,36.10638042443481,17.022392575406798,359.48513526978456,35.46555092557304,18.433665562597525,9.153639514009605,258.7637989889298,24.229350294847315,100.62348808997285,57.45049801690075,1972.7068915257544,89.35308880858385,1205.231184,7165.41,10664.04,6394.406,1410.0796,2697.5776,7807.16,2904.147,1424.4342199999999,2871.80634,13215.33,3485.761,1138.151269,1429.1861514999998,13704.42,2228.9622000000004,1523.439473,1631.8730541,21787.5,3189.37677,177.50536683679795,797.0966553328528,1503.962411700057,356.1250578914531,334.2531118652304,272.6710387453851,1675.5540183890323,194.1766247426772,125.48923527222546,59.162037337472746,1249.405622675177,123.26200554698762,64.06697562929507,31.813856971199623,899.3444058790608,84.21012031395986,349.72114131632003,199.67160865757802,6856.225307654637,310.5503972425936,0.0010653779714045989,0.0017046047542473577,0.0008523023771236788,0.0008523023771236791,0.0010653779714045989,0.001704604754247358,0.0008523023771236791,0.000852302377123679,0.0008523023771236791,0.001704604754247358,0.0008523023771236791,0.0008523023771236791,0.0008523023771236791,0.0014915291599664382,0.0008523023771236791,0.0008523023771236791,0.0008523023771236792,0.0014915291599664382,0.0008523023771236791,0.0008523023771236791,37822.06152680339,169841.84353438113,320457.6846491549,75881.55834854832,71221.18045093071,58099.5436238686,357019.6682180262,41374.299712509084,26738.693381487596,12605.98626455197,266217.84554943594,26264.125084182415,13651.10890599325,6778.756480506541,191628.34374590157,17943.12143036475,74517.04001857643,42545.146675740674,1460894.2819523937,66170.71044664134,37822.06152680339,169841.84353438113,320457.6846491549,75881.55834854832,71221.18045093071,58099.5436238686,357019.6682180262,41374.299712509084,26738.693381487596,12605.98626455197,266217.84554943594,26264.125084182415,13651.10890599325,6778.756480506541,191628.34374590157,17943.12143036475,74517.04001857643,42545.146675740674,1460894.2819523937,66170.71044664134,678.9829544185636,898.9386609592354,709.0629338232947,1795.5507084674214,421.8598271625184,989.3157749396869,465.9449897954483,1495.6213209744349,1135.104709905958,4854.136992643797,1057.7293522742332,2827.9281880345716,1776.502258488962,4492.338520267474,1523.82334402855,2646.9053739500428,435.61549275114044,817.2784629078345,317.77689650419353,1027.0077894985093
72041,Cidra,261.2913422209824,314.8027134380683,812.5888415943178,200.2875672916386,344.00798458689735,193.71039413918948,1363.1115913078281,113.30688487477849,159.1637125881989,78.22392591546684,894.9589646077707,111.43448044636658,138.36627510079154,49.423403276968884,677.6995060593903,68.03404312181922,754.4559805824338,125.67919311878872,5031.1521157203715,227.30108000792922,5866.224,9144.378910999998,12441.68457,10729.653,4660.967900000001,4031.6332030000003,15846.182279999999,5143.348419,5947.101,4373.137457000001,23068.0678,9876.55126,9612.985,5242.10227714,43793.147099999995,10020.14824,6201.128,2338.94142,37798.3204,4257.320860000001,1037.3680616768518,1249.8166907255386,3226.1065536263477,795.1734018174235,1365.766248276454,769.060981457553,5411.769166574011,449.8463000652469,631.90517762074,310.56138987970326,3553.12900344898,442.41255757662617,549.3360529387942,196.21874809591543,2690.574502103556,270.1059393756426,2995.309877261058,498.9663256752144,19974.471690961072,902.4213308432597,0.0021923063918418135,0.003288459587762719,0.0021923063918418135,0.0021923063918418135,0.0021923063918418135,0.0032884595877627192,0.002192306391841814,0.002192306391841814,0.0021923063918418135,0.0032884595877627192,0.0021923063918418135,0.0021923063918418135,0.0021923063918418135,0.0030692289485785393,0.0021923063918418135,0.0021923063918418135,0.0021923063918418135,0.0032884595877627192,0.0021923063918418135,0.0021923063918418135,227422.86323067147,273998.1119708181,707261.4018277805,174326.37314269366,299417.8075858283,168601.7305365531,1186425.613505265,98620.09189794312,138532.97599358848,68084.5720092551,778954.742529973,96990.38778063221,120431.29401268714,43017.161564987415,589856.367868823,59215.49773676589,656663.6989466336,109388.70650915963,4379016.196175733,197838.4051742074,227422.86323067147,273998.1119708181,410239.5119843119,174326.37314269366,298621.4915028625,168601.7305365531,806996.6068443197,89758.01961434077,138532.97599358848,68084.5720092551,582542.5955423361,87571.82170313169,120431.29401268714,43017.161564987415,455513.16358629003,51947.41852145362,541221.7570884088,75104.5400337848,2351195.569088385,135421.7357636962,565.4910939245182,731.6576085803063,385.6563434339997,1349.347573180471,341.27127580447734,524.2280261519833,292.80964860575574,1143.3568350465468,941.1381977264571,1408.1394531026367,649.2324871291784,2232.43013582167,1749.9279263709745,2671.560351907638,1627.6504168816534,3709.710442932818,207.02792879881846,468.75736891360003,189.23314210660521,471.7664260021186
72043,Coamo,104.68126873436968,194.0417473045288,933.1637346291418,199.3055281033295,95.53192986308092,68.65490933668082,982.8604841203248,175.5400381456267,79.8017172310723,30.402249995773094,689.8917543805328,77.98607189172266,78.61063775792623,27.081884451079414,722.8216696672956,88.10895837107769,549.7991991624076,98.2399871595057,6048.406939192412,460.06929050211613,6651.90713,6385.654603,30480.12,12673.272,4312.461644999999,1385.8143330999999,19986.062,5306.301,5147.910440000001,1743.7001332,28048.856,5764.1708,10074.30889,3369.6720772,77863.77,16068.745,9165.6481,2308.7544650000004,54884.87,8995.439,506.2535866753503,938.4136410014369,4512.9132778294315,963.8700377482862,462.00607539373215,332.02496028932893,4753.253865789438,848.9367294721532,385.93251743631276,147.0296289818221,3336.415189609018,377.15179690923765,380.1722867609883,130.97186634293146,3495.668969434153,426.1075236561594,2658.907557124576,475.1026277742372,29250.960975723156,2224.9608860482676,0.0021243204071351245,0.0029740485699891748,0.0019118883664216125,0.0019118883664216125,0.0021243204071351245,0.0029740485699891756,0.0019118883664216127,0.0019118883664216125,0.0021243204071351245,0.00254918448856215,0.0019118883664216125,0.0019118883664216125,0.0019118883664216127,0.00254918448856215,0.0019118883664216127,0.0019118883664216125,0.002336752447848637,0.002761616529275662,0.0019118883664216127,0.0019118883664216125,107544.48253597975,199349.12479133267,958687.3771724129,204756.87910147876,98144.89341793142,70532.73988208511,1009743.4187390427,180341.36187842453,81984.43225669915,31233.804129959062,708761.4873962045,80119.12587619756,80760.77469935942,27822.620843286335,742592.0928357982,90518.89081365927,564837.158428554,100927.0207664335,6213841.332904187,472652.98153097846,107544.48253597975,199349.12479133267,958687.3771724129,204756.87910147876,98144.89341793142,70532.73988208511,1009743.4187390427,180341.36187842453,81984.43225669915,31233.804129959062,708761.4873962045,80119.12587619756,80760.77469935942,27822.620843286335,742592.0928357982,90518.89081365927,506618.64047508605,98434.7999828896,4462848.046007506,329328.0446305069,1313.94765490634,680.4733354243965,675.3978666007066,1314.8320316716404,933.4209818182197,417.3825762654685,420.47116700089487,625.052588229905,1333.8887518980614,1185.9515291408243,840.6884157390177,1528.3423934971095,2649.9324755709113,2572.821302230653,2227.43545458207,3771.054043384227,344.71480873566026,485.94857827161746,187.6344166796835,404.296500509576
72045,Comerío,93.49563164544114,258.33718899531533,690.8084103347371,223.91045936145935,124.9352080029654,87.3645810443606,573.1510665538426,164.5244773953891,75.17041150846234,60.21545290739563,306.97130593869906,56.43625092919707,27.206407416090048,16.79017120612811,259.33846747619555,25.927508334633906,106.64952628185699,15.317752401023721,1027.211154032115,83.23856823469066,2356.66552,7190.628200000001,16239.19,9268.779,1627.9274024000001,1790.8787599999998,8479.137,3401.205,2783.1158791999997,3420.0977399999997,13603.637,5034.817,1292.8946947,936.8690870999999,10960.376,1980.134,1211.4407571000002,702.5693912999999,11964.707,1533.94,388.6776702419947,1073.9528145693967,2871.8112149956664,930.8348866764452,519.3774802435852,363.18982207385034,2382.6890874395667,683.9569875769661,312.49652953883015,250.3261546739258,1276.1333329011622,234.61535199353358,113.10178736736759,69.79967419344459,1078.1153040928411,107.78518051946641,443.36070764078084,63.678572055124704,4270.296175011306,346.0372661947401,0.0012971338513167092,0.002161889752194516,0.0010809448760972578,0.0010809448760972576,0.0010809448760972576,0.002161889752194515,0.0010809448760972578,0.0010809448760972576,0.0010809448760972576,0.0019457007769750634,0.0010809448760972578,0.0010809448760972578,0.0010809448760972578,0.0019457007769750636,0.0010809448760972578,0.0010809448760972578,0.0010809448760972576,0.0010809448760972576,0.0010809448760972578,0.0010809448760972576,84027.82722030074,232176.75841580352,620853.9235936411,201236.240249095,112283.68520592159,78517.63544428065,515111.11208012997,147863.96023844744,67558.30448063475,54117.75484958193,275885.95748328546,50721.25251823294,24451.359506439512,15089.920034532382,233076.64276023867,23301.967720347035,95849.69703743127,13766.605236035415,923190.9539592379,74809.4419663814,84027.82722030074,223684.04124728654,620853.9235936411,201236.240249095,112283.68520592159,77378.75549754791,515111.11208012997,147863.96023844744,67558.30448063475,54117.75484958193,275885.95748328546,50721.25251823294,24451.359506439512,15089.920034532382,233076.64276023867,23301.967720347035,95849.69703743127,13766.605236035415,923190.9539592379,74809.4419663814,606.329022846287,669.5478704884346,565.4685765973828,995.7489918640956,313.4381955945628,493.09717705576173,355.864180714894,497.2834639864339,890.606971958124,1366.2566520286343,1066.0043624966274,2145.9878721571336,1143.1249008475256,1342.2255876202762,1016.6237283146993,1837.1115495254753,273.240441974739,1103.30581956487,280.18447689915376,443.2875154945715
72047,Corozal,120.82399294954885,123.09880790449614,2009.27970061236,132.26185055403826,85.56958716247604,37.64517423641677,1495.6032150745643,111.83597751815681,44.42090360680035,20.54236561451578,782.7586915215445,57.97512537795693,22.32737380813778,11.53966357105043,607.6896781545613,45.75257600188776,110.53513411460085,30.78526670053025,2668.4759882086632,116.07892730769632,4335.08285,7898.989,22624.296420000002,8159.51246,1982.508845,1578.7439,10795.2366,3230.68404,2970.5254699999996,2615.07,15751.4434,4607.49075,1973.7978999999998,1776.077,10417.79824,3396.604,1987.109,2333.60208,12883.30663,3097.547,517.2811514405334,527.0202675753613,8602.285785513206,566.2498041661031,366.34722537417997,161.16947139236126,6403.093742440526,478.80095509859393,190.17825520258504,87.9475862283926,3351.207879873845,248.2076521253623,95.58970325487694,49.404512411387174,2601.688694112078,195.87951546601647,473.23168233075705,131.8002974202622,11424.488614180887,496.96620439269594,0.0012935989144803816,0.0017247985526405091,0.0012935989144803816,0.0012935989144803818,0.0012935989144803816,0.0017247985526405091,0.0012935989144803816,0.0012935989144803816,0.0012935989144803816,0.001724798552640509,0.0012935989144803816,0.0012935989144803816,0.0012935989144803814,0.001724798552640509,0.0012935989144803816,0.0012935989144803818,0.0012935989144803816,0.0012935989144803816,0.0012935989144803816,0.0012935989144803816,111525.722664106,113625.47434077461,1854651.2590316501,122083.35533233333,78984.39551115649,34748.108873422585,1380505.8524228649,103229.39929461853,41002.39741463949,18961.483679369736,722519.8126004845,53513.52489251548,20609.122727668433,10651.603937633832,560923.611753211,42231.58809596368,102028.66509346534,28416.120278507104,2463117.6782996464,107145.82375597114,111525.722664106,113625.47434077461,1289304.2203225377,105344.17074398007,78984.39551115649,34748.108873422585,908040.836262993,75422.1419053243,41002.39741463949,18961.483679369736,480322.1699331901,40677.74990348508,20609.122727668433,10651.603937633832,380933.43594375876,42231.58809596368,102028.66509346534,28416.120278507104,1309510.3117980377,107145.82375597114,838.0515775468691,1498.8017512761942,263.0033107956114,1440.9740012212874,541.1556871967855,979.5551765238496,168.59407396221283,674.7446941359468,1561.9690415372063,2973.441469114206,470.02286830958866,1856.3048763995773,2064.8645542262398,3594.9691906900284,400.42447290395205,1734.0271604813538,419.90193687225377,1770.5590394527028,112.76921939427838,623.2912766744921
72049,Culebra,3.359039214749315,8.313109974408631,14.892575985957274,4.7677592009221055,3.1134795908117634,5.733482866242281,52.33793240392272,2.154064753133948,1.565443457196216,7.086729402976792,29.01572859045938,1.390228891897418,1.5880779860705665,5.934968990208549,22.790009078031158,2.0342316154333515,29.408647170253445,17.7552373758817,324.6844709656071,12.074782485836202,86.87230000000001,355.41734,0.626601,393.795,107.228,158.14829999999998,0.912542,123.922,92.0181,297.81890000000004,0.899304,166.623,242.001,537.7491,38.9446,439.207,290.886,441.16679999999997,59.1935,445.758,36.66398631711709,90.7377767476151,162.55279181565427,52.04019570190189,33.983697664174194,62.58109057920613,571.2696741073416,23.511663778233476,17.086849490426673,77.3518060530423,316.7073106353061,15.174378687327051,17.333905866934472,64.78031601835883,248.75344632327185,22.203682465690278,320.9960255065273,193.79880334474603,3543.9380846144227,131.79651428270185,0.00022050128746671393,0.00044100257493342787,0.00022050128746671393,0.000220501287466714,0.00022050128746671385,0.00044100257493342787,0.00022050128746671393,0.0002205012874667139,0.00022050128746671396,0.0004410025749334278,0.0002205012874667139,0.00022050128746671393,0.00022050128746671396,0.00044100257493342787,0.00022050128746671396,0.0002205012874667139,0.0002205012874667139,0.0004410025749334278,0.0002205012874667139,0.00022050128746671388,8084.4561865863025,20007.79659471639,35843.09987666049,11474.930152289122,7493.449087829966,13799.211043785996,125965.69863135893,5184.352133584985,3767.672311389047,17056.17282257138,69834.36974520549,3345.9700370630794,3822.148560485878,14284.143084548714,54850.455176063566,4895.940570186807,70780.0368958874,42732.885647025,781442.9103598003,29061.301082960905,8084.4561865863025,16471.056202026935,138.16632722793042,11474.930152289122,7493.449087829966,13799.211043785996,201.21668586745005,5184.352133584985,3767.672311389047,17056.17282257138,198.29768982396567,3345.9700370630794,3822.148560485878,14284.143084548714,8587.334439876187,4895.940570186807,64140.73750604254,42732.885647025,13052.242959660929,29061.301082960905,236.94177509400402,391.69721007005126,0.38547538495100553,756.7131420022853,315.52775998546025,252.70940237105432,0.15973926874832375,527.0660603556433,538.5316939296235,385.0186766108309,0.28395429148636353,1098.0548425297698,1396.1135006601844,830.1118812813465,15.65590369726531,1978.0817919670503,90.61981360703328,227.6416532950487,1.6702746658295582,338.216835571125
72051,Dorado,222.40764984905593,189.25797677017727,564.6697345270594,125.7305339669574,152.61993402657984,62.51622263053636,621.097592435415,76.60360546420021,107.55645194674082,44.453147973390365,620.4808050381243,54.56989396316338,128.13319089475416,25.530127433782184,550.6877734828179,41.20946369950007,626.6154674164411,140.37094595746981,6792.578637757253,340.9108447665824,7100.450928,9824.230099999999,26258.952724,13130.302,4071.346842,3719.807,16785.927660999998,6183.664,4872.358985000001,5253.7908,22063.19842,5773.563,10960.984400000001,5891.692,58949.416189999996,9203.626,6980.951899999999,3376.8971,35099.485,10486.408,1892.540512235609,1610.4589412477299,4804.962191503156,1069.8828449424952,1298.6936749525407,531.9712882202056,5285.125563503695,651.8455045170624,915.2335488445594,378.2665906192644,5279.877114821281,464.35334011118545,1090.3278502107264,217.2443280784733,4685.985044203205,350.66500451642486,5332.078993163736,1194.462969891746,57800.306164047775,2900.9235303691194,0.0017189070597314995,0.0019337704421979371,0.0015040436772650622,0.0015040436772650622,0.0017189070597314997,0.0019337704421979371,0.001504043677265062,0.001504043677265062,0.0017189070597314997,0.001933770442197937,0.001504043677265062,0.0015040436772650622,0.001933770442197937,0.001933770442197937,0.001504043677265062,0.001504043677265062,0.002148633824664374,0.001933770442197937,0.001504043677265062,0.0015040436772650622,406637.6559137072,346028.6554398049,1032410.4290897142,229878.6469071596,279041.715788071,114301.15036202148,1135579.95533424,140057.72994607745,196650.17605150345,81275.63913450233,1134452.2558976354,99772.52931587736,234271.52989363583,46677.851152589225,1006846.596784639,75345.06898300759,1145668.5280493968,256646.35394184705,12419169.29000298,623302.2420115881,406637.6559137072,346028.6554398049,994304.7869720466,229878.6469071596,279041.715788071,114301.15036202148,1039134.5713377534,140057.72994607745,196650.17605150345,81275.63913450233,894095.0437654592,99772.52931587736,234271.52989363583,46677.851152589225,797482.450287392,75345.06898300759,810405.7656143069,181137.91686239623,5917299.954431758,461931.89397116815,375.18092120587806,610.0267351360424,546.4965524689239,1227.2654021951103,313.49554714269186,699.2495802631013,317.60697942381563,948.6395099988205,532.3623670866448,1388.9121932230285,417.87333190133955,1243.3555444260548,1005.2925271863488,2712.0118863917105,1257.994117222447,2624.620615533624,130.92363989637596,282.712581730855,60.72543093522944,361.48515775132097
72053,Fajardo,96.2398083758067,322.90623658709313,875.3264531126974,305.5447995618971,79.00252690365929,164.8360746025859,893.3581180707649,175.6547038470196,79.34111836752767,60.74989829750295,1032.0294200129829,168.7862212163087,76.66617939266808,35.988969279448064,1019.7635508114299,160.6773440769641,520.8029368534669,107.31125132618065,5718.6722815800495,371.34210772394556,3541.9412089,11253.53621,23603.82,22684.339,2550.5186501999997,4478.64289,20297.552,8761.221,4463.572586,6282.0390800000005,35887.53,11615.52,7463.683400000001,4450.365192999999,67462.11,13558.739,5969.81466,2931.4892001,48510.813,8825.1031,528.7227849840865,1773.9840465016623,4808.873249755246,1678.6036889323407,434.02451387032727,905.5773271015029,4907.9357092034315,965.012771543485,435.88466950415045,333.7481231252143,5669.768865333132,927.278664146434,421.1890751516812,197.71639602432873,5602.382566108894,882.7300706219497,2861.1900194751197,589.5471387448082,31417.273019928325,2040.0812999438751,0.002955973094345565,0.0031671140296559625,0.0019002684177935776,0.0019002684177935778,0.0023225502884143727,0.0033782549649663597,0.0019002684177935776,0.0019002684177935776,0.002955973094345565,0.003167114029655963,0.0019002684177935776,0.001900268417793578,0.0031671140296559625,0.002744832159035168,0.001900268417793578,0.0019002684177935776,0.00337825496496636,0.0029559730943455654,0.0019002684177935778,0.0019002684177935776,111635.02334145823,374560.6508040848,1015349.9957424736,354421.95289665804,91640.34180622152,191204.44384010113,1036266.1360845118,203753.6991701704,92033.09680656987,70467.89087474748,1197120.301220209,195786.48444125408,88930.2552700473,41746.024782777735,1182892.294974897,186380.45273773177,604114.3368127514,124477.53428414752,6633472.410329785,430744.67377940135,110897.26023446134,369354.91389336373,1015349.9957424736,354421.95289665804,90622.64865295812,154629.17090311123,1036266.1360845118,203753.6991701704,92030.25631504456,70467.89087474748,1197120.301220209,195786.48444125408,88930.2552700473,41745.497091279954,1182892.294974897,186380.45273773177,463120.8442205743,114471.70266994865,5248042.081675616,408413.49851779535,669.9051581457012,634.3651304075837,490.8388883238157,1351.381457670223,587.6439161134603,494.562171110762,413.5659715741129,907.8865335623391,1024.0260551208714,1882.2694854955423,632.9628394453324,1252.6460975668151,1772.0505683373037,2250.883225917383,1204.1682124335089,1536.000579480299,208.64796183984845,497.24424179911534,154.4080957288338,432.58585333058977
72054,Florida,36.34394063642358,107.72956122024787,361.453763648686,113.38695133173997,57.61364050831418,15.35268739243456,577.2386539549507,54.88367738079976,19.340892489718527,6.871746632566175,391.4601883710206,38.885897819795346,19.73535377397824,4.044761943734471,403.8610547072283,22.280790205375258,35.126145361718,27.890405508133806,1089.3445116898924,41.15537542324253,1067.122,2514.356,8836.78,5589.86,688.613,264.703757,6429.82,1310.602,1459.048,564.335329,15965.9,3419.019,561.469,358.81766,10217.96,1250.426,524.941,671.202154,13934.36,1115.785,167.65895008796593,496.96936576884576,1667.4294932660312,523.06758378597,265.7786224944702,70.82378531800357,2662.871030976934,253.1849756932969,89.2218529913802,31.700190059520573,1805.8527235691956,179.38530295641513,91.04155012964416,18.658971178338746,1863.0594048949436,102.7839531858494,162.04111466330096,128.66178028958734,5025.276673795156,189.8546748951525,0.0004245363279077185,0.0008490726558154371,0.00042453632790771855,0.00042453632790771855,0.00042453632790771844,0.0006368044918615779,0.00042453632790771855,0.00042453632790771855,0.00042453632790771844,0.0006368044918615779,0.0004245363279077185,0.0004245363279077185,0.00042453632790771844,0.0006368044918615779,0.00042453632790771844,0.00042453632790771855,0.00042453632790771844,0.0006368044918615778,0.0004245363279077185,0.00042453632790771844,35588.657505604264,105490.77481306683,353942.1970580943,111030.5956340293,56416.34021508706,15033.634873714913,565242.744591394,53743.10993111862,18938.95891904142,6728.941140922812,383325.04200310924,38077.78889886504,19325.2226895328,3960.705553293944,395468.19921401923,21817.761026679676,34396.16989461567,27310.799873105538,1066706.2529066547,40300.103258050876,35588.657505604264,105490.77481306683,353942.1970580943,111030.5956340293,56416.34021508706,13602.807214748875,565242.744591394,53743.10993111862,18938.95891904142,6728.941140922812,383325.04200310924,38077.78889886504,19325.2226895328,3960.705553293944,395468.19921401923,21817.761026679676,34396.16989461567,27310.799873105538,1066706.2529066547,40300.103258050876,636.4837662648556,505.9378249824551,529.9642375097494,1068.6687864578646,259.09269659726954,373.74980144235764,241.46193808120992,517.6460397822485,1635.3034050312313,1780.226957442207,884.1197176059871,1905.9638351926253,616.7173111622792,1923.0302494735208,548.4505739942406,1216.5576057762976,323.955436304394,521.6795170168501,277.28542933093047,587.7047803095677
72055,Guánica,67.41756482084833,71.58461309497305,591.1372180829019,115.69962572055158,54.06430810665372,15.092609826643377,498.7748715022572,131.25257052190204,38.61627696592621,14.946888869126665,432.8498046920471,66.13930729065243,37.33325057041656,12.76327585893503,334.51481527669364,32.13567632591459,200.97496696785865,40.01332326956318,1666.3758169353473,139.31321530078782,2676.1713,3248.1766000000002,19403.298600000002,7765.487,1401.3814,870.8285,9910.919,4887.096,2204.9807,1462.5254000000002,16964.8666,8210.346,2543.999,1162.4302000000002,17743.625,4801.641,4395.762,1527.3223199999998,21419.1271,4786.8832,388.2150969363343,412.21049122232694,3403.985193332902,666.2409348952267,311.3221408722534,86.90879005259958,2872.1288822015918,755.8005027874591,222.36670436680333,86.06967526406734,2492.5081369214895,380.85442064502547,214.97856719768055,73.49562963255204,1926.259154930531,185.04902591975014,1157.2876666568106,230.41141004005325,9595.603920476626,802.2166556479193,0.0014898857988145178,0.0014898857988145178,0.0014898857988145178,0.0014898857988145178,0.001489885798814518,0.0014898857988145178,0.0014898857988145178,0.0014898857988145178,0.0014898857988145178,0.0014898857988145178,0.0014898857988145178,0.0014898857988145178,0.0014898857988145178,0.0014898857988145178,0.0014898857988145178,0.0014898857988145178,0.0017027266272165917,0.0014898857988145178,0.0014898857988145178,0.0014898857988145178,82628.02283012087,87735.22242778592,724507.0284173685,141803.2724984723,66262.06236315759,18497.738870217225,611306.2905653097,160865.2051199868,47328.7135664695,18319.140983501587,530507.4966612799,81061.37039067916,45756.21633104525,15642.870694924393,409986.59425249323,39385.987971756476,246318.06567073878,49040.95538621487,2042336.287452434,170744.45754604443,82628.02283012087,87735.22242778592,609309.395931931,141803.2724984723,66262.06236315759,18497.738870217225,501334.5789029469,160865.2051199868,47328.7135664695,18319.140983501587,394225.91819800553,81061.37039067916,45756.21633104525,15642.870694924393,316835.67509430036,39385.987971756476,246318.06567073878,49040.95538621487,1657509.7280671035,170744.45754604443,689.3527122256353,787.989793847359,570.0171269253347,1165.5673785972342,450.1386878792655,1002.0027887546826,345.0722236532407,646.611901153275,991.596608979189,1699.234248895302,680.6343517479306,2155.7701722602387,1183.3733163086445,1581.631732133834,921.1442268597503,2594.7939883143827,379.83313281982356,662.8674854836833,223.2181244402185,596.7070324828671
72057,Guayama,132.70076193363326,486.21570698575135,1556.1792201088726,386.2127399159159,61.43364443142438,144.14653401969497,1756.8160760177263,324.96280852899065,19.471334569343398,65.17716121478239,1048.8670266672293,105.57999049656699,20.114136683956545,19.99334423286245,733.7835454146651,80.35143323848597,106.11860319640014,45.77696662537074,5170.790441945635,139.30852377269807,4852.928108,8688.702717,25331.5127,15673.17109,2344.0507900000002,4219.358946,19996.527162000002,8562.680900000001,2456.05353,4085.36412,27207.312628,8096.4528,2480.7,1159.0970909999999,37466.5908,4748.989800000001,3262.984,947.835005,43861.29561,4809.2112,685.6555936461434,2512.2426906646106,8040.66963471675,1995.5343255164432,317.4233616197376,744.7951007601418,9077.346293847631,1679.0601964011094,100.60702944496117,336.76585208487404,5419.422868009258,545.5244567268008,103.92834319681813,103.30421701580711,3791.4084675013964,415.170258668191,548.3074310297981,236.52639796096844,26717.11404238332,719.797438805271,0.0020752133963349764,0.0029052987548689665,0.0018676920567014784,0.0018676920567014786,0.0018676920567014786,0.002905298754868966,0.0018676920567014784,0.0018676920567014786,0.0018676920567014784,0.0029052987548689665,0.0018676920567014786,0.0018676920567014784,0.0016601707170679808,0.002282734735968474,0.0018676920567014786,0.0018676920567014786,0.0020752133963349764,0.0022827347359684735,0.0018676920567014786,0.0016601707170679808,142288.1673206488,521343.96865118237,1668610.534146806,414115.9565158003,65872.1212342961,154560.87706221046,1883743.0632164245,348440.82128244184,20878.10552696508,69886.10076746935,1124645.8936096928,113207.96606278172,21567.3490060936,21437.829504909845,786798.164273676,86156.68825480873,113785.49261830529,49084.27496354593,5544371.297216317,149373.32876563031,142288.1673206488,439374.5684232356,1062141.6321318548,366238.6101514831,65872.1212342961,130780.50393186772,1168303.0608495746,338892.4530686394,20878.10552696508,69561.5957232478,716584.3539274316,113207.96606278172,21567.3490060936,20664.554733936944,564644.7606056947,68654.94589565373,113785.49261830529,41845.13873491851,3561673.755853267,143623.17573799,707.7792630835771,345.85443314401346,315.0423267065661,785.4122522269213,738.461963870225,566.512714932429,220.29045179815472,509.96866689790005,2441.234517657265,1213.1170944761877,502.03339526435934,1484.1594542945872,2386.9330768624714,1122.0230155973597,988.1971600040006,1143.8656071449109,595.1011814433482,400.7311713073192,164.16928692380324,668.1339694654083
72059,Guayanilla,38.35628338328681,127.57473432232639,446.92113145880217,164.90945200308545,51.31716171785352,46.35389199390942,658.5150637871416,202.58803379154406,26.171627075641915,19.219717719312676,518.2548861983348,70.85886004779785,32.0572883857089,20.060688903640568,405.30695861743806,37.121374208843235,247.66461136147822,90.20269362404682,2574.843133348164,156.70240805164386,1162.6397,4369.8905,10081.1024,8032.16,1000.5315,1693.5445,9908.823699999999,5673.722,1281.8523,1903.7495999999999,14344.357,7177.63,1964.547,1162.34026,16145.659619999999,3894.506,2623.724,1344.29556,24651.2489,4097.616,183.64597488948104,610.814823265667,2139.8128193313105,789.5696457074604,245.70133915380396,221.93770965965103,3152.9029979294996,969.9708544442174,125.30708256380436,92.02204922705813,2481.3515654283005,339.264998722617,153.48702894587558,96.0485335309871,1940.5684018181767,177.7333556459942,1185.7929128483156,431.8813020206063,12328.086448992379,750.275155874797,0.0010550969650208024,0.0016881551440332838,0.0010550969650208021,0.0010550969650208024,0.0010550969650208024,0.0016881551440332836,0.0010550969650208024,0.0010550969650208024,0.0010550969650208024,0.0014771357510291233,0.0010550969650208021,0.0010550969650208024,0.0010550969650208024,0.0016881551440332842,0.0010550969650208024,0.0010550969650208026,0.0010550969650208024,0.0016881551440332838,0.0010550969650208026,0.0010550969650208026,38752.86214883559,128893.77324346459,451542.00227781455,166614.50737169833,51847.74744854507,46833.16077711316,665323.6768240808,204682.6609365457,26442.224501736215,19418.436970892784,523613.3011666034,71591.49409800392,32388.73968217068,20268.103244648653,409497.5662347254,37505.184825010285,250225.30069788694,91135.33020223484,2601465.3193691885,158322.6079788016,38752.86214883559,128893.77324346459,370806.12702527177,166614.50737169833,51847.74744854507,46833.16077711316,558566.9710188756,204682.6609365457,26442.224501736215,19418.436970892784,461207.17615747364,71591.49409800392,32388.73968217068,20268.103244648653,331009.7837983485,37505.184825010285,250225.30069788694,91135.33020223484,2095242.4067162597,158322.6079788016,633.0874938585949,715.4198512466954,471.12075920501934,1017.2832812997926,407.21450825047725,763.0719910542051,314.27619899841795,584.9373694069375,1022.9687530609464,2068.7972241333464,578.0864428827542,2115.6411734263306,1279.9433369009716,1210.159298918402,832.0067257032861,2191.207151772344,221.26325529284233,311.265052159137,199.96005870006564,546.1484320672074
72061,Guaynabo,309.2384001908329,1103.2713356875138,743.5344637341876,81.97689811524052,658.4888261385203,685.847922101517,1085.6126388611797,110.33898246703,459.2252732989483,282.8293086035396,618.7552324335333,45.29199313009642,468.9954926588201,231.64725186038245,589.9252810560562,41.01550668525162,10082.713661140157,1819.0016940358385,12594.96950091126,633.3203368900745,10347.16684,16909.62511,38107.22131999999,18103.2046,10714.848219999998,9339.31731312,34145.31745,11207.807309999998,16806.228769999994,13100.556812699997,44472.990419999995,12852.240989999998,17777.432178,11618.814573850002,68425.02011,10316.76059,58112.386,19689.179259999997,268244.40061,25063.675542,2625.836474641213,9368.209487847049,6313.575266917647,696.0905534891788,5591.427121441497,5823.741452548218,9218.26416995443,936.9215613517891,3899.4202271170725,2401.5889170634296,5254.037199767009,384.5879667493246,3982.3821048934606,1966.9866446405942,5009.233391952727,348.27503121721577,85615.3610885544,15445.691714502187,106947.6827330541,5377.713892297248,0.008303906000911009,0.008090985334220988,0.004897175333870596,0.004684254667180568,0.008303906000911012,0.00851682666760104,0.004897175333870596,0.004897175333870596,0.008303906000911007,0.008303906000911012,0.004897175333870595,0.004897175333870596,0.00830390600091101,0.00787806466753096,0.0048971753338705945,0.004471334000490543,0.008303906000911014,0.00830390600091101,0.004897175333870596,0.004897175333870595,559094.8527995943,1994685.4098442192,1344290.6550297632,148212.06472554506,1190530.3904460156,1239994.9127069064,1962758.9527914745,199489.96347928297,830267.154462339,511347.91333652264,1118693.1033885882,81886.72628122769,847931.4527883438,418812.10774725216,1066569.313420514,74154.95183825915,18229279.761882305,3288706.9773404147,22771371.908475246,1145026.427216144,485594.2988091822,1096876.8341260822,932240.3035895155,141347.95683758662,981727.4029675988,913327.9674625325,1488160.254670242,170755.98071887778,741784.1095947163,476923.1194504115,875731.4608876372,77093.86141706767,644024.9741366855,383398.0443158312,863979.1723988324,67473.77516520406,6285695.197614992,1417094.974691942,19102468.73189742,1070101.7054081294,394.0522168812438,180.500074554653,603.5759408726323,2600.696778494844,191.62993610185265,160.3662763743318,370.4094048561943,1196.237526418902,430.99301411854276,545.4953893074613,846.4536646594765,3341.8208839532213,446.40197022167956,590.6910758905016,1365.9778803663644,2962.245255981482,67.87612089831954,127.47359991338905,250.81833823323626,466.065619033766
72063,Gurabo,75.05699408633423,88.96302228414197,1032.614037192975,142.9274425060303,139.07111785625455,58.25663638873281,933.6202197808989,110.7585887249745,117.2820763708821,14.974018897650865,488.02679587895284,51.33018552021703,82.6822255757079,5.892535530990442,518.6927072642376,52.992550917034556,376.2877296007129,58.16975453658631,8343.793951622172,180.607409464514,5220.527700000001,4213.9502999999995,25150.38208,10640.561,4508.3353,2253.1093099999994,16307.3565,5212.503,7147.252100000001,2512.50875,21690.3094,6817.451,10659.8467,2449.8131000000003,52950.0148,8637.408599999999,8147.65,3323.2026,118477.80559,5008.5809,500.97317244763906,593.7899331933306,6892.254831461695,953.9792416908206,928.2399322859701,388.83800641179454,6231.513652503935,739.265970411096,782.8074463411632,99.94513959376476,3257.369085280885,342.6069241836448,551.8683149507503,39.330141776330365,3462.0508621052177,353.70249864340695,2511.558848657794,388.25810739468363,55691.238066175705,1205.4768244903787,0.0021615368116979995,0.003026151536377199,0.0017292294493583995,0.0017292294493583995,0.0021615368116979995,0.003026151536377199,0.0017292294493583995,0.0017292294493583995,0.0017292294493583995,0.0021615368116979995,0.0017292294493583995,0.0017292294493583995,0.0021615368116979995,0.0021615368116979995,0.0017292294493583995,0.0017292294493583995,0.0021615368116979995,0.002809997855207399,0.0017292294493583995,0.0017292294493583995,108287.19539187018,128349.87990130796,1489786.2533807843,206206.1248510451,200642.47837241823,84048.76646463563,1346964.615248591,159795.06086792282,169206.71117377307,21603.509838221773,704092.3187121673,74055.7478565574,119288.36779757921,8501.354925883941,748335.0382411222,76454.0971207286,542882.6906119667,83923.41915738037,12037866.116907567,260568.25317847615,108287.19539187018,128349.87990130796,1113119.8657194944,206206.1248510451,200642.47837241823,84048.76646463563,947949.7066625739,159795.06086792282,169206.71117377307,21603.509838221773,436029.8095772419,74055.7478565574,119288.36779757921,8501.354925883941,479956.7631557204,76454.0971207286,404670.5778364198,76412.33427647945,7939344.584686629,234662.73644534333,1042.0772981702212,709.6702157508605,364.9078958194318,1115.3870582278926,485.6864204169017,579.4467806251093,261.6917399105337,705.091700230892,913.0281186524488,2513.887879102774,665.8843020894462,1989.8754283044486,1931.5924489977835,6228.843806188222,1529.4406959637197,2441.9981857996413,324.4060956148489,855.9261317940231,212.74047714510763,415.4854575588712
72065,Hatillo,50.833998445494544,250.08215370825337,1174.4811760551459,183.4270946103435,83.97258697874068,176.36039846706086,1608.0025237355778,134.609342974658,46.93372068007557,68.99507794363632,857.3929828916873,82.77927297866452,14.11406190264423,44.00833375630292,785.1018266410011,41.92913278404651,204.297000324157,157.6954568545697,5912.757143651337,267.2267146166037,3908.2333,11276.9738,37005.61,16014.844,3498.8052000000002,6005.075900000001,29072.28,7961.915,5807.7881,8440.421699999999,51647.37,11407.007,4522.7986,6854.33661,71764.32,8280.678,5586.5347,5940.999588,79462.2,7771.692,227.03682968314234,1116.9268811134884,5245.51463367569,819.2293998469287,375.04171442242597,787.6678399113028,7181.724953288118,601.1976120168017,209.61725369417434,308.1485666892851,3829.3227088366934,369.71208787958585,63.0367857402328,196.55177403331308,3506.4530658578387,187.2655637911392,912.4394044490805,704.3057338502455,26407.791588936703,1193.4986022838189,0.0012820091218906774,0.0023503500567995756,0.0012820091218906774,0.0012820091218906774,0.0012820091218906774,0.0023503500567995756,0.0012820091218906772,0.0012820091218906774,0.0012820091218906772,0.0019230136828360164,0.0012820091218906774,0.0012820091218906772,0.0012820091218906774,0.002136681869817796,0.0012820091218906774,0.0012820091218906774,0.0012820091218906774,0.002136681869817796,0.0012820091218906774,0.0012820091218906774,48510.5477764881,238651.7416787328,1120799.6015638784,175043.2605874646,80134.48316317807,168299.55929770268,1534506.1501708776,128456.80377740537,44788.53855693397,65841.54556553354,818204.4405652933,78995.71152247947,13468.955722274439,41996.86120575043,749217.4693185469,40012.6934993735,194959.27327936972,150487.7292326537,5642504.951000792,255012.68251527162,48510.5477764881,238651.7416787328,1120799.6015638784,175043.2605874646,80134.48316317807,168299.55929770268,1534506.1501708776,128456.80377740537,44788.53855693397,65841.54556553354,818204.4405652933,78995.71152247947,13468.955722274439,41996.86120575043,749217.4693185469,40012.6934993735,194959.27327936972,150487.7292326537,5642504.951000792,255012.68251527162,1721.4093878312244,1009.6429758014008,705.4714853415452,1954.8668545089254,932.9109444234094,762.3868330940381,404.8091536377956,1324.342419340396,2770.6631957278664,2739.075437112357,1348.7338082219221,3085.3757218009137,7174.855993828622,3487.293179474572,2046.6356928819512,4421.8904065221495,612.2636388520594,843.5256597333364,300.90437412149964,651.1689234598583
72067,Hormigueros,61.90118805020383,132.77843771034776,244.7414484126802,59.31696183232462,99.71920184122087,98.47856117350248,644.6305550623825,98.01651466708974,41.75382745220467,38.27705873642418,371.3119480238072,35.213554740692786,69.36811437984166,24.17601483419059,476.26615925383464,56.381116267118244,435.1074552829681,81.18214071811377,2933.9039737180533,113.47576784300028,1117.6159900000002,2503.6128,5998.673452,3159.535,1441.2232,1555.30536,5405.06121,2190.616,2021.85337,1971.1927000000003,9377.337708000001,2419.543,3027.91663,2015.51818,20361.062899999997,4236.455,2963.72971,1413.600037,15652.08,2447.328,286.2183003620471,613.9400545165877,1131.6338764937857,274.2693724152596,461.0809802439676,455.34451420091847,2980.638460149725,453.2081066468919,193.06106883260136,176.98520883819293,1716.8697082405174,162.8201994994474,320.7438245129607,111.7848961114872,2202.156289973561,260.6946292759628,2011.846949123886,375.36944068417677,13565.765621525452,524.6884983525746,0.0010673410275850168,0.001707745644136027,0.0008538728220680134,0.0008538728220680135,0.0010673410275850168,0.001707745644136027,0.0008538728220680134,0.0008538728220680134,0.0008538728220680135,0.0017077456441360267,0.0008538728220680134,0.0008538728220680133,0.0008538728220680133,0.0017077456441360267,0.0008538728220680135,0.0008538728220680135,0.0010673410275850168,0.0017077456441360267,0.0008538728220680134,0.0008538728220680136,61098.50696441288,131056.68173266714,241567.85291737862,58547.79075776017,98426.12945070065,97201.57633848174,636271.543383126,96745.5212516707,41212.39991889008,37780.714933741125,366497.0957246044,34756.935809067516,68468.60864944237,23862.52117682382,470090.35148863774,55650.01469946024,429465.35800433386,80129.44090877243,2895859.643691294,112004.31219873528,61098.50696441288,131056.68173266714,140214.62316262367,58547.79075776017,98426.12945070065,95576.03273844799,327209.4382061843,96745.5212516707,41212.39991889008,37780.714933741125,271308.065013923,34756.935809067516,68468.60864944237,23862.52117682382,278076.56593291275,55650.01469946024,376650.29669380723,80095.3598618661,1577367.2494220021,112004.31219873528,390.47677544947004,407.79434108942905,530.0895966976595,1151.9824368928378,312.5748538222979,341.56672837695135,181.33904135855815,483.3576381074699,1047.2610465826754,1113.7612645371653,546.1880807257113,1486.0213950347186,944.0295957678359,1803.0326547781997,924.5966325235006,1625.0641648299656,147.31387550582005,376.5890037354841,115.37926009250884,466.4344668663713
72069,Humacao,110.89952627331265,497.2476433112769,1150.0655625642764,191.2754110398008,112.6048170532723,183.91239150195776,2077.099709187774,212.8083419501392,142.48638969737968,86.47512321983446,1629.2905714737958,122.1906151361909,81.91037615590264,48.30820647803906,1119.6819735761142,66.56739996676006,534.2804071711921,100.94396473371378,7194.816551130427,196.13501837883024,6240.76254,14616.608799999998,41741.639,14914.0534,5655.237149999999,8676.743149999998,37466.40470000001,9036.0564,8698.308620000002,9359.86709,61036.8128,13582.3088,8359.2327,4307.824297,80557.198,6636.0909,10918.8739,4477.176068,77834.363,6969.923400000001,629.7711585898119,2823.7471787068826,6530.939726517497,1086.2060575750697,639.4550858915478,1044.3932789195612,11795.338846966131,1208.4862809713134,809.1451941990142,491.07097540828073,9252.340793122301,693.890477705664,465.1488985182771,274.33043391089467,6358.3987907516,378.01990693864883,3034.0471446811644,573.2359709664349,40857.59522614791,1113.8025735119338,0.0028039898882696976,0.004098139067471096,0.002588298358402797,0.002588298358402797,0.002588298358402797,0.004098139067471096,0.0025882983584027976,0.0025882983584027976,0.0025882983584027976,0.004098139067471096,0.002588298358402797,0.002588298358402797,0.0030196814181365967,0.0036667560077372967,0.0025882983584027976,0.0023726068285358976,0.0032353729480034967,0.0036667560077372962,0.002588298358402797,0.0023726068285358976,135836.3046622865,609058.3489326297,1408668.381081071,234285.44630906067,137925.04575711777,225266.78411286793,2544154.681200599,260660.25476586272,174525.76482123512,105919.84995904278,1995651.5405184743,149666.29869640857,100328.6775373105,59170.75097929131,1371452.7626810588,81535.69204774026,654418.2703245793,123642.1435524881,8812637.221010385,240237.78105047916,134066.5597648116,609058.3489326297,1360163.2247749825,206468.72989060823,137925.04575711777,225266.78411286793,2424851.4265145743,224234.6658079895,174525.76482123512,105919.84995904278,1910318.3739110995,121920.90429684549,100328.6775373105,57948.542857330096,1322616.920116233,59316.01132837756,654418.2703245793,123525.22376337418,7631771.86560338,196588.0599630897,990.9571841896286,517.6316389165402,639.1367972746239,1373.0408973501108,884.3837940729325,830.792702819402,317.63737511989075,747.7169201074692,1074.9997259281254,1906.0110572037217,659.6904952460411,1957.4139199761976,1797.1089959856245,1570.3049186293438,1266.941578391903,1755.4871524469775,359.8781884171223,781.035436497783,190.5015764368526,625.7772755923086
72071,Isabela,125.0245339220079,264.8061395391669,1252.0800844902856,845.21840689265,179.11208070178427,173.173614811388,1562.5837336022305,479.5362101199357,99.59339009170709,87.13765124687795,1155.6639260737454,235.524686045967,58.70184567239117,53.32751682912465,819.072053444695,145.46424318258303,520.4043214200213,295.03135828657133,6014.795758824004,717.748444802864,3062.58903,10028.410631,29233.93,33026.22,3507.89383,4748.178399999999,25545.127,13601.166,5571.642054999999,5521.193830000001,34514.87,15449.975,5297.7301099999995,6645.01075,53060.46,15057.351,5489.855,6041.505962999999,62911.86,15082.05,540.4185230122201,1144.6244854917527,5412.115916187763,3653.456395691171,774.211933210535,748.542915580376,6754.267877719244,2072.7951728702697,430.4924088636493,376.6524801841505,4995.357090608116,1018.0554085910738,253.7387162439216,230.50818088778217,3540.438788112535,628.7691622258793,2249.4475758367857,1275.2729875160276,25998.95347125666,3102.4675099100928,0.002555893062741905,0.0029818752398655555,0.0019169197970564282,0.0019169197970564282,0.0025558930627419046,0.0029818752398655547,0.0019169197970564282,0.0019169197970564282,0.002555893062741904,0.0029818752398655547,0.0019169197970564282,0.0019169197970564282,0.0025558930627419046,0.0027688841513037296,0.0019169197970564285,0.0019169197970564282,0.002981875239865556,0.0029818752398655547,0.0019169197970564282,0.0019169197970564282,115104.32949534664,243794.81515940762,1152732.4604116124,778153.6547314256,164900.24243206705,159432.97042470684,1438598.8677135918,441486.9002353357,91691.04678147109,80223.62176393355,1063966.5444836554,216836.7296920667,54044.08538307299,49096.18836969487,754081.9114665987,133922.22831659697,479112.28784023615,271621.7818245299,5537545.401311205,660797.9321634464,115104.32949534664,243794.81515940762,1152732.4604116124,778153.6547314256,164798.1801775503,158506.58080827186,1438598.8677135918,441486.9002353357,90451.97530051452,80223.62176393355,1063966.5444836554,216836.7296920667,53761.20683258206,49096.18836969487,754081.9114665987,133922.22831659697,472007.0020935692,271621.7818245299,5537545.401311205,660797.9321634464,566.7068946729547,876.1310594095498,540.1571299047872,903.9719220120048,453.0921934325291,634.3228024967067,378.2071937695486,656.1751097271231,1294.2486186242406,1465.8588806585358,690.9389934283615,1517.5966720103984,2087.868256142369,2882.765689446388,1498.6972851545158,2394.7343325006755,244.05347601656356,473.74217302035254,241.978432207099,486.1307959494818
72073,Jayuya,12.895252452140298,125.61828477942633,264.5639064487333,150.90930345676597,14.486653738434889,48.736250932592,296.28848135232704,79.94839858427021,12.810996834896253,19.86939194329001,238.78562193545545,38.32123019756604,8.16953611087056,14.593793545679292,267.0413729433096,34.35204100864311,66.20070078131108,124.60273648573902,1590.5179545208287,215.28809194772012,622.978941,4354.039,7521.65541,6774.43,440.832477,1340.286769,5024.286529999999,2256.956,829.033406,1530.857942,8927.4016,3113.498,902.6655999999999,1683.073,12587.69,3321.351,1394.71133,3251.4850999999994,18373.9533,5101.6,44.037280007473875,428.98637319597657,903.4855945158533,515.3551880215757,49.47191452191314,166.43427003841595,1011.8250003035826,273.02373704365,43.749547121084156,67.8539625208873,815.4527671294356,130.86697997610625,27.89896131004895,49.83779690452483,911.9461412275763,117.31220108643619,226.07535663357427,425.51827633349166,5431.6179369193405,735.2087151890515,0.000638114237297832,0.001276228474595664,0.0006381142372978318,0.0006381142372978318,0.0004254094915318879,0.0012762284745956637,0.000638114237297832,0.000638114237297832,0.0006381142372978318,0.0012762284745956637,0.000638114237297832,0.0006381142372978318,0.0008508189830637759,0.0012762284745956637,0.0006381142372978318,0.0006381142372978318,0.0006381142372978318,0.0012762284745956637,0.0006381142372978317,0.0006381142372978317,9366.938448213416,91247.43744770456,192175.67368468732,109618.49424728949,10522.911000938044,35401.359095261716,215219.9794491997,58073.4445759375,9305.736297765388,14432.859847217216,173450.6735164021,27836.027704974553,5934.241472587868,10600.735920111701,193975.2721220452,24952.861907333703,48087.30125668952,90509.75678627801,1155330.912370169,156382.38284919347,9366.938448213416,91247.43744770456,185791.17971139034,109618.49424728949,10522.911000938044,35401.359095261716,200665.29311010925,58073.4445759375,9305.736297765388,14432.859847217216,163639.27515599865,27836.027704974553,5934.241472587868,10600.735920111701,184709.92032878823,24952.861907333703,48087.30125668952,90509.75678627801,1042343.092568232,156382.38284919347,1414.6626242453435,1014.9597451224673,832.5152559881815,1314.5166978927132,891.0762424703357,805.2949483845115,496.5568678864961,826.6519330658662,1894.9531150699959,2256.1069171586855,1094.7785034106048,2379.13184866684,3235.481027298561,3377.1015264264056,1380.310681840885,2831.206787734562,616.9232024083746,764.1234891287517,338.27771970318634,693.8981944315193
72075,Juana Díaz,35.724158893416984,159.02698519117774,1012.9073634329113,258.0174928780695,58.008794572323154,74.15589167862441,1658.3284577126537,239.01565304733293,48.5936459772296,35.39265946491897,1229.6987645551017,108.33565879028718,66.4843689483032,14.363458833634047,1132.260205200744,115.40521861199329,177.4162894424008,52.61534870850984,6301.919837194898,321.3297468654767,2804.7795336000004,3996.455941,25439.200511,15903.395,2027.2027598000002,2467.1748900000002,21122.943225000003,8669.428,2847.0053021999997,4202.479969999999,33119.531677,10918.106,4700.117800000001,2554.866245,56666.177200000006,11746.132,3552.4521,1758.7733490000005,52327.8331,9095.78,219.78513267566177,978.3790051861566,6231.692673981485,1587.3966151040154,356.88651619402134,456.2280259668151,10202.505850049962,1470.4919204199452,298.961858280941,217.7456544029412,7565.454708820141,666.5116234581566,409.0306476845596,88.3680624881946,6965.985124124918,710.005555617845,1091.5152076850472,323.704511313407,38771.19379245895,1976.91151408689,0.0025284344761056857,0.003371245968140914,0.0025284344761056852,0.0025284344761056852,0.0025284344761056852,0.0033712459681409135,0.0025284344761056857,0.002528434476105686,0.0025284344761056852,0.0033712459681409135,0.0025284344761056852,0.0025284344761056852,0.0025284344761056857,0.0029498402221232994,0.0025284344761056852,0.0025284344761056852,0.0029498402221233002,0.0029498402221233,0.0025284344761056852,0.0025284344761056857,46309.35889938379,206147.2672842219,1313035.550115835,334469.0274068717,75197.01430018448,96128.5558183446,2149697.294494689,309836.8723687207,62992.12245984609,45879.63496788253,1594063.0427664118,140435.9139563978,86183.9326157899,18619.4046484844,1467753.078989732,149600.21042089435,229985.3901920443,68205.47053964676,8169201.922052329,416540.9357022986,46309.35889938379,126299.80606367545,1031891.215743655,334469.0274068717,75197.01430018448,77828.96847817126,1638917.2103850879,309836.8723687207,62992.12245984609,44199.43125894572,1283851.5133456402,140435.9139563978,86183.9326157899,16322.2102740231,1200441.254617901,149600.21042089435,229985.3901920443,63473.65679244384,6272300.264577479,416540.9357022986,1276.1461612324024,408.477279235933,408.22296351701607,1001.8539064956943,568.0244749560421,540.7767058526687,207.03681561620044,589.5597166915526,952.2971654546672,1929.9948747648739,437.7731802212469,1638.0968636903951,1149.0869514561866,2891.16471840866,813.4696843343967,1654.3718435806531,325.460614289952,543.3267957446463,134.9657515837901,460.1005120960724
72077,Juncos,74.01720869502554,413.37377151246653,1223.7170039498453,519.4195952981611,154.48256714518283,158.5167169811197,1361.81362580843,397.34034682305423,139.58312888299503,54.83759547119664,947.4373075361553,142.95929418656686,120.6655450404477,15.943183200973957,1045.3618492538544,111.6340143508207,202.9407042633536,68.70800556496242,4639.912834864943,270.335701170443,3010.0561000000002,9147.019620000001,21516.12,15750.16,3452.5216,2713.7127939999996,20051.24,6923.471,4654.84319,3424.857597,26048.62,6892.478,3679.42683,1713.03355,37367.06,3943.826,2874.7165,1436.5273900000004,40527.92,3538.857,340.94998503854964,1904.1488283247888,5636.882308102479,2392.634177483372,711.6024757686743,730.1852263270371,6273.005204205736,1830.2930857974538,642.9702841183946,252.60176228060183,4364.238283564531,658.5221203742499,555.8290632888189,73.44005765248818,4815.314075562075,514.226572357403,934.8181497548602,316.49387868603725,21373.113624773807,1245.2638365386354,0.001469145141734864,0.0023086566512976435,0.001259267264344169,0.001259267264344169,0.0014691451417348641,0.0023086566512976435,0.001259267264344169,0.001259267264344169,0.0014691451417348641,0.0020987787739069484,0.001259267264344169,0.001259267264344169,0.001469145141734864,0.0018889008965162538,0.0012592672643441693,0.001259267264344169,0.001469145141734864,0.0020987787739069484,0.001259267264344169,0.001259267264344169,71557.85915627997,399638.7143247853,1183056.8939257094,502160.98254264117,149349.61716029272,153249.72540356268,1316565.0171194824,384138.0278500346,134945.23845606067,53015.52169260159,915957.0673817331,138209.2248389672,116656.22399511554,15413.443415554477,1010627.8971485045,107924.7815042643,196197.6490168468,66425.06346577358,4485743.720797666,261353.33080412197,71557.85915627997,399638.7143247853,1183056.8939257094,502160.98254264117,149349.61716029272,133411.4156060364,1316565.0171194824,384138.0278500346,134114.07320281246,53015.52169260159,915957.0673817331,138209.2248389672,116656.22399511554,15413.443415554477,1010627.8971485045,107924.7815042643,195705.74855760642,66425.06346577358,4485743.720797666,261353.33080412197,882.8438868122159,480.3731454146504,381.7024877222048,658.2769797498414,485.17560261023266,371.647178846724,319.6432865471983,378.271166171371,723.9593034042723,1355.8328200400708,596.8652100894122,1046.6585383772501,661.9709318956757,2332.5601922944047,776.004626357384,766.9432526444631,307.51611965961985,453.8878906486022,189.62103842943898,284.18531849737883
72079,Lajas,40.72938348239874,355.6614706103967,506.70100608557743,648.2854295707766,76.07667142492785,114.72091066087397,659.3889711734689,459.036527182585,82.93079184498747,55.87613467285071,500.9262123872387,246.00017374678006,55.656353839102096,54.91604144422968,482.030737787652,174.3466780071904,231.17312554007646,206.44662747187004,3568.374476095483,395.7222769715328,1239.83254,8313.045974999999,14883.39,20835.21091,1420.2607,1946.7031399999998,10475.56,10444.5454,2537.4591,2967.8604,16631.59,12306.356099999999,2193.35742,3445.5735,22557.54,8448.0776,2485.3831,3643.87126,34734.97,7256.272,182.3491504452724,1592.328718649745,2268.5464421379993,2902.432770173554,340.60217015155047,513.615940353201,2952.1443347755503,2055.1482393851056,371.28869002454553,250.16253173002565,2242.6921660637286,1101.365128973783,249.1785529684632,245.86410711323856,2158.0954094743765,780.5659182468495,1034.9830869948782,924.2803085407774,15975.936745219875,1771.6845885774744,0.0010707566770095105,0.001499059347813315,0.0010707566770095105,0.0010707566770095107,0.0012849080124114128,0.0014990593478133147,0.0010707566770095105,0.0010707566770095103,0.0012849080124114126,0.0014990593478133145,0.0010707566770095105,0.0010707566770095105,0.0010707566770095105,0.0014990593478133145,0.0010707566770095105,0.0010707566770095105,0.0010707566770095103,0.0012849080124114124,0.0010707566770095105,0.0010707566770095107,39050.31407725744,340999.32149764255,485812.2500050864,621559.8536469089,72940.40957874041,109991.53951034171,632205.651591344,440112.7399131884,79511.96878837934,53572.6402375057,480275.5222579319,235858.8131348238,53361.91987170999,52652.126865696344,462159.01386365254,167159.23376177473,221643.0101983362,197935.86235968955,3421268.1882851534,379408.6205548357,39050.31407725744,296905.60823481827,485812.2500050864,537409.7052934034,72940.40957874041,99001.5656793652,632205.651591344,401973.12217204436,79511.96878837934,53572.6402375057,480275.5222579319,211451.82516392518,53361.91987170999,52652.126865696344,462159.01386365254,160139.76785566553,221643.0101983362,197935.86235968955,3421268.1882851534,369410.30324290716,679.9223012405014,522.0684571995445,656.0760548491614,717.8533513027464,416.98521749525463,379.01922176739686,354.84579383875047,508.21372394650115,683.4194437304975,1186.3728670618436,741.5904086913101,1117.372956184537,880.2352344816762,1401.4137892901379,1045.2522117867852,1082.3016227731766,240.1375569543292,394.2387635362287,217.42055288490656,409.56906476373564
72081,Lares,66.40289190873456,378.07581981183455,1137.0084115760592,400.7861229824922,73.7856282104125,172.04803699618532,1083.6981844909276,235.43539295603068,33.28254992286494,82.08721858824264,443.62773161444375,132.14166716994623,12.52905444879318,42.418344746534366,325.67955804492806,93.44553379596596,178.2332062317821,163.71870707015557,2657.239403118465,457.35653631520177,2195.265988,9003.4301,15954.582859999999,24808.37,1193.305,3108.6549,8603.282909,9040.138,1620.8445,4015.57813,13833.7286,13582.377,1053.1987900000001,2172.5073,11463.261,7787.492,2184.78238,3527.8426999999997,22089.737699999998,12659.183,225.3864450007912,1283.2749074433045,3859.2639033453825,1360.3588167338792,250.44512304301367,583.9699795188301,3678.3169261953976,799.1210129621496,112.9685077268322,278.62259979633865,1505.772933350096,448.51872778140745,42.5264466691607,143.97746318608435,1105.4301354534787,317.17529249209804,604.9638438772595,555.6983484602495,9019.27198303416,1552.3716039300891,0.0017305522851284298,0.0023795093920515905,0.0017305522851284291,0.00173055228512843,0.0019468713207694834,0.002379509392051591,0.0017305522851284295,0.0017305522851284293,0.0019468713207694836,0.002379509392051591,0.0017305522851284295,0.0017305522851284291,0.0017305522851284295,0.002379509392051591,0.00173055228512843,0.0017305522851284295,0.0017305522851284298,0.00237950939205159,0.0017305522851284298,0.0017305522851284295,48755.37842913655,277596.79044049804,834832.2458560019,294271.5073616776,54176.04749766975,126323.82281283924,795689.9702567533,172865.08688447415,24437.238649277268,60271.3720957472,325727.3488366934,97023.13866062634,9199.279932713544,31145.06599045908,239125.5808698559,68611.05340105978,130865.19530523376,120208.13084624738,1951040.2175543234,335807.52831871266,48755.37842913655,276484.59648270096,624627.2868009092,294271.5073616776,54176.04749766975,126323.82281283924,592402.8160894181,172865.08688447415,24437.238649277268,60271.3720957472,293957.4534587643,97023.13866062634,9199.279932713544,31145.06599045908,167666.2511193508,68611.05340105978,130865.19530523376,120208.13084624738,1229920.1173113305,335807.52831871266,974.0008934398398,701.59792323359,413.4099988904582,1823.6637051070875,476.47364240949946,532.3312856872228,233.89183372784177,1131.2602038194918,1434.7755251572808,1441.2248442643267,918.7127948449863,3028.2742188236075,2476.5736911749977,1508.9217797872525,1036.9955216841856,2455.264386709445,361.1426372190382,634.8485126463095,244.91708135149088,815.473754347938
72083,Las Marías,22.71430973078391,69.80683455729843,230.73701797421853,127.60268949930592,18.158524207612746,21.695056979042146,199.89747024911964,75.0783033173806,13.331801823715708,10.834550986145494,149.94335571997703,21.64516563726373,8.047580848575084,8.686697449469637,150.12409830933615,12.757175818045404,116.91637550634913,27.44611141442253,1244.9964148737104,62.58046509822749,557.219,1917.5809,4798.043,6284.332,287.48240000000004,462.31993,2397.738,1424.858,520.1378,779.83905,3473.799,1761.822,540.965,414.16928,4600.028,817.7008000000001,1393.11,679.78228,13470.09,1670.971,70.15104761772568,215.59196088776477,712.609968206276,394.0891206165104,56.080924820245635,67.00317963629055,617.3648735230543,231.8724052590372,41.17403855324138,33.46150999762468,463.08620476448306,66.84909483537466,24.854210143607318,26.828062734067945,463.6444115575999,39.39935920951783,361.0854268805788,84.76478006924278,3845.0564344175314,193.27398627022538,0.0008637767020248267,0.0010797208775310335,0.00064783252651862,0.00064783252651862,0.0008637767020248266,0.0010797208775310337,0.0006478325265186201,0.00064783252651862,0.0006478325265186201,0.0010797208775310335,0.00064783252651862,0.00064783252651862,0.00064783252651862,0.0010797208775310335,0.00064783252651862,0.00064783252651862,0.0008637767020248269,0.0010797208775310332,0.00064783252651862,0.00064783252651862,15148.710138706416,46555.82823967472,153883.97204180842,85101.25022749837,12110.349071933502,14468.946382853024,133316.34859942953,50071.49537630381,8891.293807640477,7225.818187629753,100000.76867616469,14435.6726675612,5367.12191731928,5793.363887537092,100121.31018186625,8508.0621399722,77974.29479503327,18304.460544017566,830317.5415051286,41736.39161192172,15093.246946389925,46555.82823967472,153883.97204180842,85101.25022749837,12107.04036433552,14468.946382853024,133316.34859942953,50071.49537630381,8891.293807640477,7225.818187629753,100000.76867616469,14435.6726675612,5367.12191731928,5793.363887537092,100121.31018186625,8508.0621399722,77963.71434901399,18304.460544017566,830317.5415051286,41736.39161192172,794.3131555731786,889.4491668909097,673.3056249658204,1594.6474214179862,512.6206476113902,689.9970009029187,388.3826409359944,614.5008925957421,1263.2664131972858,2330.5554652356045,750.1408947750256,2635.5211006801746,2176.5527726462074,1543.7912312396006,992.1456800366341,2075.4164951049897,385.8117487695622,801.9631260114147,350.3222964278941,864.5607369342182
72085,Las Piedras,68.4615954415465,305.9690066231349,1269.2019778029876,560.7747031978168,108.87437274427053,139.0119290005343,954.8371798039907,260.42196486989263,102.25534055613994,43.694139080659674,655.0205740501799,105.81894934076128,60.72070599487116,14.547164136684168,747.0645544235017,111.98018628031687,192.1520783455681,109.59710821453714,4190.506251108332,247.09021898426994,2945.792781,10602.550324,28962.040399999998,24027.92,2488.561463,4221.81402,17696.97083,6329.37,3959.8857000000003,4394.5931900000005,27611.03451,7831.744,3124.1713,3382.9658099999997,49099.885,6975.739,2393.8623,1548.81343,42999.2,4389.884099999999,309.39105690907786,1382.7325193053364,5735.766728936865,2534.248245184158,492.02413464674925,628.2215212639434,4315.092021013037,1176.8967175506232,462.11146096169864,197.46217983540706,2960.16337912557,478.21609131939806,274.4084954908581,65.74141981720777,3376.1277484358793,506.05990063032664,868.3720299415257,495.2903146060287,18937.700029522082,1116.6480055042061,0.001304938773347443,0.002174897955579071,0.0013049387733474424,0.0013049387733474428,0.0013049387733474424,0.002174897955579071,0.0013049387733474424,0.0013049387733474428,0.00152242856890535,0.001957408160021164,0.001304938773347443,0.0013049387733474428,0.0015224285689053498,0.001957408160021164,0.0013049387733474428,0.001304938773347443,0.0015224285689053498,0.0019574081600211637,0.0013049387733474428,0.0013049387733474428,67289.39771460014,300730.2129349875,1247470.7332443243,551173.1327380873,107010.22845387764,136631.77022477242,938488.4814636817,255963.02649285703,100504.52716952561,42946.009122821364,643805.3281440239,104007.11993355733,59681.04758365961,14298.087955731064,734273.3337846966,110062.86432814454,188862.05526018722,107720.58926547665,4118756.507757729,242859.5464272545,67289.39771460014,300730.2129349875,1076154.0860677464,551173.1327380873,107010.22845387764,134449.91394850577,814863.2858949491,255963.02649285703,100504.52716952561,42946.009122821364,533251.1542111632,104007.11993355733,59681.04758365961,14298.087955731064,651825.2479962831,110062.86432814454,188862.05526018722,107720.58926547665,3617229.5678878915,242859.5464272545,952.1260279561646,766.7824525691027,504.9375570642875,948.1281104035626,505.7803647755354,672.0263278319353,410.11804021378316,537.8016529073841,856.9113805918372,2225.536653987653,932.7537359831903,1637.6998060421222,1138.5111435458753,5145.866668846283,1454.3254479261755,1378.4413646114456,275.6724327200172,312.7082004888346,227.0560835421847,393.1305190499858
72087,Loíza,78.32944429549858,138.31583033928254,675.8926992042385,132.51206132199388,114.29105372374693,71.82091909999583,775.1545078999694,99.85943080355023,39.16593774696931,18.107293371380884,311.8572283005659,62.324608517200254,45.25430751329,11.040062371039353,289.72658455684285,48.99663092420763,167.48782719961167,59.02144309481388,2348.8324830135653,131.0096467022375,4433.444627399999,5472.363203,31322.4,15916.441,3433.6451006,2318.0163000000002,19206.365,5647.973,3638.65846,2747.0121,25429.814,7327.311,4446.07295,1944.0777999999998,46266.399,6383.035,2703.3982,1418.5425170000003,26037.34,3463.249,369.3981742715748,652.2913019456223,3187.4798976951333,624.9209854808142,538.9915243347747,338.7042590262521,3655.5941711574874,470.93263273348646,184.70481984762472,85.39318991150151,1470.704813544082,293.9200808267125,213.41730078243927,52.064442948443265,1366.3376822831265,231.06593148523865,789.8651412212955,278.34249965885226,11076.989485866214,617.8356649793279,0.002375255264792716,0.0025911875615920532,0.0021593229679933777,0.002159322967993378,0.002375255264792716,0.0023752552647927157,0.002159322967993378,0.002159322967993378,0.002375255264792716,0.002375255264792716,0.0021593229679933777,0.002159322967993378,0.002375255264792716,0.002375255264792716,0.002159322967993378,0.0021593229679933777,0.0023752552647927157,0.002375255264792716,0.0021593229679933777,0.002159322967993378,79764.99620394323,140850.7590113486,688279.8553110284,134940.62371297786,116385.67780498408,73137.18858725646,789360.845544308,101689.56502390077,39883.73597960552,18439.14762861256,317572.6683024155,63466.83812835904,46083.68793466723,11242.39474743544,295036.4339388794,49894.59729768599,170557.39410564766,60103.13524820488,2391879.781305208,133410.67418353245,79671.80783398783,140850.7590113486,688279.8553110284,134940.62371297786,116385.67780498408,73137.18858725646,789360.845544308,101689.56502390077,39883.73597960552,18439.14762861256,317572.6683024155,63466.83812835904,46083.68793466723,11242.39474743544,295036.4339388794,49894.59729768599,139594.40740681568,54030.1923011288,1468600.1752282328,106967.20160966384,1200.1804383961605,838.9446841736667,982.6697267220171,2546.9525539703054,637.0499248272628,684.3776652422716,525.3965320203638,1199.3165492093517,1969.985657657321,3216.8983297695127,1729.0902814630506,2492.960324245416,2083.276722974016,3733.983674664723,3386.161386011813,2762.430168294962,342.26073020768905,509.6392102315036,235.05791021308258,560.5453353224399
72089,Luquillo,62.84119171208478,277.4859558268022,402.80382717788626,175.79092870670587,61.81167623958051,110.91308208175494,520.13187924169,116.51527957325243,43.622105779300085,30.29400251414041,455.218396981575,109.4338525645828,45.82667197993254,14.700618558261482,465.882284376866,68.01422949820184,227.30294572353833,62.93668648290378,2355.196535660458,252.27784932048513,1579.08707,2685.7965,9329.942,8406.075,1031.84792,939.1110000000001,8432.069,2798.269,1721.335867,1308.9105,14728.515,4444.221,3423.66079,1300.081,41687.112,5224.369900000001,1027.0714,506.93089000000003,10824.121,2460.5414,385.0529186007816,1700.266564825351,2468.1388919074716,1077.1407784910293,378.7446687628619,679.6084670427226,3187.0544256532166,713.9353541673705,267.2899524692079,185.62337483370737,2789.3037605271343,670.5446407951689,280.79820440834027,90.07652348526105,2854.6456302994293,416.750173909093,1392.7753480297556,385.63805295633995,14431.223775791492,1545.806493044279,0.001290203417687226,0.001720271223582968,0.001075169514739355,0.0010751695147393548,0.0015052373206350966,0.0017202712235829679,0.0010751695147393548,0.0010751695147393548,0.0015052373206350968,0.0015052373206350968,0.0010751695147393548,0.001075169514739355,0.0012902034176872257,0.0015052373206350968,0.001075169514739355,0.001075169514739355,0.0012902034176872257,0.0015052373206350968,0.001075169514739355,0.001075169514739355,82799.43192819493,365614.95548616454,530733.5389442971,231621.78562323414,81442.9443447768,146138.86114461618,685324.7520554963,153520.30565908024,57476.40169820469,39915.31876884771,599794.8741333233,144189.83121096337,60381.13383467948,19369.506409011243,613845.5914163715,89615.41644987628,299493.9190164177,82925.25565241952,3103202.3728225552,332400.8034014723,81769.93502557169,141195.54607601446,530733.5389442971,231621.78562323414,81154.3243106223,87351.32832714058,685324.7520554963,153520.30565908024,57287.93890869134,39915.31876884771,599794.8741333233,144189.83121096337,60381.13383467948,16372.634999486969,613845.5914163715,89615.41644987628,202203.85153160093,55457.190405106776,1825998.6421369035,254761.75523232104,410.0961176292704,157.9632603241764,378.0152742048267,780.4063468636016,272.4389292053788,138.18412299753825,264.57248210537756,391.9499130650969,643.9957249041375,705.1431432989519,528.0355337568735,662.7777972738395,1219.260214720344,1443.3072566490962,1460.3252872275905,1253.597533264523,73.7427899950206,131.45250737416006,75.00487254696695,159.1752532462366
72091,Manatí,243.63383686700547,782.567928541397,1455.2713697883528,211.7523819517196,275.93185387535704,185.02730894756405,1842.1778912350464,121.15269088986702,97.28484166990218,53.58580498493356,1032.7203776646688,107.28496474637748,85.32592479069838,93.78514460548692,967.4894950226992,78.9865769744796,261.8096733675979,151.4088655381528,6146.068533024571,176.7345355141245,8026.023419,18688.6879,40082.540909999996,19531.764,5203.922423999999,3916.2664083000004,31677.865508000003,6734.185,6207.690898999999,5267.367948900001,36684.27756,10664.994,6561.55201,5786.0065669,50314.751,11666.982,4565.61993,3053.4872518999996,44994.233,6278.665,1103.1538885346108,3543.4029382551266,6589.348553138202,958.7972941706793,1249.396641646813,837.7883711695653,8341.229322747022,548.5693768166744,440.4977270961353,242.63209864258525,4676.072564631502,485.7774583498051,386.34873930525885,424.6513878726951,4380.712516272066,357.64469604031365,1185.4525748371336,685.5668363840774,27828.890636021773,800.2393780679657,0.0024709698540284516,0.0032946264720379354,0.001853227390521339,0.0018532273905213393,0.00205914154502371,0.0030887123175355642,0.0018532273905213393,0.0018532273905213393,0.00205914154502371,0.0030887123175355642,0.0018532273905213393,0.001853227390521339,0.00205914154502371,0.0028827981630331935,0.0018532273905213393,0.001853227390521339,0.0024709698540284516,0.0028827981630331935,0.0018532273905213393,0.001647313236018968,227155.00024360715,729636.8200920215,1356840.1360408743,197429.9341683165,257268.45310280524,172512.4841012996,1717577.1835038383,112958.19941309807,90704.71703521686,49961.38344712384,962869.5285378292,100028.45461241086,79554.67399709931,87441.7314920644,902050.7139061166,73644.10519739863,244101.4646502471,141167.9154688926,5730362.486055373,164780.61493436838,227155.00024360715,708963.2691125916,1054067.8160857502,197429.9341683165,257268.45310280524,156145.32873106765,1323545.3434121413,112958.19941309807,90704.71703521686,49961.38344712384,724111.3800432343,100028.45461241086,79554.67399709931,87143.86661669251,713304.9953384667,73394.87901735147,206200.00447189776,125668.07340280928,3759239.6484276475,144738.98294652958,727.5524749916328,527.4220354178192,608.2929228400058,2037.1108803445447,416.514840086394,467.45294433161365,379.77454260384144,1227.5903986981918,1409.244705965354,2170.9279103500717,784.5104423201119,2195.448515916976,1698.3495330667142,1362.5309447085967,1148.5517667070574,3262.1711237917816,385.1372907623284,445.39599785852744,161.6817342397378,784.5983554519285
72093,Maricao,7.933990402010202,38.303418952616035,140.5591865061971,49.710626101180885,8.52108455198456,17.186368590507943,171.86195716554573,27.68799467106692,7.921562725995245,1.0736629641618354,132.98499016199293,8.361310767828458,4.431999562596207,0.9102364790718467,137.68059799988026,5.88303497817069,39.30798630376804,6.661433083367007,653.7686486024731,26.249909429584573,466.331,1177.1667,1121.5206699999999,2421.4981000000002,285.222,396.77225,645.69385,596.7102,623.581,361.86723,1461.05332,657.1911,572.681,189.89848299999997,1879.3511899999999,282.2744,919.009,338.02817,2262.9433,536.3811,20.276120810969154,97.8882896001025,359.2133217062005,127.04056966858478,21.77649972613361,43.921515931591436,439.21074134590685,70.75949131748158,20.24436061874419,2.7438550929041843,339.8566912668475,21.3681815424925,11.326426427563455,2.326202059878447,351.8567954991156,15.034695267884796,100.45556381429266,17.023970931237145,1670.7723894056128,67.08431796645507,0.00043163955391586705,0.0006474593308738005,0.00043163955391586716,0.00043163955391586705,0.0004316395539158671,0.0006474593308738007,0.00043163955391586716,0.00043163955391586705,0.0004316395539158671,0.0006474593308738008,0.0004316395539158671,0.0004316395539158672,0.00043163955391586716,0.0006474593308738007,0.0004316395539158672,0.00043163955391586716,0.00043163955391586716,0.0006474593308738008,0.00043163955391586705,0.0004316395539158672,4375.987870995477,21126.228828287727,77525.33897095063,27417.867410482784,4699.7993138186575,9479.131772010393,94790.36423480227,15271.297633795708,4369.133393393345,592.1781941554713,73347.79530687233,4611.676174497365,2444.466825327189,502.04040972205206,75937.6551257524,3244.784579345396,21680.29737658411,3674.109609317946,360585.72442899307,14478.12254089543,4375.987870995477,21126.228828287727,19447.29555435025,27417.867410482784,4699.7993138186575,9221.460908747355,21803.77607197505,14919.814408687373,4369.133393393345,592.1781941554713,30004.700807374986,4611.676174497365,2444.466825327189,502.04040972205206,30700.686918621308,3244.784579345396,21680.29737658411,3479.8733899864114,110768.77948313885,14478.12254089543,2299.902453469897,1202.561312296918,312.21577882272646,1906.082526485081,1309.7697223475723,903.3664744586231,147.01230849258178,843.2935128415472,3080.270163843201,13188.277724134043,429.9027671203964,3075.5593249388953,5056.149030433382,8163.456058925633,534.1238862060641,1877.4866731283787,914.8413140151474,1985.6011935485326,135.44294329672607,799.5625747707724
72095,Maunabo,12.949566489634584,17.04623545582477,226.76414580522294,81.10287304088635,12.16953643008741,16.91283022074416,315.41669170608,67.25457326211102,2.9662516750014674,2.669072907126644,180.6374586522516,35.133829926019985,2.069229535989634,0.39380733775099425,167.62290358128226,24.92973411739978,31.30945311082484,4.80788956213168,1577.028203501319,125.81571368231087,685.707701,1476.1811,8482.154,6940.75,560.4934969999999,896.2415100000001,7344.171,3662.875,651.985032,662.5245500000001,9698.94,4491.275,1171.6103,875.330265,22516.78,5664.757,979.4181,803.957567,19584.84,4702.2,48.714080412096045,64.12505664828652,853.0483890853106,305.09530045876005,45.77973916792785,63.623208701923744,1186.54428280563,253.000337315858,11.158537448662775,10.04060115275591,679.527588299272,132.16752989924527,7.784091775424958,1.4814366437232553,630.5690318284953,93.78144615260062,117.78087071256937,18.086467908376214,5932.513553947895,473.2974496351881,0.0008594624564392097,0.0008594624564392099,0.0006445968423294073,0.0006445968423294073,0.0008594624564392097,0.0008594624564392096,0.0006445968423294072,0.0006445968423294073,0.0006445968423294073,0.0008594624564392097,0.0006445968423294073,0.0006445968423294073,0.0006445968423294072,0.0008594624564392097,0.0006445968423294073,0.0006445968423294072,0.0008594624564392097,0.0006445968423294073,0.0006445968423294073,0.0006445968423294073,10466.980803539314,13778.269676559952,183290.7659861929,65554.48909508617,9836.491770103394,13670.439809374966,254947.56599350675,54361.072847359,2397.586001474155,2157.379932718489,146007.11256447606,28398.257477177016,1672.5336596137458,318.3097942183619,135487.60226245318,20150.4080196839,25307.059116043456,3886.1600342104894,1274693.1679837408,101695.347172468,10466.980803539314,13778.269676559952,183290.7659861929,65554.48909508617,9836.491770103394,13670.439809374966,254947.56599350675,54361.072847359,2397.586001474155,2157.379932718489,146007.11256447606,28398.257477177016,1672.5336596137458,318.3097942183619,135487.60226245318,20150.4080196839,25307.059116043456,3886.1600342104894,1274693.1679837408,101695.347172468,1407.6170487039185,2302.034769492005,994.3344490803238,2274.944907235038,1224.3265409267945,1408.6707166859705,618.9546489267491,1447.774749575566,5842.925517789368,6598.455012010438,1427.3062885164968,3398.1682213655768,15051.342324853795,59086.58117164266,3570.866766911605,6040.381367954532,831.5595682682266,4445.0777845223765,330.1271850776797,993.4978529092854
72097,Mayagüez,323.0523302172349,4774.425583292373,1509.7071409717125,524.8159967911421,375.67968995963037,976.606746594719,2316.7752184539854,500.83653693149773,197.01344900339643,350.3798153870364,1658.7052809369434,214.96954631905743,317.5806796246623,311.01656904330065,1926.1008411888267,215.35018056465756,2002.6317069476524,779.415043547295,11946.498585427136,659.4390587977407,7531.498637999999,58506.47233999999,43992.2926,30210.39655,6549.475746,13549.992273,31271.97554,12921.116699999999,8825.527544,13467.06954,38429.52608,13735.984,13719.865654999998,11032.42864,87684.87879999999,14832.3544,17747.241249,11155.216919999999,118760.19383,15891.7095,1399.3307011616619,20680.860882879526,6539.43449565623,2273.2884677747647,1627.2909209783477,4230.261402394581,10035.32365388962,2169.4192452363914,853.3817649506373,1517.702201401047,7184.833560040403,931.1602419854715,1375.629746412109,1347.1967013505152,8343.081874061763,932.8089940171428,8674.582315401381,3376.107513756595,51747.350748812794,2856.4205678390076,0.0082019205612442,0.009802295304901612,0.005201217916886567,0.005201217916886567,0.008201920561244202,0.009802295304901612,0.005201217916886567,0.005201217916886568,0.008401967404201377,0.009802295304901612,0.005201217916886567,0.005201217916886568,0.007801826875329849,0.009602248461944437,0.005201217916886567,0.005201217916886567,0.008602014247158554,0.009802295304901612,0.005201217916886567,0.005201217916886567,279931.68902044155,4137140.9292565985,1308193.2255812797,454764.18110929686,325534.4113145933,846250.438432631,2007534.8150140876,433985.47106007894,170716.32791559756,303611.53393943503,1437303.2708588482,186275.66669643339,275190.38784772257,269502.4469474917,1669007.1894392925,186605.49433518844,1735322.8061681937,675379.6496110066,10351894.148697644,571417.9167541368,279654.808976614,3855385.910738837,1249034.2026814865,433025.77817581844,325465.66289796995,684053.8313487592,1887647.3167703059,428291.5629203407,170457.4402385166,298870.52191299933,1325589.0495701972,181070.88715422485,275112.5129395221,269314.1217562799,1564108.439330853,186252.27268038777,1596968.6506714006,627587.6437312491,8327273.722473055,524825.0024096153,538.2214963016023,282.90153234594834,672.7231938667105,1328.9293012413777,402.4772498615289,320.3109922552279,311.61900321848816,595.6025663721836,1034.182813188011,887.332806631502,534.8700948861493,1475.1471745304946,997.3516268301037,818.9174326911873,1050.9890724266777,1590.0741196892252,204.58900041204825,330.4165188622085,229.50004611149032,556.3504785999594
72099,Moca,335.80022119474114,251.60314441361595,918.0235078610629,435.4858299206035,412.06341144624434,152.00759454230518,1621.2694147664347,277.17442665103584,167.09692144856592,57.994942529704,845.6829637490558,120.66301542034563,130.46160887990177,49.7018256611728,686.922430398499,136.8562083496787,695.7860856422224,126.47608619891282,4265.119297859314,416.81106306658313,4579.491,6377.426378,23431.392809999998,15962.018,3225.722,2444.027277,16317.84226,6983.983,4261.903,3078.16185,22333.6083,8593.83,3539.776,2592.8092070000002,20926.899,7568.921,5437.538,3451.4715929999998,42938.687,9886.509,1310.2105315102754,981.694081078774,3581.903739950268,1699.1594545572711,1607.7708924849755,593.0965457088603,6325.797684363616,1081.4669852552106,651.9714176658946,226.28211561744308,3299.6485871290065,470.79764571042364,509.0293666396749,193.9243970265023,2680.2037218337673,533.9795335582157,2714.7875419595666,493.47882956252244,16641.454857655408,1626.295070732322,0.0015027241943128804,0.0027907735037239196,0.0015027241943128798,0.00150272419431288,0.0015027241943128802,0.0025760986188220797,0.0015027241943128802,0.0015027241943128802,0.0015027241943128798,0.0025760986188220797,0.0015027241943128802,0.0015027241943128802,0.00150272419431288,0.0023614237339202398,0.00150272419431288,0.0015027241943128802,0.00150272419431288,0.0025760986188220797,0.00150272419431288,0.0015027241943128802,281269.29504914704,210745.06386440335,768944.7731032941,364766.8603369554,345148.0312927407,127322.93268572845,1357989.8898030855,232163.80058480223,139961.88904671534,48577.08712551945,708351.6806584385,101068.43040494241,109275.82069502868,41630.6976113231,575372.4254981474,114631.99490654819,582796.703103119,105937.51093782923,3572502.4061663407,349124.70712589094,281269.29504914704,210745.06386440335,683032.6906362547,364766.8603369554,345148.0312927407,127322.93268572845,1122645.7932698305,232163.80058480223,139961.88904671534,48577.08712551945,542063.5777996451,101068.43040494241,109275.82069502868,41630.6976113231,443979.31765130477,114631.99490654819,582796.703103119,105937.51093782923,3156185.431358485,349124.70712589094,349.52329338409726,649.6347997730525,654.1603156070667,939.4067141367273,200.63318816615188,412.07916226841866,257.9570684079125,645.7879061700511,653.6947609234044,1360.3204308041738,676.8480857966838,1825.3765876488387,695.3972073099843,1337.0206362666474,780.795087683933,1417.4552626696916,200.29331636298576,699.4163449848071,258.0224347407182,607.9160650439712
72101,Morovis,122.59716888793018,153.01952929937863,969.5861267227544,227.81516762401762,117.12967370352979,66.89999069321114,1091.9898669168206,141.30693704582734,42.815251798558656,15.962475507479938,704.6117306707489,107.90852279803534,32.437653637092886,26.643513522064925,552.6336564310872,72.96813292538776,59.757925048569604,29.522615451956828,2546.361466546676,183.03259476887123,4369.243354,5466.2177,26749.65,12581.148,2586.605,2356.69204,18821.406,5203.227,3159.822,2607.77817,25724.29,7183.552,2234.359271,1383.597681,28049.96,6420.383,1614.77267,1049.499111,32039.44,5885.857,486.3409439735647,607.0259452229246,3846.33214952194,903.7390070160795,464.65148088667286,265.3911580560342,4331.905765061914,560.5622852164137,169.84739668182422,63.32287667718724,2795.183097111442,428.0713275553965,128.67963618778498,105.69437805646756,2192.288586908128,289.4633780602367,237.05870161316693,117.11572785663893,10101.373878138083,726.0872801980953,0.0013024900126248542,0.0019537350189372813,0.0013024900126248542,0.0013024900126248542,0.001519571681395663,0.0019537350189372813,0.0013024900126248542,0.001302490012624854,0.0015195716813956631,0.001736653350166472,0.001302490012624854,0.001302490012624854,0.0013024900126248542,0.0013024900126248542,0.0013024900126248544,0.0013024900126248542,0.001302490012624854,0.0017366533501664723,0.0013024900126248542,0.0013024900126248542,105575.70370935198,131774.20517617022,834968.2016650357,196185.1717763244,100867.31886770664,57611.555467821454,940377.3324375283,121687.79632475728,36870.75630806798,13746.23574045195,606783.01124091,92926.43813866108,27933.99016046495,22944.311968190752,475905.6648732152,62837.19315735179,51461.098542827545,25423.6776424271,2192823.098344074,157620.23845866052,105575.70370935198,131774.20517617022,834968.2016650357,196185.1717763244,100867.31886770664,56773.63728131565,940377.3324375283,121687.79632475728,36870.75630806798,13746.23574045195,606783.01124091,92926.43813866108,27933.99016046495,22944.311968190752,475905.6648732152,62837.19315735179,51461.098542827545,25194.683718981032,2192823.098344074,157620.23845866052,898.3910172772729,900.4916088047247,695.458659318455,1392.1218296795453,556.6763706561533,888.0069921178052,434.4832741238311,928.2156750861708,1860.3888324054246,4118.2244187896795,920.307869154748,1678.1203359317215,1736.3736308201485,1309.055132772349,1279.4830100155737,2218.0294595553055,681.169962971868,896.1214093163381,317.1790331347047,810.6266506134341
72103,Naguabo,18.684456800175127,158.6875383728094,387.38533125525987,103.19555705280024,18.962912162270758,23.20165940299507,656.7634644531423,40.82770320638254,26.298917260058435,14.986252162337534,497.86415936429887,35.171463247022345,10.299719034645456,5.621056696224792,366.1973064715814,17.391927400046562,44.44647080518789,15.115232032922663,1776.5782691012307,24.32060371860822,1891.673884,7617.14737,20242.25,8956.42,1655.9188570000001,2535.70304,23175.97,2512.099,2454.283265,2716.1354,31653.11,4146.821,1996.4059,1088.82575,32974.39,1787.536,2317.179,921.3393103999998,38007.93,961.0609,122.54654669681614,1040.7907513385144,2540.7607560680776,676.8331178435118,124.3728638008655,152.17371678935336,4307.542650349641,267.7784048534829,172.48783449006916,98.29097361850762,3265.362975584942,230.68058168842126,67.55320816345248,36.86706519094021,2401.793950860124,114.06917878701536,291.51297082319144,99.13691941734193,11652.119948861566,159.51258477416627,0.0008440703816705711,0.0014771231679234992,0.0008440703816705711,0.0008440703816705711,0.0008440703816705711,0.0014771231679234994,0.0008440703816705711,0.0008440703816705712,0.0008440703816705711,0.0014771231679234992,0.0008440703816705711,0.0008440703816705711,0.0010550879770882138,0.0012661055725058565,0.0008440703816705711,0.0008440703816705711,0.001055087977088214,0.0012661055725058565,0.0008440703816705711,0.0008440703816705711,25859.47761069801,219625.16168037508,536145.2252769977,142823.69702636387,26244.862654464618,32111.331802654735,908967.2922357209,56505.95509695401,36397.96807289074,20741.12490423644,689049.0432737335,48677.66165743377,14254.915549399217,7779.59944669768,506820.7841991434,24070.603818901167,61514.36613616332,20919.63435256011,2458802.3331267145,33659.96207789745,25859.47761069801,219625.16168037508,536145.2252769977,142823.69702636387,26244.862654464618,32111.331802654735,908967.2922357209,56505.95509695401,36397.96807289074,20741.12490423644,689049.0432737335,48677.66165743377,14254.915549399217,7779.59944669768,506820.7841991434,24070.603818901167,61514.36613616332,20919.63435256011,2458802.3331267145,33659.96207789745,1543.6370383247588,731.8615543233765,796.7003564446438,1323.283356543848,1331.4149135066205,1666.3212895759455,538.0322815403538,938.1260603798559,1422.8732549490633,2763.3619853456894,969.3596159651994,1797.6463253422362,2955.30879180375,2953.3833093597327,1372.906697020837,1567.063091895843,794.8802392760136,929.3604398996797,326.18896961933046,602.4984808318696
72105,Naranjito,155.25414926603102,75.21409647617963,978.6870756492989,156.16494934139553,121.63435171653165,50.952836283483244,1092.263349784459,130.4936997070167,83.75762179433578,37.297877769459525,593.4190730737045,77.65005523180236,41.8034104504635,22.483132452873534,520.9352441463793,61.467843825567435,139.24273035929525,30.901247375197187,2747.5242603402357,222.8529949562866,5639.4924,4159.4435,19757.319,9147.67,3838.15227,1870.1557,14752.40128,5289.527,4537.48935,2920.16763,17730.397149999997,5966.232,3245.159,2937.08346,17636.46221,6050.981,2986.743,1593.7249299999999,21638.71151,4546.088,656.2960719128502,317.947805602328,4137.142140271569,660.146239619063,514.1772224357023,215.38971076623696,4617.255959643168,551.6277853568989,354.0633112625729,157.666965981293,2508.523015311441,328.245180392083,176.71292007911924,95.04152760409147,2202.1166974957873,259.8391388725281,588.6120107530045,130.62689380879848,11614.435994601057,942.0524082303909,0.001080515905691258,0.0015127222679677617,0.0010805159056912583,0.0010805159056912583,0.0010805159056912583,0.0015127222679677615,0.001080515905691258,0.001080515905691258,0.0010805159056912583,0.0015127222679677617,0.0010805159056912583,0.0010805159056912583,0.001080515905691258,0.0012966190868295099,0.0010805159056912583,0.0010805159056912583,0.0012966190868295097,0.001080515905691258,0.0010805159056912583,0.0010805159056912583,141827.6689089057,68709.53222658951,894049.577333801,142659.70239813405,111115.33343718569,46546.401681031726,997803.7010084398,119208.51921987452,76514.20788818496,34072.33290897393,542099.8035673217,70934.82767602842,38188.22417732728,20538.77645548312,475884.4235665007,56152.064494577266,127200.92797990705,28228.88729428994,2509916.565559902,203580.52221753838,141827.6689089057,68709.53222658951,717916.4171064936,142659.70239813405,111115.33343718569,46546.401681031726,617755.1513509278,119208.51921987452,76514.20788818496,34072.33290897393,405378.6858466963,70934.82767602842,38188.22417732728,20538.77645548312,337095.1331221849,56152.064494577266,127200.92797990705,28228.88729428994,1561562.0747832595,203580.52221753838,859.2908964947867,1308.215822443011,477.5595889655147,1385.7035685424275,746.4648573537229,868.266034318457,319.50581490266995,958.8942291182299,1281.5474537080754,1852.1112598478458,706.8062378450497,1817.6145017189413,1836.4016612633943,3090.31592193554,800.886811768691,2328.7411689616515,507.4213480929644,1220.0588129522323,186.3087585144789,482.5727274069232
72107,Orocovis,17.192026760086534,102.16311429160581,391.316275622151,153.25334503721803,12.174899925022276,17.301392357714878,511.9632104984482,78.12123608020222,9.947118081775143,14.58876247398251,313.4255064938141,35.10269783458334,8.992885875398757,20.754401072579483,238.8098724460258,41.437536194104844,32.92266731735747,36.16483173521236,1632.4916616452888,154.8765582574291,1198.1418,5023.6947,13306.179,10366.041,595.43,603.3038399999998,10065.387,3013.2256,983.1502,1165.3148999999999,17346.37,4731.941,825.1576000000001,1664.90466,17694.72,4280.26,1080.3555,1509.7711830000003,29350.76,4938.454,73.42796474612773,436.34352477711536,1671.3304424163587,654.5523325233793,51.99957718525966,73.89507042012174,2186.6192448623906,333.6595183843314,42.484614875650564,62.309299047637516,1338.6552593551903,149.92529357130817,38.409043694474,88.64303502728445,1019.9683341410632,176.98168978488766,140.61427944841384,154.46171802546965,6972.449604250987,661.4851534625499,0.0015242869474709879,0.00195979750389127,0.0015242869474709879,0.0015242869474709883,0.0015242869474709879,0.0019597975038912704,0.0015242869474709879,0.0015242869474709879,0.001524286947470988,0.001959797503891271,0.0015242869474709879,0.0015242869474709879,0.0015242869474709883,0.0019597975038912704,0.0015242869474709876,0.001524286947470988,0.0015242869474709879,0.001742042225681129,0.0015242869474709879,0.0015242869474709879,15989.326891697487,95016.10563303439,363941.0254694525,142532.22527172527,11323.182396785925,16091.041617691582,476147.88200465863,72656.12125324178,9251.249131897992,13568.178749197199,291499.2484283582,32647.024012357295,8363.771995475656,19302.48875375761,222103.48836642146,38538.69709720911,30619.501541607886,33634.85438145252,1518287.7033798622,144041.88362411546,15989.326891697487,95016.10563303439,363941.0254694525,142532.22527172527,11323.182396785925,16091.041617691582,476147.88200465863,72656.12125324178,9251.249131897992,13568.178749197199,291499.2484283582,32647.024012357295,8363.771995475656,19302.48875375761,222103.48836642146,38538.69709720911,30619.501541607886,33634.85438145252,1518287.7033798622,144041.88362411546,1631.7241042190055,1151.3164318334063,796.1429207716895,1583.6840669465869,1145.0670029078367,816.4331349438963,460.31731512696166,903.0839625348751,2314.1323109026894,1870.21025402497,1295.8056137885328,3156.199255830953,2148.341954472346,1878.2126080041596,1734.8303283259372,2418.4761741186003,768.3113722432026,977.4403666486796,420.9533473301167,746.5706485095876
72109,Patillas,118.17859252334749,149.60452897390658,667.1523600349612,196.19412627958536,82.55964773713251,53.89397368166974,816.9048441521513,104.48430902892865,15.66840719877745,8.945433040261117,394.06159229826926,40.10548408800476,12.535793903030147,4.049656103206369,253.14793725130514,47.874829471122155,77.43821990147698,6.1394150518575845,1749.804648472641,44.256200808364845,2458.803,3777.745,14455.37,7984.074,1641.457,1027.3895,10838.76,2705.3327000000004,1715.104,908.7449,14658.47,3212.5483,943.618,236.161831,12976.07,1744.5866899999999,1280.46,192.26825400000004,19108.79,929.77319,498.35138925616604,630.8725062741919,2813.3378336120254,827.3377885763426,348.1486305412824,227.26735936958497,3444.834257040997,440.60349212358557,66.0726475770087,37.72230560481091,1661.7319413035157,169.12220128277167,52.86262235497381,17.077134715781096,1067.5082815155124,201.88502221857357,326.5519045828995,25.889511416452084,7378.811668627388,186.62550200613737,0.000857522352427559,0.0010719029405344487,0.000857522352427559,0.0008575223524275591,0.000857522352427559,0.0010719029405344487,0.000857522352427559,0.000857522352427559,0.000857522352427559,0.0010719029405344487,0.000857522352427559,0.000857522352427559,0.0008575223524275589,0.0010719029405344487,0.0008575223524275589,0.000857522352427559,0.0008575223524275591,0.0010719029405344487,0.0008575223524275589,0.000857522352427559,106836.86391262242,135246.8189155287,603125.0193131092,177365.16167804998,74636.3081640484,48721.71015915148,738505.5939552095,94456.83576340364,14164.69304533839,8086.930060307188,356243.07085265126,36256.516972932375,11332.720069331703,3661.0061835497345,228853.05320027072,43280.22979319031,70006.38935190695,5550.208683259032,1581873.9850503197,40008.88487581925,106836.86391262242,123904.6030715644,603125.0193131092,177365.16167804998,74636.3081640484,39424.90237465571,738505.5939552095,89854.70205625889,14164.69304533839,8086.930060307188,356243.07085265126,32260.557151454297,11332.720069331703,1037.5128576850673,228853.05320027072,28950.788758173898,70006.38935190695,5357.6384017565715,1581873.9850503197,22985.085471818275,493.387407561958,598.8127493953752,513.8156472818924,965.0319507028378,471.4816765034958,452.0620571514832,314.6380693888637,614.0061865967184,2595.785189326672,2409.038592498183,882.1200119979295,1899.5426239921223,1785.0381951610004,1382.91250218786,1215.5474786179857,864.1486479919245,392.1153060293783,742.6492176975528,258.96839298995997,498.20264647937745
72111,Peñuelas,26.41300512571307,60.75224463513981,524.1932388493658,189.13641066240618,39.092037885506095,32.473608169636584,611.7444899698935,184.8396496166136,32.41009729752773,9.998631470959152,430.4094940448852,58.19054290617798,27.87293566962175,13.396578966455822,364.46592532353986,31.246135173853556,161.12604353570185,67.34500529744312,2992.467780368499,179.42614503106046,1056.5416,2807.4232,12645.787391999998,7868.909,1010.104,1472.1062000000002,11477.423799999999,4990.51,1327.1873,1045.6292,14155.494299999998,4657.665,1563.726,967.45452,17504.91639,3061.845,2544.348,1619.4735,29487.442580000003,4692.185,126.80924887614523,291.67247244510276,2516.65990174404,908.0468525666246,187.68148257666348,155.9062984575367,2936.994821603377,887.4180358824219,155.60138177163662,48.00358537724273,2066.4026826640807,279.37370255700193,133.81839814951496,64.3171842113655,1749.8065824488272,150.01318149223283,773.5686438517594,323.32441903837446,14366.884408210644,861.4277160754087,0.0012886347171797864,0.0017181796229063817,0.0012886347171797864,0.0012886347171797864,0.0012886347171797864,0.0017181796229063814,0.0012886347171797861,0.0012886347171797864,0.0012886347171797864,0.0017181796229063814,0.0012886347171797861,0.0012886347171797861,0.0012886347171797861,0.0017181796229063817,0.0012886347171797864,0.0012886347171797861,0.0012886347171797861,0.0017181796229063817,0.0012886347171797861,0.0012886347171797861,27235.13342688209,62643.212339737336,540509.2201202732,195023.4498405312,40308.81237001028,33484.378136562525,630785.5818825609,190592.9482815977,33418.89043201282,10309.847777703151,443806.37275906315,60001.77536366865,28740.505608808704,13813.559414335534,375810.2517488788,32218.698950913902,166141.2350981771,69441.17854747237,3085611.004354867,185010.9435459439,27235.13342688209,62284.38085524527,448815.88887208584,195023.4498405312,40308.81237001028,33466.551512928505,522335.3331318017,190592.9482815977,33418.89043201282,10299.227369247814,376278.7615680671,60001.77536366865,28740.505608808704,13811.68327318767,296849.63556773314,32218.698950913902,166141.2350981771,69208.12673736791,2173645.5288982145,185010.9435459439,833.1739280562459,962.5259375577175,502.4829689238699,866.5752188621401,538.2012045793575,944.2249701034043,390.7880162258574,562.3629223444378,852.9405618953975,2178.2314628850745,685.0307744350306,1667.1808969026617,1168.5433554905155,1504.192902507447,1000.3915041571131,2041.0506393790013,328.9104360966806,500.88190208973646,205.24590956650272,544.6986337260189
72113,Ponce,601.506522261837,4670.66257173689,3720.2467716316373,1725.9048731414612,537.7561942640802,1897.6555248830884,4347.824491161867,918.6516714831421,261.8343262808085,579.9084163784582,3468.744837775422,543.4155556687926,220.8493393915866,231.50544488965315,3152.8982234881023,529.4779065947032,3197.433836627221,1195.322440845369,20432.87059325056,1088.5304582453107,18319.13739,72189.551,97441.37033,73683.3057,12280.4772537,24616.13100999999,72118.83213000001,29103.209540000003,15208.713159999998,22990.593553999995,110935.17958,37664.886388,39710.18495199999,20092.702404900003,288407.83618,45194.72163,26385.231245000003,14905.420336099996,167236.97136999998,26338.793169999997,3171.5265179451394,24626.71584496834,19615.516794668216,9100.072684226276,2835.3940766670157,10005.651803176903,22924.50731413468,4843.7182790765255,1380.557780130609,3057.6475107999704,18289.4379858465,2865.2338441597904,1164.4587555214987,1220.644548882567,16624.092930154202,2791.7456574148314,16858.913123844748,6302.503261944302,107735.14255598812,5739.42773044975,0.012895530125921605,0.016119412657402004,0.008865676961571107,0.008865676961571107,0.012089559493051507,0.016119412657402004,0.008865676961571105,0.008865676961571105,0.012895530125921605,0.016119412657402004,0.008865676961571105,0.008865676961571107,0.01309702278413913,0.01511194936631438,0.008865676961571105,0.008865676961571105,0.013701500758791705,0.015514934682749431,0.008865676961571105,0.008865676961571105,639039.3087081383,4962102.438770325,3952382.621268213,1833597.835117443,571311.0896018628,2016065.3790210916,4619119.917052099,975973.6717079466,278172.25694140233,616093.5248432857,3685187.4770727935,577323.5836745747,234629.89003469818,245950.91489308057,3349632.674951939,562516.2535797474,3396947.219981802,1269908.1356737814,21707840.257050075,1156452.5500556985,639039.3087081383,4413687.9857056625,3495934.5881636804,1614272.4685598882,571311.0896018628,1434078.3925951796,3914390.05666084,863445.5005371305,275151.8210083214,561835.0073816823,3146791.5168736223,526027.195978353,234627.50651929606,240016.74357072698,2924504.712832671,518505.15400541254,1919803.447913219,945925.9142507691,14763990.612226149,872877.2379396106,577.6126192338803,293.1351116992303,496.75657975264755,809.7001887437655,433.11359626368437,246.02226315914874,314.5927244662455,600.8443898506138,1101.635395409612,751.9046414864537,606.5532449157187,1314.548425594385,3410.1838956259066,1646.0731687446412,1734.8786330282192,1618.8695954433942,156.5061226140463,236.50000192941945,155.22973043182245,458.909745134748
72115,Quebradillas,38.141170421912705,134.92688494984205,558.184227836003,352.0766486791127,67.03306552421576,120.0747717830229,736.6329302562207,295.14971087190935,46.12132304387215,64.94881168492176,604.5075960724606,130.46753528808543,35.74196863484683,42.02606134227645,424.8812356050033,103.35841766157147,244.5320499014879,127.74827990198675,2723.16612798348,481.2811825577717,1170.43716,5142.075,11395.652,14650.13,1488.4959350000001,3968.5462,10119.5053,7924.47,2443.28852,4431.390600000001,14583.4057,10390.33,2704.2849,3813.789517,25350.461,11024.55,2647.812,3793.531847,29139.701,11195.46,163.93851293774713,579.9432117398126,2399.1894125033514,1513.2970904164736,288.1217581457587,516.105806657125,3166.1982532607344,1268.6135259904893,198.23883302201702,279.1632109585873,2598.2966768831975,560.7760193298541,153.62625537306585,180.6365647637574,1826.226022162636,444.2555145424107,1051.0485174686087,549.0881062594448,11704.722234941493,2068.6444726434484,0.0010619350031243922,0.0016990960049990277,0.0008495480024995137,0.0008495480024995138,0.0008495480024995136,0.0016990960049990274,0.0008495480024995136,0.0008495480024995137,0.0010619350031243922,0.0016990960049990277,0.0008495480024995137,0.0008495480024995137,0.0010619350031243922,0.0014867090043741492,0.0008495480024995138,0.0008495480024995137,0.001274322003749271,0.0016990960049990274,0.0008495480024995135,0.0008495480024995135,34818.40904975094,123172.39927417759,509556.6432525509,321404.63008791034,61193.31602734432,109614.1642809902,672459.3503937765,269437.0217372712,42103.3511529223,59290.637060304536,551844.4379368112,119101.53676782653,32628.219595917068,38364.85819335603,387866.667310225,94354.09624472466,223229.0421363829,116619.17596723798,2485930.8486265466,439353.19490397524,34818.40904975094,123172.39927417759,378247.5346589225,321404.63008791034,61193.31602734432,109614.1642809902,474553.73456959287,269437.0217372712,42098.3544094346,59290.637060304536,437965.35186381126,119101.53676782653,32623.311162322483,38364.85819335603,336032.09964008105,94354.09624472466,221345.19622891027,116619.17596723798,2010218.6083037225,439353.19490397524,713.9488696255611,886.651467921131,474.9792551022305,968.0934492491588,516.6204539981255,768.9404282630954,319.6106020707436,624.6559600421137,1232.4974288607928,1587.3834466882454,561.2679194699818,1852.8484888524279,1760.3012541267226,2111.305383817392,1388.133817630072,2481.5786499252436,251.92100611845268,690.8785318339335,248.9567920972168,541.1978785167329
72117,Rincón,120.81489934793862,176.01614984576224,326.6315003035069,54.63862197668553,265.98944165032043,97.65189262394448,619.4328493011503,20.841812044144962,151.9031395558371,39.36871391283731,346.13833559240504,12.518947344637049,173.24710403988314,45.43546905474136,389.68699366137594,17.90013304969962,975.057068264074,91.51526594206513,2229.9281045891285,43.28355789986168,2134.489647,5326.901,10001.12,4041.683,2483.7370739999997,1975.5188,9031.61,1147.82,4086.89373,1838.647,12145.14,1818.091,5933.7593,2056.6484,18200.64,1961.846,7141.1732,1617.3229,26618.59,1463.489,531.3299121801476,774.0986082395168,1436.4874473944042,240.2943210912169,1169.790708229586,429.46169563639114,2724.1938138178352,91.65987161234706,668.0523862181138,173.13903681458567,1522.2762461013715,55.056878159186994,761.9206660088703,199.81992215376084,1713.7981924195299,78.72270864472755,4288.187874571302,402.47352336986387,9806.965120809835,190.35606652740418,0.0006555912860349508,0.0010926521433915846,0.0006555912860349509,0.0006555912860349507,0.0006555912860349508,0.0010926521433915846,0.0006555912860349507,0.0006555912860349508,0.0006555912860349508,0.0010926521433915846,0.0006555912860349508,0.0006555912860349508,0.0006555912860349508,0.0010926521433915848,0.0006555912860349508,0.0006555912860349508,0.0013111825720699016,0.0008741217147132676,0.0006555912860349507,0.0006555912860349507,116111.75347834016,169164.10069787008,313916.2176701204,52511.620997028745,255634.8649333234,93850.44844833741,595319.2419364306,20030.471036045696,145989.77433981694,37836.1479360423,332663.6806273518,12031.603185816995,166502.84976178713,43666.733246729265,374517.05365756457,17203.30726685056,937099.5344832272,87952.71159368895,2143120.291883875,41598.592819751844,116111.75347834016,169164.10069787008,313916.2176701204,52511.620997028745,255634.8649333234,93850.44844833741,595319.2419364306,20030.471036045696,145989.77433981694,37836.1479360423,332663.6806273518,12031.603185816995,166502.84976178713,43666.733246729265,374517.05365756457,17203.30726685056,824067.2916413923,87952.71159368895,2143120.291883875,41598.592819751844,401.72585771461337,688.1424334445752,696.2204938261516,1681.9719174577403,212.32320076802452,459.99883576871935,331.5333128718402,1252.260100095299,611.7624626919096,1061.9482664495843,797.8275973959611,3302.2050301205218,778.7896515633977,1029.250926450374,1062.0060215085446,2492.0966691501085,166.5312576985428,401.8457876330209,271.4253560820445,768.8165797381151
72119,Río Grande,162.57774440380058,95.6603038597293,1184.5164755717385,227.85741900538218,148.99890445176194,106.3341812676143,1226.5478271429613,308.4285620613722,106.98681241047574,71.12780721665871,1085.4720981020203,179.1541988391983,79.1916163440397,34.7668365822458,1127.5650052204164,129.20592392321143,485.2214664717733,86.59958690443077,6175.56883789037,319.2183923308039,7297.5749477,7763.778800000001,22357.605199999998,20310.1123,4731.052861,5050.123689999999,17145.849380000003,12115.0486,7548.797239999999,6816.29137,27066.22288,15862.393800000002,9490.867552000002,3644.2017210000004,48470.49851,11291.3508,8559.23341,3605.2520579999996,60266.205440000005,9068.92,953.1677729050199,560.8413323715922,6944.633997294058,1335.8922490264843,873.5571676331717,623.4205986447505,7191.0572080247,1808.268202258705,627.2468725006888,417.01115884552325,6363.952373017763,1050.352920938604,464.28800485703215,203.8325006757648,6610.736474250511,757.5140324627599,2844.7772249434415,507.71977238885455,36206.38985501881,1871.5272819417978,0.0025958939164344593,0.003461191888579279,0.0023795694233982537,0.0023795694233982537,0.0025958939164344593,0.0034611918885792785,0.0023795694233982537,0.002379569423398254,0.003028542902506869,0.0032448673955430742,0.0023795694233982537,0.0023795694233982537,0.0032448673955430734,0.0025958939164344593,0.0023795694233982537,0.0023795694233982537,0.0036775163816154836,0.0030285429025068687,0.0023795694233982537,0.002379569423398254,206193.53525212692,121323.71689903432,1502294.42878663,288986.2135216498,188971.81142638891,134861.144950153,1555601.80492029,391172.70212710404,135688.86170225657,90209.72752769812,1376678.7707996205,227217.06313114052,100436.8672734885,44093.96237298672,1430064.2163881904,163868.83904031775,615394.990986832,109832.2223664763,7832328.930058136,404857.19046948594,206193.53525212692,121323.71689903432,1038479.1534202961,278980.8056525737,188971.81142638891,134861.144950153,907641.622664114,380481.75606430555,135688.86170225657,90209.72752769812,827289.9276664668,224045.10827655767,100436.8672734885,44093.96237298672,968399.3516198361,160969.62680822375,570435.1382614863,108883.33229652538,4517521.239086282,385147.4623366995,765.6128496097591,1384.3093138606296,321.9407273113533,1520.3406049253415,541.5848024941954,810.0668635233463,238.43294364097778,669.9807354278038,1203.4810488420108,1634.5585065086982,425.30523947282927,1510.196571436697,2044.1767723296052,1787.841344691547,733.208753650936,1490.5797537889298,300.87534921720174,710.0869916956464,166.45184919381325,484.5732192902135
72121,Sabana Grande,52.70574443500597,178.79233522308655,563.1266584426306,182.5603662985385,70.18103230989907,85.73650446224289,902.0889912286065,141.7130446095975,71.1078086392957,16.627850430679555,625.6128990303067,70.47454429374,39.412195313601636,9.638178285397254,567.029965347985,37.005123424086364,216.3805320704919,60.13942078737788,3975.6020792178438,252.06472614958858,1605.374521,2338.647,14995.313,7265.54,1517.843634,739.4381,10904.943,3528.965,2105.7847599999996,667.7778300000001,14222.12,3568.9883,1730.785871,582.5099399999999,23356.497,2674.579,2576.991162,845.7454,28767.667,3766.2724,230.33480923820363,781.3588228062364,2460.9778846645313,797.8258840017785,306.7053669866067,374.6859400575104,3942.3121319679176,619.3147909516475,310.7555678010794,72.6670839781968,2734.055448790834,307.98807397674307,172.23929927432832,42.1207968992521,2478.0361287151704,161.71990617140304,945.626878276577,262.82148489219367,17374.18864565828,1101.5740548915167,0.001287230043293306,0.001930845064939959,0.001287230043293306,0.0012872300432933059,0.0017163067243910748,0.001930845064939959,0.0012872300432933063,0.001287230043293306,0.0015017683838421906,0.001930845064939959,0.001287230043293306,0.001287230043293306,0.001287230043293306,0.0017163067243910746,0.0012872300432933059,0.001287230043293306,0.0017163067243910748,0.0017163067243910748,0.0012872300432933063,0.001287230043293306,49415.647744608046,167631.42521807973,527974.1115034323,171164.24120068824,65800.06047074318,80384.49980693703,845777.1027181316,132866.7675281457,66668.9838323699,15589.87560920876,586559.7189522207,66075.2502998175,36951.93344361706,9036.525869362138,531633.7588747344,34695.12030373409,202873.2212438787,56385.28522936492,3727429.6004227963,236329.86972813166,49415.647744608046,128746.78924865024,527974.1115034323,171164.24120068824,63690.717105050135,55066.19069437098,845777.1027181316,132866.7675281457,66668.9838323699,15585.98500884556,586559.7189522207,66075.2502998175,36951.93344361706,8095.847437398794,531633.7588747344,34695.12030373409,200131.2044946013,47237.91077433806,3572761.1410080213,236329.86972813166,696.9743419631297,299.3051248337852,609.3233544861412,910.6673706244161,494.88655803870614,197.3487715836105,276.61287678295747,569.8176519532731,677.6337990983167,918.9550391210988,520.1840367315846,1158.807305074255,1004.8728009763611,1382.9509004620543,942.540616310951,1653.8341279800634,272.5166998950596,321.7946205375542,165.577038368286,341.89915632779713
72123,Salinas,74.98622775721456,57.860125052333274,748.1617623199426,148.16509309860731,66.88345848805287,17.928261460993507,908.1586442750797,117.6027994866336,21.955023634268844,7.739030872101928,618.270540238042,55.967379865622746,11.187971131149851,5.031904682879371,447.25546384911604,29.586914393742568,125.3246876823625,4.601590237265887,4558.221144468684,158.11197700591094,3583.44638,3577.9533810000003,29162.542,11337.808,2294.4079500000003,783.6976559999999,20975.4,5229.2259,2489.1495099999997,1104.8328700000002,32062.168,7246.305,2372.52396,462.43600200000003,47760.76,5414.89,3814.1002999999996,293.42017,74308.55,8104.813,392.7467320401096,303.04731561256085,3918.560727443126,776.027250034563,350.30779030214353,93.90079099276183,4756.557975790394,615.9546433871623,114.99129963092253,40.53383101249708,3238.2444277816276,293.1339020578473,58.59794833452512,26.3550278397363,2342.538450961394,154.9639752104329,656.3986881772382,24.101219409586456,23874.070105279603,828.1248987017877,0.001718274766813542,0.0015034904209618493,0.0015034904209618493,0.0015034904209618493,0.0019330591126652354,0.0012887060751101567,0.001503490420961849,0.0015034904209618497,0.0019330591126652348,0.0012887060751101567,0.0015034904209618493,0.0015034904209618497,0.001718274766813542,0.0012887060751101565,0.0015034904209618497,0.00150349042096185,0.001718274766813542,0.001073921729258464,0.0015034904209618493,0.0012887060751101565,84355.84992662501,65089.81944595538,841645.5025240054,166678.50526176163,75240.62958679788,20168.41996833688,1021634.1933357917,132297.41515422435,24698.331069863692,8706.03237888224,695524.211128966,62960.5734004489,12585.92200128227,5660.647414460915,503140.58882218075,33283.83604615078,140984.16285805736,5176.564645116148,5127776.530379934,177868.2646511628,84355.84992662501,58027.14451008124,841645.5025240054,166678.50526176163,74884.64082155176,20168.41996833688,1021634.1933357917,132297.41515422435,24698.331069863692,8706.03237888224,695524.211128966,62960.5734004489,12585.92200128227,5660.647414460915,503140.58882218075,32116.238241974737,140984.16285805736,5176.564645116148,5127776.530379934,177868.2646511628,912.4064155507824,1180.6583317749407,744.21564519248,1461.0064272221152,654.9691481371434,834.6017618322404,440.9785417682107,848.9628183082203,2164.6416015726445,2725.7055215416635,990.1095706343675,2472.0119198529305,4048.81745424889,1754.6405369482131,2038.84636260287,3494.2895551349047,581.0645829581748,1217.4494784412848,311.252122793956,978.6945197162327
72125,San Germán,88.55153688760349,534.3944663098192,742.7042194614947,174.1561086093355,118.01499368238673,251.81860578355088,1113.9968827079224,180.45895000813323,141.65958987234737,112.05071623190949,786.1178462821707,99.72375230674116,76.58674315666806,61.86906940224291,732.2806669139944,66.03623451627715,631.9802281011574,223.4957793670201,6424.469699308745,252.63391109047652,3064.4375980000004,10319.8845,16332.01274,8197.505,2075.685592,2619.4721999999997,14982.796588,5349.426,3813.45927,3441.7484,18969.1324,6674.313,3620.1760999999997,3431.8094999999994,29093.366899999997,4697.455,5949.0474,3660.8044,56387.60818,5241.595,328.0667539350905,1979.830774768637,2751.5791478796764,645.2155573759466,437.22330807418075,932.9404715440346,4127.1484837996095,668.5663967961119,524.8220804138656,415.1267842698576,2912.418452630382,369.45770631881106,283.73944829167596,229.21324102529616,2712.961850327057,244.65180234363908,2341.367629197293,828.0097379698433,23801.449349001894,935.961024037083,0.0016934258975452785,0.0021167823719315986,0.001481747660352119,0.0014817476603521192,0.0016934258975452787,0.0021167823719315986,0.001481747660352119,0.001481747660352119,0.0016934258975452785,0.002116782371931598,0.0014817476603521187,0.001481747660352119,0.001693425897545279,0.0021167823719315986,0.001481747660352119,0.001481747660352119,0.0019051041347384386,0.002116782371931598,0.001481747660352119,0.001481747660352119,69444.59215466211,419087.088343793,582449.4235206267,136578.09179494245,92550.65911290442,197483.19442259654,873627.5156851237,141520.95632038362,111093.41282205386,87873.3059059086,616495.6040216296,78206.15599099407,60061.46623654171,48519.45480156557,574274.9820495247,51787.462246230905,495616.5723696108,175271.64171222664,5038248.840839003,198122.57964967447,69444.59215466211,374689.2297488698,430151.62481513584,136578.09179494245,92531.99259207085,153524.36534286282,693127.4921126678,141520.95632038362,111093.41282205386,87873.3059059086,479177.0671104303,78206.15599099407,60061.46623654171,48519.45480156557,478687.2505917796,51787.462246230905,495616.5723696108,175271.64171222664,4434554.501438852,198122.57964967447,934.0896513416027,521.2508377745559,593.5505345207022,1270.5064077095053,474.7426666576138,280.7759208542772,363.03022890531594,800.1338424478695,726.6194415815684,829.0836752568234,651.3189196033222,1806.5161142533125,1275.8804324869777,1497.2125888753792,1072.383929633684,1920.0573856398296,254.08429354767978,442.1209355551479,236.9082964368495,560.0227857129579
72127,San Juan,2333.211187103522,13640.368671576007,2970.6334820893912,1155.1825025543833,2994.433887902814,7519.15055639667,4323.353989233749,1025.7083774414816,1948.0026893492447,2797.6746983286166,2712.203167377523,662.8309449896802,2085.7333703582535,2264.530442950501,2516.4675940930274,395.7188512811979,30536.248312939093,10325.490560488679,30987.37320851641,2094.683505029994,33203.8649466,165257.15761999998,122428.92817,125140.33067000001,32091.540542500003,70759.28226499999,107323.2526,57659.17685999999,44746.713116000006,87939.12091999997,164555.29994,82024.973,83534.840231,78219.30246199993,359599.758034,86088.8402,119230.95759,84231.50573799999,495333.3454750001,90627.29530000001,15590.091569171682,91142.45542904448,19849.231076983568,7718.718774139274,20008.26104738043,50241.592507592926,28887.862766409464,6853.5962865112515,13016.198650088145,18693.5520319716,18122.446852359004,4428.9154725415,13936.489938199278,15131.179364265932,16814.577454288024,2644.1211842379103,204037.64134556346,68993.04453210393,207051.9756115989,13996.293105550829,0.04165983676359795,0.04843212549856709,0.0238056210077702,0.0238056210077702,0.0414546158928413,0.048021683757053804,0.0238056210077702,0.023600400137013557,0.04124939502208466,0.04720080027402724,0.023600400137013557,0.023600400137013557,0.04083895328057138,0.047406021144783886,0.023600400137013557,0.023600400137013557,0.0414546158928413,0.047816462886297165,0.023600400137013557,0.023600400137013557,3199412.1670011557,18704334.066046685,4073476.4854683164,1584042.1879544817,4106112.75446956,10310623.362608468,5928392.351220853,1406500.9977323085,2671195.6209124825,3836307.025535759,3719104.3232820337,908905.88978252,2860058.6004084004,3105233.804709543,3450702.2265739436,542628.8518153806,41872782.4240674,14158812.675029946,42491386.726894766,2872331.4584862893,2239095.9645270198,13547293.349967532,3286176.5882257507,1447262.8620808031,2713653.1021827916,6884079.665703788,4674713.461119166,1332559.4476900832,2134066.17839075,3394949.6819491833,3218925.360713142,885858.7327364186,2374507.6206039316,2681845.5219068034,2995855.2136285524,497279.07535440737,14794477.485879043,7929213.577427115,28768818.678675994,2265863.762173505,212.98056396447552,181.31742977744844,616.7943115537813,1621.2578062730963,160.391452643015,140.83805614701853,371.51676282814,841.2981221768282,343.77712202246533,470.4248864506735,908.0192166135655,1852.0329301505178,599.3965525138065,516.941215082838,2138.619058442622,3255.858343906146,58.435765481167934,122.08695283595621,239.2314026523357,647.5092698941685
72129,San Lorenzo,82.75453572434697,228.08226242628012,1175.5415187396795,425.83115492284423,120.6341458733333,139.56590728930476,1215.6634901934467,372.0315580551714,104.56381531132581,22.05259606901661,689.0648372435029,156.95618108647741,77.7984946675675,19.12905432193536,605.2896968835577,103.9569724833255,137.20812716747207,93.85376573622324,3828.9276608137206,358.094224991465,4835.43407,9793.085,31995.03431,19265.34198,3918.1788899999997,4459.0293,25672.6792,8973.04523,6032.80938,4438.0836,32653.064,10170.995,3851.13779,3033.10796,40299.166,7034.4582,2839.1154500000002,2717.85264,48965.726,6288.8352,385.71630623056353,1063.0843011773661,5479.162301620346,1984.7857125541316,562.2719859915966,650.5123346309815,5666.169557384359,1734.0274719470615,487.36867718772635,102.78646148011913,3211.7096839289375,731.5678576264437,362.61635366342495,89.15992471177542,2821.23637136973,484.54020172073257,639.5227951267487,437.4494706391554,17846.512233148707,1669.0659978600734,0.002399907315922643,0.0028362541006358515,0.001963560531209436,0.001963560531209436,0.0023999073159226437,0.0028362541006358515,0.001963560531209436,0.001963560531209436,0.0021817339235660396,0.002618080708279248,0.001963560531209435,0.0019635605312094354,0.0023999073159226437,0.002618080708279248,0.0019635605312094354,0.001963560531209436,0.0021817339235660396,0.0026180807082792474,0.001963560531209436,0.001963560531209436,84153.03501758075,231936.70834891577,1195407.4266169288,433027.4320088543,122672.78661087155,141924.4828162556,1236207.4340022628,378318.6559942363,106330.87763039688,22425.270989448993,700709.5970073325,159608.64123741427,79113.24000273146,19452.323236627446,615518.7097815697,105713.77954256542,139526.8577021802,95439.83499394516,3893634.1156396857,364145.79082019243,84153.03501758075,231936.70834891577,1045809.0079348877,406894.67786197795,122672.78661087155,141924.4828162556,1067034.4759379847,334082.97002762416,106330.87763039688,22425.270989448993,641270.2477818708,159608.64123741427,79113.24000273146,19452.323236627446,568873.8669632402,105713.77954256542,139526.8577021802,95439.83499394516,3170647.054680004,271339.63416387956,1253.6244882293358,921.1955241135774,583.940254891485,970.6509805135738,696.8476089183214,685.4642199105247,453.0870271353321,517.4684585547293,1237.8328075598222,4317.770585826042,1016.6879081067802,1390.3009671583407,1062.0419490441868,3401.8736218149984,1428.4221772043322,1451.780094823659,443.94280729857456,621.2952174862525,274.37140299632006,376.78768892679983
72131,San Sebastián,194.33348625745217,358.8232515739341,1326.421915212214,987.7804202626724,131.15684499640813,186.7702508802534,1584.9652708607478,496.3422013206524,64.08598320085738,71.2461949299321,990.2537955367751,300.9705604848288,53.4744235303607,33.55933407702912,977.5974186239888,403.48796500013884,288.03443438092415,137.95602049421097,5517.139362960395,768.6008654162183,4461.21054,10093.4928,30153.80541,32723.94,2502.879191,3566.61557,18427.567369,10861.904,3025.0996600000003,4338.987526000001,22590.33993,15805.89,3327.082,2944.772974,27649.704100000003,13976.451,4755.361900000001,3889.124347,36524.381,14560.505,651.7793822561742,1203.4652480848104,4448.715829462024,3312.9386217598417,439.88984634988276,626.4128796685659,5315.850114326314,1664.693098418796,214.9393979717823,238.95419062268485,3321.2341298541432,1009.4318265366568,179.3490530445676,112.55539359118477,3278.785627104141,1353.267219357089,966.0450667806932,462.69375159109467,18504.055863268157,2577.827459951377,0.0016815305225736346,0.0031528697298255654,0.001891721837895339,0.001891721837895339,0.0018917218378953391,0.003152869729825565,0.001891721837895339,0.001891721837895339,0.001891721837895339,0.003152869729825565,0.001891721837895339,0.0018917218378953391,0.001891721837895339,0.003152869729825565,0.001891721837895339,0.001891721837895339,0.002101913153217043,0.003152869729825565,0.001891721837895339,0.001891721837895339,136998.3656559932,252957.9434389074,935081.43168711,696350.9264877756,92461.02540094427,131666.54711199237,1117345.5275832803,349904.03196361015,45178.39477414419,50226.0956286154,698094.5702453784,212173.80334733037,37697.61336113978,23658.166225483255,689172.2636189184,284445.01681841194,203054.28324667766,97254.20823806613,3889391.8406866286,541836.9444795881,136998.3656559932,252957.9434389074,703926.0875776116,696350.9264877756,92461.02540094427,131666.54711199237,788833.7591698116,349904.03196361015,45178.39477414419,50226.0956286154,479665.55871808535,212173.80334733037,37697.61336113978,23658.166225483255,561108.8750172392,284445.01681841194,203054.28324667766,80651.34011511855,2536870.9940316402,541836.9444795881,684.4663488061324,838.7024732174647,677.8092053060275,987.7617347047908,568.97862311858,569.3713660369006,346.6532534342412,652.4868764288834,1407.4198069528145,1815.8239931650246,680.1790854471343,1565.8204530988226,1855.087575607791,2616.2877495642574,843.2909999187876,1032.793139454005,492.2505236579754,840.5396298580257,197.38581243965788,564.8362904891486
72133,Santa Isabel,47.354622527370665,123.14968689532992,619.1096756372606,195.2032730731757,41.55845713807278,37.133421912430606,714.4860940782481,74.98550224825424,42.17146232264324,19.155398094635558,637.3695592733682,57.038155410416095,30.989975742656434,10.811872742852557,513.5477585760544,50.560950128280496,199.61506862228583,22.909907154898523,3757.6212162053375,305.2279422164267,3559.985,4898.55763,15547.10766,17118.65,1870.3466,1416.1965,12190.613,3455.075,3344.4417000000003,2251.0539,20309.538,5463.38,3929.348,1163.00667,29305.62855,7706.403,5118.958,971.83465,41620.072380000005,7691.715,236.26153117876558,614.418023779182,3088.860012538459,973.9075453662142,207.34332136620992,185.26594977854867,3564.711734219695,374.11742786338283,210.4017248714522,95.5700508764818,3179.9621655440997,284.5745824515507,154.6150878073391,53.94256089064721,2562.190833734823,252.2585305849766,995.918861602089,114.30203546551681,18747.51174750378,1522.8422725767807,0.0010403090667152413,0.0014564326934013376,0.001040309066715241,0.001040309066715241,0.001040309066715241,0.0014564326934013373,0.001040309066715241,0.001040309066715241,0.001040309066715241,0.0012483708800582894,0.0010403090667152409,0.001040309066715241,0.001040309066715241,0.0012483708800582892,0.0010403090667152409,0.001040309066715241,0.001040309066715241,0.0012483708800582894,0.001040309066715241,0.001040309066715241,49157.00260025909,127836.92817814871,642673.8153715823,202632.96991737155,43140.22742802402,38546.76946164694,741680.3874669916,77839.55044449246,43776.564407259466,19884.478086648178,661628.6945253916,59209.10365621042,32169.495539389598,11223.38703527585,533094.0709978038,52485.36730476302,207212.6842874749,23781.888767756835,3900641.2898557344,316845.32466777344,49157.00260025909,127836.92817814871,468863.01484925026,202632.96991737155,43140.22742802402,38546.76946164694,614235.7719426417,77839.55044449246,43776.564407259466,19884.478086648178,534312.5502643221,59209.10365621042,32169.495539389598,11223.38703527585,423831.66677353106,52485.36730476302,207212.6842874749,23781.888767756835,2749817.423257845,316845.32466777344,1506.7984120133221,797.2678926099522,503.32833462476066,1757.7284498358565,902.0529755557416,764.4127275912288,341.9803313399895,923.5268775721659,1589.5505143996952,2355.396778965142,638.6723156665289,1919.841172368284,2541.3742317931055,2156.0093751530567,1143.7722812895292,3054.9622968663084,513.9934785214698,850.2338965723737,222.00318069165465,505.0894067305443
72135,Toa Alta,165.3117587045421,114.84251955052595,1164.0392741877715,133.88846827687024,263.3975542312086,107.40633014401182,1588.1868320360684,72.90000520664387,101.01020565997513,39.91989317886515,1278.9959844014943,70.25676201230023,147.11404718454025,22.979678578776355,1127.649256634875,39.24664460203921,860.2810348450652,86.97683096674916,11349.459989123723,301.13693047395657,5554.201662399999,7296.06132,14419.178864000001,10567.6723,5691.770574000001,3612.5352099000006,10779.209912999999,4622.763349000001,5681.708016,3563.1590256700006,15350.935329999998,5520.4393,7814.737401,3504.5181089999996,47578.86038500001,5873.6465,10619.59767,2584.0828241,67735.56757,6953.45265,1082.4718435962764,751.996075991681,7622.202733929823,876.7101519437357,1724.7438316653308,703.3034377953437,10399.547748578736,477.3538413274756,661.4212104428364,261.39798344729167,8374.946537600896,460.04571783960995,963.3120784794081,150.47238763502693,7383.918599167291,256.9895092173498,5633.174585384552,569.529786051159,74316.98128749855,1971.8636524076317,0.0027935483390108162,0.004297766675401256,0.0027935483390108167,0.0027935483390108167,0.003438213340321005,0.0036531016740910683,0.002793548339010817,0.0027935483390108167,0.003438213340321005,0.003223325006550942,0.0027935483390108167,0.0025786600052407544,0.0034382133403210056,0.003438213340321005,0.002793548339010817,0.0025786600052407544,0.0034382133403210056,0.0036531016740910683,0.002793548339010817,0.0027935483390108167,232610.5708234118,161595.1837714778,1637922.4451517973,188394.7837504879,370627.32816675666,151131.7038825984,2234741.487654293,102577.77158160019,142131.70183223917,56171.37711384296,1799678.3068784133,98858.45776460624,207004.527445016,32334.760657293933,1586717.9644688352,55224.047432102496,1210503.5004891509,122385.30675695388,15969852.279691499,423730.4946876262,232610.5708234118,160659.89301824235,667345.571343503,188394.7837504879,370627.32816675666,145196.7632647373,741078.592497899,102577.77158160019,142037.22252512956,56171.37711384296,648008.8361570565,98858.45776460624,207004.527445016,32334.760657293933,706427.9924287266,55224.047432102496,967823.9840870462,98087.11315201595,6234990.803113655,369401.2410487325,513.103568952646,970.2259829452505,189.17338422151653,1205.3781145992934,330.00672154915304,513.6524316195967,103.65075649057094,968.4144022271896,859.0150914870069,1363.1164933559926,183.29592029130083,1199.9762384321643,811.2363143349759,2329.0107667462958,644.3578669781873,2285.5588610943423,188.51888058915975,453.72215595900013,91.1441320631175,352.63354246171554
72137,Toa Baja,384.3062232612106,682.2282965443834,1332.563305192654,328.0068880243629,431.3334240714747,324.84326960076277,1391.1527130637148,259.47723040444214,318.3531423160701,188.51005191254757,1384.735330517187,158.99231019873548,442.8230090000806,133.3176669349909,1367.7092639772493,115.67431197056183,2315.1825888767876,530.0727927315291,10974.85008354055,532.868097860709,12516.4988835,19434.427480000002,67957.7719,32446.8416,9174.205637000001,8481.406422,44040.579722,18294.80066,12949.913799999998,12778.150985,68010.40303999999,16905.166100000002,24905.695099999994,14765.993287800002,145976.48955400003,20628.524,18915.712249,7020.688593999999,131293.98151,14476.895400000001,2205.0015720945444,3914.364054899198,7645.736667834693,1881.9776000868108,2474.8255963788383,1863.8259721002823,7981.900197447818,1488.7807335236616,1826.5881133313019,1081.5983079729278,7945.0797200593815,912.2368380198446,2540.7484237931376,764.9255915895621,7847.39068664076,663.6947941711563,13283.628885419868,3041.3541872392034,62969.476482457474,3057.392574939567,0.00712596091748723,0.009069404804074655,0.005398455240520629,0.005398455240520629,0.00755783733672888,0.00755783733672888,0.005398455240520629,0.005398455240520629,0.00755783733672888,0.00798971375597053,0.005398455240520629,0.005398455240520629,0.006910022707866405,0.008637528384833006,0.005398455240520629,0.005398455240520629,0.00798971375597053,0.007773775546349705,0.005398455240520629,0.005398455240520629,476144.0916892009,845260.7658190465,1651006.6872845183,406390.8735092434,534409.4084058374,402471.2434601292,1723597.2380089925,321484.6461150785,394430.1669074425,233558.40215258795,1715646.2900443503,196986.78955216802,548644.6657308239,165176.66274100065,1694551.4950683438,143317.0655879816,2868443.0387850455,656744.5780152341,13597516.012382526,660207.8787404548,476119.0146883764,823437.453353947,1633035.4652747319,406344.22602485225,533932.7281075369,390529.3463854717,1684751.6218811804,317972.6794407435,394430.1669074425,224650.430342396,1674259.4525586239,195077.67417792042,538389.7666827965,163068.81482705276,1646164.7701643424,143317.0655879816,1851624.5750213496,377118.8655616013,9601433.623994181,534902.5808915035,567.6412680110021,496.4900353526384,888.8322322935293,1724.0822419195272,370.7010970964454,455.05355912830163,551.755579906672,1228.8445335196996,708.9673750467014,1181.4137365791657,856.0065529398072,1853.155386346309,980.2503414650456,1930.382961447971,1860.1914366581425,3108.134067220095,142.39868045216107,230.84087422165868,208.50416558025046,473.50463001259016
72139,Trujillo Alto,240.8149751402099,612.524960657127,552.6801918550362,124.46238329454528,511.6634472404216,503.7760247595817,971.9904434715195,182.17596369422228,321.23601082338297,239.34784204057127,466.97059061271295,141.4345492052422,342.604418843472,133.72666888972623,593.4908615958561,124.23186948313739,4043.7014986515032,1332.668294319883,8263.68513071978,619.8138747020771,5378.6976846,10935.1478671,18644.85075,11468.935,5989.4364013,6933.479676,16333.870560000001,9106.7324,7912.3715941,8507.989103999998,22753.8704,10577.532,17450.684905199996,9432.270246,66220.2417,10464.44,12476.124099999999,10547.136955000002,108205.46962999999,14311.28,1487.739808455123,3784.140779083368,3414.423551893384,768.9207956219693,3161.024676923626,3112.2966756686483,6004.895980196343,1125.4716745657843,1984.5759215472808,1478.6759522087923,2884.915012564479,873.773771838865,2116.588605709836,826.1549708173585,3666.549309221316,767.4966957567902,24981.734169774103,8233.141114963099,51052.52830041996,3829.1712327699233,0.00536368236259747,0.005149135068093571,0.003218209417558481,0.002789114828550684,0.00557822965710137,0.0055782296571013695,0.00321820941755848,0.0032182094175584805,0.00536368236259747,0.0055782296571013695,0.00321820941755848,0.00321820941755848,0.00536368236259747,0.0055782296571013695,0.003218209417558481,0.0032182094175584805,0.0055782296571013695,0.00536368236259747,0.0032182094175584805,0.0032182094175584805,319190.55082979525,811877.1661742122,732555.3353491178,164969.87638847876,678189.2922940245,667734.8314581866,1288334.1863284623,241466.90281886142,425785.39470555075,317245.9249943727,618950.71081939,187465.79875649538,454108.35893282475,177249.31382981164,786648.2344585721,164664.33961530126,5359763.4781406345,1766398.1514841456,10953181.824438825,821538.3281829457,311654.5998413833,802285.0110755847,661611.2456625997,164969.87638847876,612898.793758116,612475.742765476,1065878.8446398098,241466.90281886142,424963.92108764645,310697.41959973867,550987.3690274442,187465.79875649538,449817.9611724453,176613.124042336,735237.5224223632,164664.33961530126,2205791.163508786,1207848.1619338957,8220964.470466085,693069.106615257,361.53483653739613,288.9730722372549,546.0614498063944,1491.5625985538522,189.47768567023786,222.77695215255804,272.0092173764171,809.1480759401119,398.6933182143566,575.3788780625717,788.718915493232,1210.5572793446852,824.4722124140699,1141.7071347604626,1806.064397755598,1363.4508210724655,49.94098494209065,128.1058688017796,211.94928680762303,373.74353691797666
72141,Utuado,21.092955523152504,139.47929394091142,912.5474862692196,364.3576376940456,34.46400448862482,58.546432303293656,958.9426077185021,185.18783668848522,38.36487255388587,33.28919047420057,506.4367344074757,102.51524351666626,23.35241233783622,15.373749213075286,464.4593973881741,83.68341424934978,172.7681445692992,43.11933331228041,3711.0234643472736,515.9957890042512,1715.143468,6546.0753,16932.788,17948.43036,1510.879616,1950.9835,11954.896136,6602.030331,2874.67423,2982.82014,18097.760024,8235.10737,3182.1171,1933.767832,27738.79684,6685.4483,4247.4756,2404.1240700000003,39302.99918,8128.374,76.52617591009022,506.03704977338725,3310.7626564658735,1321.905630804276,125.03693316793482,212.40904682287106,3479.0862098674197,671.8696652669944,139.18945510524955,120.77465594316247,1837.3748800663939,371.9298393347973,84.72358520495871,55.776642366976084,1685.0792440446808,303.60712952594173,626.8104727409041,156.43884910103904,13463.757325396722,1872.0555530903353,0.0016945943958530695,0.002330067294297971,0.0016945943958530695,0.0016945943958530695,0.0019064186953347032,0.0023300672942979704,0.0016945943958530695,0.0016945943958530695,0.001906418695334703,0.0023300672942979704,0.0016945943958530695,0.0016945943958530693,0.001906418695334703,0.0016945943958530695,0.0016945943958530697,0.0016945943958530695,0.0019064186953347034,0.002118242994816337,0.0016945943958530695,0.0016945943958530695,16210.103604163127,107190.94358000033,701299.9804558363,280011.7342259428,26485.86077762964,44993.39754681619,736954.9992413783,142318.32118814078,29483.708822899785,25583.006890295714,389200.6468552147,78783.77767341,17946.51408561288,11814.848196822319,356940.73044080543,64311.36752946222,132773.68929609368,33137.5496225406,2851950.9638428744,396546.8561240626,16210.103604163127,107190.94358000033,640061.2554996101,226741.65657606494,26482.180585524446,42872.453984935455,682312.6824431281,116517.84986902348,29464.76435654452,25097.579313945193,347576.56601847964,61935.27135293021,17938.279551648353,11814.848196822319,311261.8863206459,63720.50412712456,132773.68929609368,33137.5496225406,2222135.4463286167,317797.8848631455,2241.2507192507614,1293.5960524889342,511.44674979737675,1357.7694157395931,1208.3466682366281,918.50301537624,343.6217275126268,982.6355723883469,2065.2959865575203,2469.740126110348,984.9791798256236,2214.15613889131,3755.881071725181,3466.985013685467,1646.1419804459056,2202.006359481344,677.6331578230856,1536.7819974482493,291.9170201163879,434.1951277344262
72143,Vega Alta,157.1882214798972,165.07682661906807,877.1201543602009,366.6155529101705,207.56282788968954,144.80507593873838,1306.7037387431874,171.38303743134426,60.00692876115775,62.22088927200684,931.4859524567182,115.90825633786683,78.71306529864907,23.84933649659998,732.167436605614,33.68045652017606,500.22341254583375,84.36620966039551,4023.649537624328,393.2730830483571,5938.80649,9606.9693,23046.406,23794.61,4978.094050000001,5018.88849,20471.62,9570.023,4068.67794,5437.1968,28627.8568,10510.611,6850.559,3588.7187999999996,31335.632,7951.028,5329.112,1875.9784100000002,25646.744,5799.836,846.8736544062667,889.3746242593551,4725.608213408089,1975.1928619849991,1118.2739324798636,780.1577159043032,7040.050202472067,923.3502220857586,323.29576969071644,335.22379337392675,5018.511598122567,624.4720354779331,424.0777116211038,128.4916551881937,3944.655056452583,181.45819722860526,2695.0239999785313,454.53482208043073,21677.977878347505,2118.8140554371976,0.001488546372389797,0.0023391442994696813,0.0014885463723897968,0.001488546372389797,0.0021264948176997096,0.0023391442994696813,0.001488546372389797,0.0014885463723897966,0.00212649481769971,0.0019138453359297388,0.001488546372389797,0.0014885463723897973,0.0021264948176997096,0.002339144299469681,0.0014885463723897973,0.0014885463723897973,0.0023391442994696813,0.002339144299469681,0.0014885463723897966,0.0014885463723897966,180087.24373413413,189125.05294811455,1004898.1376291484,420023.73849685595,237800.3722187105,165900.13398589435,1497063.0271902645,196349.9462187242,68748.67788315477,71285.16593792937,1067183.890597353,132793.65472422147,90179.90560642294,27323.683887535197,838828.8535159372,38586.9916035761,573095.456953069,96656.59436180956,4609810.761651492,450564.71085565066,180087.24373413413,189125.05294811455,731578.0432605348,420023.73849685595,237800.3722187105,165714.19780221305,1092286.027693105,196349.9462187242,68748.67788315477,71285.16593792937,930059.235787648,132793.65472422147,90179.90560642294,27323.683887535197,628356.331760826,38586.9916035761,531492.2523065603,96656.59436180956,2862503.648163399,450564.71085565066,701.262397182922,1080.1937718877914,487.69184746653013,1204.672741480407,445.15873127442677,643.3171636561284,290.78798319948805,1036.4456271405065,1258.5002098519055,1621.9602866718521,570.445165668437,1683.1195638657885,1615.4018030828972,2792.95865147338,794.3820575323016,4381.740875548935,197.73894407034788,412.7249044228436,118.30782439176024,273.73029667783936
72145,Vega Baja,506.7216554371376,206.47916865882965,2727.707546789092,235.56777712619416,453.7925942829081,54.173168458659774,2492.8734558673473,115.13099944137646,160.14473012598475,17.76324264925513,1326.590633804866,116.2021097854408,100.953710600407,38.33179731871358,1163.7734541532232,45.83977099363933,335.35401823890663,81.56149720033108,7556.909507449835,216.12916161784028,13676.715816000002,13225.0566,65372.2485,18118.886,7831.230995999999,2278.1911443299996,41308.3499,5170.4918,9078.126557,3549.7029995,45677.7325,8578.612,6204.1873000000005,3627.8193400000005,71401.764,7402.098,5035.5500999999995,3109.955458,62811.966,7644.321,1527.8112922185364,622.5532343051615,8224.283188092586,710.2580008461221,1368.2254200730158,163.3369673830038,7516.237317034241,347.1303015048711,482.8507415273131,53.55777163803622,3999.7898821394574,350.35979537258794,304.3845025995702,115.57381092000333,3508.881465319656,138.21102572846752,1011.1224781073604,245.91523787436623,22784.76073771782,651.6488295977822,0.0025562473640644294,0.003237913327814944,0.002215414382189171,0.002215414382189172,0.0022154143821891716,0.0027266638550020577,0.002215414382189172,0.0022154143821891716,0.002215414382189172,0.0027266638550020573,0.0022154143821891716,0.0020449978912515437,0.0023858308731268003,0.002385830873126801,0.002215414382189172,0.002044997891251543,0.0027266638550020573,0.0027266638550020573,0.0022154143821891716,0.002215414382189172,260364.23923476678,106093.33761215692,1401553.4813920711,121039.67616457134,233168.17490050613,27835.31282180539,1280890.7886234312,59156.72788058112,82285.72901771659,9127.127504992979,681630.1562020371,59707.086893022024,51872.13882881423,19695.683301275945,597971.2664358601,23553.43801353573,172311.9446272155,41908.0119066417,3882898.971775324,111051.70686366671,258617.32178811295,106093.33761215692,1276970.4597720793,121039.67616457134,233168.17490050613,27835.31282180539,1163533.4771637688,59156.72788058112,82285.72901771659,9127.127504992979,630185.780213546,59707.086893022024,51872.13882881423,19695.683301275945,539023.9618726441,23553.43801353573,144623.66866939672,40164.27493640768,2898860.440688086,104241.31159600691,895.1835796513867,2124.3254184938305,794.8686469679,2551.0287780518042,572.3640915531362,1394.7798718387733,549.5881537213019,1489.495955145663,1880.1103066104502,6627.801887446404,1142.0033013226016,2448.5149589944044,2038.273054972793,3138.963153608447,2034.8867496866376,5355.649421589799,498.015839725534,1264.6452838310174,275.6753372266985,1173.0736944188652
72147,Vieques,44.04408969272475,9.799307285214628,145.51416851224005,4.698135814504174,34.91392289287876,9.323260727945899,221.480554124706,5.660596101131111,37.75670114622292,17.77196623577797,199.0972806215396,5.697707260153394,35.98617574628251,16.615262885726054,190.91657883678567,17.16782479939777,211.86239232887488,59.98066193203603,1425.0476483545349,117.66576470132235,1335.661,735.5803095,3692.147,520.867,1247.571,419.3732,4495.85,448.023,1813.825,1210.0037,8068.93,955.727,3154.291,2318.464446,15971.02,2675.587,2825.95,1482.89182,15324.86,2118.316,220.93154663744608,49.154747654046155,729.920189777052,23.566531152138598,175.13330477978704,46.766829027448125,1110.978606080092,28.39437164526912,189.3930931109866,89.14676213429523,998.7008573886399,28.580526605389817,180.51188072361077,83.34457024179491,957.6652698559059,86.11630100186109,1062.7325104929882,300.87170608889716,7148.245841371721,590.2285542306263,0.00042132639791937586,0.0006319895968790639,0.00042132639791937575,0.00042132639791937575,0.0004213263979193758,0.0006319895968790639,0.00042132639791937586,0.00042132639791937575,0.00042132639791937575,0.0006319895968790637,0.0004213263979193758,0.00042132639791937575,0.00042132639791937575,0.0006319895968790637,0.0004213263979193758,0.00042132639791937586,0.00042132639791937586,0.0006319895968790637,0.00042132639791937575,0.00042132639791937586,46542.14636575588,10355.09638485758,153767.32216369628,4964.6008408926555,36894.142229291945,9852.049808123013,234042.30713260715,5981.64916324265,39898.15485563047,18779.94208810901,210389.51742127395,6020.865162643888,38027.210243465466,17557.633783056925,201744.82928043793,18141.535451627435,223878.630298913,63382.59608114608,1505872.3358936526,124339.43535157538,46542.14636575588,10355.09638485758,153767.32216369628,4964.6008408926555,36894.142229291945,9852.049808123013,234042.30713260715,5981.64916324265,39898.15485563047,18779.94208810901,210389.51742127395,6020.865162643888,38027.210243465466,17557.633783056925,201744.82928043793,18141.535451627435,223878.630298913,63382.59608114608,1505872.3358936526,124339.43535157538,604.5587514905019,1496.4583170623823,505.82886344433564,2210.197999177035,712.3550837852904,896.7321683363732,404.67475929738,1577.8584770149212,957.7038793791054,1357.3164869153504,807.9426327016772,3343.979672578061,1747.4146229907526,2781.78223161244,1667.7037899059515,3106.946035620105,265.91357393301894,492.86516145916926,214.3863031585273,358.8975804061638
72149,Villalba,31.647200861826107,116.30728149334531,480.1785100568535,75.20863544406038,40.39772903436304,65.96521005370587,808.0127575508558,77.30367464018664,26.754268027897666,28.764652323486796,509.2440461844259,38.520241795379555,28.48670775339648,8.762246002253054,463.07529026876557,37.27270247093604,106.40165749912215,22.480677607915666,2641.320820873761,97.89569005746401,1762.0083200000001,4543.3837,7446.3912,5597.155,1043.61289,1884.3021999999999,6827.645,3274.407,1474.79626,2264.7414,8996.5329,4638.448,2206.3044,1151.13594,21516.991280000002,4536.028,2311.907,840.0465499999999,16734.39992,3568.418,147.133373957131,540.7329013587283,2232.433907657018,349.6581050535905,187.8161104668646,306.6838031384923,3756.5926837550564,359.3983088347822,124.38527312051319,133.73190145746847,2367.564670563796,179.08734379839413,132.4396885205644,40.737214750293205,2152.918046398426,173.28731520341705,494.67992227270787,104.51660352953877,12279.962634772837,455.13419139038245,0.0014824395768541479,0.0023295479064850896,0.0012706624944464125,0.0012706624944464125,0.0012706624944464125,0.0023295479064850896,0.0012706624944464125,0.0012706624944464125,0.0012706624944464125,0.0023295479064850896,0.0012706624944464125,0.0012706624944464125,0.0016942166592618833,0.0021177708240773543,0.0012706624944464125,0.0012706624944464123,0.0016942166592618833,0.0019059937416696187,0.0012706624944464125,0.0012706624944464125,31159.476661447483,114514.83621162127,472778.3396317031,74049.57332846684,39775.14790384152,64948.60105037819,795560.2383598904,76112.32526730442,26341.950235951597,28321.351915501447,501395.938343632,37926.595165774954,28047.690829874377,8627.20848523446,455938.70252922026,36698.282032049276,104761.87066459941,22134.22135865174,2600614.658868198,96386.99115665907,31159.476661447483,114511.94529261853,224709.4430594616,74049.57332846684,39775.14790384152,64660.74686059335,421490.8279176833,76112.32526730442,26341.950235951597,28167.96144196438,272188.3974468446,37926.595165774954,28044.367548091588,8627.20848523446,260483.65450198916,36698.282032049276,104683.17312126284,22134.22135865174,1692441.9982241218,96386.99115665907,1197.55856377859,840.2269750155018,333.5548333350272,1600.7508246211394,555.656747126663,614.4120363438583,181.7510061584624,911.0802470429171,1185.6679034431302,1693.493755280425,379.9910098277326,2590.047907138367,1665.8936793387418,2825.7600502540854,999.4338296339401,2617.6341844036797,467.35412049440095,803.7445933292155,136.27402963437083,784.0364594667991
72151,Yabucoa,57.34568906788944,190.3553923953747,696.7977770998343,225.7496466372482,45.061324243724805,51.67113221751607,1003.1138624221844,140.6136786161511,52.41952308247158,24.33067429923848,603.1431712748872,49.91351280286957,39.2381526366315,11.239870078540347,517.1944422849895,27.356108247679693,186.41871628222685,25.177410178408188,2676.207653189696,101.65226294244019,3120.7777,6358.7702,30493.17,24137.4,2587.8957,2249.975998000001,26796.253,9173.01,3012.95337,2692.5576080000005,30282.07,8992.368,2982.0299,1409.8050423999998,32478.5,3983.335,4829.3786,1658.0542408,46023.23,5300.6837000000005,226.97827924247122,753.4400599716729,2757.9747143479617,893.5330129638353,178.35589742620795,204.51798326736292,3970.395370213592,556.5588508747951,207.48016705989326,96.30252378190525,2387.2831834098224,197.5612017414259,155.30737376914809,44.488197993675676,2047.0920561202174,108.2774045923176,737.8584184460232,99.65396407237377,10592.618519195094,402.3468215102131,0.0017633789795966823,0.003085913214294194,0.001763378979596682,0.001763378979596682,0.0017633789795966823,0.0028654908418446093,0.001763378979596682,0.0017633789795966823,0.0017633789795966823,0.0026450684693950237,0.0017633789795966823,0.0017633789795966823,0.0019838013520462675,0.002865490841844608,0.0017633789795966823,0.0017633789795966823,0.0019838013520462675,0.0026450684693950237,0.0017633789795966823,0.0017633789795966823,50031.09080514996,166075.04551751402,607919.3296925449,196954.66657951457,39313.63005105965,45080.33908039673,875163.9670653294,122678.02231763727,45733.27065957797,21227.23076489017,526210.6229961916,43546.90879183625,34233.219785110094,9806.194147772872,451224.8876327179,23866.762402922268,162640.50312577124,21965.963184838354,2334850.1044543954,88686.24094483102,50031.09080514996,166075.04551751402,607919.3296925449,196954.66657951457,39313.63005105965,45080.33908039673,875163.9670653294,122678.02231763727,45733.27065957797,21227.23076489017,526210.6229961916,43546.90879183625,34233.219785110094,9806.194147772872,451224.8876327179,23866.762402922268,162640.50312577124,21965.963184838354,2334850.1044543954,88686.24094483102,1374.9234994711571,843.964973171067,1105.636314987361,2701.343951460351,1450.97287913942,1100.1360183855543,674.9013763472747,1648.165326197208,1452.164518997255,2795.9367026535997,1268.4741471159396,4551.687234505429,1920.0826255890129,3168.941665383736,1586.5676339712527,3678.823864496861,654.5129091528127,1663.8116267967391,434.4839750114705,1317.4414253115826
72153,Yauco,110.11521136363149,127.67571565379666,1154.1445075661984,265.3134707533187,82.36126705618112,33.88881438482761,1074.4273694360384,237.599999473299,52.78283554677522,14.54446788993077,711.0437830730756,65.86279690383445,63.67223946810764,21.005181622447054,562.7058409210832,45.0200168552376,476.45157516692683,60.95090986537304,6118.044530860475,211.38946613943955,4586.70342,5529.78808,24503.467,11369.238,2057.311142,1610.9612770000003,13373.6606,5167.2323,3338.6295729999997,1971.8509400000003,18485.226300000002,6203.979,5252.478609999999,2116.631892,40476.311306999996,5409.385,6149.63055,2261.492546,36588.78039,5008.4991,555.9076783598558,644.5604543921978,5826.604569410192,1339.4134537599896,415.7941504083563,171.08492000097732,5424.159088584775,1199.5042505919284,266.46984737795265,73.42656184866844,3589.646641598441,332.5029672439056,321.4441163973368,106.0429490590641,2840.7746191665983,227.27988930676054,2405.3269818217022,307.7057054841303,30886.44964791989,1067.1825072672661,0.0021073941453120665,0.0033718306324993057,0.002318133559843273,0.002318133559843273,0.0021073941453120665,0.0031610912179680993,0.002318133559843273,0.002318133559843273,0.0021073941453120665,0.0029503518034368925,0.002318133559843273,0.002318133559843273,0.0021073941453120665,0.002950351803436893,0.002318133559843273,0.002318133559843273,0.0025288729743744797,0.0029503518034368925,0.002318133559843273,0.002318133559843273,117151.65867095834,135834.29278858023,1227895.2356623574,282267.2070606016,87624.21582255745,36054.335876124285,1143084.1106524786,252782.82349743682,56155.69962664973,15473.870655027818,756480.0316243678,70071.48064686966,67740.9448940758,22347.428999869742,598663.1800582805,47896.83080722418,506897.19990521995,64845.72022163754,6508992.31575023,224897.41677944877,117151.65867095834,134576.87744137383,1040511.1015289484,282267.2070606016,87624.21582255745,36054.335876124285,1010798.0744237561,252782.82349743682,56155.69962664973,15473.870655027818,668064.35376855,70071.48064686966,67740.9448940758,22347.428999869742,542472.043016412,47896.83080722418,458796.3529053073,64845.72022163754,4489573.395909788,222795.31835166275,825.0836602100122,857.9161259923142,420.5445334087672,848.8221443561267,494.7907852911088,941.6150044029583,246.5573074385866,430.7806577133918,1252.9108286929704,2685.473608397965,514.9594972882534,1865.8416950153435,1634.0254315021944,1996.0137951473534,1424.8336011561025,2380.054397465379,255.66713367770504,734.9530755180082,118.46224090849545,469.3198272922653
