{"type":"FeatureCollection","crs":{"type":"name","properties":{"name":"EPSG:4326"}},"features":[{"type":"Feature","id":3,"geometry":{"type":"Point","coordinates":[-79.0267947168113,35.9292744503141]},"properties":{"OBJECTID":3,"GlobalID":"0179c95d-a9aa-46a9-9257-f5f495b62fa8","CreationDate":"Thu, 14 Jan 2021 21:01:55 GMT","Creator":"epowell2_townofchapelhill","EditDate":"Fri, 15 Jan 2021 15:52:35 GMT","Editor":"dalmond","ResourceType":"0","ParkingType":"Double grid","Capacity":10,"Condition":"Fair","Lighting":"No","WxProtect":"No","LandUse":"Commercial","DistanceBusStop":647,"Notes":null,"Availability":"Public","AccessRating":"Medium","VizRating":"Medium"}},{"type":"Feature","id":4,"geometry":{"type":"Point","coordinates":[-79.0252814337483,35.9281639002282]},"properties":{"OBJECTID":4,"GlobalID":"ab0a224f-25c3-4641-adac-ea064a55ef87","CreationDate":"Thu, 14 Jan 2021 21:01:55 GMT","Creator":"epowell2_townofchapelhill","EditDate":"Fri, 15 Jan 2021 15:52:35 GMT","Editor":"dalmond","ResourceType":"0","ParkingType":"Grid","Capacity":7,"Condition":"Excellent","Lighting":"Yes","WxProtect":"No","LandUse":"Commercial","DistanceBusStop":1042,"Notes":null,"Availability":"Public","AccessRating":"Low","VizRating":"Low"}},{"type":"Feature","id":5,"geometry":{"type":"Point","coordinates":[-79.0256454832037,35.9275581666372]},"properties":{"OBJECTID":5,"GlobalID":"b1e09332-20e9-4372-b55d-2452a8ad4d5b","CreationDate":"Thu, 14 Jan 2021 21:01:55 GMT","Creator":"epowell2_townofchapelhill","EditDate":"Fri, 15 Jan 2021 15:52:35 GMT","Editor":"dalmond","ResourceType":"0","ParkingType":"Inverted U","Capacity":8,"Condition":"Excellent","Lighting":"No","WxProtect":"No","LandUse":"Commercial","DistanceBusStop":1189,"Notes":null,"Availability":"Public","AccessRating":"Medium","VizRating":"Low"}},{"type":"Feature","id":6,"geometry":{"type":"Point","coordinates":[-79.0259034829466,35.9276767831841]},"properties":{"OBJECTID":6,"GlobalID":"854f0b96-30f1-47f4-bdfc-874e0ea8e02b","CreationDate":"Thu, 14 Jan 2021 21:01:55 GMT","Creator":"epowell2_townofchapelhill","EditDate":"Fri, 15 Jan 2021 15:52:35 GMT","Editor":"dalmond","ResourceType":"0","ParkingType":"Other","Capacity":5,"Condition":"Excellent","Lighting":"Yes","WxProtect":"No","LandUse":"Commercial","DistanceBusStop":1120,"Notes":null,"Availability":"Public","AccessRating":"Medium","VizRating":"Low"}},{"type":"Feature","id":7,"geometry":{"type":"Point","coordinates":[-79.0268694835924,35.9283357333603]},"properties":{"OBJECTID":7,"GlobalID":"677c4c6d-ce45-4147-ba78-7666397ea4af","CreationDate":"Thu, 14 Jan 2021 21:01:55 GMT","Creator":"epowell2_townofchapelhill","EditDate":"Fri, 15 Jan 2021 15:52:35 GMT","Editor":"dalmond","ResourceType":"0","ParkingType":"Other","Capacity":2,"Condition":"Fair","Lighting":"No","WxProtect":"No","LandUse":"Commercial","DistanceBusStop":892,"Notes":null,"Availability":"Public","AccessRating":"Medium","VizRating":"Low"}},{"type":"Feature","id":8,"geometry":{"type":"Point","coordinates":[-79.0269178830233,35.9283535164043]},"properties":{"OBJECTID":8,"GlobalID":"f1f28d05-d15c-46ba-ae54-bc174976fcaf","CreationDate":"Thu, 14 Jan 2021 21:01:55 GMT","Creator":"epowell2_townofchapelhill","EditDate":"Fri, 15 Jan 2021 15:52:35 GMT","Editor":"dalmond","ResourceType":"0","ParkingType":"Grid","Capacity":9,"Condition":"Excellent","Lighting":"No","WxProtect":"No","LandUse":"Commercial","DistanceBusStop":908,"Notes":null,"Availability":"Public","AccessRating":"Medium","VizRating":"Low"}},{"type":"Feature","id":9,"geometry":{"type":"Point","coordinates":[-79.0272382833391,35.9288277163394]},"properties":{"OBJECTID":9,"GlobalID":"efc01742-997f-4d79-bb31-7691c4dcd0a0","CreationDate":"Thu, 14 Jan 2021 21:01:55 GMT","Creator":"epowell2_townofchapelhill","EditDate":"Fri, 15 Jan 2021 15:52:35 GMT","Editor":"dalmond","ResourceType":"0","ParkingType":"Inverted U","Capacity":6,"Condition":"Excellent","Lighting":"No","WxProtect":"No","LandUse":"Commercial","DistanceBusStop":793,"Notes":null,"Availability":"Public","AccessRating":"Low","VizRating":"Medium"}},{"type":"Feature","id":10,"geometry":{"type":"Point","coordinates":[-79.0287892830676,35.9281308167154]},"properties":{"OBJECTID":10,"GlobalID":"6d094526-0739-425b-aca9-f0d34f9a85a3","CreationDate":"Thu, 14 Jan 2021 21:01:55 GMT","Creator":"epowell2_townofchapelhill","EditDate":"Fri, 15 Jan 2021 15:52:35 GMT","Editor":"dalmond","ResourceType":"0","ParkingType":"Inverted U","Capacity":6,"Condition":"Excellent","Lighting":"No","WxProtect":"No","LandUse":"Commercial","DistanceBusStop":281,"Notes":null,"Availability":"Public","AccessRating":"Medium","VizRating":"Medium"}},{"type":"Feature","id":11,"geometry":{"type":"Point","coordinates":[-79.0300028836602,35.9276584667903]},"properties":{"OBJECTID":11,"GlobalID":"1263bf7b-c4d4-4e3d-a95b-1e8fa4999c60","CreationDate":"Thu, 14 Jan 2021 21:01:55 GMT","Creator":"epowell2_townofchapelhill","EditDate":"Fri, 15 Jan 2021 15:52:35 GMT","Editor":"dalmond","ResourceType":"0","ParkingType":"Simple grid","Capacity":5,"Condition":"Fair","Lighting":"Yes","WxProtect":"Yes","LandUse":"Commercial","DistanceBusStop":120,"Notes":"Adjacent building (former Wells Fargo) currently vacant","Availability":"Public","AccessRating":"Low","VizRating":"Very low"}},{"type":"Feature","id":12,"geometry":{"type":"Point","coordinates":[-79.0277601497219,35.9275683163187]},"properties":{"OBJECTID":12,"GlobalID":"03b3478e-11c3-447f-b407-2d0c826acd6b","CreationDate":"Thu, 14 Jan 2021 21:01:55 GMT","Creator":"epowell2_townofchapelhill","EditDate":"Fri, 15 Jan 2021 15:52:35 GMT","Editor":"dalmond","ResourceType":"0","ParkingType":"Inverted U","Capacity":6,"Condition":"Excellent","Lighting":"No","WxProtect":"No","LandUse":"Commercial","DistanceBusStop":172,"Notes":null,"Availability":"Public","AccessRating":"High","VizRating":"Low"}},{"type":"Feature","id":13,"geometry":{"type":"Point","coordinates":[-79.0277400831551,35.9270872834144]},"properties":{"OBJECTID":13,"GlobalID":"a239b2e1-9e91-4b6a-81c3-63963fcf630a","CreationDate":"Thu, 14 Jan 2021 21:01:55 GMT","Creator":"epowell2_townofchapelhill","EditDate":"Fri, 15 Jan 2021 15:52:35 GMT","Editor":"dalmond","ResourceType":"0","ParkingType":"Other","Capacity":5,"Condition":"Excellent","Lighting":"Yes","WxProtect":"No","LandUse":"Commercial","DistanceBusStop":358,"Notes":null,"Availability":"Public","AccessRating":"High","VizRating":"Medium"}},{"type":"Feature","id":14,"geometry":{"type":"Point","coordinates":[-79.0268429329859,35.92694730006]},"properties":{"OBJECTID":14,"GlobalID":"e59ca981-d53f-4dfe-875e-c04d96695fc9","CreationDate":"Thu, 14 Jan 2021 21:01:55 GMT","Creator":"epowell2_townofchapelhill","EditDate":"Fri, 15 Jan 2021 15:52:35 GMT","Editor":"dalmond","ResourceType":"0","ParkingType":"Inverted U","Capacity":6,"Condition":"Excellent","Lighting":"No","WxProtect":"No","LandUse":"Commercial","DistanceBusStop":675,"Notes":null,"Availability":"Public","AccessRating":"High","VizRating":"Very low"}},{"type":"Feature","id":15,"geometry":{"type":"Point","coordinates":[-79.0258330667064,35.926793033442]},"properties":{"OBJECTID":15,"GlobalID":"842a7a80-c1d2-4fc8-a178-a8fc4897455e","CreationDate":"Thu, 14 Jan 2021 21:01:55 GMT","Creator":"epowell2_townofchapelhill","EditDate":"Fri, 15 Jan 2021 15:52:35 GMT","Editor":"dalmond","ResourceType":"0","ParkingType":"Inverted U","Capacity":6,"Condition":"Excellent","Lighting":"Yes","WxProtect":"No","LandUse":"Commercial","DistanceBusStop":670,"Notes":"Adjacent building (former Southern Season) currently vacant","Availability":"Public","AccessRating":"Low","VizRating":"Low"}},{"type":"Feature","id":16,"geometry":{"type":"Point","coordinates":[-79.0253679163574,35.9272533169674]},"properties":{"OBJECTID":16,"GlobalID":"a9550331-1681-4393-a86a-f31f9e6d4b2a","CreationDate":"Thu, 14 Jan 2021 21:01:55 GMT","Creator":"epowell2_townofchapelhill","EditDate":"Fri, 15 Jan 2021 15:52:35 GMT","Editor":"dalmond","ResourceType":"0","ParkingType":"Inverted U","Capacity":2,"Condition":"Excellent","Lighting":"Yes","WxProtect":"No","LandUse":"Commercial","DistanceBusStop":884,"Notes":"Adjacent building (former Southern Season) currently vacant","Availability":"Public","AccessRating":"Low","VizRating":"Very low"}},{"type":"Feature","id":17,"geometry":{"type":"Point","coordinates":[-79.0250735833545,35.9292312330748]},"properties":{"OBJECTID":17,"GlobalID":"6664ba7e-60c2-4363-9741-9a4cae98b1a5","CreationDate":"Thu, 14 Jan 2021 21:01:55 GMT","Creator":"epowell2_townofchapelhill","EditDate":"Fri, 15 Jan 2021 15:52:35 GMT","Editor":"dalmond","ResourceType":"0","ParkingType":"Wave","Capacity":7,"Condition":"Fair","Lighting":"No","WxProtect":"No","LandUse":"Institutional","DistanceBusStop":896,"Notes":null,"Availability":"Public","AccessRating":"High","VizRating":"Medium"}},{"type":"Feature","id":18,"geometry":{"type":"Point","coordinates":[-79.029828182897,35.9287231165025]},"properties":{"OBJECTID":18,"GlobalID":"5c82dc1b-f3f1-4408-9670-2e38d896acfa","CreationDate":"Thu, 14 Jan 2021 21:01:55 GMT","Creator":"epowell2_townofchapelhill","EditDate":"Fri, 15 Jan 2021 15:52:35 GMT","Editor":"dalmond","ResourceType":"0","ParkingType":"Double grid","Capacity":4,"Condition":"Fair","Lighting":"Yes","WxProtect":"No","LandUse":"Commercial","DistanceBusStop":316,"Notes":"Locked up when I took the photo (June 8, 2020)","Availability":"Public","AccessRating":"Medium","VizRating":"Low"}},{"type":"Feature","id":19,"geometry":{"type":"Point","coordinates":[-79.0585721331002,35.9208553497806]},"properties":{"OBJECTID":19,"GlobalID":"cae6a5e2-e747-4738-a76f-599f37f0776e","CreationDate":"Thu, 14 Jan 2021 21:01:55 GMT","Creator":"epowell2_townofchapelhill","EditDate":"Fri, 15 Jan 2021 15:52:35 GMT","Editor":"dalmond","ResourceType":"0","ParkingType":"Wave","Capacity":5,"Condition":"Excellent","Lighting":"No","WxProtect":"Yes","LandUse":"Mid residential","DistanceBusStop":645,"Notes":null,"Availability":"Public","AccessRating":"Medium","VizRating":"High"}},{"type":"Feature","id":20,"geometry":{"type":"Point","coordinates":[-79.0588602003539,35.9207281336199]},"properties":{"OBJECTID":20,"GlobalID":"b83b05f5-6a13-4963-8503-ffdc2138eead","CreationDate":"Thu, 14 Jan 2021 21:01:55 GMT","Creator":"epowell2_townofchapelhill","EditDate":"Fri, 15 Jan 2021 15:52:35 GMT","Editor":"dalmond","ResourceType":"0","ParkingType":"Wave","Capacity":5,"Condition":"Excellent","Lighting":"No","WxProtect":"Yes","LandUse":"Mid residential","DistanceBusStop":550,"Notes":null,"Availability":"Public","AccessRating":"Medium","VizRating":"High"}},{"type":"Feature","id":21,"geometry":{"type":"Point","coordinates":[-79.0569793832705,35.9207297500853]},"properties":{"OBJECTID":21,"GlobalID":"876f6a65-c868-48d8-8bc8-1958aabf154f","CreationDate":"Thu, 14 Jan 2021 21:01:55 GMT","Creator":"epowell2_townofchapelhill","EditDate":"Fri, 15 Jan 2021 15:52:35 GMT","Editor":"dalmond","ResourceType":"0","ParkingType":"Grid","Capacity":7,"Condition":"Fair","Lighting":"No","WxProtect":"No","LandUse":"Mid residential","DistanceBusStop":493,"Notes":null,"Availability":"Public","AccessRating":"Very high","VizRating":"Medium"}},{"type":"Feature","id":24,"geometry":{"type":"Point","coordinates":[-79.057519466589,35.9165460168429]},"properties":{"OBJECTID":24,"GlobalID":"9bc2bd20-8028-4e48-b4ed-74361a77029c","CreationDate":"Thu, 14 Jan 2021 21:01:55 GMT","Creator":"epowell2_townofchapelhill","EditDate":"Fri, 15 Jan 2021 15:52:35 GMT","Editor":"dalmond","ResourceType":"0","ParkingType":"Inverted U","Capacity":2,"Condition":"Excellent","Lighting":"Yes","WxProtect":"Yes","LandUse":"Institutional","DistanceBusStop":1,"Notes":null,"Availability":"Public","AccessRating":"Medium","VizRating":"Low"}},{"type":"Feature","id":25,"geometry":{"type":"Point","coordinates":[-79.0575365669187,35.9165636832246]},"properties":{"OBJECTID":25,"GlobalID":"2385d7a8-8800-4fdc-98b3-9fed033558f2","CreationDate":"Thu, 14 Jan 2021 21:01:55 GMT","Creator":"epowell2_townofchapelhill","EditDate":"Fri, 15 Jan 2021 15:52:35 GMT","Editor":"dalmond","ResourceType":"0","ParkingType":"Inverted U","Capacity":2,"Condition":"Excellent","Lighting":"Yes","WxProtect":"Yes","LandUse":"Institutional","DistanceBusStop":8,"Notes":null,"Availability":"Public","AccessRating":"Medium","VizRating":"Very low"}},{"type":"Feature","id":27,"geometry":{"type":"Point","coordinates":[-79.0572215169688,35.916271133604]},"properties":{"OBJECTID":27,"GlobalID":"f86b473c-28b2-4949-85a6-2cfec7086f00","CreationDate":"Thu, 14 Jan 2021 21:01:55 GMT","Creator":"epowell2_townofchapelhill","EditDate":"Fri, 15 Jan 2021 15:52:35 GMT","Editor":"dalmond","ResourceType":"0","ParkingType":"Toast","Capacity":6,"Condition":"Excellent","Lighting":"No","WxProtect":"Yes","LandUse":"Institutional","DistanceBusStop":158,"Notes":null,"Availability":"Public","AccessRating":"Medium","VizRating":"Medium"}},{"type":"Feature","id":28,"geometry":{"type":"Point","coordinates":[-79.0572337421415,35.9165735003853]},"properties":{"OBJECTID":28,"GlobalID":"4b7ae1ec-a252-41a0-b796-8ca1fe5e8def","CreationDate":"Thu, 14 Jan 2021 21:01:55 GMT","Creator":"epowell2_townofchapelhill","EditDate":"Fri, 15 Jan 2021 15:52:35 GMT","Editor":"dalmond","ResourceType":"0","ParkingType":"Toast","Capacity":4,"Condition":"Excellent","Lighting":"Yes","WxProtect":"No","LandUse":"Institutional","DistanceBusStop":60,"Notes":null,"Availability":"Public","AccessRating":"Medium","VizRating":"High"}},{"type":"Feature","id":29,"geometry":{"type":"Point","coordinates":[-79.0573624716201,35.91597320212]},"properties":{"OBJECTID":29,"GlobalID":"d2ce23e4-9a0b-4b1e-99ec-0cda9ee3f677","CreationDate":"Thu, 14 Jan 2021 21:01:55 GMT","Creator":"epowell2_townofchapelhill","EditDate":"Fri, 15 Jan 2021 15:52:35 GMT","Editor":"dalmond","ResourceType":"0","ParkingType":"Double grid","Capacity":6,"Condition":"Excellent","Lighting":"No","WxProtect":"Yes","LandUse":"Institutional","DistanceBusStop":198,"Notes":null,"Availability":"Public","AccessRating":"Medium","VizRating":"Medium"}},{"type":"Feature","id":30,"geometry":{"type":"Point","coordinates":[-79.055963014985,35.9181993957097]},"properties":{"OBJECTID":30,"GlobalID":"9259572b-9e99-4257-9f40-3294fa0248bd","CreationDate":"Thu, 14 Jan 2021 21:01:55 GMT","Creator":"epowell2_townofchapelhill","EditDate":"Fri, 15 Jan 2021 15:52:35 GMT","Editor":"dalmond","ResourceType":"0","ParkingType":"Wave","Capacity":7,"Condition":"Excellent","Lighting":"No","WxProtect":"No","LandUse":"High residential","DistanceBusStop":18,"Notes":null,"Availability":"Public","AccessRating":"Medium","VizRating":"Very low"}},{"type":"Feature","id":31,"geometry":{"type":"Point","coordinates":[-79.055584660757,35.918247889752]},"properties":{"OBJECTID":31,"GlobalID":"b2226aec-ba2d-4186-a02a-2c6bdc2b732d","CreationDate":"Thu, 14 Jan 2021 21:01:55 GMT","Creator":"epowell2_townofchapelhill","EditDate":"Fri, 15 Jan 2021 15:52:35 GMT","Editor":"dalmond","ResourceType":"0","ParkingType":"Inverted U","Capacity":8,"Condition":"Excellent","Lighting":"Yes","WxProtect":"No","LandUse":"High residential","DistanceBusStop":1495,"Notes":null,"Availability":"Public","AccessRating":"Medium","VizRating":"Low"}},{"type":"Feature","id":32,"geometry":{"type":"Point","coordinates":[-79.0555367104838,35.9182947375795]},"properties":{"OBJECTID":32,"GlobalID":"3d4d7a59-36f7-4c36-aef6-3dba8a8b60d3","CreationDate":"Thu, 14 Jan 2021 21:01:55 GMT","Creator":"epowell2_townofchapelhill","EditDate":"Fri, 15 Jan 2021 15:52:35 GMT","Editor":"dalmond","ResourceType":"0","ParkingType":"Grid","Capacity":9,"Condition":"Excellent","Lighting":"No","WxProtect":"Yes","LandUse":"High residential","DistanceBusStop":1495,"Notes":null,"Availability":"Public","AccessRating":"Medium","VizRating":"Very low"}},{"type":"Feature","id":33,"geometry":{"type":"Point","coordinates":[-79.0594251652091,35.9179004166014]},"properties":{"OBJECTID":33,"GlobalID":"791f7c00-45f8-46a1-ae51-da55495c1924","CreationDate":"Thu, 14 Jan 2021 21:01:55 GMT","Creator":"epowell2_townofchapelhill","EditDate":"Fri, 15 Jan 2021 15:52:35 GMT","Editor":"dalmond","ResourceType":"0","ParkingType":"Simple grid","Capacity":3,"Condition":"Fair","Lighting":"No","WxProtect":"No","LandUse":"Low residential","DistanceBusStop":27,"Notes":"Tree blocking three spaces","Availability":"Public","AccessRating":"Medium","VizRating":"Medium"}},{"type":"Feature","id":42,"geometry":{"type":"Point","coordinates":[-79.0628940662726,35.9171717665112]},"properties":{"OBJECTID":42,"GlobalID":"d8730e09-72ea-4473-99b8-55006befa016","CreationDate":"Thu, 14 Jan 2021 21:01:55 GMT","Creator":"epowell2_townofchapelhill","EditDate":"Fri, 15 Jan 2021 15:52:35 GMT","Editor":"dalmond","ResourceType":"0","ParkingType":"Toast","Capacity":20,"Condition":"Excellent","Lighting":"No","WxProtect":"No","LandUse":"Institutional","DistanceBusStop":54,"Notes":null,"Availability":"Public","AccessRating":"Medium","VizRating":"High"}},{"type":"Feature","id":43,"geometry":{"type":"Point","coordinates":[-79.0629382669779,35.9172665165381]},"properties":{"OBJECTID":43,"GlobalID":"0e05ce29-640f-4d46-ba36-73d038e65f72","CreationDate":"Thu, 14 Jan 2021 21:01:55 GMT","Creator":"epowell2_townofchapelhill","EditDate":"Fri, 15 Jan 2021 15:52:35 GMT","Editor":"dalmond","ResourceType":"0","ParkingType":"Toast","Capacity":12,"Condition":"Excellent","Lighting":"Yes","WxProtect":"No","LandUse":"Institutional","DistanceBusStop":51,"Notes":null,"Availability":"Public","AccessRating":"Medium","VizRating":"High"}},{"type":"Feature","id":44,"geometry":{"type":"Point","coordinates":[-79.0629940873913,35.9175460283835]},"properties":{"OBJECTID":44,"GlobalID":"851c0bfe-8c13-4732-8321-e4e9c4e98bac","CreationDate":"Thu, 14 Jan 2021 21:01:55 GMT","Creator":"epowell2_townofchapelhill","EditDate":"Fri, 15 Jan 2021 15:52:35 GMT","Editor":"dalmond","ResourceType":"0","ParkingType":"Toast","Capacity":12,"Condition":"Excellent","Lighting":"Yes","WxProtect":"No","LandUse":"Institutional","DistanceBusStop":61,"Notes":null,"Availability":"Public","AccessRating":"High","VizRating":"High"}},{"type":"Feature","id":45,"geometry":{"type":"Point","coordinates":[-79.0629022660945,35.9175761160685]},"properties":{"OBJECTID":45,"GlobalID":"c0f0974c-30da-4b14-9c56-b673e26eb644","CreationDate":"Thu, 14 Jan 2021 21:01:55 GMT","Creator":"epowell2_townofchapelhill","EditDate":"Fri, 15 Jan 2021 15:52:35 GMT","Editor":"dalmond","ResourceType":"0","ParkingType":"Toast","Capacity":12,"Condition":"Excellent","Lighting":"Yes","WxProtect":"No","LandUse":"Institutional","DistanceBusStop":50,"Notes":null,"Availability":"Public","AccessRating":"High","VizRating":"Medium"}},{"type":"Feature","id":46,"geometry":{"type":"Point","coordinates":[-79.0632099336895,35.9178400668645]},"properties":{"OBJECTID":46,"GlobalID":"46147a8d-7f33-43bd-b542-b8e0c9123335","CreationDate":"Thu, 14 Jan 2021 21:01:55 GMT","Creator":"epowell2_townofchapelhill","EditDate":"Fri, 15 Jan 2021 15:52:35 GMT","Editor":"dalmond","ResourceType":"0","ParkingType":"Toast","Capacity":26,"Condition":"Excellent","Lighting":"No","WxProtect":"No","LandUse":"Institutional","DistanceBusStop":1047,"Notes":null,"Availability":"Public","AccessRating":"High","VizRating":"Very high"}},{"type":"Feature","id":53,"geometry":{"type":"Point","coordinates":[-79.0641076497973,35.9130010669027]},"properties":{"OBJECTID":53,"GlobalID":"40a26aa0-4d17-4b7e-a81f-9fc15d69e210","CreationDate":"Thu, 14 Jan 2021 21:01:55 GMT","Creator":"epowell2_townofchapelhill","EditDate":"Fri, 15 Jan 2021 15:52:35 GMT","Editor":"dalmond","ResourceType":"0","ParkingType":"Wave","Capacity":5,"Condition":"Fair","Lighting":"No","WxProtect":"No","LandUse":"Institutional","DistanceBusStop":747,"Notes":null,"Availability":"Public","AccessRating":"High","VizRating":"High"}},{"type":"Feature","id":54,"geometry":{"type":"Point","coordinates":[-79.0636845477901,35.9129729724292]},"properties":{"OBJECTID":54,"GlobalID":"9b5c3539-d4cd-46b4-af2c-c841d19927ef","CreationDate":"Thu, 14 Jan 2021 21:01:55 GMT","Creator":"epowell2_townofchapelhill","EditDate":"Fri, 15 Jan 2021 15:52:35 GMT","Editor":"dalmond","ResourceType":"0","ParkingType":"Simple grid","Capacity":8,"Condition":"Excellent","Lighting":"Yes","WxProtect":"Yes","LandUse":"Institutional","DistanceBusStop":747,"Notes":null,"Availability":"Public","AccessRating":"High","VizRating":"Medium"}},{"type":"Feature","id":55,"geometry":{"type":"Point","coordinates":[-79.0597639666152,35.9137767832772]},"properties":{"OBJECTID":55,"GlobalID":"13fe3ccb-88cd-4043-8073-5296c66e6f40","CreationDate":"Thu, 14 Jan 2021 21:01:55 GMT","Creator":"epowell2_townofchapelhill","EditDate":"Fri, 15 Jan 2021 15:52:35 GMT","Editor":"dalmond","ResourceType":"0","ParkingType":"Wave","Capacity":3,"Condition":"Excellent","Lighting":"No","WxProtect":"Yes","LandUse":"High residential","DistanceBusStop":991,"Notes":null,"Availability":"Public","AccessRating":"Very high","VizRating":"Medium"}},{"type":"Feature","id":56,"geometry":{"type":"Point","coordinates":[-79.0594289336418,35.9138501329867]},"properties":{"OBJECTID":56,"GlobalID":"7f2baa0d-5824-49a7-82e0-293856be81a8","CreationDate":"Thu, 14 Jan 2021 21:01:55 GMT","Creator":"epowell2_townofchapelhill","EditDate":"Fri, 15 Jan 2021 15:52:35 GMT","Editor":"dalmond","ResourceType":"0","ParkingType":"Post and loop","Capacity":2,"Condition":"Excellent","Lighting":"No","WxProtect":"Yes","LandUse":"High residential","DistanceBusStop":536,"Notes":null,"Availability":"Public","AccessRating":"Very high","VizRating":"Very low"}},{"type":"Feature","id":57,"geometry":{"type":"Point","coordinates":[-79.0592908167685,35.913536483163]},"properties":{"OBJECTID":57,"GlobalID":"9f72466d-94d6-4824-84ca-8ee693652a12","CreationDate":"Thu, 14 Jan 2021 21:01:55 GMT","Creator":"epowell2_townofchapelhill","EditDate":"Fri, 15 Jan 2021 15:52:35 GMT","Editor":"dalmond","ResourceType":"0","ParkingType":"Post and loop","Capacity":2,"Condition":"Excellent","Lighting":"No","WxProtect":"Yes","LandUse":"High residential","DistanceBusStop":417,"Notes":null,"Availability":"Public","AccessRating":"Very high","VizRating":"Medium"}},{"type":"Feature","id":58,"geometry":{"type":"Point","coordinates":[-79.0593678670671,35.9134873830944]},"properties":{"OBJECTID":58,"GlobalID":"ebfe7904-96da-4088-811d-30c06c05617e","CreationDate":"Thu, 14 Jan 2021 21:01:55 GMT","Creator":"epowell2_townofchapelhill","EditDate":"Fri, 15 Jan 2021 15:52:35 GMT","Editor":"dalmond","ResourceType":"0","ParkingType":"Post and loop","Capacity":2,"Condition":"Excellent","Lighting":"No","WxProtect":"Yes","LandUse":"High residential","DistanceBusStop":416,"Notes":null,"Availability":"Public","AccessRating":"Very high","VizRating":"Medium"}},{"type":"Feature","id":59,"geometry":{"type":"Point","coordinates":[-79.0595038836792,35.9136972166121]},"properties":{"OBJECTID":59,"GlobalID":"919538e3-9b13-451b-b74d-e39c3147c451","CreationDate":"Thu, 14 Jan 2021 21:01:55 GMT","Creator":"epowell2_townofchapelhill","EditDate":"Fri, 15 Jan 2021 15:52:35 GMT","Editor":"dalmond","ResourceType":"0","ParkingType":"Post and loop","Capacity":2,"Condition":"Excellent","Lighting":"No","WxProtect":"Yes","LandUse":"High residential","DistanceBusStop":503,"Notes":null,"Availability":"Public","AccessRating":"Very high","VizRating":"Low"}},{"type":"Feature","id":61,"geometry":{"type":"Point","coordinates":[-79.056062572573,35.9141982365195]},"properties":{"OBJECTID":61,"GlobalID":"9f92f2e9-7b09-4088-89d4-b937976e392c","CreationDate":"Thu, 14 Jan 2021 21:01:55 GMT","Creator":"epowell2_townofchapelhill","EditDate":"Fri, 15 Jan 2021 15:52:35 GMT","Editor":"dalmond","ResourceType":"0","ParkingType":"Inverted U","Capacity":2,"Condition":"Excellent","Lighting":"No","WxProtect":"No","LandUse":"Town center","DistanceBusStop":219,"Notes":null,"Availability":"Public","AccessRating":"Medium","VizRating":"High"}},{"type":"Feature","id":63,"geometry":{"type":"Point","coordinates":[-79.0558774181148,35.9142740914915]},"properties":{"OBJECTID":63,"GlobalID":"6da54283-255c-4ff9-9dc5-35e1b67c4459","CreationDate":"Thu, 14 Jan 2021 21:01:55 GMT","Creator":"epowell2_townofchapelhill","EditDate":"Fri, 15 Jan 2021 15:52:35 GMT","Editor":"dalmond","ResourceType":"0","ParkingType":"Inverted U","Capacity":2,"Condition":"Excellent","Lighting":"No","WxProtect":"No","LandUse":"Town center","DistanceBusStop":280,"Notes":null,"Availability":"Public","AccessRating":"Medium","VizRating":"High"}},{"type":"Feature","id":64,"geometry":{"type":"Point","coordinates":[-79.0549346164612,35.914528116576]},"properties":{"OBJECTID":64,"GlobalID":"40c97b3e-06d8-48b0-9ed6-0c12de8da024","CreationDate":"Thu, 14 Jan 2021 21:01:55 GMT","Creator":"epowell2_townofchapelhill","EditDate":"Fri, 15 Jan 2021 15:52:35 GMT","Editor":"dalmond","ResourceType":"0","ParkingType":"Inverted U","Capacity":2,"Condition":"Fair","Lighting":"No","WxProtect":"No","LandUse":"Town center","DistanceBusStop":577,"Notes":null,"Availability":"Public","AccessRating":"Medium","VizRating":"Low"}},{"type":"Feature","id":65,"geometry":{"type":"Point","coordinates":[-79.0545762353753,35.9142516875743]},"properties":{"OBJECTID":65,"GlobalID":"6da218e0-1d63-45ad-9f82-e62064ddea8d","CreationDate":"Thu, 14 Jan 2021 21:01:55 GMT","Creator":"epowell2_townofchapelhill","EditDate":"Fri, 15 Jan 2021 15:52:35 GMT","Editor":"dalmond","ResourceType":"0","ParkingType":"Inverted U","Capacity":8,"Condition":"Excellent","Lighting":"No","WxProtect":"No","LandUse":"Town center","DistanceBusStop":746,"Notes":null,"Availability":"Public","AccessRating":"Medium","VizRating":"Medium"}},{"type":"Feature","id":66,"geometry":{"type":"Point","coordinates":[-79.0542776003405,35.9149180002343]},"properties":{"OBJECTID":66,"GlobalID":"17d4eaef-b5a3-44cf-9ebf-7c8e49563530","CreationDate":"Thu, 14 Jan 2021 21:01:55 GMT","Creator":"epowell2_townofchapelhill","EditDate":"Fri, 15 Jan 2021 15:52:35 GMT","Editor":"dalmond","ResourceType":"0","ParkingType":"Inverted U","Capacity":4,"Condition":"Excellent","Lighting":"No","WxProtect":"No","LandUse":"Town center","DistanceBusStop":687,"Notes":null,"Availability":"Public","AccessRating":"Medium","VizRating":"Medium"}},{"type":"Feature","id":71,"geometry":{"type":"Point","coordinates":[-79.0531108379068,35.9149602940508]},"properties":{"OBJECTID":71,"GlobalID":"41dae95a-1fd6-4a83-a492-22e43ea6c019","CreationDate":"Thu, 14 Jan 2021 21:01:55 GMT","Creator":"epowell2_townofchapelhill","EditDate":"Fri, 15 Jan 2021 15:52:35 GMT","Editor":"dalmond","ResourceType":"0","ParkingType":"Other","Capacity":6,"Condition":"Excellent","Lighting":"No","WxProtect":"No","LandUse":"Town center","DistanceBusStop":291,"Notes":null,"Availability":"Public","AccessRating":"High","VizRating":"Low"}},{"type":"Feature","id":72,"geometry":{"type":"Point","coordinates":[-79.0531845455742,35.9142268223763]},"properties":{"OBJECTID":72,"GlobalID":"e3972f87-de50-4362-84cd-3d5f09349336","CreationDate":"Thu, 14 Jan 2021 21:01:55 GMT","Creator":"epowell2_townofchapelhill","EditDate":"Fri, 15 Jan 2021 15:52:35 GMT","Editor":"dalmond","ResourceType":"0","ParkingType":"Inverted U","Capacity":2,"Condition":"Excellent","Lighting":"No","WxProtect":"No","LandUse":"Town center","DistanceBusStop":164,"Notes":null,"Availability":"Public","AccessRating":"Very high","VizRating":"High"}},{"type":"Feature","id":73,"geometry":{"type":"Point","coordinates":[-79.0534512329241,35.9141398330453]},"properties":{"OBJECTID":73,"GlobalID":"70eaa3cb-6857-4935-acb9-1ffec55b9202","CreationDate":"Thu, 14 Jan 2021 21:01:55 GMT","Creator":"epowell2_townofchapelhill","EditDate":"Fri, 15 Jan 2021 15:52:35 GMT","Editor":"dalmond","ResourceType":"0","ParkingType":"Inverted U","Capacity":2,"Condition":"Excellent","Lighting":"No","WxProtect":"No","LandUse":"Town center","DistanceBusStop":220,"Notes":null,"Availability":"Public","AccessRating":"Very high","VizRating":"Medium"}},{"type":"Feature","id":74,"geometry":{"type":"Point","coordinates":[-79.0535751492294,35.9140932353722]},"properties":{"OBJECTID":74,"GlobalID":"ade5720d-2b5c-4af2-9d54-29105141885e","CreationDate":"Thu, 14 Jan 2021 21:01:55 GMT","Creator":"epowell2_townofchapelhill","EditDate":"Fri, 15 Jan 2021 15:52:35 GMT","Editor":"dalmond","ResourceType":"0","ParkingType":"Inverted U","Capacity":2,"Condition":"Excellent","Lighting":"No","WxProtect":"No","LandUse":"Town center","DistanceBusStop":250,"Notes":null,"Availability":"Public","AccessRating":"Very high","VizRating":"Medium"}},{"type":"Feature","id":75,"geometry":{"type":"Point","coordinates":[-79.0535128564543,35.9141083478981]},"properties":{"OBJECTID":75,"GlobalID":"14ac74da-6be8-40e4-9c8c-0b680d4b40ec","CreationDate":"Thu, 14 Jan 2021 21:01:55 GMT","Creator":"epowell2_townofchapelhill","EditDate":"Fri, 15 Jan 2021 15:52:35 GMT","Editor":"dalmond","ResourceType":"0","ParkingType":"Inverted U","Capacity":2,"Condition":"Fair","Lighting":"No","WxProtect":"No","LandUse":"Town center","DistanceBusStop":241,"Notes":null,"Availability":"Public","AccessRating":"Very high","VizRating":"Medium"}},{"type":"Feature","id":76,"geometry":{"type":"Point","coordinates":[-79.0536901776032,35.9140428573549]},"properties":{"OBJECTID":76,"GlobalID":"21d80acc-828c-42c6-a3e1-0aee6d9598c8","CreationDate":"Thu, 14 Jan 2021 21:01:55 GMT","Creator":"epowell2_townofchapelhill","EditDate":"Fri, 15 Jan 2021 15:52:35 GMT","Editor":"dalmond","ResourceType":"0","ParkingType":"Inverted U","Capacity":2,"Condition":"Excellent","Lighting":"No","WxProtect":"No","LandUse":"Town center","DistanceBusStop":212,"Notes":null,"Availability":"Public","AccessRating":"Very high","VizRating":"Medium"}},{"type":"Feature","id":77,"geometry":{"type":"Point","coordinates":[-79.053962149742,35.9139453497106]},"properties":{"OBJECTID":77,"GlobalID":"9d825164-e188-443f-ae59-afbc348c9763","CreationDate":"Thu, 14 Jan 2021 21:01:55 GMT","Creator":"epowell2_townofchapelhill","EditDate":"Fri, 15 Jan 2021 15:52:35 GMT","Editor":"dalmond","ResourceType":"0","ParkingType":"Inverted U","Capacity":2,"Condition":"Excellent","Lighting":"No","WxProtect":"No","LandUse":"Town center","DistanceBusStop":123,"Notes":null,"Availability":"Public","AccessRating":"Very high","VizRating":"Medium"}},{"type":"Feature","id":78,"geometry":{"type":"Point","coordinates":[-79.0542644373267,35.9138239791792]},"properties":{"OBJECTID":78,"GlobalID":"da54e75c-f0a8-4e45-bb91-5a5decce1d53","CreationDate":"Thu, 14 Jan 2021 21:01:55 GMT","Creator":"epowell2_townofchapelhill","EditDate":"Fri, 15 Jan 2021 15:52:35 GMT","Editor":"dalmond","ResourceType":"0","ParkingType":"Inverted U","Capacity":2,"Condition":"Excellent","Lighting":"No","WxProtect":"No","LandUse":"Town center","DistanceBusStop":51,"Notes":null,"Availability":"Public","AccessRating":"Very high","VizRating":"Medium"}},{"type":"Feature","id":79,"geometry":{"type":"Point","coordinates":[-79.0546395666028,35.9137049329735]},"properties":{"OBJECTID":79,"GlobalID":"429e03ea-3734-4e6e-9f19-c1e1707a367d","CreationDate":"Thu, 14 Jan 2021 21:01:55 GMT","Creator":"epowell2_townofchapelhill","EditDate":"Fri, 15 Jan 2021 15:52:35 GMT","Editor":"dalmond","ResourceType":"0","ParkingType":"Inverted U","Capacity":8,"Condition":"Excellent","Lighting":"No","WxProtect":"No","LandUse":"Town center","DistanceBusStop":78,"Notes":null,"Availability":"Public","AccessRating":"Very high","VizRating":"High"}},{"type":"Feature","id":80,"geometry":{"type":"Point","coordinates":[-79.0549638997428,35.9135961835728]},"properties":{"OBJECTID":80,"GlobalID":"c1a7771b-60dd-4acf-8032-e85531f9d51a","CreationDate":"Thu, 14 Jan 2021 21:01:55 GMT","Creator":"epowell2_townofchapelhill","EditDate":"Fri, 15 Jan 2021 15:52:35 GMT","Editor":"dalmond","ResourceType":"0","ParkingType":"Inverted U","Capacity":2,"Condition":"Excellent","Lighting":"No","WxProtect":"No","LandUse":"Town center","DistanceBusStop":26,"Notes":null,"Availability":"Public","AccessRating":"Very high","VizRating":"High"}},{"type":"Feature","id":81,"geometry":{"type":"Point","coordinates":[-79.0550583162725,35.9135617669181]},"properties":{"OBJECTID":81,"GlobalID":"a0f2203f-93b3-4a37-88ac-8031f05ec687","CreationDate":"Thu, 14 Jan 2021 21:01:55 GMT","Creator":"epowell2_townofchapelhill","EditDate":"Fri, 15 Jan 2021 15:52:35 GMT","Editor":"dalmond","ResourceType":"0","ParkingType":"Inverted U","Capacity":2,"Condition":"Excellent","Lighting":"No","WxProtect":"No","LandUse":"Town center","DistanceBusStop":57,"Notes":null,"Availability":"Public","AccessRating":"Very high","VizRating":"Medium"}},{"type":"Feature","id":82,"geometry":{"type":"Point","coordinates":[-79.0549882890028,35.9135864548035]},"properties":{"OBJECTID":82,"GlobalID":"dc927efe-606c-475c-90ca-1a821e6a489b","CreationDate":"Thu, 14 Jan 2021 21:01:55 GMT","Creator":"epowell2_townofchapelhill","EditDate":"Fri, 15 Jan 2021 15:52:35 GMT","Editor":"dalmond","ResourceType":"0","ParkingType":"Inverted U","Capacity":2,"Condition":"Excellent","Lighting":"No","WxProtect":"No","LandUse":"Town center","DistanceBusStop":34,"Notes":null,"Availability":"Public","AccessRating":"Very high","VizRating":"Medium"}},{"type":"Feature","id":83,"geometry":{"type":"Point","coordinates":[-79.055222530103,35.9134915774129]},"properties":{"OBJECTID":83,"GlobalID":"4e6b3447-0746-4fee-b744-9c024795c52d","CreationDate":"Thu, 14 Jan 2021 21:01:55 GMT","Creator":"epowell2_townofchapelhill","EditDate":"Fri, 15 Jan 2021 15:52:35 GMT","Editor":"dalmond","ResourceType":"0","ParkingType":"Inverted U","Capacity":4,"Condition":"Excellent","Lighting":"No","WxProtect":"No","LandUse":"Town center","DistanceBusStop":175,"Notes":null,"Availability":"Public","AccessRating":"Very high","VizRating":"High"}},{"type":"Feature","id":84,"geometry":{"type":"Point","coordinates":[-79.055771649575,35.9133852831994]},"properties":{"OBJECTID":84,"GlobalID":"f25c7d01-033d-4b2b-8927-7a7dac91243f","CreationDate":"Thu, 14 Jan 2021 21:01:55 GMT","Creator":"epowell2_townofchapelhill","EditDate":"Fri, 15 Jan 2021 15:52:35 GMT","Editor":"dalmond","ResourceType":"0","ParkingType":"Inverted U","Capacity":4,"Condition":"Excellent","Lighting":"No","WxProtect":"No","LandUse":"Town center","DistanceBusStop":49,"Notes":null,"Availability":"Public","AccessRating":"Very high","VizRating":"Medium"}},{"type":"Feature","id":85,"geometry":{"type":"Point","coordinates":[-79.0558993998898,35.913576703479]},"properties":{"OBJECTID":85,"GlobalID":"8e6262e7-ba0d-4eca-86e5-b6a1b7d797ed","CreationDate":"Thu, 14 Jan 2021 21:01:55 GMT","Creator":"epowell2_townofchapelhill","EditDate":"Fri, 15 Jan 2021 15:52:35 GMT","Editor":"dalmond","ResourceType":"0","ParkingType":"Inverted U","Capacity":4,"Condition":"Excellent","Lighting":"No","WxProtect":"No","LandUse":"Town center","DistanceBusStop":31,"Notes":null,"Availability":"Public","AccessRating":"High","VizRating":"Medium"}},{"type":"Feature","id":87,"geometry":{"type":"Point","coordinates":[-79.0553845933668,35.9133932127632]},"properties":{"OBJECTID":87,"GlobalID":"3d4fca0b-0381-474b-b219-b8fc87f7f799","CreationDate":"Thu, 14 Jan 2021 21:01:55 GMT","Creator":"epowell2_townofchapelhill","EditDate":"Fri, 15 Jan 2021 15:52:35 GMT","Editor":"dalmond","ResourceType":"0","ParkingType":"Inverted U","Capacity":2,"Condition":"Excellent","Lighting":"No","WxProtect":"No","LandUse":"Town center","DistanceBusStop":168,"Notes":null,"Availability":"Public","AccessRating":"Very high","VizRating":"Medium"}},{"type":"Feature","id":88,"geometry":{"type":"Point","coordinates":[-79.0554309841647,35.9133853253973]},"properties":{"OBJECTID":88,"GlobalID":"9c126bb8-4935-4918-83de-7ce5dbb3bde2","CreationDate":"Thu, 14 Jan 2021 21:01:55 GMT","Creator":"epowell2_townofchapelhill","EditDate":"Fri, 15 Jan 2021 15:52:35 GMT","Editor":"dalmond","ResourceType":"0","ParkingType":"Inverted U","Capacity":2,"Condition":"Excellent","Lighting":"No","WxProtect":"No","LandUse":"Town center","DistanceBusStop":182,"Notes":null,"Availability":"Public","AccessRating":"Very high","VizRating":"Medium"}},{"type":"Feature","id":89,"geometry":{"type":"Point","coordinates":[-79.0554256832062,35.9131982997929]},"properties":{"OBJECTID":89,"GlobalID":"398a8be6-7dce-4457-9a3c-a1669168104a","CreationDate":"Thu, 14 Jan 2021 21:01:55 GMT","Creator":"epowell2_townofchapelhill","EditDate":"Fri, 15 Jan 2021 15:52:35 GMT","Editor":"dalmond","ResourceType":"0","ParkingType":"Inverted U","Capacity":2,"Condition":"Excellent","Lighting":"No","WxProtect":"No","LandUse":"Town center","DistanceBusStop":200,"Notes":null,"Availability":"Public","AccessRating":"High","VizRating":"High"}},{"type":"Feature","id":90,"geometry":{"type":"Point","coordinates":[-79.0552872662957,35.9132539996556]},"properties":{"OBJECTID":90,"GlobalID":"1ea26357-d014-4a1d-ad3a-87f2130053c1","CreationDate":"Thu, 14 Jan 2021 21:01:55 GMT","Creator":"epowell2_townofchapelhill","EditDate":"Fri, 15 Jan 2021 15:52:35 GMT","Editor":"dalmond","ResourceType":"0","ParkingType":"Inverted U","Capacity":2,"Condition":"Excellent","Lighting":"No","WxProtect":"No","LandUse":"Town center","DistanceBusStop":155,"Notes":null,"Availability":"Public","AccessRating":"High","VizRating":"High"}},{"type":"Feature","id":91,"geometry":{"type":"Point","coordinates":[-79.0552872662957,35.9132539996556]},"properties":{"OBJECTID":91,"GlobalID":"b0c3ac62-9b6a-4021-afd5-a9d8877c36de","CreationDate":"Thu, 14 Jan 2021 21:01:55 GMT","Creator":"epowell2_townofchapelhill","EditDate":"Fri, 15 Jan 2021 15:52:35 GMT","Editor":"dalmond","ResourceType":"0","ParkingType":"Inverted U","Capacity":2,"Condition":"Excellent","Lighting":"No","WxProtect":"No","LandUse":"Town center","DistanceBusStop":155,"Notes":null,"Availability":"Public","AccessRating":"High","VizRating":"High"}},{"type":"Feature","id":92,"geometry":{"type":"Point","coordinates":[-79.0547303665151,35.9134637166569]},"properties":{"OBJECTID":92,"GlobalID":"06919e5e-32e3-4c99-a08d-364b5ac3dcba","CreationDate":"Thu, 14 Jan 2021 21:01:55 GMT","Creator":"epowell2_townofchapelhill","EditDate":"Fri, 15 Jan 2021 15:52:35 GMT","Editor":"dalmond","ResourceType":"0","ParkingType":"Inverted U","Capacity":2,"Condition":"Excellent","Lighting":"No","WxProtect":"No","LandUse":"Town center","DistanceBusStop":26,"Notes":null,"Availability":"Public","AccessRating":"Very high","VizRating":"High"}},{"type":"Feature","id":93,"geometry":{"type":"Point","coordinates":[-79.0545811168205,35.9135232163183]},"properties":{"OBJECTID":93,"GlobalID":"9925b8d9-b31c-4b4b-9a15-4e8b454ce07d","CreationDate":"Thu, 14 Jan 2021 21:01:55 GMT","Creator":"epowell2_townofchapelhill","EditDate":"Fri, 15 Jan 2021 15:52:35 GMT","Editor":"dalmond","ResourceType":"0","ParkingType":"Inverted U","Capacity":4,"Condition":"Excellent","Lighting":"No","WxProtect":"No","LandUse":"Town center","DistanceBusStop":75,"Notes":null,"Availability":"Public","AccessRating":"Very high","VizRating":"High"}},{"type":"Feature","id":94,"geometry":{"type":"Point","coordinates":[-79.0541502003686,35.9136456502578]},"properties":{"OBJECTID":94,"GlobalID":"ff95f210-a2aa-4e96-a3be-674c56672b09","CreationDate":"Thu, 14 Jan 2021 21:01:55 GMT","Creator":"epowell2_townofchapelhill","EditDate":"Fri, 15 Jan 2021 15:52:35 GMT","Editor":"dalmond","ResourceType":"2","ParkingType":null,"Capacity":null,"Condition":"Excellent","Lighting":"No","WxProtect":"No","LandUse":"Town center","DistanceBusStop":4,"Notes":null,"Availability":"Public","AccessRating":null,"VizRating":null}},{"type":"Feature","id":95,"geometry":{"type":"Point","coordinates":[-79.0571316001005,35.9125672169838]},"properties":{"OBJECTID":95,"GlobalID":"ae3cb1d7-1da4-4ce2-aaac-b5d4af0df0ec","CreationDate":"Thu, 14 Jan 2021 21:01:55 GMT","Creator":"epowell2_townofchapelhill","EditDate":"Fri, 15 Jan 2021 15:52:35 GMT","Editor":"dalmond","ResourceType":"0","ParkingType":"Inverted U","Capacity":4,"Condition":"Excellent","Lighting":"No","WxProtect":"No","LandUse":"Town center","DistanceBusStop":185,"Notes":null,"Availability":"Public","AccessRating":"High","VizRating":"High"}},{"type":"Feature","id":96,"geometry":{"type":"Point","coordinates":[-79.0573781831544,35.9124443164655]},"properties":{"OBJECTID":96,"GlobalID":"4c935a51-2338-473a-bbe7-3b57b5e31d00","CreationDate":"Thu, 14 Jan 2021 21:01:55 GMT","Creator":"epowell2_townofchapelhill","EditDate":"Fri, 15 Jan 2021 15:52:35 GMT","Editor":"dalmond","ResourceType":"0","ParkingType":"Inverted U","Capacity":4,"Condition":"Excellent","Lighting":"No","WxProtect":"No","LandUse":"Town center","DistanceBusStop":260,"Notes":null,"Availability":"Public","AccessRating":"High","VizRating":"Very high"}},{"type":"Feature","id":97,"geometry":{"type":"Point","coordinates":[-79.0575489322286,35.9123881074691]},"properties":{"OBJECTID":97,"GlobalID":"bf9b5712-64c6-442c-8466-71192c8f01d0","CreationDate":"Thu, 14 Jan 2021 21:01:55 GMT","Creator":"epowell2_townofchapelhill","EditDate":"Fri, 15 Jan 2021 15:52:35 GMT","Editor":"dalmond","ResourceType":"0","ParkingType":"Inverted U","Capacity":4,"Condition":"Excellent","Lighting":"No","WxProtect":"No","LandUse":"Town center","DistanceBusStop":206,"Notes":null,"Availability":"Public","AccessRating":"Very high","VizRating":"Super high"}},{"type":"Feature","id":98,"geometry":{"type":"Point","coordinates":[-79.057732833537,35.912318783446]},"properties":{"OBJECTID":98,"GlobalID":"50bdec93-2e58-4f9e-b4e6-a989dd04943b","CreationDate":"Thu, 14 Jan 2021 21:01:55 GMT","Creator":"epowell2_townofchapelhill","EditDate":"Fri, 15 Jan 2021 15:52:35 GMT","Editor":"dalmond","ResourceType":"0","ParkingType":"Inverted U","Capacity":4,"Condition":"Excellent","Lighting":"No","WxProtect":"No","LandUse":"Town center","DistanceBusStop":145,"Notes":null,"Availability":"Public","AccessRating":"Very high","VizRating":"Super high"}},{"type":"Feature","id":99,"geometry":{"type":"Point","coordinates":[-79.0576555694394,35.9119040617933]},"properties":{"OBJECTID":99,"GlobalID":"807af3eb-2458-4d91-a0bf-bd6aa4976905","CreationDate":"Thu, 14 Jan 2021 21:01:55 GMT","Creator":"epowell2_townofchapelhill","EditDate":"Fri, 15 Jan 2021 15:52:35 GMT","Editor":"dalmond","ResourceType":"0","ParkingType":"Inverted U","Capacity":4,"Condition":"Excellent","Lighting":"No","WxProtect":"No","LandUse":"Town center","DistanceBusStop":215,"Notes":null,"Availability":"Public","AccessRating":"High","VizRating":"Super high"}},{"type":"Feature","id":100,"geometry":{"type":"Point","coordinates":[-79.0574984496046,35.9119580855349]},"properties":{"OBJECTID":100,"GlobalID":"6029adfc-913e-405b-85c3-274c1f03e425","CreationDate":"Thu, 14 Jan 2021 21:01:55 GMT","Creator":"epowell2_townofchapelhill","EditDate":"Fri, 15 Jan 2021 15:52:35 GMT","Editor":"dalmond","ResourceType":"0","ParkingType":"Inverted U","Capacity":4,"Condition":"Excellent","Lighting":"No","WxProtect":"No","LandUse":"Town center","DistanceBusStop":334,"Notes":null,"Availability":"Public","AccessRating":"High","VizRating":"Very high"}},{"type":"Feature","id":101,"geometry":{"type":"Point","coordinates":[-79.0573229250863,35.9120251376973]},"properties":{"OBJECTID":101,"GlobalID":"f373235e-8706-493d-8350-368a67cbe201","CreationDate":"Thu, 14 Jan 2021 21:01:55 GMT","Creator":"epowell2_townofchapelhill","EditDate":"Fri, 15 Jan 2021 15:52:35 GMT","Editor":"dalmond","ResourceType":"0","ParkingType":"Inverted U","Capacity":4,"Condition":"Excellent","Lighting":"No","WxProtect":"No","LandUse":"Town center","DistanceBusStop":345,"Notes":null,"Availability":"Public","AccessRating":"Medium","VizRating":"Very high"}},{"type":"Feature","id":102,"geometry":{"type":"Point","coordinates":[-79.0571216323941,35.9118298095552]},"properties":{"OBJECTID":102,"GlobalID":"e1b33d88-215d-4c32-b4b1-81a6c2279ec6","CreationDate":"Thu, 14 Jan 2021 21:01:55 GMT","Creator":"epowell2_townofchapelhill","EditDate":"Fri, 15 Jan 2021 15:52:35 GMT","Editor":"dalmond","ResourceType":"1","ParkingType":null,"Capacity":40,"Condition":"Excellent","Lighting":"Yes","WxProtect":"Yes","LandUse":"Town center","DistanceBusStop":496,"Notes":null,"Availability":"Public","AccessRating":"Medium","VizRating":"None"}},{"type":"Feature","id":103,"geometry":{"type":"Point","coordinates":[-79.057018211152,35.9118683304225]},"properties":{"OBJECTID":103,"GlobalID":"8759f5d7-3056-4ab9-9a53-54cfe7f57a8a","CreationDate":"Thu, 14 Jan 2021 21:01:55 GMT","Creator":"epowell2_townofchapelhill","EditDate":"Fri, 15 Jan 2021 15:52:35 GMT","Editor":"dalmond","ResourceType":"0","ParkingType":"Inverted U","Capacity":32,"Condition":"Excellent","Lighting":"Yes","WxProtect":"Yes","LandUse":"Town center","DistanceBusStop":530,"Notes":null,"Availability":"Public","AccessRating":"Medium","VizRating":"None"}},{"type":"Feature","id":104,"geometry":{"type":"Point","coordinates":[-79.0573927789811,35.9125955516952]},"properties":{"OBJECTID":104,"GlobalID":"bfd8ba80-7267-4788-8c55-37875201567b","CreationDate":"Thu, 14 Jan 2021 21:01:55 GMT","Creator":"epowell2_townofchapelhill","EditDate":"Fri, 15 Jan 2021 15:52:35 GMT","Editor":"dalmond","ResourceType":"0","ParkingType":"Inverted U","Capacity":6,"Condition":"Excellent","Lighting":"No","WxProtect":"No","LandUse":"Town center","DistanceBusStop":257,"Notes":null,"Availability":"Public","AccessRating":"High","VizRating":"Super high"}},{"type":"Feature","id":105,"geometry":{"type":"Point","coordinates":[-79.0574699406707,35.9125721301777]},"properties":{"OBJECTID":105,"GlobalID":"0a0cf847-dcfa-45b6-a3fa-b50a9cebf4b2","CreationDate":"Thu, 14 Jan 2021 21:01:55 GMT","Creator":"epowell2_townofchapelhill","EditDate":"Fri, 15 Jan 2021 15:52:35 GMT","Editor":"dalmond","ResourceType":"0","ParkingType":"Inverted U","Capacity":6,"Condition":"Excellent","Lighting":"No","WxProtect":"No","LandUse":"Town center","DistanceBusStop":248,"Notes":null,"Availability":"Public","AccessRating":"High","VizRating":"Super high"}},{"type":"Feature","id":106,"geometry":{"type":"Point","coordinates":[-79.0585027669906,35.913156400095]},"properties":{"OBJECTID":106,"GlobalID":"daa2bcfa-5ad2-4b20-9b84-48bd0d48dddc","CreationDate":"Thu, 14 Jan 2021 21:01:55 GMT","Creator":"epowell2_townofchapelhill","EditDate":"Fri, 15 Jan 2021 15:52:35 GMT","Editor":"dalmond","ResourceType":"0","ParkingType":"Inverted U","Capacity":10,"Condition":"Excellent","Lighting":"No","WxProtect":"No","LandUse":"Town center","DistanceBusStop":147,"Notes":null,"Availability":"Public","AccessRating":"High","VizRating":"Super high"}},{"type":"Feature","id":107,"geometry":{"type":"Point","coordinates":[-79.0584249683954,35.9133183122203]},"properties":{"OBJECTID":107,"GlobalID":"3b9bcd3b-7e3d-49ec-af45-9232cc9d19af","CreationDate":"Thu, 14 Jan 2021 21:01:55 GMT","Creator":"epowell2_townofchapelhill","EditDate":"Fri, 15 Jan 2021 15:52:35 GMT","Editor":"dalmond","ResourceType":"0","ParkingType":"Inverted U","Capacity":2,"Condition":"Excellent","Lighting":"No","WxProtect":"No","LandUse":"Town center","DistanceBusStop":107,"Notes":null,"Availability":"Public","AccessRating":"Medium","VizRating":"Super high"}},{"type":"Feature","id":108,"geometry":{"type":"Point","coordinates":[-79.0585192995851,35.9132787603921]},"properties":{"OBJECTID":108,"GlobalID":"8b0d5a4c-882f-4e27-ad7a-15dc2cdcd653","CreationDate":"Thu, 14 Jan 2021 21:01:55 GMT","Creator":"epowell2_townofchapelhill","EditDate":"Fri, 15 Jan 2021 15:52:35 GMT","Editor":"dalmond","ResourceType":"0","ParkingType":"Inverted U","Capacity":2,"Condition":"Excellent","Lighting":"No","WxProtect":"No","LandUse":"Town center","DistanceBusStop":139,"Notes":null,"Availability":"Public","AccessRating":"Medium","VizRating":"Super high"}},{"type":"Feature","id":109,"geometry":{"type":"Point","coordinates":[-79.0586103061099,35.9132495455888]},"properties":{"OBJECTID":109,"GlobalID":"998071a1-ab33-48d0-b1bf-87447b87df7c","CreationDate":"Thu, 14 Jan 2021 21:01:55 GMT","Creator":"epowell2_townofchapelhill","EditDate":"Fri, 15 Jan 2021 15:52:35 GMT","Editor":"dalmond","ResourceType":"0","ParkingType":"Inverted U","Capacity":2,"Condition":"Excellent","Lighting":"No","WxProtect":"No","LandUse":"Town center","DistanceBusStop":168,"Notes":null,"Availability":"Public","AccessRating":"High","VizRating":"Very high"}},{"type":"Feature","id":110,"geometry":{"type":"Point","coordinates":[-79.0587550786011,35.9134248778997]},"properties":{"OBJECTID":110,"GlobalID":"0d759a9a-9026-43c1-a6ff-9c29cdd7bf3d","CreationDate":"Thu, 14 Jan 2021 21:01:55 GMT","Creator":"epowell2_townofchapelhill","EditDate":"Fri, 15 Jan 2021 15:52:35 GMT","Editor":"dalmond","ResourceType":"0","ParkingType":"Inverted U","Capacity":2,"Condition":"Excellent","Lighting":"No","WxProtect":"No","LandUse":"Town center","DistanceBusStop":291,"Notes":null,"Availability":"Public","AccessRating":"High","VizRating":"High"}},{"type":"Feature","id":111,"geometry":{"type":"Point","coordinates":[-79.0601679165406,35.912552966319]},"properties":{"OBJECTID":111,"GlobalID":"d914afa4-72cf-4ed1-bf48-5aa6b01c69d4","CreationDate":"Thu, 14 Jan 2021 21:01:55 GMT","Creator":"epowell2_townofchapelhill","EditDate":"Fri, 15 Jan 2021 15:52:35 GMT","Editor":"dalmond","ResourceType":"0","ParkingType":"Inverted U","Capacity":2,"Condition":"Excellent","Lighting":"No","WxProtect":"No","LandUse":"Town center","DistanceBusStop":72,"Notes":null,"Availability":"Public","AccessRating":"High","VizRating":"High"}},{"type":"Feature","id":113,"geometry":{"type":"Point","coordinates":[-79.0606739213704,35.9123491364957]},"properties":{"OBJECTID":113,"GlobalID":"762e4c9c-662d-4ca0-9f10-64860146a182","CreationDate":"Thu, 14 Jan 2021 21:01:55 GMT","Creator":"epowell2_townofchapelhill","EditDate":"Fri, 15 Jan 2021 15:52:35 GMT","Editor":"dalmond","ResourceType":"0","ParkingType":"Inverted U","Capacity":2,"Condition":"Excellent","Lighting":"No","WxProtect":"No","LandUse":"Town center","DistanceBusStop":14,"Notes":null,"Availability":"Public","AccessRating":"Medium","VizRating":"Very high"}},{"type":"Feature","id":115,"geometry":{"type":"Point","coordinates":[-79.0611489334247,35.9120807001492]},"properties":{"OBJECTID":115,"GlobalID":"1acb8fa8-d7d3-4b22-8a04-f4708f2023bd","CreationDate":"Thu, 14 Jan 2021 21:01:55 GMT","Creator":"epowell2_townofchapelhill","EditDate":"Fri, 15 Jan 2021 15:52:35 GMT","Editor":"dalmond","ResourceType":"0","ParkingType":"Inverted U","Capacity":4,"Condition":"Excellent","Lighting":"No","WxProtect":"No","LandUse":"Town center","DistanceBusStop":178,"Notes":null,"Availability":"Public","AccessRating":"Medium","VizRating":"Medium"}},{"type":"Feature","id":118,"geometry":{"type":"Point","coordinates":[-79.0620701332907,35.9117943830003]},"properties":{"OBJECTID":118,"GlobalID":"529ad0b3-28d6-42fd-91ef-b8a2dbf3e591","CreationDate":"Thu, 14 Jan 2021 21:01:55 GMT","Creator":"epowell2_townofchapelhill","EditDate":"Fri, 15 Jan 2021 15:52:35 GMT","Editor":"dalmond","ResourceType":"0","ParkingType":"Inverted U","Capacity":2,"Condition":"Excellent","Lighting":"No","WxProtect":"No","LandUse":"Town center","DistanceBusStop":215,"Notes":null,"Availability":"Public","AccessRating":"High","VizRating":"Very high"}},{"type":"Feature","id":119,"geometry":{"type":"Point","coordinates":[-79.0625519680495,35.9116232145734]},"properties":{"OBJECTID":119,"GlobalID":"e978b0b3-337a-4ce2-b9fa-7816726faaaf","CreationDate":"Thu, 14 Jan 2021 21:01:55 GMT","Creator":"epowell2_townofchapelhill","EditDate":"Fri, 15 Jan 2021 15:52:35 GMT","Editor":"dalmond","ResourceType":"0","ParkingType":"Inverted U","Capacity":4,"Condition":"Excellent","Lighting":"No","WxProtect":"No","LandUse":"Town center","DistanceBusStop":59,"Notes":null,"Availability":"Public","AccessRating":"High","VizRating":"Very high"}},{"type":"Feature","id":120,"geometry":{"type":"Point","coordinates":[-79.0588241186222,35.9131567682363]},"properties":{"OBJECTID":120,"GlobalID":"0ef7983a-5937-4b0e-b291-d3b4165db5ea","CreationDate":"Thu, 14 Jan 2021 21:01:55 GMT","Creator":"epowell2_townofchapelhill","EditDate":"Fri, 15 Jan 2021 15:52:35 GMT","Editor":"dalmond","ResourceType":"0","ParkingType":"Inverted U","Capacity":2,"Condition":"Excellent","Lighting":"No","WxProtect":"No","LandUse":"Town center","DistanceBusStop":239,"Notes":null,"Availability":"Public","AccessRating":"High","VizRating":"Very high"}},{"type":"Feature","id":121,"geometry":{"type":"Point","coordinates":[-79.0598256242813,35.9127670665173]},"properties":{"OBJECTID":121,"GlobalID":"8d9bfed6-2616-4f4b-90af-1231e3b742e5","CreationDate":"Thu, 14 Jan 2021 21:01:55 GMT","Creator":"epowell2_townofchapelhill","EditDate":"Fri, 15 Jan 2021 15:52:35 GMT","Editor":"dalmond","ResourceType":"0","ParkingType":"Inverted U","Capacity":4,"Condition":"Excellent","Lighting":"No","WxProtect":"No","LandUse":"Town center","DistanceBusStop":193,"Notes":null,"Availability":"Public","AccessRating":"High","VizRating":"Very high"}},{"type":"Feature","id":124,"geometry":{"type":"Point","coordinates":[-79.0610088330713,35.9125988831785]},"properties":{"OBJECTID":124,"GlobalID":"cbd780d2-d994-44b0-a13f-0946df1eeda3","CreationDate":"Thu, 14 Jan 2021 21:01:55 GMT","Creator":"epowell2_townofchapelhill","EditDate":"Fri, 15 Jan 2021 15:52:35 GMT","Editor":"dalmond","ResourceType":"0","ParkingType":"Double grid","Capacity":5,"Condition":"Fair","Lighting":"No","WxProtect":"Yes","LandUse":"Commercial","DistanceBusStop":150,"Notes":null,"Availability":"Public","AccessRating":"Medium","VizRating":"High"}},{"type":"Feature","id":125,"geometry":{"type":"Point","coordinates":[-79.0624926477997,35.9120691020872]},"properties":{"OBJECTID":125,"GlobalID":"fba1a901-48b4-41cb-930b-9b1792909fba","CreationDate":"Thu, 14 Jan 2021 21:01:55 GMT","Creator":"epowell2_townofchapelhill","EditDate":"Fri, 15 Jan 2021 15:52:35 GMT","Editor":"dalmond","ResourceType":"0","ParkingType":"Inverted U","Capacity":2,"Condition":"Excellent","Lighting":"No","WxProtect":"No","LandUse":"Town center","DistanceBusStop":11,"Notes":null,"Availability":"Public","AccessRating":"Very high","VizRating":"Very high"}},{"type":"Feature","id":126,"geometry":{"type":"Point","coordinates":[-79.0625123370741,35.9120049703976]},"properties":{"OBJECTID":126,"GlobalID":"c005e37b-e76d-498a-80b5-abdb16d941ce","CreationDate":"Thu, 14 Jan 2021 21:01:55 GMT","Creator":"epowell2_townofchapelhill","EditDate":"Fri, 15 Jan 2021 15:52:35 GMT","Editor":"dalmond","ResourceType":"0","ParkingType":"Wave","Capacity":3,"Condition":"Excellent","Lighting":"No","WxProtect":"Yes","LandUse":"Town center","DistanceBusStop":7,"Notes":null,"Availability":"Public","AccessRating":"Very high","VizRating":"Super high"}},{"type":"Feature","id":127,"geometry":{"type":"Point","coordinates":[-79.0625090618166,35.9119359188749]},"properties":{"OBJECTID":127,"GlobalID":"dba1c646-ca43-4883-a8fa-5e8c8bd56e51","CreationDate":"Thu, 14 Jan 2021 21:01:55 GMT","Creator":"epowell2_townofchapelhill","EditDate":"Fri, 15 Jan 2021 15:52:35 GMT","Editor":"dalmond","ResourceType":"0","ParkingType":"Wave","Capacity":3,"Condition":"Excellent","Lighting":"No","WxProtect":"Yes","LandUse":"Town center","DistanceBusStop":32,"Notes":null,"Availability":"Public","AccessRating":"Very high","VizRating":"Very high"}},{"type":"Feature","id":129,"geometry":{"type":"Point","coordinates":[-79.0627371799998,35.9116465927179]},"properties":{"OBJECTID":129,"GlobalID":"5276a17e-9b33-4374-8572-d124b83742d9","CreationDate":"Thu, 14 Jan 2021 21:01:55 GMT","Creator":"epowell2_townofchapelhill","EditDate":"Fri, 15 Jan 2021 15:52:35 GMT","Editor":"dalmond","ResourceType":"0","ParkingType":"Inverted U","Capacity":2,"Condition":"Excellent","Lighting":"No","WxProtect":"No","LandUse":"Town center","DistanceBusStop":9,"Notes":null,"Availability":"Public","AccessRating":"High","VizRating":"Very high"}},{"type":"Feature","id":130,"geometry":{"type":"Point","coordinates":[-79.0629101667775,35.9115879836414]},"properties":{"OBJECTID":130,"GlobalID":"f047b191-f435-43b0-8977-8356a6331a76","CreationDate":"Thu, 14 Jan 2021 21:01:55 GMT","Creator":"epowell2_townofchapelhill","EditDate":"Fri, 15 Jan 2021 15:52:35 GMT","Editor":"dalmond","ResourceType":"0","ParkingType":"Inverted U","Capacity":2,"Condition":"Excellent","Lighting":"No","WxProtect":"No","LandUse":"Town center","DistanceBusStop":47,"Notes":null,"Availability":"Public","AccessRating":"High","VizRating":"Very high"}},{"type":"Feature","id":131,"geometry":{"type":"Point","coordinates":[-79.0630976164312,35.9115237999046]},"properties":{"OBJECTID":131,"GlobalID":"8c14c390-b918-473c-9548-b6fadd75d161","CreationDate":"Thu, 14 Jan 2021 21:01:55 GMT","Creator":"epowell2_townofchapelhill","EditDate":"Fri, 15 Jan 2021 15:52:35 GMT","Editor":"dalmond","ResourceType":"0","ParkingType":"Inverted U","Capacity":2,"Condition":"Excellent","Lighting":"No","WxProtect":"No","LandUse":"Town center","DistanceBusStop":23,"Notes":null,"Availability":"Public","AccessRating":"High","VizRating":"Very high"}},{"type":"Feature","id":132,"geometry":{"type":"Point","coordinates":[-79.0632693150247,35.9114402489962]},"properties":{"OBJECTID":132,"GlobalID":"ff8beeb2-2226-440c-90f8-c1de94542b22","CreationDate":"Thu, 14 Jan 2021 21:01:55 GMT","Creator":"epowell2_townofchapelhill","EditDate":"Fri, 15 Jan 2021 15:52:35 GMT","Editor":"dalmond","ResourceType":"0","ParkingType":"Inverted U","Capacity":2,"Condition":"Excellent","Lighting":"No","WxProtect":"No","LandUse":"Town center","DistanceBusStop":35,"Notes":null,"Availability":"Public","AccessRating":"High","VizRating":"Very high"}},{"type":"Feature","id":133,"geometry":{"type":"Point","coordinates":[-79.0634521644058,35.9113547175585]},"properties":{"OBJECTID":133,"GlobalID":"1cc68c0d-c8cb-47b1-bceb-96e092ce6be8","CreationDate":"Thu, 14 Jan 2021 21:01:55 GMT","Creator":"epowell2_townofchapelhill","EditDate":"Fri, 15 Jan 2021 15:52:35 GMT","Editor":"dalmond","ResourceType":"0","ParkingType":"Inverted U","Capacity":2,"Condition":"Excellent","Lighting":"No","WxProtect":"No","LandUse":"Town center","DistanceBusStop":96,"Notes":null,"Availability":"Public","AccessRating":"High","VizRating":"Very high"}},{"type":"Feature","id":135,"geometry":{"type":"Point","coordinates":[-79.0614395833349,35.9109620501106]},"properties":{"OBJECTID":135,"GlobalID":"f4896c52-8e13-4f6e-a639-f9759eb3e145","CreationDate":"Thu, 14 Jan 2021 21:01:55 GMT","Creator":"epowell2_townofchapelhill","EditDate":"Fri, 15 Jan 2021 15:52:35 GMT","Editor":"dalmond","ResourceType":"0","ParkingType":"Toast","Capacity":12,"Condition":"Excellent","Lighting":"No","WxProtect":"No","LandUse":"Town center","DistanceBusStop":166,"Notes":"Protected parking on the north side of the street","Availability":"Public","AccessRating":"High","VizRating":"Medium"}},{"type":"Feature","id":136,"geometry":{"type":"Point","coordinates":[-79.060521295807,35.9113978448902]},"properties":{"OBJECTID":136,"GlobalID":"e5080ef2-358c-4bff-833e-449c23eb3d3a","CreationDate":"Thu, 14 Jan 2021 21:01:55 GMT","Creator":"epowell2_townofchapelhill","EditDate":"Fri, 15 Jan 2021 15:52:35 GMT","Editor":"dalmond","ResourceType":"0","ParkingType":"Wave","Capacity":3,"Condition":"Excellent","Lighting":"No","WxProtect":"No","LandUse":"Town center","DistanceBusStop":31,"Notes":null,"Availability":"Public","AccessRating":"Very high","VizRating":"Very high"}},{"type":"Feature","id":137,"geometry":{"type":"Point","coordinates":[-79.0598627830931,35.9116555163107]},"properties":{"OBJECTID":137,"GlobalID":"78fb28d2-f74f-4a1c-97ea-5d69a64c4c7e","CreationDate":"Thu, 14 Jan 2021 21:01:55 GMT","Creator":"epowell2_townofchapelhill","EditDate":"Fri, 15 Jan 2021 15:52:35 GMT","Editor":"dalmond","ResourceType":"0","ParkingType":"Inverted U","Capacity":8,"Condition":"Excellent","Lighting":"No","WxProtect":"No","LandUse":"Town center","DistanceBusStop":88,"Notes":null,"Availability":"Public","AccessRating":"High","VizRating":"Very high"}},{"type":"Feature","id":139,"geometry":{"type":"Point","coordinates":[-79.0593522687205,35.9118318285453]},"properties":{"OBJECTID":139,"GlobalID":"1e7bd13c-b32b-4006-831c-859df1b839a9","CreationDate":"Thu, 14 Jan 2021 21:01:55 GMT","Creator":"epowell2_townofchapelhill","EditDate":"Fri, 15 Jan 2021 15:52:35 GMT","Editor":"dalmond","ResourceType":"0","ParkingType":"Inverted U","Capacity":2,"Condition":"Excellent","Lighting":"No","WxProtect":"No","LandUse":"Town center","DistanceBusStop":253,"Notes":null,"Availability":"Public","AccessRating":"High","VizRating":"Very high"}},{"type":"Feature","id":141,"geometry":{"type":"Point","coordinates":[-79.0590647997447,35.9120519330816]},"properties":{"OBJECTID":141,"GlobalID":"56a44368-074f-4b6b-9028-4528ee9e8fcd","CreationDate":"Thu, 14 Jan 2021 21:01:55 GMT","Creator":"epowell2_townofchapelhill","EditDate":"Fri, 15 Jan 2021 15:52:35 GMT","Editor":"dalmond","ResourceType":"2","ParkingType":null,"Capacity":null,"Condition":"Excellent","Lighting":"No","WxProtect":"No","LandUse":"Commercial","DistanceBusStop":191,"Notes":null,"Availability":"Public","AccessRating":null,"VizRating":null}},{"type":"Feature","id":142,"geometry":{"type":"Point","coordinates":[-79.0593030733823,35.9121637214444]},"properties":{"OBJECTID":142,"GlobalID":"a8ae4b13-0fd6-4606-8e59-7a0b7a087c82","CreationDate":"Thu, 14 Jan 2021 21:01:55 GMT","Creator":"epowell2_townofchapelhill","EditDate":"Fri, 15 Jan 2021 15:52:35 GMT","Editor":"dalmond","ResourceType":"3","ParkingType":null,"Capacity":null,"Condition":"Excellent","Lighting":"No","WxProtect":"No","LandUse":"Commercial","DistanceBusStop":248,"Notes":null,"Availability":"Public","AccessRating":null,"VizRating":null}},{"type":"Feature","id":143,"geometry":{"type":"Point","coordinates":[-79.0587741830722,35.9120528832776]},"properties":{"OBJECTID":143,"GlobalID":"a331bd61-a576-418f-8792-a08f3924e6c0","CreationDate":"Thu, 14 Jan 2021 21:01:55 GMT","Creator":"epowell2_townofchapelhill","EditDate":"Fri, 15 Jan 2021 15:52:35 GMT","Editor":"dalmond","ResourceType":"0","ParkingType":"Inverted U","Capacity":4,"Condition":"Excellent","Lighting":"No","WxProtect":"No","LandUse":"Town center","DistanceBusStop":109,"Notes":null,"Availability":"Public","AccessRating":"High","VizRating":"Super high"}},{"type":"Feature","id":144,"geometry":{"type":"Point","coordinates":[-79.0587741830722,35.9120528832776]},"properties":{"OBJECTID":144,"GlobalID":"79d253c1-cdd1-4a2e-ba15-5f9883e91ce5","CreationDate":"Thu, 14 Jan 2021 21:01:55 GMT","Creator":"epowell2_townofchapelhill","EditDate":"Fri, 15 Jan 2021 15:52:35 GMT","Editor":"dalmond","ResourceType":"0","ParkingType":"Inverted U","Capacity":4,"Condition":"Excellent","Lighting":"No","WxProtect":"No","LandUse":"Town center","DistanceBusStop":109,"Notes":null,"Availability":"Public","AccessRating":"High","VizRating":"Super high"}},{"type":"Feature","id":145,"geometry":{"type":"Point","coordinates":[-79.0583193022635,35.912226203626]},"properties":{"OBJECTID":145,"GlobalID":"90a84895-9cfa-4501-a07c-9ebdb1cc1ebf","CreationDate":"Thu, 14 Jan 2021 21:01:55 GMT","Creator":"epowell2_townofchapelhill","EditDate":"Fri, 15 Jan 2021 15:52:35 GMT","Editor":"dalmond","ResourceType":"0","ParkingType":"Inverted U","Capacity":8,"Condition":"Excellent","Lighting":"No","WxProtect":"No","LandUse":"Town center","DistanceBusStop":32,"Notes":null,"Availability":"Public","AccessRating":"High","VizRating":"Super high"}},{"type":"Feature","id":149,"geometry":{"type":"Point","coordinates":[-79.0582668855666,35.9130521673157]},"properties":{"OBJECTID":149,"GlobalID":"a7be5751-af20-443c-abf4-57f47f7f9897","CreationDate":"Thu, 14 Jan 2021 21:01:55 GMT","Creator":"epowell2_townofchapelhill","EditDate":"Fri, 15 Jan 2021 15:52:35 GMT","Editor":"dalmond","ResourceType":"0","ParkingType":"Inverted U","Capacity":24,"Condition":"Excellent","Lighting":"Yes","WxProtect":"Yes","LandUse":"Town center","DistanceBusStop":91,"Notes":null,"Availability":"Public","AccessRating":"Medium","VizRating":"None"}},{"type":"Feature","id":150,"geometry":{"type":"Point","coordinates":[-79.0579522470451,35.9128752655714]},"properties":{"OBJECTID":150,"GlobalID":"c06142b8-98d2-4754-a285-3219c3bb5799","CreationDate":"Thu, 14 Jan 2021 21:01:55 GMT","Creator":"epowell2_townofchapelhill","EditDate":"Fri, 15 Jan 2021 15:52:35 GMT","Editor":"dalmond","ResourceType":"0","ParkingType":"Inverted U","Capacity":4,"Condition":"Excellent","Lighting":"Yes","WxProtect":"Yes","LandUse":"Town center","DistanceBusStop":176,"Notes":null,"Availability":"Public","AccessRating":"Medium","VizRating":"None"}},{"type":"Feature","id":153,"geometry":{"type":"Point","coordinates":[-79.0583324338363,35.9121018831054]},"properties":{"OBJECTID":153,"GlobalID":"1d9fed8a-1b1c-449f-b5c3-4152f8ebf6f8","CreationDate":"Thu, 14 Jan 2021 21:01:55 GMT","Creator":"epowell2_townofchapelhill","EditDate":"Fri, 15 Jan 2021 15:52:35 GMT","Editor":"dalmond","ResourceType":"0","ParkingType":"Inverted U","Capacity":4,"Condition":"Excellent","Lighting":"No","WxProtect":"No","LandUse":"Town center","DistanceBusStop":23,"Notes":null,"Availability":"Public","AccessRating":"Very high","VizRating":"Super high"}},{"type":"Feature","id":154,"geometry":{"type":"Point","coordinates":[-79.0585254404683,35.9120229804752]},"properties":{"OBJECTID":154,"GlobalID":"45553856-a391-4ebf-a0e0-519e7690f4c3","CreationDate":"Thu, 14 Jan 2021 21:01:55 GMT","Creator":"epowell2_townofchapelhill","EditDate":"Fri, 15 Jan 2021 15:52:35 GMT","Editor":"dalmond","ResourceType":"0","ParkingType":"Inverted U","Capacity":4,"Condition":"Excellent","Lighting":"No","WxProtect":"No","LandUse":"Town center","DistanceBusStop":41,"Notes":null,"Availability":"Public","AccessRating":"High","VizRating":"Super high"}},{"type":"Feature","id":155,"geometry":{"type":"Point","coordinates":[-79.0587177104819,35.9119604173737]},"properties":{"OBJECTID":155,"GlobalID":"530ebff6-daab-4042-bc2b-9386e1c3ca90","CreationDate":"Thu, 14 Jan 2021 21:01:55 GMT","Creator":"epowell2_townofchapelhill","EditDate":"Fri, 15 Jan 2021 15:52:35 GMT","Editor":"dalmond","ResourceType":"0","ParkingType":"Inverted U","Capacity":4,"Condition":"Excellent","Lighting":"No","WxProtect":"No","LandUse":"Town center","DistanceBusStop":138,"Notes":null,"Availability":"Public","AccessRating":"High","VizRating":"Very high"}},{"type":"Feature","id":156,"geometry":{"type":"Point","coordinates":[-79.0588902382204,35.9118933156822]},"properties":{"OBJECTID":156,"GlobalID":"ae3285ba-4b2c-41b4-8091-238243a89c21","CreationDate":"Thu, 14 Jan 2021 21:01:55 GMT","Creator":"epowell2_townofchapelhill","EditDate":"Fri, 15 Jan 2021 15:52:35 GMT","Editor":"dalmond","ResourceType":"0","ParkingType":"Inverted U","Capacity":4,"Condition":"Excellent","Lighting":"No","WxProtect":"No","LandUse":"Town center","DistanceBusStop":160,"Notes":null,"Availability":"Public","AccessRating":"High","VizRating":"Very high"}},{"type":"Feature","id":157,"geometry":{"type":"Point","coordinates":[-79.0590048569624,35.9118557224708]},"properties":{"OBJECTID":157,"GlobalID":"ed45b912-fcb7-4454-8f83-495bf2ae8251","CreationDate":"Thu, 14 Jan 2021 21:01:55 GMT","Creator":"epowell2_townofchapelhill","EditDate":"Fri, 15 Jan 2021 15:52:35 GMT","Editor":"dalmond","ResourceType":"0","ParkingType":"Inverted U","Capacity":4,"Condition":"Excellent","Lighting":"No","WxProtect":"No","LandUse":"Town center","DistanceBusStop":197,"Notes":null,"Availability":"Public","AccessRating":"High","VizRating":"Very high"}},{"type":"Feature","id":159,"geometry":{"type":"Point","coordinates":[-79.0596313025157,35.9116022432108]},"properties":{"OBJECTID":159,"GlobalID":"e31e7a09-a467-4fd8-829c-a789f5a1fd4b","CreationDate":"Thu, 14 Jan 2021 21:01:55 GMT","Creator":"epowell2_townofchapelhill","EditDate":"Fri, 15 Jan 2021 15:52:35 GMT","Editor":"dalmond","ResourceType":"0","ParkingType":"Inverted U","Capacity":2,"Condition":"Excellent","Lighting":"No","WxProtect":"No","LandUse":"Town center","DistanceBusStop":148,"Notes":null,"Availability":"Public","AccessRating":"High","VizRating":"Medium"}},{"type":"Feature","id":163,"geometry":{"type":"Point","coordinates":[-79.0606609838337,35.9111896124758]},"properties":{"OBJECTID":163,"GlobalID":"1d2c46d3-9e57-47c2-b754-97946d008336","CreationDate":"Thu, 14 Jan 2021 21:01:55 GMT","Creator":"epowell2_townofchapelhill","EditDate":"Fri, 15 Jan 2021 15:52:35 GMT","Editor":"dalmond","ResourceType":"0","ParkingType":"Inverted U","Capacity":2,"Condition":"Excellent","Lighting":"No","WxProtect":"No","LandUse":"Town center","DistanceBusStop":94,"Notes":null,"Availability":"Public","AccessRating":"High","VizRating":"Very high"}},{"type":"Feature","id":164,"geometry":{"type":"Point","coordinates":[-79.0609847779846,35.911075256594]},"properties":{"OBJECTID":164,"GlobalID":"1f823efa-0b9b-4a63-933b-cdfb1d3ff911","CreationDate":"Thu, 14 Jan 2021 21:01:55 GMT","Creator":"epowell2_townofchapelhill","EditDate":"Fri, 15 Jan 2021 15:52:35 GMT","Editor":"dalmond","ResourceType":"0","ParkingType":"Inverted U","Capacity":2,"Condition":"Excellent","Lighting":"No","WxProtect":"No","LandUse":"Town center","DistanceBusStop":199,"Notes":null,"Availability":"Public","AccessRating":"High","VizRating":"Very high"}},{"type":"Feature","id":165,"geometry":{"type":"Point","coordinates":[-79.0611859592858,35.9109935183206]},"properties":{"OBJECTID":165,"GlobalID":"f814a21e-c86b-4a8a-bc9d-d198ffbebb7b","CreationDate":"Thu, 14 Jan 2021 21:01:55 GMT","Creator":"epowell2_townofchapelhill","EditDate":"Fri, 15 Jan 2021 15:52:35 GMT","Editor":"dalmond","ResourceType":"0","ParkingType":"Inverted U","Capacity":4,"Condition":"Excellent","Lighting":"No","WxProtect":"No","LandUse":"Town center","DistanceBusStop":241,"Notes":null,"Availability":"Public","AccessRating":"High","VizRating":"High"}},{"type":"Feature","id":167,"geometry":{"type":"Point","coordinates":[-79.0619028912393,35.9107215661016]},"properties":{"OBJECTID":167,"GlobalID":"73b59110-b849-4991-8739-8d4a920376f1","CreationDate":"Thu, 14 Jan 2021 21:01:55 GMT","Creator":"epowell2_townofchapelhill","EditDate":"Fri, 15 Jan 2021 15:52:35 GMT","Editor":"dalmond","ResourceType":"0","ParkingType":"Inverted U","Capacity":2,"Condition":"Excellent","Lighting":"No","WxProtect":"No","LandUse":"Town center","DistanceBusStop":7,"Notes":null,"Availability":"Public","AccessRating":"High","VizRating":"High"}},{"type":"Feature","id":168,"geometry":{"type":"Point","coordinates":[-79.0618369665755,35.9105977663434]},"properties":{"OBJECTID":168,"GlobalID":"41c0d213-2772-455f-b5ec-99f3caf78613","CreationDate":"Thu, 14 Jan 2021 21:01:55 GMT","Creator":"epowell2_townofchapelhill","EditDate":"Fri, 15 Jan 2021 15:52:35 GMT","Editor":"dalmond","ResourceType":"0","ParkingType":"Inverted U","Capacity":12,"Condition":"Excellent","Lighting":"No","WxProtect":"No","LandUse":"Town center","DistanceBusStop":12,"Notes":null,"Availability":"Public","AccessRating":"Medium","VizRating":"High"}},{"type":"Feature","id":170,"geometry":{"type":"Point","coordinates":[-79.0620834265602,35.9106589263032]},"properties":{"OBJECTID":170,"GlobalID":"525b9cc3-c9e1-456e-baec-9ca324249aaa","CreationDate":"Thu, 14 Jan 2021 21:01:55 GMT","Creator":"epowell2_townofchapelhill","EditDate":"Fri, 15 Jan 2021 15:52:35 GMT","Editor":"dalmond","ResourceType":"0","ParkingType":"Inverted U","Capacity":2,"Condition":"Excellent","Lighting":"No","WxProtect":"No","LandUse":"Town center","DistanceBusStop":19,"Notes":null,"Availability":"Public","AccessRating":"High","VizRating":"High"}},{"type":"Feature","id":171,"geometry":{"type":"Point","coordinates":[-79.0621547581837,35.9106347417137]},"properties":{"OBJECTID":171,"GlobalID":"c676eb5b-3c99-4694-87a3-13e588601300","CreationDate":"Thu, 14 Jan 2021 21:01:55 GMT","Creator":"epowell2_townofchapelhill","EditDate":"Fri, 15 Jan 2021 15:52:35 GMT","Editor":"dalmond","ResourceType":"0","ParkingType":"Inverted U","Capacity":2,"Condition":"Excellent","Lighting":"No","WxProtect":"No","LandUse":"Town center","DistanceBusStop":42,"Notes":null,"Availability":"Public","AccessRating":"High","VizRating":"High"}},{"type":"Feature","id":172,"geometry":{"type":"Point","coordinates":[-79.0626133005255,35.9104316512596]},"properties":{"OBJECTID":172,"GlobalID":"24acf264-c14a-4aac-a2fe-845a34be458f","CreationDate":"Thu, 14 Jan 2021 21:01:55 GMT","Creator":"epowell2_townofchapelhill","EditDate":"Fri, 15 Jan 2021 15:52:35 GMT","Editor":"dalmond","ResourceType":"0","ParkingType":"Inverted U","Capacity":2,"Condition":"Excellent","Lighting":"No","WxProtect":"No","LandUse":"Town center","DistanceBusStop":196,"Notes":null,"Availability":"Public","AccessRating":"High","VizRating":"High"}},{"type":"Feature","id":173,"geometry":{"type":"Point","coordinates":[-79.0625918828925,35.9100514201282]},"properties":{"OBJECTID":173,"GlobalID":"9b800b3a-4460-4f92-a73e-149d784f431e","CreationDate":"Thu, 14 Jan 2021 21:01:55 GMT","Creator":"epowell2_townofchapelhill","EditDate":"Fri, 15 Jan 2021 15:52:35 GMT","Editor":"dalmond","ResourceType":"0","ParkingType":"Inverted U","Capacity":6,"Condition":"Excellent","Lighting":"Yes","WxProtect":"Yes","LandUse":"Town center","DistanceBusStop":233,"Notes":null,"Availability":"Public","AccessRating":"Very high","VizRating":"Medium"}},{"type":"Feature","id":174,"geometry":{"type":"Point","coordinates":[-79.0625473758618,35.9099662735347]},"properties":{"OBJECTID":174,"GlobalID":"1efab6b4-a05b-4ed9-a907-f95597a45dfc","CreationDate":"Thu, 14 Jan 2021 21:01:55 GMT","Creator":"epowell2_townofchapelhill","EditDate":"Fri, 15 Jan 2021 15:52:35 GMT","Editor":"dalmond","ResourceType":"0","ParkingType":"Inverted U","Capacity":10,"Condition":"Excellent","Lighting":"Yes","WxProtect":"Yes","LandUse":"Town center","DistanceBusStop":400,"Notes":null,"Availability":"Public","AccessRating":"Very high","VizRating":"Low"}},{"type":"Feature","id":175,"geometry":{"type":"Point","coordinates":[-79.0628408069561,35.9099476467275]},"properties":{"OBJECTID":175,"GlobalID":"5c849c52-bf48-4e62-a2ff-c534b8b13597","CreationDate":"Thu, 14 Jan 2021 21:01:55 GMT","Creator":"epowell2_townofchapelhill","EditDate":"Fri, 15 Jan 2021 15:52:35 GMT","Editor":"dalmond","ResourceType":"0","ParkingType":"Wave","Capacity":3,"Condition":"Excellent","Lighting":"No","WxProtect":"No","LandUse":"Town center","DistanceBusStop":354,"Notes":null,"Availability":"Public","AccessRating":"Very high","VizRating":"Low"}},{"type":"Feature","id":176,"geometry":{"type":"Point","coordinates":[-79.0623827002971,35.9097281169485]},"properties":{"OBJECTID":176,"GlobalID":"db75a1f1-3a0d-4171-8e6e-5c85138c72c8","CreationDate":"Thu, 14 Jan 2021 21:01:55 GMT","Creator":"epowell2_townofchapelhill","EditDate":"Fri, 15 Jan 2021 15:52:35 GMT","Editor":"dalmond","ResourceType":"0","ParkingType":"Inverted U","Capacity":14,"Condition":"Excellent","Lighting":"No","WxProtect":"No","LandUse":"Town center","DistanceBusStop":501,"Notes":null,"Availability":"Public","AccessRating":"Very high","VizRating":"High"}},{"type":"Feature","id":179,"geometry":{"type":"Point","coordinates":[-79.0629113247059,35.9103352305311]},"properties":{"OBJECTID":179,"GlobalID":"20b5a032-f02c-45cc-9f28-e6793cedde38","CreationDate":"Thu, 14 Jan 2021 21:01:55 GMT","Creator":"epowell2_townofchapelhill","EditDate":"Fri, 15 Jan 2021 15:52:35 GMT","Editor":"dalmond","ResourceType":"0","ParkingType":"Inverted U","Capacity":2,"Condition":"Excellent","Lighting":"No","WxProtect":"No","LandUse":"Town center","DistanceBusStop":292,"Notes":null,"Availability":"Public","AccessRating":"High","VizRating":"High"}},{"type":"Feature","id":180,"geometry":{"type":"Point","coordinates":[-79.0634209066272,35.910110167128]},"properties":{"OBJECTID":180,"GlobalID":"cf3433e9-deb1-4bf1-a204-046fc6907e68","CreationDate":"Thu, 14 Jan 2021 21:01:55 GMT","Creator":"epowell2_townofchapelhill","EditDate":"Fri, 15 Jan 2021 15:52:35 GMT","Editor":"dalmond","ResourceType":"0","ParkingType":"Inverted U","Capacity":2,"Condition":"Excellent","Lighting":"No","WxProtect":"No","LandUse":"Town center","DistanceBusStop":122,"Notes":null,"Availability":"Public","AccessRating":"High","VizRating":"Very high"}},{"type":"Feature","id":181,"geometry":{"type":"Point","coordinates":[-79.0635821021184,35.9100504750013]},"properties":{"OBJECTID":181,"GlobalID":"b93b6166-9687-476c-a2ba-fcb2585326df","CreationDate":"Thu, 14 Jan 2021 21:01:55 GMT","Creator":"epowell2_townofchapelhill","EditDate":"Fri, 15 Jan 2021 15:52:35 GMT","Editor":"dalmond","ResourceType":"0","ParkingType":"Inverted U","Capacity":2,"Condition":"Excellent","Lighting":"No","WxProtect":"No","LandUse":"Town center","DistanceBusStop":69,"Notes":null,"Availability":"Public","AccessRating":"High","VizRating":"Very high"}},{"type":"Feature","id":183,"geometry":{"type":"Point","coordinates":[-79.0645696488563,35.9096748345474]},"properties":{"OBJECTID":183,"GlobalID":"92726b4f-bc14-4485-beaf-f6928e9d4c7d","CreationDate":"Thu, 14 Jan 2021 21:01:55 GMT","Creator":"epowell2_townofchapelhill","EditDate":"Fri, 15 Jan 2021 15:52:35 GMT","Editor":"dalmond","ResourceType":"0","ParkingType":"Wave","Capacity":3,"Condition":"Excellent","Lighting":"No","WxProtect":"No","LandUse":"Town center","DistanceBusStop":194,"Notes":null,"Availability":"Public","AccessRating":"High","VizRating":"High"}},{"type":"Feature","id":184,"geometry":{"type":"Point","coordinates":[-79.0648853680512,35.909723311988]},"properties":{"OBJECTID":184,"GlobalID":"05dc1605-7dab-4dde-b1d4-e16b92b8e893","CreationDate":"Thu, 14 Jan 2021 21:01:55 GMT","Creator":"epowell2_townofchapelhill","EditDate":"Fri, 15 Jan 2021 15:52:35 GMT","Editor":"dalmond","ResourceType":"0","ParkingType":"Other","Capacity":6,"Condition":"Fair","Lighting":"No","WxProtect":"No","LandUse":"Town center","DistanceBusStop":284,"Notes":null,"Availability":"Public","AccessRating":"High","VizRating":"Medium"}},{"type":"Feature","id":185,"geometry":{"type":"Point","coordinates":[-79.0647463187266,35.9097536733093]},"properties":{"OBJECTID":185,"GlobalID":"735a15fa-5e2e-456a-97e0-0b6bc9e4645d","CreationDate":"Thu, 14 Jan 2021 21:01:55 GMT","Creator":"epowell2_townofchapelhill","EditDate":"Fri, 15 Jan 2021 15:52:35 GMT","Editor":"dalmond","ResourceType":"0","ParkingType":"Inverted U","Capacity":4,"Condition":"Excellent","Lighting":"No","WxProtect":"No","LandUse":"Town center","DistanceBusStop":239,"Notes":null,"Availability":"Public","AccessRating":"High","VizRating":"Medium"}},{"type":"Feature","id":186,"geometry":{"type":"Point","coordinates":[-79.0641899615285,35.9099706040976]},"properties":{"OBJECTID":186,"GlobalID":"ced373fb-779c-44e6-b985-44ecf330cf69","CreationDate":"Thu, 14 Jan 2021 21:01:55 GMT","Creator":"epowell2_townofchapelhill","EditDate":"Fri, 15 Jan 2021 15:52:35 GMT","Editor":"dalmond","ResourceType":"0","ParkingType":"Inverted U","Capacity":2,"Condition":"Excellent","Lighting":"No","WxProtect":"No","LandUse":"Town center","DistanceBusStop":94,"Notes":null,"Availability":"Public","AccessRating":"Very high","VizRating":"Very high"}},{"type":"Feature","id":187,"geometry":{"type":"Point","coordinates":[-79.06385567775,35.9100814633711]},"properties":{"OBJECTID":187,"GlobalID":"069a1675-e9af-4cd9-bcb9-5fda4a11e0ec","CreationDate":"Thu, 14 Jan 2021 21:01:55 GMT","Creator":"epowell2_townofchapelhill","EditDate":"Fri, 15 Jan 2021 15:52:35 GMT","Editor":"dalmond","ResourceType":"0","ParkingType":"Inverted U","Capacity":2,"Condition":"Excellent","Lighting":"No","WxProtect":"No","LandUse":"Town center","DistanceBusStop":5,"Notes":null,"Availability":"Public","AccessRating":"High","VizRating":"Medium"}},{"type":"Feature","id":188,"geometry":{"type":"Point","coordinates":[-79.0637307211957,35.9101339568021]},"properties":{"OBJECTID":188,"GlobalID":"55c54d82-335b-4e01-9e0f-88e1766b1585","CreationDate":"Thu, 14 Jan 2021 21:01:55 GMT","Creator":"epowell2_townofchapelhill","EditDate":"Fri, 15 Jan 2021 15:52:35 GMT","Editor":"dalmond","ResourceType":"0","ParkingType":"Inverted U","Capacity":2,"Condition":"Excellent","Lighting":"No","WxProtect":"No","LandUse":"Town center","DistanceBusStop":36,"Notes":null,"Availability":"Public","AccessRating":"High","VizRating":"Medium"}},{"type":"Feature","id":189,"geometry":{"type":"Point","coordinates":[-79.0635513078705,35.9102089651311]},"properties":{"OBJECTID":189,"GlobalID":"ed13985b-870f-4f4c-ba03-d0ff1ec3f1ef","CreationDate":"Thu, 14 Jan 2021 21:01:55 GMT","Creator":"epowell2_townofchapelhill","EditDate":"Fri, 15 Jan 2021 15:52:35 GMT","Editor":"dalmond","ResourceType":"0","ParkingType":"Inverted U","Capacity":2,"Condition":"Excellent","Lighting":"No","WxProtect":"No","LandUse":"Town center","DistanceBusStop":96,"Notes":null,"Availability":"Public","AccessRating":"High","VizRating":"Medium"}},{"type":"Feature","id":191,"geometry":{"type":"Point","coordinates":[-79.064887766553,35.9109278665882]},"properties":{"OBJECTID":191,"GlobalID":"81ddacd3-b36c-41f7-ac05-aeb32a268e8e","CreationDate":"Thu, 14 Jan 2021 21:01:55 GMT","Creator":"epowell2_townofchapelhill","EditDate":"Fri, 15 Jan 2021 15:52:35 GMT","Editor":"dalmond","ResourceType":"0","ParkingType":"Inverted U","Capacity":4,"Condition":"Excellent","Lighting":"No","WxProtect":"No","LandUse":"Town center","DistanceBusStop":135,"Notes":null,"Availability":"Public","AccessRating":"High","VizRating":"Medium"}},{"type":"Feature","id":192,"geometry":{"type":"Point","coordinates":[-79.0648286987298,35.9107976979746]},"properties":{"OBJECTID":192,"GlobalID":"b9dbf256-1f2f-4010-bf64-d9ea7a821be4","CreationDate":"Thu, 14 Jan 2021 21:01:55 GMT","Creator":"epowell2_townofchapelhill","EditDate":"Fri, 15 Jan 2021 15:52:35 GMT","Editor":"dalmond","ResourceType":"0","ParkingType":"Inverted U","Capacity":2,"Condition":"Excellent","Lighting":"No","WxProtect":"No","LandUse":"Town center","DistanceBusStop":184,"Notes":null,"Availability":"Public","AccessRating":"High","VizRating":"Medium"}},{"type":"Feature","id":193,"geometry":{"type":"Point","coordinates":[-79.0647630336791,35.9107094781828]},"properties":{"OBJECTID":193,"GlobalID":"e118e3cb-32cf-4cbd-b1b8-7ad38e7a8d61","CreationDate":"Thu, 14 Jan 2021 21:01:55 GMT","Creator":"epowell2_townofchapelhill","EditDate":"Fri, 15 Jan 2021 15:52:35 GMT","Editor":"dalmond","ResourceType":"0","ParkingType":"Inverted U","Capacity":2,"Condition":"Excellent","Lighting":"No","WxProtect":"No","LandUse":"Town center","DistanceBusStop":222,"Notes":null,"Availability":"Public","AccessRating":"High","VizRating":"High"}},{"type":"Feature","id":195,"geometry":{"type":"Point","coordinates":[-79.0643068332452,35.9111992666002]},"properties":{"OBJECTID":195,"GlobalID":"5dc7b465-44c2-4763-aff5-4584722b8480","CreationDate":"Thu, 14 Jan 2021 21:01:55 GMT","Creator":"epowell2_townofchapelhill","EditDate":"Fri, 15 Jan 2021 15:52:35 GMT","Editor":"dalmond","ResourceType":"0","ParkingType":"Inverted U","Capacity":2,"Condition":"Excellent","Lighting":"No","WxProtect":"No","LandUse":"Town center","DistanceBusStop":105,"Notes":null,"Availability":"Public","AccessRating":"Low","VizRating":"Super high"}},{"type":"Feature","id":196,"geometry":{"type":"Point","coordinates":[-79.0649921957047,35.9110371275014]},"properties":{"OBJECTID":196,"GlobalID":"3c594904-5065-41ed-8f0f-13f44412cc52","CreationDate":"Thu, 14 Jan 2021 21:01:55 GMT","Creator":"epowell2_townofchapelhill","EditDate":"Fri, 15 Jan 2021 15:52:35 GMT","Editor":"dalmond","ResourceType":"0","ParkingType":"Inverted U","Capacity":2,"Condition":"Excellent","Lighting":"No","WxProtect":"No","LandUse":"Town center","DistanceBusStop":67,"Notes":null,"Availability":"Public","AccessRating":"Very high","VizRating":"Medium"}},{"type":"Feature","id":197,"geometry":{"type":"Point","coordinates":[-79.0650621322445,35.9110265326074]},"properties":{"OBJECTID":197,"GlobalID":"7b43ae2b-6663-4721-9550-913470fb3883","CreationDate":"Thu, 14 Jan 2021 21:01:55 GMT","Creator":"epowell2_townofchapelhill","EditDate":"Fri, 15 Jan 2021 15:52:35 GMT","Editor":"dalmond","ResourceType":"0","ParkingType":"Inverted U","Capacity":2,"Condition":"Excellent","Lighting":"No","WxProtect":"No","LandUse":"Town center","DistanceBusStop":46,"Notes":null,"Availability":"Public","AccessRating":"Very high","VizRating":"Medium"}},{"type":"Feature","id":198,"geometry":{"type":"Point","coordinates":[-79.0655936546184,35.9110699984385]},"properties":{"OBJECTID":198,"GlobalID":"243b4e3f-fdad-42c0-8426-c676cabfc393","CreationDate":"Thu, 14 Jan 2021 21:01:55 GMT","Creator":"epowell2_townofchapelhill","EditDate":"Fri, 15 Jan 2021 15:52:35 GMT","Editor":"dalmond","ResourceType":"0","ParkingType":"Inverted U","Capacity":2,"Condition":"Excellent","Lighting":"No","WxProtect":"No","LandUse":"Town center","DistanceBusStop":23,"Notes":null,"Availability":"Public","AccessRating":"High","VizRating":"Very high"}},{"type":"Feature","id":199,"geometry":{"type":"Point","coordinates":[-79.0565353002115,35.9129889167626]},"properties":{"OBJECTID":199,"GlobalID":"248505fb-3da6-4887-a9b5-5887a3244c0b","CreationDate":"Thu, 14 Jan 2021 21:01:55 GMT","Creator":"epowell2_townofchapelhill","EditDate":"Fri, 15 Jan 2021 15:52:35 GMT","Editor":"dalmond","ResourceType":"0","ParkingType":"Inverted U","Capacity":2,"Condition":"Excellent","Lighting":"No","WxProtect":"No","LandUse":"Town center","DistanceBusStop":6,"Notes":null,"Availability":"Public","AccessRating":"High","VizRating":"Very high"}},{"type":"Feature","id":200,"geometry":{"type":"Point","coordinates":[-79.0563159837214,35.9130598670063]},"properties":{"OBJECTID":200,"GlobalID":"b1b79c9f-a562-46c1-870a-16f5b8ed1bac","CreationDate":"Thu, 14 Jan 2021 21:01:55 GMT","Creator":"epowell2_townofchapelhill","EditDate":"Fri, 15 Jan 2021 15:52:35 GMT","Editor":"dalmond","ResourceType":"0","ParkingType":"Inverted U","Capacity":2,"Condition":"Excellent","Lighting":"No","WxProtect":"No","LandUse":"Town center","DistanceBusStop":64,"Notes":null,"Availability":"Public","AccessRating":"High","VizRating":"Very high"}},{"type":"Feature","id":204,"geometry":{"type":"Point","coordinates":[-79.065482684833,35.9105576449185]},"properties":{"OBJECTID":204,"GlobalID":"5f1b07de-3848-4b12-9469-bbcb4b726998","CreationDate":"Thu, 14 Jan 2021 21:01:55 GMT","Creator":"epowell2_townofchapelhill","EditDate":"Fri, 15 Jan 2021 15:52:35 GMT","Editor":"dalmond","ResourceType":"0","ParkingType":"Inverted U","Capacity":6,"Condition":"Excellent","Lighting":"No","WxProtect":"No","LandUse":"Town center","DistanceBusStop":224,"Notes":null,"Availability":"Public","AccessRating":"Medium","VizRating":"Medium"}},{"type":"Feature","id":205,"geometry":{"type":"Point","coordinates":[-79.065430461274,35.9104663508481]},"properties":{"OBJECTID":205,"GlobalID":"7ad6d995-bb02-4d41-94a3-9fd7f462f5f8","CreationDate":"Thu, 14 Jan 2021 21:01:55 GMT","Creator":"epowell2_townofchapelhill","EditDate":"Fri, 15 Jan 2021 15:52:35 GMT","Editor":"dalmond","ResourceType":"0","ParkingType":"Inverted U","Capacity":2,"Condition":"Fair","Lighting":"No","WxProtect":"No","LandUse":"Town center","DistanceBusStop":261,"Notes":null,"Availability":"Public","AccessRating":"Medium","VizRating":"Medium"}},{"type":"Feature","id":206,"geometry":{"type":"Point","coordinates":[-79.0648928662888,35.9101771830224]},"properties":{"OBJECTID":206,"GlobalID":"65ac62e3-fc1a-430d-8ec0-9acd3ac671ef","CreationDate":"Thu, 14 Jan 2021 21:01:55 GMT","Creator":"epowell2_townofchapelhill","EditDate":"Fri, 15 Jan 2021 15:52:35 GMT","Editor":"dalmond","ResourceType":"0","ParkingType":"Wave","Capacity":5,"Condition":"Excellent","Lighting":"No","WxProtect":"No","LandUse":"Commercial","DistanceBusStop":440,"Notes":null,"Availability":"Public","AccessRating":"Medium","VizRating":"Very high"}},{"type":"Feature","id":208,"geometry":{"type":"Point","coordinates":[-79.057889825811,35.9114829113658]},"properties":{"OBJECTID":208,"GlobalID":"fc8e4adc-77e5-4dda-9729-5905027e090c","CreationDate":"Thu, 14 Jan 2021 21:01:55 GMT","Creator":"epowell2_townofchapelhill","EditDate":"Fri, 15 Jan 2021 15:52:35 GMT","Editor":"dalmond","ResourceType":"0","ParkingType":"Inverted U","Capacity":6,"Condition":"Excellent","Lighting":"No","WxProtect":"No","LandUse":"Town center","DistanceBusStop":339,"Notes":null,"Availability":"Public","AccessRating":"Medium","VizRating":"Very high"}},{"type":"Feature","id":209,"geometry":{"type":"Point","coordinates":[-79.0574737001202,35.9111767665006]},"properties":{"OBJECTID":209,"GlobalID":"754c2763-abeb-4f16-9f9d-8fdf9a669c6e","CreationDate":"Thu, 14 Jan 2021 21:01:55 GMT","Creator":"epowell2_townofchapelhill","EditDate":"Fri, 15 Jan 2021 15:52:35 GMT","Editor":"dalmond","ResourceType":"0","ParkingType":"Inverted U","Capacity":6,"Condition":"Excellent","Lighting":"No","WxProtect":"No","LandUse":"Town center","DistanceBusStop":551,"Notes":null,"Availability":"Public","AccessRating":"Medium","VizRating":"Very high"}},{"type":"Feature","id":210,"geometry":{"type":"Point","coordinates":[-79.0570815684307,35.9111280280251]},"properties":{"OBJECTID":210,"GlobalID":"136d59bc-c326-4688-bc82-fb2ec894b7a9","CreationDate":"Thu, 14 Jan 2021 21:01:55 GMT","Creator":"epowell2_townofchapelhill","EditDate":"Fri, 15 Jan 2021 15:52:35 GMT","Editor":"dalmond","ResourceType":"0","ParkingType":"Inverted U","Capacity":8,"Condition":"Excellent","Lighting":"No","WxProtect":"No","LandUse":"Town center","DistanceBusStop":861,"Notes":null,"Availability":"Public","AccessRating":"Medium","VizRating":"Super high"}},{"type":"Feature","id":211,"geometry":{"type":"Point","coordinates":[-79.05634624976,35.9112956666313]},"properties":{"OBJECTID":211,"GlobalID":"d906b27b-9bd0-4bca-b7e7-1efb1d54dbc4","CreationDate":"Thu, 14 Jan 2021 21:01:55 GMT","Creator":"epowell2_townofchapelhill","EditDate":"Fri, 15 Jan 2021 15:52:35 GMT","Editor":"dalmond","ResourceType":"0","ParkingType":"Inverted U","Capacity":18,"Condition":"Excellent","Lighting":"No","WxProtect":"No","LandUse":"Town center","DistanceBusStop":667,"Notes":null,"Availability":"Public","AccessRating":"Medium","VizRating":"High"}},{"type":"Feature","id":212,"geometry":{"type":"Point","coordinates":[-79.0562893666395,35.9112164663487]},"properties":{"OBJECTID":212,"GlobalID":"18e077a2-7204-448c-9913-dcafa4a1c003","CreationDate":"Thu, 14 Jan 2021 21:01:55 GMT","Creator":"epowell2_townofchapelhill","EditDate":"Fri, 15 Jan 2021 15:52:35 GMT","Editor":"dalmond","ResourceType":"0","ParkingType":"Inverted U","Capacity":10,"Condition":"Excellent","Lighting":"No","WxProtect":"No","LandUse":"Town center","DistanceBusStop":788,"Notes":null,"Availability":"Public","AccessRating":"Medium","VizRating":"High"}},{"type":"Feature","id":213,"geometry":{"type":"Point","coordinates":[-79.0562377332736,35.9111765002099]},"properties":{"OBJECTID":213,"GlobalID":"4408afb4-9714-4437-a117-4e6454c5c875","CreationDate":"Thu, 14 Jan 2021 21:01:55 GMT","Creator":"epowell2_townofchapelhill","EditDate":"Fri, 15 Jan 2021 15:52:35 GMT","Editor":"dalmond","ResourceType":"0","ParkingType":"Inverted U","Capacity":4,"Condition":"Fair","Lighting":"No","WxProtect":"No","LandUse":"Town center","DistanceBusStop":777,"Notes":null,"Availability":"Public","AccessRating":"Medium","VizRating":"High"}},{"type":"Feature","id":214,"geometry":{"type":"Point","coordinates":[-79.0568937998751,35.9108619164964]},"properties":{"OBJECTID":214,"GlobalID":"31e946f9-1a6c-4490-a978-c86a745cb66e","CreationDate":"Thu, 14 Jan 2021 21:01:55 GMT","Creator":"epowell2_townofchapelhill","EditDate":"Wed, 21 Apr 2021 16:56:15 GMT","Editor":"epowell2_townofchapelhill","ResourceType":"0","ParkingType":"Wave","Capacity":25,"Condition":"Excellent","Lighting":"No","WxProtect":"No","LandUse":"High residential","DistanceBusStop":999,"Notes":null,"Availability":"Public","AccessRating":"Medium","VizRating":"Very high"}},{"type":"Feature","id":215,"geometry":{"type":"Point","coordinates":[-79.0575016512003,35.9105992258595]},"properties":{"OBJECTID":215,"GlobalID":"296c4b62-79b7-437f-aa08-8a3301c916fe","CreationDate":"Thu, 14 Jan 2021 21:01:55 GMT","Creator":"epowell2_townofchapelhill","EditDate":"Wed, 21 Apr 2021 16:55:43 GMT","Editor":"epowell2_townofchapelhill","ResourceType":"0","ParkingType":"Wave","Capacity":55,"Condition":"Excellent","Lighting":"No","WxProtect":"No","LandUse":"High residential","DistanceBusStop":1318,"Notes":null,"Availability":"Public","AccessRating":"Medium","VizRating":"Super high"}},{"type":"Feature","id":229,"geometry":{"type":"Point","coordinates":[-79.0570726670245,35.9106418333869]},"properties":{"OBJECTID":229,"GlobalID":"bcca81e8-3569-4f31-b987-bebdfc258ab2","CreationDate":"Thu, 14 Jan 2021 21:01:55 GMT","Creator":"epowell2_townofchapelhill","EditDate":"Wed, 21 Apr 2021 16:56:02 GMT","Editor":"epowell2_townofchapelhill","ResourceType":"0","ParkingType":"Inverted U","Capacity":16,"Condition":"Excellent","Lighting":"Yes","WxProtect":"Yes","LandUse":"Mid residential","DistanceBusStop":1078,"Notes":null,"Availability":"Public","AccessRating":"Medium","VizRating":"Medium"}},{"type":"Feature","id":232,"geometry":{"type":"Point","coordinates":[-79.0562439496154,35.9095535498678]},"properties":{"OBJECTID":232,"GlobalID":"97455af9-3de8-4a87-b006-277ecd679325","CreationDate":"Thu, 14 Jan 2021 21:01:55 GMT","Creator":"epowell2_townofchapelhill","EditDate":"Fri, 15 Jan 2021 15:52:35 GMT","Editor":"dalmond","ResourceType":"0","ParkingType":"Grid","Capacity":5,"Condition":"Excellent","Lighting":"Yes","WxProtect":"Yes","LandUse":"Institutional","DistanceBusStop":132,"Notes":null,"Availability":"Public","AccessRating":"High","VizRating":"Very low"}},{"type":"Feature","id":233,"geometry":{"type":"Point","coordinates":[-79.0561318623258,35.909488679095]},"properties":{"OBJECTID":233,"GlobalID":"28e97eaf-9a12-4e46-a0f4-85a2a77f0ad2","CreationDate":"Thu, 14 Jan 2021 21:01:55 GMT","Creator":"epowell2_townofchapelhill","EditDate":"Fri, 15 Jan 2021 15:52:35 GMT","Editor":"dalmond","ResourceType":"0","ParkingType":"Grid","Capacity":5,"Condition":"Excellent","Lighting":"Yes","WxProtect":"Yes","LandUse":"Institutional","DistanceBusStop":157,"Notes":null,"Availability":"Public","AccessRating":"High","VizRating":"Low"}},{"type":"Feature","id":234,"geometry":{"type":"Point","coordinates":[-79.0555846167396,35.9129706166109]},"properties":{"OBJECTID":234,"GlobalID":"85d902ff-34e8-45cd-a6da-30c175c721f3","CreationDate":"Thu, 14 Jan 2021 21:01:55 GMT","Creator":"epowell2_townofchapelhill","EditDate":"Fri, 15 Jan 2021 15:52:35 GMT","Editor":"dalmond","ResourceType":"0","ParkingType":"Toast","Capacity":6,"Condition":"Excellent","Lighting":"No","WxProtect":"No","LandUse":"Town center","DistanceBusStop":208,"Notes":null,"Availability":"Public","AccessRating":"High","VizRating":"High"}},{"type":"Feature","id":235,"geometry":{"type":"Point","coordinates":[-79.0555846167396,35.9129706166109]},"properties":{"OBJECTID":235,"GlobalID":"b3e7a6c1-6ae2-464a-afad-c91a348d8fa5","CreationDate":"Thu, 14 Jan 2021 21:01:55 GMT","Creator":"epowell2_townofchapelhill","EditDate":"Fri, 15 Jan 2021 15:52:35 GMT","Editor":"dalmond","ResourceType":"0","ParkingType":"Toast","Capacity":6,"Condition":"Excellent","Lighting":"No","WxProtect":"No","LandUse":"Town center","DistanceBusStop":208,"Notes":null,"Availability":"Public","AccessRating":"High","VizRating":"High"}},{"type":"Feature","id":236,"geometry":{"type":"Point","coordinates":[-79.055471583524,35.9128407663894]},"properties":{"OBJECTID":236,"GlobalID":"fd945deb-8bcc-4aac-a61f-eaf9dcf183e3","CreationDate":"Thu, 14 Jan 2021 21:01:55 GMT","Creator":"epowell2_townofchapelhill","EditDate":"Fri, 15 Jan 2021 15:52:35 GMT","Editor":"dalmond","ResourceType":"0","ParkingType":"Inverted U","Capacity":4,"Condition":"Excellent","Lighting":"No","WxProtect":"No","LandUse":"Town center","DistanceBusStop":267,"Notes":null,"Availability":"Public","AccessRating":"High","VizRating":"Medium"}},{"type":"Feature","id":237,"geometry":{"type":"Point","coordinates":[-79.0546121670883,35.9120194830835]},"properties":{"OBJECTID":237,"GlobalID":"3141312b-5018-4092-b80a-45348bdba18c","CreationDate":"Thu, 14 Jan 2021 21:01:55 GMT","Creator":"epowell2_townofchapelhill","EditDate":"Fri, 15 Jan 2021 15:52:35 GMT","Editor":"dalmond","ResourceType":"0","ParkingType":"Wave","Capacity":6,"Condition":"Excellent","Lighting":"No","WxProtect":"No","LandUse":"Institutional","DistanceBusStop":210,"Notes":null,"Availability":"Public","AccessRating":"Medium","VizRating":"Low"}},{"type":"Feature","id":238,"geometry":{"type":"Point","coordinates":[-79.0544177662709,35.9113996332523]},"properties":{"OBJECTID":238,"GlobalID":"5f8f525c-b9b1-4a30-8f43-980e62843f59","CreationDate":"Thu, 14 Jan 2021 21:01:55 GMT","Creator":"epowell2_townofchapelhill","EditDate":"Fri, 15 Jan 2021 15:52:35 GMT","Editor":"dalmond","ResourceType":"0","ParkingType":"Wave","Capacity":3,"Condition":"Excellent","Lighting":"No","WxProtect":"No","LandUse":"Institutional","DistanceBusStop":119,"Notes":null,"Availability":"Public","AccessRating":"Medium","VizRating":"Very high"}},{"type":"Feature","id":239,"geometry":{"type":"Point","coordinates":[-79.0522388001414,35.9080845167594]},"properties":{"OBJECTID":239,"GlobalID":"bfdc1123-f70d-4a2e-819d-508ea9c28bc4","CreationDate":"Thu, 14 Jan 2021 21:01:55 GMT","Creator":"epowell2_townofchapelhill","EditDate":"Fri, 15 Jan 2021 15:52:35 GMT","Editor":"dalmond","ResourceType":"0","ParkingType":"Wave","Capacity":6,"Condition":"Excellent","Lighting":"Yes","WxProtect":"No","LandUse":"Institutional","DistanceBusStop":536,"Notes":null,"Availability":"Public","AccessRating":"Medium","VizRating":"Very high"}},{"type":"Feature","id":240,"geometry":{"type":"Point","coordinates":[-79.0522879164278,35.9079834831011]},"properties":{"OBJECTID":240,"GlobalID":"970efcff-ec23-4c48-9ee4-d17a598f568a","CreationDate":"Thu, 14 Jan 2021 21:01:55 GMT","Creator":"epowell2_townofchapelhill","EditDate":"Fri, 15 Jan 2021 15:52:35 GMT","Editor":"dalmond","ResourceType":"0","ParkingType":"Wave","Capacity":27,"Condition":"Excellent","Lighting":"No","WxProtect":"No","LandUse":"Institutional","DistanceBusStop":520,"Notes":null,"Availability":"Public","AccessRating":"Medium","VizRating":"Very high"}},{"type":"Feature","id":241,"geometry":{"type":"Point","coordinates":[-79.0526963830825,35.9062443668579]},"properties":{"OBJECTID":241,"GlobalID":"a8e1c5f1-c36a-49de-a377-2644ebba307a","CreationDate":"Thu, 14 Jan 2021 21:01:55 GMT","Creator":"epowell2_townofchapelhill","EditDate":"Fri, 15 Jan 2021 15:52:35 GMT","Editor":"dalmond","ResourceType":"0","ParkingType":"Inverted U","Capacity":10,"Condition":"Excellent","Lighting":"Yes","WxProtect":"No","LandUse":"Institutional","DistanceBusStop":288,"Notes":null,"Availability":"Public","AccessRating":"Medium","VizRating":"Very high"}},{"type":"Feature","id":242,"geometry":{"type":"Point","coordinates":[-79.0528265498654,35.9059358835319]},"properties":{"OBJECTID":242,"GlobalID":"534cfa8c-f9bc-4edd-b2fd-cebcb8eb7856","CreationDate":"Thu, 14 Jan 2021 21:01:55 GMT","Creator":"epowell2_townofchapelhill","EditDate":"Fri, 15 Jan 2021 15:52:35 GMT","Editor":"dalmond","ResourceType":"0","ParkingType":"Wave","Capacity":15,"Condition":"Excellent","Lighting":"Yes","WxProtect":"No","LandUse":"Institutional","DistanceBusStop":357,"Notes":null,"Availability":"Public","AccessRating":"Medium","VizRating":"Very high"}},{"type":"Feature","id":243,"geometry":{"type":"Point","coordinates":[-79.0529200833512,35.9059879664263]},"properties":{"OBJECTID":243,"GlobalID":"f3c5b014-b16c-4547-b3d5-9c0846485cbe","CreationDate":"Thu, 14 Jan 2021 21:01:55 GMT","Creator":"epowell2_townofchapelhill","EditDate":"Fri, 15 Jan 2021 15:52:35 GMT","Editor":"dalmond","ResourceType":"0","ParkingType":"Wave","Capacity":12,"Condition":"Excellent","Lighting":"Yes","WxProtect":"No","LandUse":"Institutional","DistanceBusStop":341,"Notes":null,"Availability":"Public","AccessRating":"Medium","VizRating":"Very high"}},{"type":"Feature","id":244,"geometry":{"type":"Point","coordinates":[-79.0527621334731,35.9054389834917]},"properties":{"OBJECTID":244,"GlobalID":"979eb550-a5ad-4a34-ae69-fee12849884c","CreationDate":"Thu, 14 Jan 2021 21:01:55 GMT","Creator":"epowell2_townofchapelhill","EditDate":"Fri, 15 Jan 2021 15:52:35 GMT","Editor":"dalmond","ResourceType":"0","ParkingType":"Wave","Capacity":12,"Condition":"Excellent","Lighting":"No","WxProtect":"No","LandUse":"Institutional","DistanceBusStop":284,"Notes":null,"Availability":"Public","AccessRating":"Medium","VizRating":"Very high"}},{"type":"Feature","id":245,"geometry":{"type":"Point","coordinates":[-79.0537652507098,35.9049365700092]},"properties":{"OBJECTID":245,"GlobalID":"6070678f-bfdd-4912-8583-f03610765008","CreationDate":"Thu, 14 Jan 2021 21:01:55 GMT","Creator":"epowell2_townofchapelhill","EditDate":"Fri, 15 Jan 2021 15:52:35 GMT","Editor":"dalmond","ResourceType":"0","ParkingType":"Wave","Capacity":6,"Condition":"Excellent","Lighting":"Yes","WxProtect":"No","LandUse":"Institutional","DistanceBusStop":166,"Notes":null,"Availability":"Public","AccessRating":"Medium","VizRating":"Very high"}},{"type":"Feature","id":246,"geometry":{"type":"Point","coordinates":[-79.0545580669486,35.9042605830774]},"properties":{"OBJECTID":246,"GlobalID":"a9fab6fd-3c95-4cf6-af07-1602315774d3","CreationDate":"Thu, 14 Jan 2021 21:01:55 GMT","Creator":"epowell2_townofchapelhill","EditDate":"Fri, 15 Jan 2021 15:52:35 GMT","Editor":"dalmond","ResourceType":"0","ParkingType":"Wave","Capacity":18,"Condition":"Excellent","Lighting":"Yes","WxProtect":"No","LandUse":"Institutional","DistanceBusStop":548,"Notes":null,"Availability":"Public","AccessRating":"Low","VizRating":"Super high"}},{"type":"Feature","id":247,"geometry":{"type":"Point","coordinates":[-79.0559991604971,35.9004109882005]},"properties":{"OBJECTID":247,"GlobalID":"d8132d2b-825f-4896-b4f9-90795f555e02","CreationDate":"Thu, 14 Jan 2021 21:01:55 GMT","Creator":"epowell2_townofchapelhill","EditDate":"Fri, 15 Jan 2021 15:52:35 GMT","Editor":"dalmond","ResourceType":"0","ParkingType":"Wave","Capacity":10,"Condition":"Excellent","Lighting":"No","WxProtect":"Yes","LandUse":"Institutional","DistanceBusStop":1047,"Notes":null,"Availability":"Public","AccessRating":"Low","VizRating":"Medium"}},{"type":"Feature","id":248,"geometry":{"type":"Point","coordinates":[-79.0561409155472,35.9006586528706]},"properties":{"OBJECTID":248,"GlobalID":"920251d1-d24f-4c05-ac5d-c2a799be90d7","CreationDate":"Thu, 14 Jan 2021 21:01:55 GMT","Creator":"epowell2_townofchapelhill","EditDate":"Fri, 15 Jan 2021 15:52:35 GMT","Editor":"dalmond","ResourceType":"0","ParkingType":"Wave","Capacity":10,"Condition":"Excellent","Lighting":"No","WxProtect":"Yes","LandUse":"Institutional","DistanceBusStop":948,"Notes":null,"Availability":"Public","AccessRating":"Low","VizRating":"Low"}},{"type":"Feature","id":249,"geometry":{"type":"Point","coordinates":[-79.0547908509815,35.901301967315]},"properties":{"OBJECTID":249,"GlobalID":"71ae9639-15b3-4bea-af9c-740a74972a0c","CreationDate":"Thu, 14 Jan 2021 21:01:55 GMT","Creator":"epowell2_townofchapelhill","EditDate":"Fri, 15 Jan 2021 15:52:35 GMT","Editor":"dalmond","ResourceType":"0","ParkingType":"Inverted U","Capacity":6,"Condition":"Excellent","Lighting":"No","WxProtect":"No","LandUse":"Institutional","DistanceBusStop":370,"Notes":null,"Availability":"Public","AccessRating":"Medium","VizRating":"Very high"}},{"type":"Feature","id":250,"geometry":{"type":"Point","coordinates":[-79.054992839868,35.9014573620405]},"properties":{"OBJECTID":250,"GlobalID":"68a5e6e1-9e8a-4416-8495-31421464cd71","CreationDate":"Thu, 14 Jan 2021 21:01:55 GMT","Creator":"epowell2_townofchapelhill","EditDate":"Fri, 15 Jan 2021 15:52:35 GMT","Editor":"dalmond","ResourceType":"0","ParkingType":"Wave","Capacity":9,"Condition":"Excellent","Lighting":"Yes","WxProtect":"Yes","LandUse":"Institutional","DistanceBusStop":347,"Notes":null,"Availability":"Public","AccessRating":"Medium","VizRating":"Very high"}},{"type":"Feature","id":251,"geometry":{"type":"Point","coordinates":[-79.0549110707193,35.9016237746569]},"properties":{"OBJECTID":251,"GlobalID":"43733276-3584-4e47-aaee-3572a0eaef2d","CreationDate":"Thu, 14 Jan 2021 21:01:55 GMT","Creator":"epowell2_townofchapelhill","EditDate":"Fri, 15 Jan 2021 15:52:35 GMT","Editor":"dalmond","ResourceType":"0","ParkingType":"Wave","Capacity":9,"Condition":"Excellent","Lighting":"Yes","WxProtect":"Yes","LandUse":"Institutional","DistanceBusStop":281,"Notes":null,"Availability":"Public","AccessRating":"Medium","VizRating":"Very high"}},{"type":"Feature","id":252,"geometry":{"type":"Point","coordinates":[-79.0546533835902,35.9017066002693]},"properties":{"OBJECTID":252,"GlobalID":"742241b9-b19e-4220-be13-22cb5bc311a0","CreationDate":"Thu, 14 Jan 2021 21:01:55 GMT","Creator":"epowell2_townofchapelhill","EditDate":"Fri, 15 Jan 2021 15:52:35 GMT","Editor":"dalmond","ResourceType":"0","ParkingType":"Inverted U","Capacity":30,"Condition":"Excellent","Lighting":"No","WxProtect":"No","LandUse":"Institutional","DistanceBusStop":844,"Notes":null,"Availability":"Public","AccessRating":"Medium","VizRating":"Super high"}},{"type":"Feature","id":253,"geometry":{"type":"Point","coordinates":[-79.0546533835902,35.9017066002693]},"properties":{"OBJECTID":253,"GlobalID":"03701400-e975-4559-91a7-36f5e49bf4f2","CreationDate":"Thu, 14 Jan 2021 21:01:55 GMT","Creator":"epowell2_townofchapelhill","EditDate":"Fri, 15 Jan 2021 15:52:35 GMT","Editor":"dalmond","ResourceType":"0","ParkingType":"Inverted U","Capacity":30,"Condition":"Excellent","Lighting":"No","WxProtect":"No","LandUse":"Institutional","DistanceBusStop":844,"Notes":null,"Availability":"Public","AccessRating":"Medium","VizRating":"Super high"}},{"type":"Feature","id":254,"geometry":{"type":"Point","coordinates":[-79.0543564077438,35.9026125296249]},"properties":{"OBJECTID":254,"GlobalID":"08a9a622-6b68-442a-8d73-a6688972c9e7","CreationDate":"Thu, 14 Jan 2021 21:01:55 GMT","Creator":"epowell2_townofchapelhill","EditDate":"Fri, 15 Jan 2021 15:52:35 GMT","Editor":"dalmond","ResourceType":"0","ParkingType":"Simple grid","Capacity":26,"Condition":"Fair","Lighting":"No","WxProtect":"No","LandUse":"Institutional","DistanceBusStop":219,"Notes":null,"Availability":"Public","AccessRating":"Medium","VizRating":"Very high"}},{"type":"Feature","id":255,"geometry":{"type":"Point","coordinates":[-79.0542551415601,35.9026678876685]},"properties":{"OBJECTID":255,"GlobalID":"39a01f2f-7d00-4d5b-a45f-4ebb784a582c","CreationDate":"Thu, 14 Jan 2021 21:01:55 GMT","Creator":"epowell2_townofchapelhill","EditDate":"Fri, 15 Jan 2021 15:52:35 GMT","Editor":"dalmond","ResourceType":"0","ParkingType":"Inverted U","Capacity":8,"Condition":"Excellent","Lighting":"No","WxProtect":"No","LandUse":"Institutional","DistanceBusStop":250,"Notes":null,"Availability":"Public","AccessRating":"Medium","VizRating":"Very high"}},{"type":"Feature","id":256,"geometry":{"type":"Point","coordinates":[-79.0545293055882,35.9029351131296]},"properties":{"OBJECTID":256,"GlobalID":"aa9b9c60-5012-463b-af84-e12802d9b5dc","CreationDate":"Thu, 14 Jan 2021 21:01:55 GMT","Creator":"epowell2_townofchapelhill","EditDate":"Fri, 15 Jan 2021 15:52:35 GMT","Editor":"dalmond","ResourceType":"0","ParkingType":"Simple grid","Capacity":10,"Condition":"Excellent","Lighting":"No","WxProtect":"No","LandUse":"Institutional","DistanceBusStop":1117,"Notes":null,"Availability":"Public","AccessRating":"Medium","VizRating":"Very high"}},{"type":"Feature","id":257,"geometry":{"type":"Point","coordinates":[-79.0546325525571,35.9029635837218]},"properties":{"OBJECTID":257,"GlobalID":"c9abcfea-8b87-4d58-bbaf-0043eecdcf56","CreationDate":"Thu, 14 Jan 2021 21:01:55 GMT","Creator":"epowell2_townofchapelhill","EditDate":"Fri, 15 Jan 2021 15:52:35 GMT","Editor":"dalmond","ResourceType":"0","ParkingType":"Simple grid","Capacity":20,"Condition":"Fair","Lighting":"Yes","WxProtect":"No","LandUse":"Institutional","DistanceBusStop":1078,"Notes":null,"Availability":"Public","AccessRating":"Medium","VizRating":"High"}},{"type":"Feature","id":258,"geometry":{"type":"Point","coordinates":[-79.0546869015301,35.9029718621447]},"properties":{"OBJECTID":258,"GlobalID":"b12af6a8-e5bf-4a07-8b7a-76c2400d249d","CreationDate":"Thu, 14 Jan 2021 21:01:55 GMT","Creator":"epowell2_townofchapelhill","EditDate":"Fri, 15 Jan 2021 15:52:35 GMT","Editor":"dalmond","ResourceType":"0","ParkingType":"Simple grid","Capacity":10,"Condition":"Excellent","Lighting":"Yes","WxProtect":"No","LandUse":"Institutional","DistanceBusStop":1060,"Notes":null,"Availability":"Public","AccessRating":"Medium","VizRating":"High"}},{"type":"Feature","id":259,"geometry":{"type":"Point","coordinates":[-79.0548393249725,35.902933737879]},"properties":{"OBJECTID":259,"GlobalID":"7ca125ad-9bdc-4325-b320-599720c6798d","CreationDate":"Thu, 14 Jan 2021 21:01:55 GMT","Creator":"epowell2_townofchapelhill","EditDate":"Fri, 15 Jan 2021 15:52:35 GMT","Editor":"dalmond","ResourceType":"0","ParkingType":"Wave","Capacity":9,"Condition":"Excellent","Lighting":"No","WxProtect":"No","LandUse":"Institutional","DistanceBusStop":1022,"Notes":null,"Availability":"Public","AccessRating":"Medium","VizRating":"Medium"}},{"type":"Feature","id":260,"geometry":{"type":"Point","coordinates":[-79.0544169847366,35.9029377166463]},"properties":{"OBJECTID":260,"GlobalID":"6a4f8e78-b192-4a10-a3ea-185f88eacbc8","CreationDate":"Thu, 14 Jan 2021 21:01:55 GMT","Creator":"epowell2_townofchapelhill","EditDate":"Fri, 15 Jan 2021 15:52:35 GMT","Editor":"dalmond","ResourceType":"0","ParkingType":"Inverted U","Capacity":34,"Condition":"Excellent","Lighting":"No","WxProtect":"No","LandUse":"Institutional","DistanceBusStop":1073,"Notes":null,"Availability":"Public","AccessRating":"Medium","VizRating":"Very high"}},{"type":"Feature","id":261,"geometry":{"type":"Point","coordinates":[-79.0540614683781,35.9030771072592]},"properties":{"OBJECTID":261,"GlobalID":"900b72cc-b017-406c-be61-3d5aa2731c3a","CreationDate":"Thu, 14 Jan 2021 21:01:55 GMT","Creator":"epowell2_townofchapelhill","EditDate":"Fri, 15 Jan 2021 15:52:35 GMT","Editor":"dalmond","ResourceType":"0","ParkingType":"Inverted U","Capacity":8,"Condition":"Excellent","Lighting":"No","WxProtect":"No","LandUse":"Institutional","DistanceBusStop":1067,"Notes":null,"Availability":"Public","AccessRating":"Medium","VizRating":"High"}},{"type":"Feature","id":262,"geometry":{"type":"Point","coordinates":[-79.0539606836914,35.9043350665296]},"properties":{"OBJECTID":262,"GlobalID":"403658b8-93a6-4e42-a8db-879c0c248e98","CreationDate":"Thu, 14 Jan 2021 21:01:55 GMT","Creator":"epowell2_townofchapelhill","EditDate":"Fri, 15 Jan 2021 15:52:35 GMT","Editor":"dalmond","ResourceType":"0","ParkingType":"Wave","Capacity":9,"Condition":"Excellent","Lighting":"Yes","WxProtect":"Yes","LandUse":"Institutional","DistanceBusStop":645,"Notes":null,"Availability":"Public","AccessRating":"Medium","VizRating":"Very high"}},{"type":"Feature","id":263,"geometry":{"type":"Point","coordinates":[-79.0539799166217,35.9039639503085]},"properties":{"OBJECTID":263,"GlobalID":"dc6f7af5-31ca-4652-8cab-7c363061cfc1","CreationDate":"Thu, 14 Jan 2021 21:01:55 GMT","Creator":"epowell2_townofchapelhill","EditDate":"Fri, 15 Jan 2021 15:52:35 GMT","Editor":"dalmond","ResourceType":"0","ParkingType":"Inverted U","Capacity":22,"Condition":"Excellent","Lighting":"No","WxProtect":"No","LandUse":"Institutional","DistanceBusStop":676,"Notes":null,"Availability":"Public","AccessRating":"Medium","VizRating":"Very high"}},{"type":"Feature","id":264,"geometry":{"type":"Point","coordinates":[-79.0535782834514,35.9042609832759]},"properties":{"OBJECTID":264,"GlobalID":"feca907f-f6e0-43ca-a888-a6bc853d2370","CreationDate":"Thu, 14 Jan 2021 21:01:55 GMT","Creator":"epowell2_townofchapelhill","EditDate":"Fri, 15 Jan 2021 15:52:35 GMT","Editor":"dalmond","ResourceType":"0","ParkingType":"Wave","Capacity":6,"Condition":"Excellent","Lighting":"Yes","WxProtect":"No","LandUse":"Institutional","DistanceBusStop":562,"Notes":null,"Availability":"Public","AccessRating":"Medium","VizRating":"Super high"}},{"type":"Feature","id":265,"geometry":{"type":"Point","coordinates":[-79.0532897338024,35.9043624109704]},"properties":{"OBJECTID":265,"GlobalID":"0f9817b7-42d4-4c0c-8c97-cf1d684132cb","CreationDate":"Thu, 14 Jan 2021 21:01:55 GMT","Creator":"epowell2_townofchapelhill","EditDate":"Fri, 15 Jan 2021 15:52:35 GMT","Editor":"dalmond","ResourceType":"0","ParkingType":"Wave","Capacity":6,"Condition":"Excellent","Lighting":"Yes","WxProtect":"No","LandUse":"Institutional","DistanceBusStop":487,"Notes":null,"Availability":"Public","AccessRating":"Medium","VizRating":"High"}},{"type":"Feature","id":266,"geometry":{"type":"Point","coordinates":[-79.0528840582133,35.9044514673391]},"properties":{"OBJECTID":266,"GlobalID":"372ce1de-5903-457a-8d4f-de0ce45d52fa","CreationDate":"Thu, 14 Jan 2021 21:01:55 GMT","Creator":"epowell2_townofchapelhill","EditDate":"Fri, 15 Jan 2021 15:52:35 GMT","Editor":"dalmond","ResourceType":"0","ParkingType":"Wave","Capacity":12,"Condition":"Excellent","Lighting":"Yes","WxProtect":"No","LandUse":"Institutional","DistanceBusStop":612,"Notes":null,"Availability":"Public","AccessRating":"Medium","VizRating":"Very high"}},{"type":"Feature","id":267,"geometry":{"type":"Point","coordinates":[-79.0528585819918,35.9044743011512]},"properties":{"OBJECTID":267,"GlobalID":"1aff5ae0-b46e-49a0-9d5b-044bcb98a333","CreationDate":"Thu, 14 Jan 2021 21:01:55 GMT","Creator":"epowell2_townofchapelhill","EditDate":"Fri, 15 Jan 2021 15:52:35 GMT","Editor":"dalmond","ResourceType":"0","ParkingType":"Wave","Capacity":8,"Condition":"Excellent","Lighting":"Yes","WxProtect":"No","LandUse":"Institutional","DistanceBusStop":619,"Notes":null,"Availability":"Public","AccessRating":"Medium","VizRating":"Very high"}},{"type":"Feature","id":268,"geometry":{"type":"Point","coordinates":[-79.05236794015,35.9051251955457]},"properties":{"OBJECTID":268,"GlobalID":"30d8a31f-759c-43ae-ae08-d3e3cb41b613","CreationDate":"Thu, 14 Jan 2021 21:01:55 GMT","Creator":"epowell2_townofchapelhill","EditDate":"Fri, 15 Jan 2021 15:52:35 GMT","Editor":"dalmond","ResourceType":"0","ParkingType":"Wave","Capacity":8,"Condition":"Excellent","Lighting":"No","WxProtect":"Yes","LandUse":"Institutional","DistanceBusStop":866,"Notes":null,"Availability":"Public","AccessRating":"Medium","VizRating":"High"}},{"type":"Feature","id":269,"geometry":{"type":"Point","coordinates":[-79.053076254565,35.9051931477498]},"properties":{"OBJECTID":269,"GlobalID":"4faac233-88b6-40e7-b3c8-e81fc447aaeb","CreationDate":"Thu, 14 Jan 2021 21:01:55 GMT","Creator":"epowell2_townofchapelhill","EditDate":"Fri, 15 Jan 2021 15:52:35 GMT","Editor":"dalmond","ResourceType":"0","ParkingType":"Wave","Capacity":3,"Condition":"Excellent","Lighting":"No","WxProtect":"No","LandUse":"Institutional","DistanceBusStop":200,"Notes":null,"Availability":"Public","AccessRating":"Medium","VizRating":"Very high"}},{"type":"Feature","id":270,"geometry":{"type":"Point","coordinates":[-79.0542970830024,35.9130042332143]},"properties":{"OBJECTID":270,"GlobalID":"54f59bc6-5a1d-4a29-895c-f8c79e42041a","CreationDate":"Thu, 14 Jan 2021 21:01:55 GMT","Creator":"epowell2_townofchapelhill","EditDate":"Fri, 15 Jan 2021 15:52:35 GMT","Editor":"dalmond","ResourceType":"0","ParkingType":"Inverted U","Capacity":4,"Condition":"Fair","Lighting":"No","WxProtect":"No","LandUse":"Institutional","DistanceBusStop":402,"Notes":null,"Availability":"Public","AccessRating":"Medium","VizRating":"High"}},{"type":"Feature","id":271,"geometry":{"type":"Point","coordinates":[-79.0539987839376,35.9125337173315]},"properties":{"OBJECTID":271,"GlobalID":"8787c5bc-fda4-4d64-8bb2-6cbd300b3ded","CreationDate":"Thu, 14 Jan 2021 21:01:55 GMT","Creator":"epowell2_townofchapelhill","EditDate":"Fri, 15 Jan 2021 15:52:35 GMT","Editor":"dalmond","ResourceType":"0","ParkingType":"Inverted U","Capacity":14,"Condition":"Excellent","Lighting":"No","WxProtect":"No","LandUse":"Institutional","DistanceBusStop":507,"Notes":null,"Availability":"Public","AccessRating":"Medium","VizRating":"High"}},{"type":"Feature","id":272,"geometry":{"type":"Point","coordinates":[-79.0542442189446,35.9120357644703]},"properties":{"OBJECTID":272,"GlobalID":"b1a3a0fd-82c9-4816-8f7f-536284248c1d","CreationDate":"Thu, 14 Jan 2021 21:01:55 GMT","Creator":"epowell2_townofchapelhill","EditDate":"Fri, 15 Jan 2021 15:52:35 GMT","Editor":"dalmond","ResourceType":"0","ParkingType":"Wave","Capacity":6,"Condition":"Excellent","Lighting":"No","WxProtect":"No","LandUse":"Institutional","DistanceBusStop":387,"Notes":null,"Availability":"Public","AccessRating":"Medium","VizRating":"Very high"}},{"type":"Feature","id":273,"geometry":{"type":"Point","coordinates":[-79.0534553669711,35.9124012500917]},"properties":{"OBJECTID":273,"GlobalID":"92d77c4f-e230-4d6f-8576-dec3b05bb2c3","CreationDate":"Thu, 14 Jan 2021 21:01:55 GMT","Creator":"epowell2_townofchapelhill","EditDate":"Fri, 15 Jan 2021 15:52:35 GMT","Editor":"dalmond","ResourceType":"0","ParkingType":"Inverted U","Capacity":8,"Condition":"Excellent","Lighting":"No","WxProtect":"No","LandUse":"Institutional","DistanceBusStop":529,"Notes":null,"Availability":"Public","AccessRating":"Medium","VizRating":"High"}},{"type":"Feature","id":274,"geometry":{"type":"Point","coordinates":[-79.0533593999493,35.9117532166717]},"properties":{"OBJECTID":274,"GlobalID":"244a6098-adb1-4ab8-90f4-9f1ea695fc39","CreationDate":"Thu, 14 Jan 2021 21:01:55 GMT","Creator":"epowell2_townofchapelhill","EditDate":"Fri, 15 Jan 2021 15:52:35 GMT","Editor":"dalmond","ResourceType":"0","ParkingType":"Wave","Capacity":18,"Condition":"Excellent","Lighting":"No","WxProtect":"No","LandUse":"Institutional","DistanceBusStop":318,"Notes":null,"Availability":"Public","AccessRating":"Medium","VizRating":"High"}},{"type":"Feature","id":275,"geometry":{"type":"Point","coordinates":[-79.0535733499039,35.9109448663133]},"properties":{"OBJECTID":275,"GlobalID":"2dfe184e-6d11-44aa-a85f-4e3d6fc4b722","CreationDate":"Thu, 14 Jan 2021 21:01:55 GMT","Creator":"epowell2_townofchapelhill","EditDate":"Fri, 15 Jan 2021 15:52:35 GMT","Editor":"dalmond","ResourceType":"0","ParkingType":"Inverted U","Capacity":12,"Condition":"Excellent","Lighting":"No","WxProtect":"No","LandUse":"Institutional","DistanceBusStop":66,"Notes":null,"Availability":"Public","AccessRating":"Medium","VizRating":"High"}},{"type":"Feature","id":276,"geometry":{"type":"Point","coordinates":[-79.0536467503474,35.9107930335007]},"properties":{"OBJECTID":276,"GlobalID":"baa5d42a-2f54-475b-9542-9f5e9cbea047","CreationDate":"Thu, 14 Jan 2021 21:01:55 GMT","Creator":"epowell2_townofchapelhill","EditDate":"Fri, 15 Jan 2021 15:52:35 GMT","Editor":"dalmond","ResourceType":"0","ParkingType":"Wave","Capacity":3,"Condition":"Excellent","Lighting":"No","WxProtect":"No","LandUse":"Institutional","DistanceBusStop":103,"Notes":null,"Availability":"Public","AccessRating":"Medium","VizRating":"High"}},{"type":"Feature","id":277,"geometry":{"type":"Point","coordinates":[-79.0537420032086,35.9107442525896]},"properties":{"OBJECTID":277,"GlobalID":"7ac05ba4-bfa2-4ed9-96b4-e16d84c92874","CreationDate":"Thu, 14 Jan 2021 21:01:55 GMT","Creator":"epowell2_townofchapelhill","EditDate":"Fri, 15 Jan 2021 15:52:35 GMT","Editor":"dalmond","ResourceType":"0","ParkingType":"Wave","Capacity":3,"Condition":"Excellent","Lighting":"No","WxProtect":"No","LandUse":"Institutional","DistanceBusStop":136,"Notes":null,"Availability":"Public","AccessRating":"Medium","VizRating":"Medium"}},{"type":"Feature","id":278,"geometry":{"type":"Point","coordinates":[-79.0533672503265,35.9110031331801]},"properties":{"OBJECTID":278,"GlobalID":"2d49cd9c-2ab2-4371-b27b-5cd6974465cd","CreationDate":"Thu, 14 Jan 2021 21:01:55 GMT","Creator":"epowell2_townofchapelhill","EditDate":"Fri, 15 Jan 2021 15:52:35 GMT","Editor":"dalmond","ResourceType":"0","ParkingType":"Multiple","Capacity":25,"Condition":"Excellent","Lighting":"No","WxProtect":"No","LandUse":"Institutional","DistanceBusStop":82,"Notes":"Seven waves and two Inverted Us","Availability":"Public","AccessRating":"Medium","VizRating":"Very high"}},{"type":"Feature","id":279,"geometry":{"type":"Point","coordinates":[-79.0529287835347,35.9110639166723]},"properties":{"OBJECTID":279,"GlobalID":"7df100fc-a41b-45ac-8d8d-23eedacae9e6","CreationDate":"Thu, 14 Jan 2021 21:01:55 GMT","Creator":"epowell2_townofchapelhill","EditDate":"Fri, 15 Jan 2021 15:52:35 GMT","Editor":"dalmond","ResourceType":"0","ParkingType":"Wave","Capacity":39,"Condition":"Excellent","Lighting":"Yes","WxProtect":"No","LandUse":"Institutional","DistanceBusStop":179,"Notes":null,"Availability":"Public","AccessRating":"High","VizRating":"High"}},{"type":"Feature","id":280,"geometry":{"type":"Point","coordinates":[-79.0528013997324,35.9110701832415]},"properties":{"OBJECTID":280,"GlobalID":"3e2fa8c7-4219-46a1-941a-e4f2874316bf","CreationDate":"Thu, 14 Jan 2021 21:01:55 GMT","Creator":"epowell2_townofchapelhill","EditDate":"Fri, 15 Jan 2021 15:52:35 GMT","Editor":"dalmond","ResourceType":"0","ParkingType":"Multiple","Capacity":18,"Condition":"Excellent","Lighting":"Yes","WxProtect":"No","LandUse":"Institutional","DistanceBusStop":212,"Notes":"Four waves and three inverted Us","Availability":"Public","AccessRating":"High","VizRating":"High"}},{"type":"Feature","id":281,"geometry":{"type":"Point","coordinates":[-79.0533094796706,35.9102449220731]},"properties":{"OBJECTID":281,"GlobalID":"f06ac184-d74f-4c40-9851-5f903eb5cc36","CreationDate":"Thu, 14 Jan 2021 21:01:55 GMT","Creator":"epowell2_townofchapelhill","EditDate":"Fri, 15 Jan 2021 15:52:35 GMT","Editor":"dalmond","ResourceType":"0","ParkingType":"Wave","Capacity":9,"Condition":"Excellent","Lighting":"No","WxProtect":"No","LandUse":"Institutional","DistanceBusStop":501,"Notes":null,"Availability":"Public","AccessRating":"High","VizRating":"Very high"}},{"type":"Feature","id":282,"geometry":{"type":"Point","coordinates":[-79.0531143170819,35.9101280335762]},"properties":{"OBJECTID":282,"GlobalID":"d912b1f1-9c21-404a-9e91-eb369673b959","CreationDate":"Thu, 14 Jan 2021 21:01:55 GMT","Creator":"epowell2_townofchapelhill","EditDate":"Fri, 15 Jan 2021 15:52:35 GMT","Editor":"dalmond","ResourceType":"0","ParkingType":"Wave","Capacity":12,"Condition":"Excellent","Lighting":"Yes","WxProtect":"No","LandUse":"Institutional","DistanceBusStop":477,"Notes":null,"Availability":"Public","AccessRating":"Medium","VizRating":"High"}},{"type":"Feature","id":283,"geometry":{"type":"Point","coordinates":[-79.0529161226791,35.9099234488241]},"properties":{"OBJECTID":283,"GlobalID":"d8c70107-a656-433b-90f3-05682e6c918e","CreationDate":"Thu, 14 Jan 2021 21:01:55 GMT","Creator":"epowell2_townofchapelhill","EditDate":"Fri, 15 Jan 2021 15:52:35 GMT","Editor":"dalmond","ResourceType":"0","ParkingType":"Wave","Capacity":15,"Condition":"Excellent","Lighting":"Yes","WxProtect":"No","LandUse":"Institutional","DistanceBusStop":383,"Notes":null,"Availability":"Public","AccessRating":"Medium","VizRating":"High"}},{"type":"Feature","id":284,"geometry":{"type":"Point","coordinates":[-79.0527751132306,35.9092712151189]},"properties":{"OBJECTID":284,"GlobalID":"7925a9b5-8f4a-499b-9d88-ca9b65253094","CreationDate":"Thu, 14 Jan 2021 21:01:55 GMT","Creator":"epowell2_townofchapelhill","EditDate":"Fri, 15 Jan 2021 15:52:35 GMT","Editor":"dalmond","ResourceType":"0","ParkingType":"Wave","Capacity":9,"Condition":"Excellent","Lighting":"No","WxProtect":"No","LandUse":"Institutional","DistanceBusStop":212,"Notes":null,"Availability":"Public","AccessRating":"Medium","VizRating":"Very high"}},{"type":"Feature","id":285,"geometry":{"type":"Point","coordinates":[-79.0526861692377,35.9091046767035]},"properties":{"OBJECTID":285,"GlobalID":"f9144c7e-e201-4a77-bdc6-73b6d926594b","CreationDate":"Thu, 14 Jan 2021 21:01:55 GMT","Creator":"epowell2_townofchapelhill","EditDate":"Fri, 15 Jan 2021 15:52:35 GMT","Editor":"dalmond","ResourceType":"0","ParkingType":"Multiple","Capacity":5,"Condition":"Excellent","Lighting":"Yes","WxProtect":"No","LandUse":"Institutional","DistanceBusStop":413,"Notes":null,"Availability":"Public","AccessRating":"Medium","VizRating":"High"}},{"type":"Feature","id":287,"geometry":{"type":"Point","coordinates":[-79.0528172163697,35.9127996166115]},"properties":{"OBJECTID":287,"GlobalID":"837eeb3a-bae6-4eef-b2c5-16d4acfc2f91","CreationDate":"Thu, 14 Jan 2021 21:01:55 GMT","Creator":"epowell2_townofchapelhill","EditDate":"Fri, 15 Jan 2021 15:52:35 GMT","Editor":"dalmond","ResourceType":"0","ParkingType":"Inverted U","Capacity":12,"Condition":"Excellent","Lighting":"Yes","WxProtect":"No","LandUse":"Institutional","DistanceBusStop":679,"Notes":null,"Availability":"Public","AccessRating":"Medium","VizRating":"High"}},{"type":"Feature","id":288,"geometry":{"type":"Point","coordinates":[-79.0520065227583,35.9122658549285]},"properties":{"OBJECTID":288,"GlobalID":"46a51c7b-f23d-41f1-bda0-195d6f8c6362","CreationDate":"Thu, 14 Jan 2021 21:01:55 GMT","Creator":"epowell2_townofchapelhill","EditDate":"Fri, 15 Jan 2021 15:52:35 GMT","Editor":"dalmond","ResourceType":"0","ParkingType":"Wave","Capacity":15,"Condition":"Excellent","Lighting":"Yes","WxProtect":"No","LandUse":"Institutional","DistanceBusStop":689,"Notes":null,"Availability":"Public","AccessRating":"Medium","VizRating":"High"}},{"type":"Feature","id":289,"geometry":{"type":"Point","coordinates":[-79.0518818330036,35.9119900000722]},"properties":{"OBJECTID":289,"GlobalID":"f18e6050-299d-4252-8103-bfcfc6e773d3","CreationDate":"Thu, 14 Jan 2021 21:01:55 GMT","Creator":"epowell2_townofchapelhill","EditDate":"Fri, 15 Jan 2021 15:52:35 GMT","Editor":"dalmond","ResourceType":"0","ParkingType":"Wave","Capacity":9,"Condition":"Excellent","Lighting":"No","WxProtect":"No","LandUse":"Institutional","DistanceBusStop":699,"Notes":null,"Availability":"Public","AccessRating":"Medium","VizRating":"Very high"}},{"type":"Feature","id":290,"geometry":{"type":"Point","coordinates":[-79.0526073232069,35.9117458333446]},"properties":{"OBJECTID":290,"GlobalID":"780367ea-f84f-45e1-a318-8923f9f6975e","CreationDate":"Thu, 14 Jan 2021 21:01:55 GMT","Creator":"epowell2_townofchapelhill","EditDate":"Fri, 15 Jan 2021 15:52:35 GMT","Editor":"dalmond","ResourceType":"0","ParkingType":"Wave","Capacity":3,"Condition":"Excellent","Lighting":"Yes","WxProtect":"No","LandUse":"Institutional","DistanceBusStop":376,"Notes":null,"Availability":"Public","AccessRating":"Medium","VizRating":"High"}},{"type":"Feature","id":291,"geometry":{"type":"Point","coordinates":[-79.0513006679306,35.9109946125885]},"properties":{"OBJECTID":291,"GlobalID":"bf158263-d1ef-4464-b9c0-82dfb730244f","CreationDate":"Thu, 14 Jan 2021 21:01:55 GMT","Creator":"epowell2_townofchapelhill","EditDate":"Fri, 15 Jan 2021 15:52:35 GMT","Editor":"dalmond","ResourceType":"0","ParkingType":"Wave","Capacity":3,"Condition":"Excellent","Lighting":"No","WxProtect":"No","LandUse":"Institutional","DistanceBusStop":864,"Notes":null,"Availability":"Public","AccessRating":"Medium","VizRating":"Very high"}},{"type":"Feature","id":292,"geometry":{"type":"Point","coordinates":[-79.0513561667472,35.9114797500862]},"properties":{"OBJECTID":292,"GlobalID":"7fb83e92-b74a-4fe7-a65d-aea54fd465ed","CreationDate":"Thu, 14 Jan 2021 21:01:55 GMT","Creator":"epowell2_townofchapelhill","EditDate":"Fri, 15 Jan 2021 15:52:35 GMT","Editor":"dalmond","ResourceType":"0","ParkingType":"Wave","Capacity":3,"Condition":"Excellent","Lighting":"No","WxProtect":"No","LandUse":"Institutional","DistanceBusStop":697,"Notes":null,"Availability":"Public","AccessRating":"High","VizRating":"Medium"}},{"type":"Feature","id":293,"geometry":{"type":"Point","coordinates":[-79.051641590259,35.9106109463696]},"properties":{"OBJECTID":293,"GlobalID":"9403c24b-1cf3-4fb3-b6fe-c53af3db370b","CreationDate":"Thu, 14 Jan 2021 21:01:55 GMT","Creator":"epowell2_townofchapelhill","EditDate":"Fri, 15 Jan 2021 15:52:35 GMT","Editor":"dalmond","ResourceType":"0","ParkingType":"Wave","Capacity":6,"Condition":"Excellent","Lighting":"Yes","WxProtect":"No","LandUse":"Institutional","DistanceBusStop":751,"Notes":null,"Availability":"Public","AccessRating":"High","VizRating":"Very high"}},{"type":"Feature","id":294,"geometry":{"type":"Point","coordinates":[-79.0521848482237,35.9103436064059]},"properties":{"OBJECTID":294,"GlobalID":"a6af0631-0b25-435c-898f-42053a418fa3","CreationDate":"Thu, 14 Jan 2021 21:01:55 GMT","Creator":"epowell2_townofchapelhill","EditDate":"Fri, 15 Jan 2021 15:52:35 GMT","Editor":"dalmond","ResourceType":"0","ParkingType":"Multiple","Capacity":23,"Condition":"Excellent","Lighting":"Yes","WxProtect":"Yes","LandUse":"Institutional","DistanceBusStop":698,"Notes":"Four waves and seven inverted Us","Availability":"Public","AccessRating":"Medium","VizRating":"High"}},{"type":"Feature","id":295,"geometry":{"type":"Point","coordinates":[-79.0519927003811,35.909946649941]},"properties":{"OBJECTID":295,"GlobalID":"7768a655-19c9-4467-b324-04552a4af204","CreationDate":"Thu, 14 Jan 2021 21:01:55 GMT","Creator":"epowell2_townofchapelhill","EditDate":"Fri, 15 Jan 2021 15:52:35 GMT","Editor":"dalmond","ResourceType":"0","ParkingType":"Wave","Capacity":15,"Condition":"Excellent","Lighting":"Yes","WxProtect":"No","LandUse":"Institutional","DistanceBusStop":510,"Notes":null,"Availability":"Public","AccessRating":"Medium","VizRating":"Super high"}},{"type":"Feature","id":296,"geometry":{"type":"Point","coordinates":[-79.051487002775,35.9094752878819]},"properties":{"OBJECTID":296,"GlobalID":"64624387-d43e-43a6-ad7b-ebb4045ddc83","CreationDate":"Thu, 14 Jan 2021 21:01:55 GMT","Creator":"epowell2_townofchapelhill","EditDate":"Fri, 15 Jan 2021 15:52:35 GMT","Editor":"dalmond","ResourceType":"0","ParkingType":"Wave","Capacity":10,"Condition":"Excellent","Lighting":"No","WxProtect":"No","LandUse":"Institutional","DistanceBusStop":479,"Notes":null,"Availability":"Public","AccessRating":"Medium","VizRating":"Super high"}},{"type":"Feature","id":297,"geometry":{"type":"Point","coordinates":[-79.0512811502344,35.9094201499658]},"properties":{"OBJECTID":297,"GlobalID":"8812c8ee-fc63-4687-87a7-1ae896b48da4","CreationDate":"Thu, 14 Jan 2021 21:01:55 GMT","Creator":"epowell2_townofchapelhill","EditDate":"Fri, 15 Jan 2021 15:52:35 GMT","Editor":"dalmond","ResourceType":"0","ParkingType":"Inverted U","Capacity":12,"Condition":"Excellent","Lighting":"No","WxProtect":"No","LandUse":"Institutional","DistanceBusStop":525,"Notes":null,"Availability":"Public","AccessRating":"High","VizRating":"Super high"}},{"type":"Feature","id":299,"geometry":{"type":"Point","coordinates":[-79.0513897835017,35.9090536334032]},"properties":{"OBJECTID":299,"GlobalID":"5519d2b6-8911-4740-9be3-8b67687fd158","CreationDate":"Thu, 14 Jan 2021 21:01:55 GMT","Creator":"epowell2_townofchapelhill","EditDate":"Fri, 15 Jan 2021 15:52:35 GMT","Editor":"dalmond","ResourceType":"0","ParkingType":"Wave","Capacity":3,"Condition":"Excellent","Lighting":"Yes","WxProtect":"Yes","LandUse":"Institutional","DistanceBusStop":479,"Notes":null,"Availability":"Public","AccessRating":"Medium","VizRating":"Medium"}},{"type":"Feature","id":300,"geometry":{"type":"Point","coordinates":[-79.0514031288736,35.9090859776621]},"properties":{"OBJECTID":300,"GlobalID":"241f38ab-64c6-4d28-a189-98f155dbedf9","CreationDate":"Thu, 14 Jan 2021 21:01:55 GMT","Creator":"epowell2_townofchapelhill","EditDate":"Fri, 15 Jan 2021 15:52:35 GMT","Editor":"dalmond","ResourceType":"0","ParkingType":"Wave","Capacity":6,"Condition":"Excellent","Lighting":"Yes","WxProtect":"Yes","LandUse":"Institutional","DistanceBusStop":479,"Notes":null,"Availability":"Public","AccessRating":"Medium","VizRating":"Medium"}},{"type":"Feature","id":301,"geometry":{"type":"Point","coordinates":[-79.0511495156043,35.9096838034728]},"properties":{"OBJECTID":301,"GlobalID":"bb73c2fb-5839-4444-87c7-9c1dd6e69b97","CreationDate":"Thu, 14 Jan 2021 21:01:55 GMT","Creator":"epowell2_townofchapelhill","EditDate":"Fri, 15 Jan 2021 15:52:35 GMT","Editor":"dalmond","ResourceType":"0","ParkingType":"Wave","Capacity":24,"Condition":"Excellent","Lighting":"Yes","WxProtect":"No","LandUse":"Institutional","DistanceBusStop":583,"Notes":null,"Availability":"Public","AccessRating":"Medium","VizRating":"Super high"}},{"type":"Feature","id":302,"geometry":{"type":"Point","coordinates":[-79.0511819995832,35.9084951169643]},"properties":{"OBJECTID":302,"GlobalID":"94a872a7-e083-4d02-be49-81ad956fc60c","CreationDate":"Thu, 14 Jan 2021 21:01:55 GMT","Creator":"epowell2_townofchapelhill","EditDate":"Fri, 15 Jan 2021 15:52:35 GMT","Editor":"dalmond","ResourceType":"0","ParkingType":"Wave","Capacity":12,"Condition":"Excellent","Lighting":"Yes","WxProtect":"No","LandUse":"Institutional","DistanceBusStop":392,"Notes":null,"Availability":"Public","AccessRating":"Medium","VizRating":"High"}},{"type":"Feature","id":303,"geometry":{"type":"Point","coordinates":[-79.0514386168189,35.9076188436472]},"properties":{"OBJECTID":303,"GlobalID":"5df65fe8-756d-4108-a240-c4883aea7e50","CreationDate":"Thu, 14 Jan 2021 21:01:55 GMT","Creator":"epowell2_townofchapelhill","EditDate":"Fri, 15 Jan 2021 15:52:35 GMT","Editor":"dalmond","ResourceType":"0","ParkingType":"Wave","Capacity":12,"Condition":"Excellent","Lighting":"Yes","WxProtect":"Yes","LandUse":"Institutional","DistanceBusStop":736,"Notes":null,"Availability":"Public","AccessRating":"Medium","VizRating":"Very high"}},{"type":"Feature","id":304,"geometry":{"type":"Point","coordinates":[-79.0513789695823,35.9072359345047]},"properties":{"OBJECTID":304,"GlobalID":"49dccf64-6290-4d56-9309-f7ee2f438d05","CreationDate":"Thu, 14 Jan 2021 21:01:55 GMT","Creator":"epowell2_townofchapelhill","EditDate":"Fri, 15 Jan 2021 15:52:35 GMT","Editor":"dalmond","ResourceType":"0","ParkingType":"Wave","Capacity":6,"Condition":"Excellent","Lighting":"Yes","WxProtect":"No","LandUse":"Institutional","DistanceBusStop":455,"Notes":null,"Availability":"Public","AccessRating":"Medium","VizRating":"Medium"}},{"type":"Feature","id":305,"geometry":{"type":"Point","coordinates":[-79.0513143834083,35.9071458320602]},"properties":{"OBJECTID":305,"GlobalID":"abb52e90-ffef-40f0-bbfe-35a491411ee7","CreationDate":"Thu, 14 Jan 2021 21:01:55 GMT","Creator":"epowell2_townofchapelhill","EditDate":"Fri, 15 Jan 2021 15:52:35 GMT","Editor":"dalmond","ResourceType":"0","ParkingType":"Wave","Capacity":18,"Condition":"Excellent","Lighting":"Yes","WxProtect":"Yes","LandUse":"Institutional","DistanceBusStop":484,"Notes":null,"Availability":"Public","AccessRating":"Medium","VizRating":"Very low"}},{"type":"Feature","id":306,"geometry":{"type":"Point","coordinates":[-79.0507088129057,35.9071293204709]},"properties":{"OBJECTID":306,"GlobalID":"9f2df32a-ebbb-4b62-93d9-93a52669a989","CreationDate":"Thu, 14 Jan 2021 21:01:55 GMT","Creator":"epowell2_townofchapelhill","EditDate":"Fri, 15 Jan 2021 15:52:35 GMT","Editor":"dalmond","ResourceType":"0","ParkingType":"Wave","Capacity":12,"Condition":"Excellent","Lighting":"Yes","WxProtect":"Yes","LandUse":"Institutional","DistanceBusStop":755,"Notes":null,"Availability":"Public","AccessRating":"Medium","VizRating":"Medium"}},{"type":"Feature","id":308,"geometry":{"type":"Point","coordinates":[-79.0513374332802,35.9078464403662]},"properties":{"OBJECTID":308,"GlobalID":"b03a6943-a8ac-48cf-8df0-0a6a828c6612","CreationDate":"Thu, 14 Jan 2021 21:01:55 GMT","Creator":"epowell2_townofchapelhill","EditDate":"Fri, 15 Jan 2021 15:52:35 GMT","Editor":"dalmond","ResourceType":"0","ParkingType":"Wave","Capacity":12,"Condition":"Excellent","Lighting":"Yes","WxProtect":"Yes","LandUse":"Institutional","DistanceBusStop":708,"Notes":null,"Availability":"Public","AccessRating":"Medium","VizRating":"Very high"}},{"type":"Feature","id":309,"geometry":{"type":"Point","coordinates":[-79.0509387591605,35.9078827265296]},"properties":{"OBJECTID":309,"GlobalID":"b3889ebd-ce21-4723-a987-43a2a573d62f","CreationDate":"Thu, 14 Jan 2021 21:01:55 GMT","Creator":"epowell2_townofchapelhill","EditDate":"Fri, 15 Jan 2021 15:52:35 GMT","Editor":"dalmond","ResourceType":"0","ParkingType":"Wave","Capacity":12,"Condition":"Excellent","Lighting":"Yes","WxProtect":"Yes","LandUse":"Institutional","DistanceBusStop":541,"Notes":null,"Availability":"Public","AccessRating":"Medium","VizRating":"Super high"}},{"type":"Feature","id":310,"geometry":{"type":"Point","coordinates":[-79.0509064970654,35.9081695620591]},"properties":{"OBJECTID":310,"GlobalID":"2f061e7c-1196-42ee-b8ee-49d10d6133cc","CreationDate":"Thu, 14 Jan 2021 21:01:55 GMT","Creator":"epowell2_townofchapelhill","EditDate":"Fri, 15 Jan 2021 15:52:35 GMT","Editor":"dalmond","ResourceType":"0","ParkingType":"Wave","Capacity":12,"Condition":"Excellent","Lighting":"No","WxProtect":"No","LandUse":"Institutional","DistanceBusStop":684,"Notes":null,"Availability":"Public","AccessRating":"Medium","VizRating":"Very high"}},{"type":"Feature","id":311,"geometry":{"type":"Point","coordinates":[-79.0503251747871,35.9078932854646]},"properties":{"OBJECTID":311,"GlobalID":"cfc763c2-78e1-4bba-8ce6-8cb2cbbdb15f","CreationDate":"Thu, 14 Jan 2021 21:01:55 GMT","Creator":"epowell2_townofchapelhill","EditDate":"Fri, 15 Jan 2021 15:52:35 GMT","Editor":"dalmond","ResourceType":"0","ParkingType":"Wave","Capacity":6,"Condition":"Excellent","Lighting":"Yes","WxProtect":"No","LandUse":"Institutional","DistanceBusStop":456,"Notes":null,"Availability":"Public","AccessRating":"Medium","VizRating":"Very high"}},{"type":"Feature","id":312,"geometry":{"type":"Point","coordinates":[-79.0503484151019,35.9078450921222]},"properties":{"OBJECTID":312,"GlobalID":"5ad278c6-50fa-4d79-b9c5-bb19cc826f5a","CreationDate":"Thu, 14 Jan 2021 21:01:55 GMT","Creator":"epowell2_townofchapelhill","EditDate":"Fri, 15 Jan 2021 15:52:35 GMT","Editor":"dalmond","ResourceType":"0","ParkingType":"Inverted U","Capacity":10,"Condition":"Excellent","Lighting":"Yes","WxProtect":"No","LandUse":"Institutional","DistanceBusStop":472,"Notes":null,"Availability":"Public","AccessRating":"Medium","VizRating":"Very high"}},{"type":"Feature","id":313,"geometry":{"type":"Point","coordinates":[-79.0501472571569,35.9080980260788]},"properties":{"OBJECTID":313,"GlobalID":"e2e566e0-50cf-4e90-8ec6-34aa084c9711","CreationDate":"Thu, 14 Jan 2021 21:01:55 GMT","Creator":"epowell2_townofchapelhill","EditDate":"Fri, 15 Jan 2021 15:52:35 GMT","Editor":"dalmond","ResourceType":"0","ParkingType":"Inverted U","Capacity":2,"Condition":"Excellent","Lighting":"No","WxProtect":"No","LandUse":"Institutional","DistanceBusStop":466,"Notes":null,"Availability":"Public","AccessRating":"Low","VizRating":"Low"}},{"type":"Feature","id":314,"geometry":{"type":"Point","coordinates":[-79.0514123554699,35.9068928892391]},"properties":{"OBJECTID":314,"GlobalID":"5051310b-32c0-4e69-b816-26e95566caf5","CreationDate":"Thu, 14 Jan 2021 21:01:55 GMT","Creator":"epowell2_townofchapelhill","EditDate":"Fri, 15 Jan 2021 15:52:35 GMT","Editor":"dalmond","ResourceType":"0","ParkingType":"Inverted U","Capacity":4,"Condition":"Excellent","Lighting":"Yes","WxProtect":"No","LandUse":"Institutional","DistanceBusStop":505,"Notes":null,"Availability":"Public","AccessRating":"Medium","VizRating":"Super high"}},{"type":"Feature","id":315,"geometry":{"type":"Point","coordinates":[-79.0518865590404,35.9071550159163]},"properties":{"OBJECTID":315,"GlobalID":"6a216300-10e6-4201-a8f5-f30dfcd304b5","CreationDate":"Thu, 14 Jan 2021 21:01:55 GMT","Creator":"epowell2_townofchapelhill","EditDate":"Fri, 15 Jan 2021 15:52:35 GMT","Editor":"dalmond","ResourceType":"0","ParkingType":"Wave","Capacity":6,"Condition":"Excellent","Lighting":"No","WxProtect":"No","LandUse":"Institutional","DistanceBusStop":343,"Notes":null,"Availability":"Public","AccessRating":"Medium","VizRating":"Super high"}},{"type":"Feature","id":316,"geometry":{"type":"Point","coordinates":[-79.0520595727674,35.9076103023182]},"properties":{"OBJECTID":316,"GlobalID":"5b83bf00-117e-4669-af83-94e39df890d9","CreationDate":"Thu, 14 Jan 2021 21:01:55 GMT","Creator":"epowell2_townofchapelhill","EditDate":"Fri, 15 Jan 2021 15:52:35 GMT","Editor":"dalmond","ResourceType":"0","ParkingType":"Inverted U","Capacity":4,"Condition":"Excellent","Lighting":"No","WxProtect":"No","LandUse":"Institutional","DistanceBusStop":734,"Notes":null,"Availability":"Public","AccessRating":"Medium","VizRating":"Super high"}},{"type":"Feature","id":317,"geometry":{"type":"Point","coordinates":[-79.0528169926891,35.9138353572652]},"properties":{"OBJECTID":317,"GlobalID":"34f1a254-f273-4413-aa3a-d787f8d3d43b","CreationDate":"Thu, 14 Jan 2021 21:01:55 GMT","Creator":"epowell2_townofchapelhill","EditDate":"Fri, 15 Jan 2021 15:52:35 GMT","Editor":"dalmond","ResourceType":"0","ParkingType":"Wave","Capacity":6,"Condition":"Excellent","Lighting":"Yes","WxProtect":"No","LandUse":"Institutional","DistanceBusStop":249,"Notes":null,"Availability":"Public","AccessRating":"Medium","VizRating":"High"}},{"type":"Feature","id":318,"geometry":{"type":"Point","coordinates":[-79.051197954561,35.9115265355558]},"properties":{"OBJECTID":318,"GlobalID":"d63778c1-67a5-4f03-90f0-2b20dcfc9a97","CreationDate":"Thu, 14 Jan 2021 21:01:55 GMT","Creator":"epowell2_townofchapelhill","EditDate":"Fri, 15 Jan 2021 15:52:35 GMT","Editor":"dalmond","ResourceType":"0","ParkingType":"Wave","Capacity":3,"Condition":"Excellent","Lighting":"No","WxProtect":"No","LandUse":"Institutional","DistanceBusStop":652,"Notes":null,"Availability":"Public","AccessRating":"High","VizRating":"Very high"}},{"type":"Feature","id":319,"geometry":{"type":"Point","coordinates":[-79.0509944618946,35.9109353453036]},"properties":{"OBJECTID":319,"GlobalID":"e6b36d2b-37de-448c-b2a2-593e7b2b6b08","CreationDate":"Thu, 14 Jan 2021 21:01:55 GMT","Creator":"epowell2_townofchapelhill","EditDate":"Fri, 15 Jan 2021 15:52:35 GMT","Editor":"dalmond","ResourceType":"0","ParkingType":"Wave","Capacity":15,"Condition":"Excellent","Lighting":"Yes","WxProtect":"No","LandUse":"Institutional","DistanceBusStop":837,"Notes":null,"Availability":"Public","AccessRating":"Medium","VizRating":"Super high"}},{"type":"Feature","id":320,"geometry":{"type":"Point","coordinates":[-79.0509127304751,35.91078299153]},"properties":{"OBJECTID":320,"GlobalID":"629bbc51-2992-4202-a404-08ad446f2aa3","CreationDate":"Thu, 14 Jan 2021 21:01:55 GMT","Creator":"epowell2_townofchapelhill","EditDate":"Fri, 15 Jan 2021 15:52:35 GMT","Editor":"dalmond","ResourceType":"0","ParkingType":"Wave","Capacity":6,"Condition":"Excellent","Lighting":"Yes","WxProtect":"No","LandUse":"Institutional","DistanceBusStop":839,"Notes":null,"Availability":"Public","AccessRating":"Medium","VizRating":"Super high"}},{"type":"Feature","id":321,"geometry":{"type":"Point","coordinates":[-79.050801103123,35.9106314225165]},"properties":{"OBJECTID":321,"GlobalID":"3f1de415-0c02-4f16-a7fa-24b7045fc6a3","CreationDate":"Thu, 14 Jan 2021 21:01:55 GMT","Creator":"epowell2_townofchapelhill","EditDate":"Fri, 15 Jan 2021 15:52:35 GMT","Editor":"dalmond","ResourceType":"0","ParkingType":"Wave","Capacity":15,"Condition":"Excellent","Lighting":"Yes","WxProtect":"No","LandUse":"Institutional","DistanceBusStop":892,"Notes":null,"Availability":"Public","AccessRating":"High","VizRating":"Super high"}},{"type":"Feature","id":322,"geometry":{"type":"Point","coordinates":[-79.0506292688839,35.9103043914143]},"properties":{"OBJECTID":322,"GlobalID":"f31d83f9-c28b-4700-96d4-0ace166261b5","CreationDate":"Thu, 14 Jan 2021 21:01:55 GMT","Creator":"epowell2_townofchapelhill","EditDate":"Fri, 15 Jan 2021 15:52:35 GMT","Editor":"dalmond","ResourceType":"0","ParkingType":"Multiple","Capacity":35,"Condition":"Excellent","Lighting":"Yes","WxProtect":"No","LandUse":"Institutional","DistanceBusStop":874,"Notes":"Five waves (capacity 3), two waves (capacity 9), and two inverted Us","Availability":"Public","AccessRating":"Medium","VizRating":"Super high"}},{"type":"Feature","id":323,"geometry":{"type":"Point","coordinates":[-79.050486471788,35.9100662358459]},"properties":{"OBJECTID":323,"GlobalID":"420af767-40cd-45d8-80e7-5872c4db8836","CreationDate":"Thu, 14 Jan 2021 21:01:55 GMT","Creator":"epowell2_townofchapelhill","EditDate":"Fri, 15 Jan 2021 15:52:35 GMT","Editor":"dalmond","ResourceType":"0","ParkingType":"Wave","Capacity":36,"Condition":"Excellent","Lighting":"Yes","WxProtect":"No","LandUse":"Institutional","DistanceBusStop":799,"Notes":null,"Availability":"Public","AccessRating":"Medium","VizRating":"Super high"}},{"type":"Feature","id":324,"geometry":{"type":"Point","coordinates":[-79.0503879274996,35.9098820450579]},"properties":{"OBJECTID":324,"GlobalID":"dff0e18c-1941-44b0-b4ef-49cb97c82176","CreationDate":"Thu, 14 Jan 2021 21:01:55 GMT","Creator":"epowell2_townofchapelhill","EditDate":"Fri, 15 Jan 2021 15:52:35 GMT","Editor":"dalmond","ResourceType":"0","ParkingType":"Wave","Capacity":15,"Condition":"Excellent","Lighting":"Yes","WxProtect":"No","LandUse":"Institutional","DistanceBusStop":726,"Notes":null,"Availability":"Public","AccessRating":"Medium","VizRating":"Super high"}},{"type":"Feature","id":325,"geometry":{"type":"Point","coordinates":[-79.0497628339109,35.908116509257]},"properties":{"OBJECTID":325,"GlobalID":"80042ba5-60b2-4eee-9a43-69939e02943c","CreationDate":"Thu, 14 Jan 2021 21:01:55 GMT","Creator":"epowell2_townofchapelhill","EditDate":"Fri, 15 Jan 2021 15:52:35 GMT","Editor":"dalmond","ResourceType":"0","ParkingType":"Simple grid","Capacity":7,"Condition":"Poor","Lighting":"No","WxProtect":"No","LandUse":"Institutional","DistanceBusStop":592,"Notes":"Doesn't look like it belongs here","Availability":"Public","AccessRating":"Low","VizRating":"Very low"}},{"type":"Feature","id":326,"geometry":{"type":"Point","coordinates":[-79.0491369704659,35.9059349318073]},"properties":{"OBJECTID":326,"GlobalID":"91786a61-5576-410a-8315-7d6067be68d7","CreationDate":"Thu, 14 Jan 2021 21:01:55 GMT","Creator":"epowell2_townofchapelhill","EditDate":"Fri, 15 Jan 2021 15:52:35 GMT","Editor":"dalmond","ResourceType":"0","ParkingType":"Wave","Capacity":9,"Condition":"Excellent","Lighting":"Yes","WxProtect":"No","LandUse":"Institutional","DistanceBusStop":1315,"Notes":null,"Availability":"Public","AccessRating":"Low","VizRating":"Medium"}},{"type":"Feature","id":327,"geometry":{"type":"Point","coordinates":[-79.0449337137256,35.9059631153664]},"properties":{"OBJECTID":327,"GlobalID":"96d79489-5b05-4d90-a578-2aa77b1e3d74","CreationDate":"Thu, 14 Jan 2021 21:01:55 GMT","Creator":"epowell2_townofchapelhill","EditDate":"Fri, 15 Jan 2021 15:52:35 GMT","Editor":"dalmond","ResourceType":"0","ParkingType":"Inverted U","Capacity":16,"Condition":"Excellent","Lighting":"Yes","WxProtect":"No","LandUse":"Institutional","DistanceBusStop":166,"Notes":null,"Availability":"Public","AccessRating":"Medium","VizRating":"High"}},{"type":"Feature","id":328,"geometry":{"type":"Point","coordinates":[-79.0456391831761,35.9063804169913]},"properties":{"OBJECTID":328,"GlobalID":"2d6eb702-7423-429e-b0c8-2f6aa8f5970d","CreationDate":"Thu, 14 Jan 2021 21:01:55 GMT","Creator":"epowell2_townofchapelhill","EditDate":"Fri, 15 Jan 2021 15:52:35 GMT","Editor":"dalmond","ResourceType":"0","ParkingType":"Wave","Capacity":9,"Condition":"Excellent","Lighting":"No","WxProtect":"No","LandUse":"Institutional","DistanceBusStop":270,"Notes":null,"Availability":"Public","AccessRating":"Medium","VizRating":"Medium"}},{"type":"Feature","id":329,"geometry":{"type":"Point","coordinates":[-79.0459603740093,35.9065068012808]},"properties":{"OBJECTID":329,"GlobalID":"54bc1340-2a1b-4528-979e-933cd18e3cbc","CreationDate":"Thu, 14 Jan 2021 21:01:55 GMT","Creator":"epowell2_townofchapelhill","EditDate":"Fri, 15 Jan 2021 15:52:35 GMT","Editor":"dalmond","ResourceType":"0","ParkingType":"Wave","Capacity":15,"Condition":"Excellent","Lighting":"Yes","WxProtect":"No","LandUse":"Institutional","DistanceBusStop":375,"Notes":null,"Availability":"Public","AccessRating":"Medium","VizRating":"High"}},{"type":"Feature","id":330,"geometry":{"type":"Point","coordinates":[-79.0461211499873,35.9061082502775]},"properties":{"OBJECTID":330,"GlobalID":"743e8e19-3ea4-4140-8c96-9329d3d3bbcb","CreationDate":"Thu, 14 Jan 2021 21:01:55 GMT","Creator":"epowell2_townofchapelhill","EditDate":"Fri, 15 Jan 2021 15:52:35 GMT","Editor":"dalmond","ResourceType":"0","ParkingType":"Wave","Capacity":9,"Condition":"Excellent","Lighting":"Yes","WxProtect":"No","LandUse":"Institutional","DistanceBusStop":532,"Notes":null,"Availability":"Public","AccessRating":"Medium","VizRating":"Very high"}},{"type":"Feature","id":331,"geometry":{"type":"Point","coordinates":[-79.0463423143119,35.906165368162]},"properties":{"OBJECTID":331,"GlobalID":"bf5650cb-2765-49e1-bf31-92e9e5ba2e27","CreationDate":"Thu, 14 Jan 2021 21:01:55 GMT","Creator":"epowell2_townofchapelhill","EditDate":"Fri, 15 Jan 2021 15:52:35 GMT","Editor":"dalmond","ResourceType":"0","ParkingType":"Wave","Capacity":9,"Condition":"Excellent","Lighting":"Yes","WxProtect":"No","LandUse":"Institutional","DistanceBusStop":606,"Notes":null,"Availability":"Public","AccessRating":"Medium","VizRating":"Very high"}},{"type":"Feature","id":332,"geometry":{"type":"Point","coordinates":[-79.0466026002672,35.9074217998496]},"properties":{"OBJECTID":332,"GlobalID":"50401a2e-9fd3-4043-9d8e-c3368ea92d41","CreationDate":"Thu, 14 Jan 2021 21:01:55 GMT","Creator":"epowell2_townofchapelhill","EditDate":"Fri, 15 Jan 2021 15:52:35 GMT","Editor":"dalmond","ResourceType":"0","ParkingType":"Inverted U","Capacity":4,"Condition":"Excellent","Lighting":"Yes","WxProtect":"No","LandUse":"Institutional","DistanceBusStop":476,"Notes":null,"Availability":"Public","AccessRating":"Low","VizRating":"None"}},{"type":"Feature","id":333,"geometry":{"type":"Point","coordinates":[-79.049408992012,35.9097213678852]},"properties":{"OBJECTID":333,"GlobalID":"fb63b81a-c529-4692-9179-c22e0acef682","CreationDate":"Thu, 14 Jan 2021 21:01:55 GMT","Creator":"epowell2_townofchapelhill","EditDate":"Fri, 15 Jan 2021 15:52:35 GMT","Editor":"dalmond","ResourceType":"0","ParkingType":"Inverted U","Capacity":8,"Condition":"Excellent","Lighting":"Yes","WxProtect":"No","LandUse":"Institutional","DistanceBusStop":518,"Notes":null,"Availability":"Public","AccessRating":"Medium","VizRating":"Very high"}},{"type":"Feature","id":334,"geometry":{"type":"Point","coordinates":[-79.0494403432154,35.9097735050395]},"properties":{"OBJECTID":334,"GlobalID":"1092e2b9-79e7-4faf-999a-3cf1cde984f2","CreationDate":"Thu, 14 Jan 2021 21:01:55 GMT","Creator":"epowell2_townofchapelhill","EditDate":"Fri, 15 Jan 2021 15:52:35 GMT","Editor":"dalmond","ResourceType":"0","ParkingType":"Inverted U","Capacity":4,"Condition":"Excellent","Lighting":"Yes","WxProtect":"No","LandUse":"Institutional","DistanceBusStop":539,"Notes":null,"Availability":"Public","AccessRating":"High","VizRating":"Very high"}},{"type":"Feature","id":335,"geometry":{"type":"Point","coordinates":[-79.049463540411,35.9098219969713]},"properties":{"OBJECTID":335,"GlobalID":"de974ca2-d041-482f-8c6c-068c83073a55","CreationDate":"Thu, 14 Jan 2021 21:01:55 GMT","Creator":"epowell2_townofchapelhill","EditDate":"Fri, 15 Jan 2021 15:52:35 GMT","Editor":"dalmond","ResourceType":"0","ParkingType":"Inverted U","Capacity":6,"Condition":"Excellent","Lighting":"Yes","WxProtect":"No","LandUse":"Institutional","DistanceBusStop":558,"Notes":null,"Availability":"Public","AccessRating":"High","VizRating":"Super high"}},{"type":"Feature","id":336,"geometry":{"type":"Point","coordinates":[-79.0497277169698,35.9099322336432]},"properties":{"OBJECTID":336,"GlobalID":"d42ca1d8-4533-4bc4-90a3-b120b367494b","CreationDate":"Thu, 14 Jan 2021 21:01:55 GMT","Creator":"epowell2_townofchapelhill","EditDate":"Fri, 15 Jan 2021 15:52:35 GMT","Editor":"dalmond","ResourceType":"0","ParkingType":"Wave","Capacity":21,"Condition":"Excellent","Lighting":"Yes","WxProtect":"No","LandUse":"Institutional","DistanceBusStop":685,"Notes":null,"Availability":"Public","AccessRating":"High","VizRating":"Very high"}},{"type":"Feature","id":337,"geometry":{"type":"Point","coordinates":[-79.049941286937,35.9104833863237]},"properties":{"OBJECTID":337,"GlobalID":"84bd384c-a30a-4929-90c4-f7ee830574cf","CreationDate":"Thu, 14 Jan 2021 21:01:55 GMT","Creator":"epowell2_townofchapelhill","EditDate":"Fri, 15 Jan 2021 15:52:35 GMT","Editor":"dalmond","ResourceType":"0","ParkingType":"Wave","Capacity":9,"Condition":"Fair","Lighting":"Yes","WxProtect":"No","LandUse":"Institutional","DistanceBusStop":851,"Notes":null,"Availability":"Public","AccessRating":"Medium","VizRating":"Very high"}},{"type":"Feature","id":338,"geometry":{"type":"Point","coordinates":[-79.049941286937,35.9104833863237]},"properties":{"OBJECTID":338,"GlobalID":"4203824a-e987-4832-bc81-de0a11b61ad1","CreationDate":"Thu, 14 Jan 2021 21:01:55 GMT","Creator":"epowell2_townofchapelhill","EditDate":"Fri, 15 Jan 2021 15:52:35 GMT","Editor":"dalmond","ResourceType":"0","ParkingType":"Wave","Capacity":9,"Condition":"Fair","Lighting":"Yes","WxProtect":"No","LandUse":"Institutional","DistanceBusStop":851,"Notes":null,"Availability":"Public","AccessRating":"Medium","VizRating":"Very high"}},{"type":"Feature","id":339,"geometry":{"type":"Point","coordinates":[-79.0500073867722,35.9105874333177]},"properties":{"OBJECTID":339,"GlobalID":"fb2de100-085a-4c0f-9706-e3fdb5f087d7","CreationDate":"Thu, 14 Jan 2021 21:01:55 GMT","Creator":"epowell2_townofchapelhill","EditDate":"Fri, 15 Jan 2021 15:52:35 GMT","Editor":"dalmond","ResourceType":"0","ParkingType":"Wave","Capacity":12,"Condition":"Excellent","Lighting":"Yes","WxProtect":"No","LandUse":"Institutional","DistanceBusStop":885,"Notes":null,"Availability":"Public","AccessRating":"High","VizRating":"Super high"}},{"type":"Feature","id":340,"geometry":{"type":"Point","coordinates":[-79.0500841999155,35.9107279003623]},"properties":{"OBJECTID":340,"GlobalID":"ac1ca43a-4afb-4268-83c4-f42b2b159c3d","CreationDate":"Thu, 14 Jan 2021 21:01:55 GMT","Creator":"epowell2_townofchapelhill","EditDate":"Fri, 15 Jan 2021 15:52:35 GMT","Editor":"dalmond","ResourceType":"0","ParkingType":"Wave","Capacity":9,"Condition":"Excellent","Lighting":"Yes","WxProtect":"No","LandUse":"Institutional","DistanceBusStop":874,"Notes":null,"Availability":"Public","AccessRating":"High","VizRating":"Super high"}},{"type":"Feature","id":341,"geometry":{"type":"Point","coordinates":[-79.050172686666,35.9108924418122]},"properties":{"OBJECTID":341,"GlobalID":"66bb0b81-72b5-4add-8413-15696bc1b7b2","CreationDate":"Thu, 14 Jan 2021 21:01:55 GMT","Creator":"epowell2_townofchapelhill","EditDate":"Fri, 15 Jan 2021 15:52:35 GMT","Editor":"dalmond","ResourceType":"0","ParkingType":"Wave","Capacity":9,"Condition":"Fair","Lighting":"Yes","WxProtect":"No","LandUse":"Institutional","DistanceBusStop":801,"Notes":null,"Availability":"Public","AccessRating":"High","VizRating":"Very high"}},{"type":"Feature","id":342,"geometry":{"type":"Point","coordinates":[-79.0503606285965,35.9111928174212]},"properties":{"OBJECTID":342,"GlobalID":"4fa49c73-6224-47ad-aa9e-871aad3d21e8","CreationDate":"Thu, 14 Jan 2021 21:01:55 GMT","Creator":"epowell2_townofchapelhill","EditDate":"Fri, 15 Jan 2021 15:52:35 GMT","Editor":"dalmond","ResourceType":"0","ParkingType":"Wave","Capacity":9,"Condition":"Excellent","Lighting":"Yes","WxProtect":"No","LandUse":"Institutional","DistanceBusStop":680,"Notes":null,"Availability":"Public","AccessRating":"High","VizRating":"Very high"}},{"type":"Feature","id":343,"geometry":{"type":"Point","coordinates":[-79.0504534874474,35.9113526512642]},"properties":{"OBJECTID":343,"GlobalID":"b451dc23-b067-4fb1-83a5-ee51970e7adc","CreationDate":"Thu, 14 Jan 2021 21:01:55 GMT","Creator":"epowell2_townofchapelhill","EditDate":"Fri, 15 Jan 2021 15:52:35 GMT","Editor":"dalmond","ResourceType":"0","ParkingType":"Wave","Capacity":9,"Condition":"Excellent","Lighting":"Yes","WxProtect":"No","LandUse":"Institutional","DistanceBusStop":616,"Notes":null,"Availability":"Public","AccessRating":"Medium","VizRating":"Very high"}},{"type":"Feature","id":344,"geometry":{"type":"Point","coordinates":[-79.0510340156149,35.9125985186724]},"properties":{"OBJECTID":344,"GlobalID":"c508a8fe-cf42-4241-9567-390ce6265b84","CreationDate":"Thu, 14 Jan 2021 21:01:55 GMT","Creator":"epowell2_townofchapelhill","EditDate":"Fri, 15 Jan 2021 15:52:35 GMT","Editor":"dalmond","ResourceType":"0","ParkingType":"Wave","Capacity":12,"Condition":"Excellent","Lighting":"Yes","WxProtect":"No","LandUse":"Institutional","DistanceBusStop":427,"Notes":null,"Availability":"Public","AccessRating":"Medium","VizRating":"High"}},{"type":"Feature","id":345,"geometry":{"type":"Point","coordinates":[-79.0509840333525,35.9126939668104]},"properties":{"OBJECTID":345,"GlobalID":"ed41f449-6f97-4a0a-9da8-b15eb3bd7514","CreationDate":"Thu, 14 Jan 2021 21:01:55 GMT","Creator":"epowell2_townofchapelhill","EditDate":"Fri, 15 Jan 2021 15:52:35 GMT","Editor":"dalmond","ResourceType":"0","ParkingType":"Wave","Capacity":15,"Condition":"Fair","Lighting":"Yes","WxProtect":"No","LandUse":"Institutional","DistanceBusStop":391,"Notes":null,"Availability":"Public","AccessRating":"Medium","VizRating":"High"}},{"type":"Feature","id":346,"geometry":{"type":"Point","coordinates":[-79.051106477319,35.9130442930116]},"properties":{"OBJECTID":346,"GlobalID":"3fc91c06-0d35-461a-8cde-6a701214dbd7","CreationDate":"Thu, 14 Jan 2021 21:01:55 GMT","Creator":"epowell2_townofchapelhill","EditDate":"Fri, 15 Jan 2021 15:52:35 GMT","Editor":"dalmond","ResourceType":"0","ParkingType":"Wave","Capacity":6,"Condition":"Fair","Lighting":"Yes","WxProtect":"No","LandUse":"Institutional","DistanceBusStop":475,"Notes":null,"Availability":"Public","AccessRating":"Medium","VizRating":"Medium"}},{"type":"Feature","id":347,"geometry":{"type":"Point","coordinates":[-79.051681903954,35.9138797411702]},"properties":{"OBJECTID":347,"GlobalID":"103f055d-7510-49b1-a871-5d7cb0e20a99","CreationDate":"Thu, 14 Jan 2021 21:01:55 GMT","Creator":"epowell2_townofchapelhill","EditDate":"Fri, 15 Jan 2021 15:52:35 GMT","Editor":"dalmond","ResourceType":"0","ParkingType":"Wave","Capacity":6,"Condition":"Excellent","Lighting":"Yes","WxProtect":"No","LandUse":"Institutional","DistanceBusStop":497,"Notes":null,"Availability":"Public","AccessRating":"Low","VizRating":"Medium"}},{"type":"Feature","id":349,"geometry":{"type":"Point","coordinates":[-79.0581825508295,35.9317283394128]},"properties":{"OBJECTID":349,"GlobalID":"4fcbe9d4-5751-4bb2-9643-56aa96d0cdaf","CreationDate":"Thu, 14 Jan 2021 21:01:55 GMT","Creator":"epowell2_townofchapelhill","EditDate":"Fri, 15 Jan 2021 15:52:35 GMT","Editor":"dalmond","ResourceType":"0","ParkingType":"Wave","Capacity":3,"Condition":"Excellent","Lighting":"Yes","WxProtect":"Yes","LandUse":"Institutional","DistanceBusStop":574,"Notes":null,"Availability":"Public","AccessRating":"Low","VizRating":"Low"}},{"type":"Feature","id":350,"geometry":{"type":"Point","coordinates":[-79.0573023878023,35.9314259476487]},"properties":{"OBJECTID":350,"GlobalID":"e6c5beaf-5ecd-46c5-b438-e576a9cd028d","CreationDate":"Thu, 14 Jan 2021 21:01:55 GMT","Creator":"epowell2_townofchapelhill","EditDate":"Fri, 15 Jan 2021 15:52:35 GMT","Editor":"dalmond","ResourceType":"0","ParkingType":"Wave","Capacity":18,"Condition":"Excellent","Lighting":"No","WxProtect":"No","LandUse":"Institutional","DistanceBusStop":327,"Notes":null,"Availability":"Public","AccessRating":"Low","VizRating":"Medium"}},{"type":"Feature","id":351,"geometry":{"type":"Point","coordinates":[-79.0588001362991,35.9339198286497]},"properties":{"OBJECTID":351,"GlobalID":"52e209a4-1b58-408e-8004-5580d65cddf5","CreationDate":"Thu, 14 Jan 2021 21:01:55 GMT","Creator":"epowell2_townofchapelhill","EditDate":"Fri, 15 Jan 2021 15:52:35 GMT","Editor":"dalmond","ResourceType":"0","ParkingType":"Wave","Capacity":7,"Condition":"Excellent","Lighting":"Yes","WxProtect":"Yes","LandUse":"Institutional","DistanceBusStop":413,"Notes":null,"Availability":"Public","AccessRating":"Low","VizRating":"None"}},{"type":"Feature","id":352,"geometry":{"type":"Point","coordinates":[-79.052717428813,35.9143999313406]},"properties":{"OBJECTID":352,"GlobalID":"92453f5f-f513-43a8-ae9d-388edd9a9fff","CreationDate":"Thu, 14 Jan 2021 21:01:55 GMT","Creator":"epowell2_townofchapelhill","EditDate":"Fri, 15 Jan 2021 15:52:35 GMT","Editor":"dalmond","ResourceType":"0","ParkingType":"Inverted U","Capacity":4,"Condition":"Excellent","Lighting":"No","WxProtect":"No","LandUse":"Town center","DistanceBusStop":18,"Notes":null,"Availability":"Public","AccessRating":"High","VizRating":"High"}},{"type":"Feature","id":353,"geometry":{"type":"Point","coordinates":[-79.0525119670395,35.9144948331057]},"properties":{"OBJECTID":353,"GlobalID":"49a6a677-ca85-45e0-8603-3eeb00d4f558","CreationDate":"Thu, 14 Jan 2021 21:01:55 GMT","Creator":"epowell2_townofchapelhill","EditDate":"Fri, 15 Jan 2021 15:52:35 GMT","Editor":"dalmond","ResourceType":"0","ParkingType":"Wave","Capacity":3,"Condition":"Excellent","Lighting":"Yes","WxProtect":"No","LandUse":"Town center","DistanceBusStop":87,"Notes":null,"Availability":"Public","AccessRating":"High","VizRating":"High"}},{"type":"Feature","id":354,"geometry":{"type":"Point","coordinates":[-79.0524660936712,35.9150716083169]},"properties":{"OBJECTID":354,"GlobalID":"f954a2ce-f69e-4274-8d7d-67ec5d94b4a6","CreationDate":"Thu, 14 Jan 2021 21:01:55 GMT","Creator":"epowell2_townofchapelhill","EditDate":"Fri, 15 Jan 2021 15:52:35 GMT","Editor":"dalmond","ResourceType":"0","ParkingType":"Inverted U","Capacity":8,"Condition":"Excellent","Lighting":"No","WxProtect":"No","LandUse":"Institutional","DistanceBusStop":444,"Notes":null,"Availability":"Public","AccessRating":"Medium","VizRating":"Very high"}},{"type":"Feature","id":355,"geometry":{"type":"Point","coordinates":[-79.0518387569891,35.9147408676677]},"properties":{"OBJECTID":355,"GlobalID":"d1da37a0-40d0-4f20-9171-d1efa1a66785","CreationDate":"Thu, 14 Jan 2021 21:01:55 GMT","Creator":"epowell2_townofchapelhill","EditDate":"Fri, 15 Jan 2021 15:52:35 GMT","Editor":"dalmond","ResourceType":"0","ParkingType":"Wave","Capacity":3,"Condition":"Excellent","Lighting":"Yes","WxProtect":"No","LandUse":"Town center","DistanceBusStop":280,"Notes":null,"Availability":"Public","AccessRating":"Medium","VizRating":"Very high"}},{"type":"Feature","id":356,"geometry":{"type":"Point","coordinates":[-79.0514076330264,35.9139317169795]},"properties":{"OBJECTID":356,"GlobalID":"aeb9fff6-3b08-4fd7-b426-48b9ef71b1e8","CreationDate":"Thu, 14 Jan 2021 21:01:55 GMT","Creator":"epowell2_townofchapelhill","EditDate":"Fri, 15 Jan 2021 15:52:35 GMT","Editor":"dalmond","ResourceType":"0","ParkingType":"Inverted U","Capacity":6,"Condition":"Excellent","Lighting":"Yes","WxProtect":"No","LandUse":"Institutional","DistanceBusStop":508,"Notes":null,"Availability":"Public","AccessRating":"Medium","VizRating":"High"}},{"type":"Feature","id":357,"geometry":{"type":"Point","coordinates":[-79.0502572352022,35.9134966804396]},"properties":{"OBJECTID":357,"GlobalID":"769e862d-c9b8-48d5-8efa-fd838c503972","CreationDate":"Thu, 14 Jan 2021 21:01:55 GMT","Creator":"epowell2_townofchapelhill","EditDate":"Fri, 15 Jan 2021 15:52:35 GMT","Editor":"dalmond","ResourceType":"0","ParkingType":"Inverted U","Capacity":20,"Condition":"Excellent","Lighting":"No","WxProtect":"No","LandUse":"Institutional","DistanceBusStop":403,"Notes":null,"Availability":"Public","AccessRating":"High","VizRating":"Very high"}},{"type":"Feature","id":358,"geometry":{"type":"Point","coordinates":[-79.050109590797,35.9138177077352]},"properties":{"OBJECTID":358,"GlobalID":"378032f3-f899-48a5-8986-73a5b33f68b8","CreationDate":"Thu, 14 Jan 2021 21:01:55 GMT","Creator":"epowell2_townofchapelhill","EditDate":"Fri, 15 Jan 2021 15:52:35 GMT","Editor":"dalmond","ResourceType":"0","ParkingType":"Wave","Capacity":3,"Condition":"Excellent","Lighting":"Yes","WxProtect":"No","LandUse":"Institutional","DistanceBusStop":588,"Notes":null,"Availability":"Public","AccessRating":"High","VizRating":"High"}},{"type":"Feature","id":359,"geometry":{"type":"Point","coordinates":[-79.0501980577846,35.9141529120806]},"properties":{"OBJECTID":359,"GlobalID":"32d26c19-7236-45f5-be01-3261d536bc06","CreationDate":"Thu, 14 Jan 2021 21:01:55 GMT","Creator":"epowell2_townofchapelhill","EditDate":"Fri, 15 Jan 2021 15:52:35 GMT","Editor":"dalmond","ResourceType":"0","ParkingType":"Wave","Capacity":6,"Condition":"Excellent","Lighting":"Yes","WxProtect":"No","LandUse":"Institutional","DistanceBusStop":410,"Notes":null,"Availability":"Public","AccessRating":"Medium","VizRating":"High"}},{"type":"Feature","id":360,"geometry":{"type":"Point","coordinates":[-79.0500594351598,35.9126523207626]},"properties":{"OBJECTID":360,"GlobalID":"03b3d2a7-0d5b-438f-bb4b-aed802158592","CreationDate":"Thu, 14 Jan 2021 21:01:55 GMT","Creator":"epowell2_townofchapelhill","EditDate":"Fri, 15 Jan 2021 15:52:35 GMT","Editor":"dalmond","ResourceType":"0","ParkingType":"Multiple","Capacity":23,"Condition":"Excellent","Lighting":"Yes","WxProtect":"No","LandUse":"Institutional","DistanceBusStop":108,"Notes":null,"Availability":"Public","AccessRating":"High","VizRating":"Very high"}},{"type":"Feature","id":361,"geometry":{"type":"Point","coordinates":[-79.0495930424407,35.9128665712959]},"properties":{"OBJECTID":361,"GlobalID":"5ccc85ae-1df9-4e11-8acc-705d0cfb4fe4","CreationDate":"Thu, 14 Jan 2021 21:01:55 GMT","Creator":"epowell2_townofchapelhill","EditDate":"Fri, 15 Jan 2021 15:52:35 GMT","Editor":"dalmond","ResourceType":"0","ParkingType":"Wave","Capacity":18,"Condition":"Excellent","Lighting":"Yes","WxProtect":"Yes","LandUse":"Institutional","DistanceBusStop":317,"Notes":null,"Availability":"Public","AccessRating":"High","VizRating":"High"}},{"type":"Feature","id":362,"geometry":{"type":"Point","coordinates":[-79.04948772755,35.9126645182456]},"properties":{"OBJECTID":362,"GlobalID":"e7ee487e-e328-43f6-8adb-8d27152dc2a5","CreationDate":"Thu, 14 Jan 2021 21:01:55 GMT","Creator":"epowell2_townofchapelhill","EditDate":"Fri, 15 Jan 2021 15:52:35 GMT","Editor":"dalmond","ResourceType":"0","ParkingType":"Wave","Capacity":12,"Condition":"Excellent","Lighting":"Yes","WxProtect":"Yes","LandUse":"Institutional","DistanceBusStop":155,"Notes":null,"Availability":"Public","AccessRating":"Medium","VizRating":"High"}},{"type":"Feature","id":363,"geometry":{"type":"Point","coordinates":[-79.0498588665097,35.9131512955914]},"properties":{"OBJECTID":363,"GlobalID":"6c057cdd-156e-49fd-b180-2ea4a347ea90","CreationDate":"Thu, 14 Jan 2021 21:01:55 GMT","Creator":"epowell2_townofchapelhill","EditDate":"Fri, 15 Jan 2021 15:52:35 GMT","Editor":"dalmond","ResourceType":"0","ParkingType":"Inverted U","Capacity":18,"Condition":"Fair","Lighting":"Yes","WxProtect":"No","LandUse":"Institutional","DistanceBusStop":274,"Notes":null,"Availability":"Public","AccessRating":"High","VizRating":"Very high"}},{"type":"Feature","id":364,"geometry":{"type":"Point","coordinates":[-79.0490431261631,35.911703331181]},"properties":{"OBJECTID":364,"GlobalID":"2705eb0a-bd6e-4987-82ed-e452a46d6769","CreationDate":"Thu, 14 Jan 2021 21:01:55 GMT","Creator":"epowell2_townofchapelhill","EditDate":"Fri, 15 Jan 2021 15:52:35 GMT","Editor":"dalmond","ResourceType":"0","ParkingType":"Wave","Capacity":12,"Condition":"Fair","Lighting":"Yes","WxProtect":"No","LandUse":"Institutional","DistanceBusStop":666,"Notes":null,"Availability":"Public","AccessRating":"Medium","VizRating":"Very high"}},{"type":"Feature","id":365,"geometry":{"type":"Point","coordinates":[-79.0490827463587,35.9115664265784]},"properties":{"OBJECTID":365,"GlobalID":"339420cc-8881-45b7-8e48-58fb77a4661d","CreationDate":"Thu, 14 Jan 2021 21:01:55 GMT","Creator":"epowell2_townofchapelhill","EditDate":"Fri, 15 Jan 2021 15:52:35 GMT","Editor":"dalmond","ResourceType":"0","ParkingType":"Wave","Capacity":24,"Condition":"Excellent","Lighting":"Yes","WxProtect":"No","LandUse":"Institutional","DistanceBusStop":711,"Notes":null,"Availability":"Public","AccessRating":"High","VizRating":"Very high"}},{"type":"Feature","id":366,"geometry":{"type":"Point","coordinates":[-79.0494554977943,35.911557661585]},"properties":{"OBJECTID":366,"GlobalID":"cabffb9a-4144-40c1-a404-de8cddb23ecb","CreationDate":"Thu, 14 Jan 2021 21:01:55 GMT","Creator":"epowell2_townofchapelhill","EditDate":"Fri, 15 Jan 2021 15:52:35 GMT","Editor":"dalmond","ResourceType":"0","ParkingType":"Wave","Capacity":39,"Condition":"Excellent","Lighting":"Yes","WxProtect":"No","LandUse":"Institutional","DistanceBusStop":557,"Notes":null,"Availability":"Public","AccessRating":"High","VizRating":"Super high"}},{"type":"Feature","id":367,"geometry":{"type":"Point","coordinates":[-79.0489130572965,35.9111787571321]},"properties":{"OBJECTID":367,"GlobalID":"1f0faceb-75d6-4e73-ac6e-22e191958696","CreationDate":"Thu, 14 Jan 2021 21:01:55 GMT","Creator":"epowell2_townofchapelhill","EditDate":"Fri, 15 Jan 2021 15:52:35 GMT","Editor":"dalmond","ResourceType":"0","ParkingType":"Wave","Capacity":15,"Condition":"Excellent","Lighting":"No","WxProtect":"No","LandUse":"Institutional","DistanceBusStop":731,"Notes":null,"Availability":"Public","AccessRating":"High","VizRating":"Very high"}},{"type":"Feature","id":368,"geometry":{"type":"Point","coordinates":[-79.0490091788285,35.9104229734498]},"properties":{"OBJECTID":368,"GlobalID":"505485e1-25bc-471f-bce5-1c889bb99e36","CreationDate":"Thu, 14 Jan 2021 21:01:55 GMT","Creator":"epowell2_townofchapelhill","EditDate":"Fri, 15 Jan 2021 15:52:35 GMT","Editor":"dalmond","ResourceType":"0","ParkingType":"Wave","Capacity":18,"Condition":"Excellent","Lighting":"Yes","WxProtect":"No","LandUse":"Institutional","DistanceBusStop":786,"Notes":null,"Availability":"Public","AccessRating":"High","VizRating":"Very high"}},{"type":"Feature","id":369,"geometry":{"type":"Point","coordinates":[-79.0489172919547,35.9100683938488]},"properties":{"OBJECTID":369,"GlobalID":"2e32333f-a2ee-4777-97e0-e9191d927114","CreationDate":"Thu, 14 Jan 2021 21:01:55 GMT","Creator":"epowell2_townofchapelhill","EditDate":"Fri, 15 Jan 2021 15:52:35 GMT","Editor":"dalmond","ResourceType":"0","ParkingType":"Inverted U","Capacity":10,"Condition":"Excellent","Lighting":"Yes","WxProtect":"No","LandUse":"Institutional","DistanceBusStop":673,"Notes":null,"Availability":"Public","AccessRating":"High","VizRating":"Very high"}},{"type":"Feature","id":370,"geometry":{"type":"Point","coordinates":[-79.0488167057957,35.9098969233793]},"properties":{"OBJECTID":370,"GlobalID":"a30a5cba-83b1-4875-96d8-5883934b1149","CreationDate":"Thu, 14 Jan 2021 21:01:55 GMT","Creator":"epowell2_townofchapelhill","EditDate":"Fri, 15 Jan 2021 15:52:35 GMT","Editor":"dalmond","ResourceType":"0","ParkingType":"Inverted U","Capacity":6,"Condition":"Excellent","Lighting":"Yes","WxProtect":"No","LandUse":"Institutional","DistanceBusStop":609,"Notes":null,"Availability":"Public","AccessRating":"High","VizRating":"Medium"}},{"type":"Feature","id":371,"geometry":{"type":"Point","coordinates":[-79.0493027491617,35.9123085554137]},"properties":{"OBJECTID":371,"GlobalID":"7adeef24-32aa-4eab-ac1e-9bd6ddf31c82","CreationDate":"Thu, 14 Jan 2021 21:01:55 GMT","Creator":"epowell2_townofchapelhill","EditDate":"Fri, 15 Jan 2021 15:52:35 GMT","Editor":"dalmond","ResourceType":"0","ParkingType":"Wave","Capacity":6,"Condition":"Excellent","Lighting":"Yes","WxProtect":"No","LandUse":"Institutional","DistanceBusStop":198,"Notes":null,"Availability":"Public","AccessRating":"Medium","VizRating":"Very high"}},{"type":"Feature","id":372,"geometry":{"type":"Point","coordinates":[-79.048322474286,35.9119636179225]},"properties":{"OBJECTID":372,"GlobalID":"0f8ea199-8010-43fe-8047-30e0e95ee89c","CreationDate":"Thu, 14 Jan 2021 21:01:55 GMT","Creator":"epowell2_townofchapelhill","EditDate":"Fri, 15 Jan 2021 15:52:35 GMT","Editor":"dalmond","ResourceType":"0","ParkingType":"Wave","Capacity":12,"Condition":"Excellent","Lighting":"Yes","WxProtect":"No","LandUse":"Institutional","DistanceBusStop":351,"Notes":null,"Availability":"Public","AccessRating":"Medium","VizRating":"Super high"}},{"type":"Feature","id":373,"geometry":{"type":"Point","coordinates":[-79.0482100573147,35.9105192187254]},"properties":{"OBJECTID":373,"GlobalID":"de7921f0-4cbc-4d1c-bbcb-b24f064d8d4c","CreationDate":"Thu, 14 Jan 2021 21:01:55 GMT","Creator":"epowell2_townofchapelhill","EditDate":"Fri, 15 Jan 2021 15:52:35 GMT","Editor":"dalmond","ResourceType":"0","ParkingType":"Multiple","Capacity":19,"Condition":"Excellent","Lighting":"Yes","WxProtect":"Yes","LandUse":"Institutional","DistanceBusStop":554,"Notes":null,"Availability":"Public","AccessRating":"High","VizRating":"High"}},{"type":"Feature","id":374,"geometry":{"type":"Point","coordinates":[-79.0484324370599,35.9103978793168]},"properties":{"OBJECTID":374,"GlobalID":"4989e848-0862-4cb1-9d9e-a16a7c9b73e8","CreationDate":"Thu, 14 Jan 2021 21:01:55 GMT","Creator":"epowell2_townofchapelhill","EditDate":"Fri, 15 Jan 2021 15:52:35 GMT","Editor":"dalmond","ResourceType":"0","ParkingType":"Inverted U","Capacity":18,"Condition":"Excellent","Lighting":"No","WxProtect":"No","LandUse":"Institutional","DistanceBusStop":542,"Notes":null,"Availability":"Public","AccessRating":"High","VizRating":"Very high"}},{"type":"Feature","id":375,"geometry":{"type":"Point","coordinates":[-79.0481351782442,35.9104482996718]},"properties":{"OBJECTID":375,"GlobalID":"cf6cb1d4-3535-4bf1-8030-a7cf8ec1c270","CreationDate":"Thu, 14 Jan 2021 21:01:55 GMT","Creator":"epowell2_townofchapelhill","EditDate":"Fri, 15 Jan 2021 15:52:35 GMT","Editor":"dalmond","ResourceType":"0","ParkingType":"Inverted U","Capacity":38,"Condition":"Excellent","Lighting":"No","WxProtect":"No","LandUse":"Institutional","DistanceBusStop":542,"Notes":null,"Availability":"Public","AccessRating":"High","VizRating":"High"}},{"type":"Feature","id":376,"geometry":{"type":"Point","coordinates":[-79.0479955162687,35.9105013239901]},"properties":{"OBJECTID":376,"GlobalID":"f99bfa2b-8bbc-4712-901d-ea542cd43782","CreationDate":"Thu, 14 Jan 2021 21:01:55 GMT","Creator":"epowell2_townofchapelhill","EditDate":"Fri, 15 Jan 2021 15:52:35 GMT","Editor":"dalmond","ResourceType":"0","ParkingType":"Inverted U","Capacity":30,"Condition":"Excellent","Lighting":"No","WxProtect":"No","LandUse":"Institutional","DistanceBusStop":496,"Notes":null,"Availability":"Public","AccessRating":"High","VizRating":"High"}},{"type":"Feature","id":377,"geometry":{"type":"Point","coordinates":[-79.0478927786446,35.9104811628502]},"properties":{"OBJECTID":377,"GlobalID":"8d47a7f9-4309-4539-b95d-1fa3896c850d","CreationDate":"Thu, 14 Jan 2021 21:01:55 GMT","Creator":"epowell2_townofchapelhill","EditDate":"Fri, 15 Jan 2021 15:52:35 GMT","Editor":"dalmond","ResourceType":"0","ParkingType":"Inverted U","Capacity":24,"Condition":"Excellent","Lighting":"No","WxProtect":"No","LandUse":"Institutional","DistanceBusStop":469,"Notes":null,"Availability":"Public","AccessRating":"High","VizRating":"High"}},{"type":"Feature","id":378,"geometry":{"type":"Point","coordinates":[-79.0478724425832,35.910556582658]},"properties":{"OBJECTID":378,"GlobalID":"6e21e712-1255-452f-b9c5-8b00e9b0fc59","CreationDate":"Thu, 14 Jan 2021 21:01:55 GMT","Creator":"epowell2_townofchapelhill","EditDate":"Fri, 15 Jan 2021 15:52:35 GMT","Editor":"dalmond","ResourceType":"2","ParkingType":null,"Capacity":null,"Condition":"Excellent","Lighting":"No","WxProtect":"No","LandUse":"Institutional","DistanceBusStop":454,"Notes":null,"Availability":"Public","AccessRating":"High","VizRating":"High"}},{"type":"Feature","id":379,"geometry":{"type":"Point","coordinates":[-79.0478850728961,35.9105512298831]},"properties":{"OBJECTID":379,"GlobalID":"bb39ac1f-7106-4ca0-941b-75dea439f527","CreationDate":"Thu, 14 Jan 2021 21:01:55 GMT","Creator":"epowell2_townofchapelhill","EditDate":"Fri, 15 Jan 2021 15:52:35 GMT","Editor":"dalmond","ResourceType":"3","ParkingType":null,"Capacity":null,"Condition":"Excellent","Lighting":"No","WxProtect":"No","LandUse":"Institutional","DistanceBusStop":459,"Notes":null,"Availability":"Public","AccessRating":"High","VizRating":"High"}},{"type":"Feature","id":380,"geometry":{"type":"Point","coordinates":[-79.0490543497143,35.9102705241044]},"properties":{"OBJECTID":380,"GlobalID":"ce97c7a1-ac70-4234-8daf-4aafae6db36b","CreationDate":"Thu, 14 Jan 2021 21:01:55 GMT","Creator":"epowell2_townofchapelhill","EditDate":"Fri, 15 Jan 2021 15:52:35 GMT","Editor":"dalmond","ResourceType":"0","ParkingType":"Inverted U","Capacity":10,"Condition":"Excellent","Lighting":"Yes","WxProtect":"Yes","LandUse":"Institutional","DistanceBusStop":757,"Notes":null,"Availability":"Public","AccessRating":"High","VizRating":"High"}},{"type":"Feature","id":381,"geometry":{"type":"Point","coordinates":[-79.0491368438034,35.9102417360064]},"properties":{"OBJECTID":381,"GlobalID":"c3f54185-c4ac-4a3e-86e0-3c38824ccd3f","CreationDate":"Thu, 14 Jan 2021 21:01:55 GMT","Creator":"epowell2_townofchapelhill","EditDate":"Fri, 15 Jan 2021 15:52:35 GMT","Editor":"dalmond","ResourceType":"0","ParkingType":"Inverted U","Capacity":10,"Condition":"Excellent","Lighting":"Yes","WxProtect":"Yes","LandUse":"Institutional","DistanceBusStop":784,"Notes":null,"Availability":"Public","AccessRating":"High","VizRating":"Medium"}},{"type":"Feature","id":382,"geometry":{"type":"Point","coordinates":[-79.0492171981056,35.9102105003226]},"properties":{"OBJECTID":382,"GlobalID":"d6b46d90-6adf-40fe-a50b-1c37a4b4f6c0","CreationDate":"Thu, 14 Jan 2021 21:01:55 GMT","Creator":"epowell2_townofchapelhill","EditDate":"Fri, 15 Jan 2021 15:52:35 GMT","Editor":"dalmond","ResourceType":"0","ParkingType":"Inverted U","Capacity":10,"Condition":"Excellent","Lighting":"Yes","WxProtect":"Yes","LandUse":"Institutional","DistanceBusStop":765,"Notes":null,"Availability":"Public","AccessRating":"Medium","VizRating":"High"}},{"type":"Feature","id":383,"geometry":{"type":"Point","coordinates":[-79.049299165782,35.9101791853204]},"properties":{"OBJECTID":383,"GlobalID":"9c3a8c27-fa58-4041-b6fd-29d2006ab5d6","CreationDate":"Thu, 14 Jan 2021 21:01:55 GMT","Creator":"epowell2_townofchapelhill","EditDate":"Fri, 15 Jan 2021 15:52:35 GMT","Editor":"dalmond","ResourceType":"0","ParkingType":"Inverted U","Capacity":10,"Condition":"Excellent","Lighting":"Yes","WxProtect":"Yes","LandUse":"Institutional","DistanceBusStop":757,"Notes":null,"Availability":"Public","AccessRating":"High","VizRating":"High"}},{"type":"Feature","id":384,"geometry":{"type":"Point","coordinates":[-79.0493245099511,35.9101615524366]},"properties":{"OBJECTID":384,"GlobalID":"51b86a02-e410-4600-9539-6497f3b4baf8","CreationDate":"Thu, 14 Jan 2021 21:01:55 GMT","Creator":"epowell2_townofchapelhill","EditDate":"Fri, 15 Jan 2021 15:52:35 GMT","Editor":"dalmond","ResourceType":"2","ParkingType":null,"Capacity":null,"Condition":"Excellent","Lighting":"Yes","WxProtect":"Yes","LandUse":"Institutional","DistanceBusStop":757,"Notes":null,"Availability":"Public","AccessRating":"High","VizRating":"Very high"}},{"type":"Feature","id":385,"geometry":{"type":"Point","coordinates":[-79.0493175884319,35.9101633044477]},"properties":{"OBJECTID":385,"GlobalID":"255d5f9e-3403-4eb9-a20b-4e6341840b83","CreationDate":"Thu, 14 Jan 2021 21:01:55 GMT","Creator":"epowell2_townofchapelhill","EditDate":"Fri, 15 Jan 2021 15:52:35 GMT","Editor":"dalmond","ResourceType":"3","ParkingType":null,"Capacity":null,"Condition":"Excellent","Lighting":"Yes","WxProtect":"Yes","LandUse":"Institutional","DistanceBusStop":756,"Notes":null,"Availability":"Public","AccessRating":"High","VizRating":"Very high"}},{"type":"Feature","id":386,"geometry":{"type":"Point","coordinates":[-79.0494111955794,35.9102021368027]},"properties":{"OBJECTID":386,"GlobalID":"f90bf8f5-b040-42e7-a34b-2950b8362bd3","CreationDate":"Thu, 14 Jan 2021 21:01:55 GMT","Creator":"epowell2_townofchapelhill","EditDate":"Fri, 15 Jan 2021 15:52:35 GMT","Editor":"dalmond","ResourceType":"0","ParkingType":"Inverted U","Capacity":22,"Condition":"Excellent","Lighting":"No","WxProtect":"No","LandUse":"Institutional","DistanceBusStop":783,"Notes":null,"Availability":"Public","AccessRating":"Medium","VizRating":"Very high"}},{"type":"Feature","id":387,"geometry":{"type":"Point","coordinates":[-79.0493407011858,35.9102018756018]},"properties":{"OBJECTID":387,"GlobalID":"6368801e-978d-4a8e-9e3d-a23d3ee8e757","CreationDate":"Thu, 14 Jan 2021 21:01:55 GMT","Creator":"epowell2_townofchapelhill","EditDate":"Fri, 15 Jan 2021 15:52:35 GMT","Editor":"dalmond","ResourceType":"0","ParkingType":"Inverted U","Capacity":8,"Condition":"Excellent","Lighting":"Yes","WxProtect":"Yes","LandUse":"Institutional","DistanceBusStop":771,"Notes":null,"Availability":"Public","AccessRating":"Medium","VizRating":"High"}},{"type":"Feature","id":388,"geometry":{"type":"Point","coordinates":[-79.04942103842,35.9103525738002]},"properties":{"OBJECTID":388,"GlobalID":"49fcfdb3-f22d-4a8b-be7f-98906a4d838d","CreationDate":"Thu, 14 Jan 2021 21:01:55 GMT","Creator":"epowell2_townofchapelhill","EditDate":"Fri, 15 Jan 2021 15:52:35 GMT","Editor":"dalmond","ResourceType":"0","ParkingType":"Inverted U","Capacity":6,"Condition":"Excellent","Lighting":"Yes","WxProtect":"Yes","LandUse":"Institutional","DistanceBusStop":828,"Notes":null,"Availability":"Public","AccessRating":"High","VizRating":"Medium"}},{"type":"Feature","id":389,"geometry":{"type":"Point","coordinates":[-79.0490488978388,35.9103179076304]},"properties":{"OBJECTID":389,"GlobalID":"4f030129-76a5-41d9-ae06-622c085364d2","CreationDate":"Thu, 14 Jan 2021 21:01:55 GMT","Creator":"epowell2_townofchapelhill","EditDate":"Fri, 15 Jan 2021 15:52:35 GMT","Editor":"dalmond","ResourceType":"0","ParkingType":"Inverted U","Capacity":10,"Condition":"Excellent","Lighting":"Yes","WxProtect":"Yes","LandUse":"Institutional","DistanceBusStop":761,"Notes":null,"Availability":"Public","AccessRating":"High","VizRating":"High"}},{"type":"Feature","id":390,"geometry":{"type":"Point","coordinates":[-79.049075151103,35.9103622265716]},"properties":{"OBJECTID":390,"GlobalID":"db562ae4-94fb-485c-b3e0-b9d78ca3a076","CreationDate":"Thu, 14 Jan 2021 21:01:55 GMT","Creator":"epowell2_townofchapelhill","EditDate":"Fri, 15 Jan 2021 15:52:35 GMT","Editor":"dalmond","ResourceType":"0","ParkingType":"Wave","Capacity":3,"Condition":"Excellent","Lighting":"Yes","WxProtect":"Yes","LandUse":"Institutional","DistanceBusStop":778,"Notes":null,"Availability":"Public","AccessRating":"Super high","VizRating":"Medium"}},{"type":"Feature","id":391,"geometry":{"type":"Point","coordinates":[-79.0491712914996,35.9105317526773]},"properties":{"OBJECTID":391,"GlobalID":"74f01b8e-1318-444b-acaf-8ead40b4e7dc","CreationDate":"Thu, 14 Jan 2021 21:01:55 GMT","Creator":"epowell2_townofchapelhill","EditDate":"Fri, 15 Jan 2021 15:52:35 GMT","Editor":"dalmond","ResourceType":"0","ParkingType":"Wave","Capacity":9,"Condition":"Excellent","Lighting":"Yes","WxProtect":"Yes","LandUse":"Institutional","DistanceBusStop":851,"Notes":null,"Availability":"Public","AccessRating":"Medium","VizRating":"High"}},{"type":"Feature","id":392,"geometry":{"type":"Point","coordinates":[-79.0492556612711,35.9105882838534]},"properties":{"OBJECTID":392,"GlobalID":"62e314a1-8cf6-4937-8064-b12114937e63","CreationDate":"Thu, 14 Jan 2021 21:01:55 GMT","Creator":"epowell2_townofchapelhill","EditDate":"Fri, 15 Jan 2021 15:52:35 GMT","Editor":"dalmond","ResourceType":"0","ParkingType":"Wave","Capacity":6,"Condition":"Excellent","Lighting":"Yes","WxProtect":"Yes","LandUse":"Institutional","DistanceBusStop":885,"Notes":null,"Availability":"Public","AccessRating":"Medium","VizRating":"High"}},{"type":"Feature","id":393,"geometry":{"type":"Point","coordinates":[-79.0493336781569,35.9105532438129]},"properties":{"OBJECTID":393,"GlobalID":"1ce6d276-0cef-4fd5-b5ec-44afe35e8e77","CreationDate":"Thu, 14 Jan 2021 21:01:55 GMT","Creator":"epowell2_townofchapelhill","EditDate":"Fri, 15 Jan 2021 15:52:35 GMT","Editor":"dalmond","ResourceType":"0","ParkingType":"Wave","Capacity":9,"Condition":"Excellent","Lighting":"Yes","WxProtect":"Yes","LandUse":"Institutional","DistanceBusStop":957,"Notes":null,"Availability":"Public","AccessRating":"High","VizRating":"High"}},{"type":"Feature","id":394,"geometry":{"type":"Point","coordinates":[-79.049398575148,35.9105302160369]},"properties":{"OBJECTID":394,"GlobalID":"cf6bd15f-dc55-407b-bdc2-3243d9e20e93","CreationDate":"Thu, 14 Jan 2021 21:01:55 GMT","Creator":"epowell2_townofchapelhill","EditDate":"Fri, 15 Jan 2021 15:52:35 GMT","Editor":"dalmond","ResourceType":"0","ParkingType":"Wave","Capacity":9,"Condition":"Excellent","Lighting":"Yes","WxProtect":"Yes","LandUse":"Institutional","DistanceBusStop":955,"Notes":null,"Availability":"Public","AccessRating":"High","VizRating":"Medium"}},{"type":"Feature","id":395,"geometry":{"type":"Point","coordinates":[-79.0494581747738,35.9105103030078]},"properties":{"OBJECTID":395,"GlobalID":"004ab53c-607a-40a4-84b7-d3df383c0ffd","CreationDate":"Thu, 14 Jan 2021 21:01:55 GMT","Creator":"epowell2_townofchapelhill","EditDate":"Fri, 15 Jan 2021 15:52:35 GMT","Editor":"dalmond","ResourceType":"0","ParkingType":"Wave","Capacity":6,"Condition":"Excellent","Lighting":"Yes","WxProtect":"Yes","LandUse":"Institutional","DistanceBusStop":879,"Notes":null,"Availability":"Public","AccessRating":"Medium","VizRating":"Medium"}},{"type":"Feature","id":396,"geometry":{"type":"Point","coordinates":[-79.0494941109785,35.9104618966243]},"properties":{"OBJECTID":396,"GlobalID":"21d3ac16-d10d-475a-8a57-dfb7eaa2733a","CreationDate":"Thu, 14 Jan 2021 21:01:55 GMT","Creator":"epowell2_townofchapelhill","EditDate":"Fri, 15 Jan 2021 15:52:35 GMT","Editor":"dalmond","ResourceType":"0","ParkingType":"Inverted U","Capacity":8,"Condition":"Excellent","Lighting":"Yes","WxProtect":"Yes","LandUse":"Institutional","DistanceBusStop":871,"Notes":null,"Availability":"Public","AccessRating":"High","VizRating":"High"}},{"type":"Feature","id":397,"geometry":{"type":"Point","coordinates":[-79.0472150168307,35.910012499662]},"properties":{"OBJECTID":397,"GlobalID":"1658387d-8e8d-4275-ae12-2dbef784ce17","CreationDate":"Thu, 14 Jan 2021 21:01:55 GMT","Creator":"epowell2_townofchapelhill","EditDate":"Fri, 15 Jan 2021 15:52:35 GMT","Editor":"dalmond","ResourceType":"0","ParkingType":"Wave","Capacity":9,"Condition":"Excellent","Lighting":"Yes","WxProtect":"No","LandUse":"Institutional","DistanceBusStop":314,"Notes":null,"Availability":"Public","AccessRating":"Medium","VizRating":"Medium"}},{"type":"Feature","id":398,"geometry":{"type":"Point","coordinates":[-79.0472150168307,35.910012499662]},"properties":{"OBJECTID":398,"GlobalID":"53263e54-ba3c-4bcb-9179-004a76a70663","CreationDate":"Thu, 14 Jan 2021 21:01:55 GMT","Creator":"epowell2_townofchapelhill","EditDate":"Fri, 15 Jan 2021 15:52:35 GMT","Editor":"dalmond","ResourceType":"0","ParkingType":"Wave","Capacity":9,"Condition":"Excellent","Lighting":"Yes","WxProtect":"No","LandUse":"Institutional","DistanceBusStop":314,"Notes":null,"Availability":"Public","AccessRating":"Medium","VizRating":"Medium"}},{"type":"Feature","id":399,"geometry":{"type":"Point","coordinates":[-79.0484501545323,35.9095350728459]},"properties":{"OBJECTID":399,"GlobalID":"e43551c3-6482-43e1-9818-68b28b643062","CreationDate":"Thu, 14 Jan 2021 21:01:55 GMT","Creator":"epowell2_townofchapelhill","EditDate":"Fri, 15 Jan 2021 15:52:35 GMT","Editor":"dalmond","ResourceType":"0","ParkingType":"Wave","Capacity":9,"Condition":"Fair","Lighting":"No","WxProtect":"No","LandUse":"Institutional","DistanceBusStop":108,"Notes":null,"Availability":"Public","AccessRating":"Low","VizRating":"Medium"}},{"type":"Feature","id":400,"geometry":{"type":"Point","coordinates":[-79.0470700233539,35.9107091442262]},"properties":{"OBJECTID":400,"GlobalID":"797625bc-32f2-41aa-a8f7-3d6cc8b0d89c","CreationDate":"Thu, 14 Jan 2021 21:01:55 GMT","Creator":"epowell2_townofchapelhill","EditDate":"Fri, 15 Jan 2021 15:52:35 GMT","Editor":"dalmond","ResourceType":"0","ParkingType":"Wave","Capacity":6,"Condition":"Excellent","Lighting":"Yes","WxProtect":"Yes","LandUse":"Institutional","DistanceBusStop":209,"Notes":null,"Availability":"Public","AccessRating":"Low","VizRating":"Medium"}},{"type":"Feature","id":401,"geometry":{"type":"Point","coordinates":[-79.0470120371023,35.9107273852399]},"properties":{"OBJECTID":401,"GlobalID":"4c404efe-7684-4f83-bad1-b49d5c91a882","CreationDate":"Thu, 14 Jan 2021 21:01:55 GMT","Creator":"epowell2_townofchapelhill","EditDate":"Fri, 15 Jan 2021 15:52:35 GMT","Editor":"dalmond","ResourceType":"0","ParkingType":"Wave","Capacity":9,"Condition":"Excellent","Lighting":"Yes","WxProtect":"Yes","LandUse":"Institutional","DistanceBusStop":190,"Notes":null,"Availability":"Public","AccessRating":"Low","VizRating":"High"}},{"type":"Feature","id":402,"geometry":{"type":"Point","coordinates":[-79.0479285244063,35.9117180811085]},"properties":{"OBJECTID":402,"GlobalID":"1ce3947f-1f48-43c5-bd5b-39bc70c79046","CreationDate":"Thu, 14 Jan 2021 21:01:55 GMT","Creator":"epowell2_townofchapelhill","EditDate":"Fri, 15 Jan 2021 15:52:35 GMT","Editor":"dalmond","ResourceType":"0","ParkingType":"Wave","Capacity":9,"Condition":"Excellent","Lighting":"No","WxProtect":"No","LandUse":"Institutional","DistanceBusStop":403,"Notes":null,"Availability":"Public","AccessRating":"Medium","VizRating":"Very high"}},{"type":"Feature","id":403,"geometry":{"type":"Point","coordinates":[-79.0480773905203,35.9119660101489]},"properties":{"OBJECTID":403,"GlobalID":"40ec6311-4e58-499a-9ff2-57d8f7ded506","CreationDate":"Thu, 14 Jan 2021 21:01:55 GMT","Creator":"epowell2_townofchapelhill","EditDate":"Fri, 15 Jan 2021 15:52:35 GMT","Editor":"dalmond","ResourceType":"0","ParkingType":"Wave","Capacity":9,"Condition":"Excellent","Lighting":"No","WxProtect":"No","LandUse":"Institutional","DistanceBusStop":302,"Notes":null,"Availability":"Public","AccessRating":"Medium","VizRating":"Very high"}},{"type":"Feature","id":404,"geometry":{"type":"Point","coordinates":[-79.0476908256906,35.9120954863844]},"properties":{"OBJECTID":404,"GlobalID":"f13766df-5405-4ccc-a35f-dbd508179be3","CreationDate":"Thu, 14 Jan 2021 21:01:55 GMT","Creator":"epowell2_townofchapelhill","EditDate":"Fri, 15 Jan 2021 15:52:35 GMT","Editor":"dalmond","ResourceType":"0","ParkingType":"Wave","Capacity":6,"Condition":"Excellent","Lighting":"No","WxProtect":"No","LandUse":"Institutional","DistanceBusStop":210,"Notes":null,"Availability":"Public","AccessRating":"Medium","VizRating":"Very high"}},{"type":"Feature","id":405,"geometry":{"type":"Point","coordinates":[-79.0476129498403,35.9122428502054]},"properties":{"OBJECTID":405,"GlobalID":"c12535df-e788-4e39-be58-b0fd1b18d549","CreationDate":"Thu, 14 Jan 2021 21:01:55 GMT","Creator":"epowell2_townofchapelhill","EditDate":"Fri, 15 Jan 2021 15:52:35 GMT","Editor":"dalmond","ResourceType":"0","ParkingType":"Wave","Capacity":9,"Condition":"Excellent","Lighting":"Yes","WxProtect":"No","LandUse":"Institutional","DistanceBusStop":118,"Notes":null,"Availability":"Public","AccessRating":"High","VizRating":"Very high"}},{"type":"Feature","id":406,"geometry":{"type":"Point","coordinates":[-79.0477807964579,35.9124506796907]},"properties":{"OBJECTID":406,"GlobalID":"a5f9c4a0-ff86-4650-94d1-06c8969b32a2","CreationDate":"Thu, 14 Jan 2021 21:01:55 GMT","Creator":"epowell2_townofchapelhill","EditDate":"Fri, 15 Jan 2021 15:52:35 GMT","Editor":"dalmond","ResourceType":"0","ParkingType":"Wave","Capacity":15,"Condition":"Fair","Lighting":"Yes","WxProtect":"No","LandUse":"Institutional","DistanceBusStop":146,"Notes":null,"Availability":"Public","AccessRating":"High","VizRating":"Very high"}},{"type":"Feature","id":407,"geometry":{"type":"Point","coordinates":[-79.0479388747951,35.9125148954157]},"properties":{"OBJECTID":407,"GlobalID":"280dd809-2cdd-48ba-a90b-bfc230b037b3","CreationDate":"Thu, 14 Jan 2021 21:01:55 GMT","Creator":"epowell2_townofchapelhill","EditDate":"Fri, 15 Jan 2021 15:52:35 GMT","Editor":"dalmond","ResourceType":"0","ParkingType":"Wave","Capacity":9,"Condition":"Excellent","Lighting":"Yes","WxProtect":"No","LandUse":"Institutional","DistanceBusStop":222,"Notes":null,"Availability":"Public","AccessRating":"Medium","VizRating":"Very high"}},{"type":"Feature","id":408,"geometry":{"type":"Point","coordinates":[-79.0482973600856,35.9123477934213]},"properties":{"OBJECTID":408,"GlobalID":"34d408ac-3532-4d68-b0d3-4b770fc930eb","CreationDate":"Thu, 14 Jan 2021 21:01:55 GMT","Creator":"epowell2_townofchapelhill","EditDate":"Fri, 15 Jan 2021 15:52:35 GMT","Editor":"dalmond","ResourceType":"0","ParkingType":"Wave","Capacity":9,"Condition":"Excellent","Lighting":"Yes","WxProtect":"No","LandUse":"Institutional","DistanceBusStop":325,"Notes":null,"Availability":"Public","AccessRating":"Medium","VizRating":"Very high"}},{"type":"Feature","id":409,"geometry":{"type":"Point","coordinates":[-79.0484361210509,35.9125780932362]},"properties":{"OBJECTID":409,"GlobalID":"ace74512-0578-42d3-aee4-942e457b1efc","CreationDate":"Thu, 14 Jan 2021 21:01:55 GMT","Creator":"epowell2_townofchapelhill","EditDate":"Fri, 15 Jan 2021 15:52:35 GMT","Editor":"dalmond","ResourceType":"0","ParkingType":"Wave","Capacity":6,"Condition":"Excellent","Lighting":"Yes","WxProtect":"No","LandUse":"Institutional","DistanceBusStop":355,"Notes":null,"Availability":"Public","AccessRating":"Medium","VizRating":"Very high"}},{"type":"Feature","id":410,"geometry":{"type":"Point","coordinates":[-79.048058858276,35.912721533905]},"properties":{"OBJECTID":410,"GlobalID":"ce26f4da-4380-4b41-99c4-371f52e8ee30","CreationDate":"Thu, 14 Jan 2021 21:01:55 GMT","Creator":"epowell2_townofchapelhill","EditDate":"Fri, 15 Jan 2021 15:52:35 GMT","Editor":"dalmond","ResourceType":"0","ParkingType":"Wave","Capacity":6,"Condition":"Excellent","Lighting":"Yes","WxProtect":"No","LandUse":"Institutional","DistanceBusStop":305,"Notes":null,"Availability":"Public","AccessRating":"Medium","VizRating":"Very high"}},{"type":"Feature","id":411,"geometry":{"type":"Point","coordinates":[-79.0491112292414,35.9148060913546]},"properties":{"OBJECTID":411,"GlobalID":"2a75fc19-2200-448a-911d-2b48cdb5420a","CreationDate":"Thu, 14 Jan 2021 21:01:55 GMT","Creator":"epowell2_townofchapelhill","EditDate":"Fri, 15 Jan 2021 15:52:35 GMT","Editor":"dalmond","ResourceType":"0","ParkingType":"Wave","Capacity":6,"Condition":"Excellent","Lighting":"No","WxProtect":"No","LandUse":"Institutional","DistanceBusStop":91,"Notes":null,"Availability":"Public","AccessRating":"Medium","VizRating":"High"}},{"type":"Feature","id":412,"geometry":{"type":"Point","coordinates":[-79.0492926853356,35.9148812138425]},"properties":{"OBJECTID":412,"GlobalID":"f51ddc44-6a0d-46fb-8139-880290be8ad0","CreationDate":"Thu, 14 Jan 2021 21:01:55 GMT","Creator":"epowell2_townofchapelhill","EditDate":"Fri, 15 Jan 2021 15:52:35 GMT","Editor":"dalmond","ResourceType":"0","ParkingType":"Wave","Capacity":6,"Condition":"Excellent","Lighting":"No","WxProtect":"No","LandUse":"Institutional","DistanceBusStop":331,"Notes":null,"Availability":"Public","AccessRating":"Medium","VizRating":"High"}},{"type":"Feature","id":413,"geometry":{"type":"Point","coordinates":[-79.049480481739,35.914749272905]},"properties":{"OBJECTID":413,"GlobalID":"f98b2161-b5de-4901-ac4b-0e4507a215e4","CreationDate":"Thu, 14 Jan 2021 21:01:55 GMT","Creator":"epowell2_townofchapelhill","EditDate":"Fri, 15 Jan 2021 15:52:35 GMT","Editor":"dalmond","ResourceType":"0","ParkingType":"Wave","Capacity":27,"Condition":"Fair","Lighting":"Yes","WxProtect":"No","LandUse":"Institutional","DistanceBusStop":319,"Notes":null,"Availability":"Public","AccessRating":"Medium","VizRating":"High"}},{"type":"Feature","id":414,"geometry":{"type":"Point","coordinates":[-79.0481368176696,35.9154208174147]},"properties":{"OBJECTID":414,"GlobalID":"f379025b-aabe-4bae-99bc-b5ebe85d0d43","CreationDate":"Thu, 14 Jan 2021 21:01:55 GMT","Creator":"epowell2_townofchapelhill","EditDate":"Fri, 15 Jan 2021 15:52:35 GMT","Editor":"dalmond","ResourceType":"0","ParkingType":"Wave","Capacity":3,"Condition":"Excellent","Lighting":"No","WxProtect":"No","LandUse":"Institutional","DistanceBusStop":379,"Notes":null,"Availability":"Public","AccessRating":"Medium","VizRating":"Medium"}},{"type":"Feature","id":415,"geometry":{"type":"Point","coordinates":[-79.0477927171017,35.9147948669185]},"properties":{"OBJECTID":415,"GlobalID":"2ecfb985-86d1-46ef-a5c0-9e46370519b6","CreationDate":"Thu, 14 Jan 2021 21:01:55 GMT","Creator":"epowell2_townofchapelhill","EditDate":"Fri, 15 Jan 2021 15:52:35 GMT","Editor":"dalmond","ResourceType":"0","ParkingType":"Wave","Capacity":15,"Condition":"Excellent","Lighting":"Yes","WxProtect":"No","LandUse":"Institutional","DistanceBusStop":371,"Notes":null,"Availability":"Public","AccessRating":"High","VizRating":"Very high"}},{"type":"Feature","id":416,"geometry":{"type":"Point","coordinates":[-79.0476184385467,35.9142835626266]},"properties":{"OBJECTID":416,"GlobalID":"3545037c-2094-4a96-9852-1f91bd878781","CreationDate":"Thu, 14 Jan 2021 21:01:55 GMT","Creator":"epowell2_townofchapelhill","EditDate":"Fri, 15 Jan 2021 15:52:35 GMT","Editor":"dalmond","ResourceType":"0","ParkingType":"Wave","Capacity":33,"Condition":"Fair","Lighting":"Yes","WxProtect":"No","LandUse":"Institutional","DistanceBusStop":255,"Notes":null,"Availability":"Public","AccessRating":"High","VizRating":"Very high"}},{"type":"Feature","id":417,"geometry":{"type":"Point","coordinates":[-79.0470099575025,35.9130120354946]},"properties":{"OBJECTID":417,"GlobalID":"00d7efd7-2615-4cbc-8f48-2d1eb16c5031","CreationDate":"Thu, 14 Jan 2021 21:01:55 GMT","Creator":"epowell2_townofchapelhill","EditDate":"Fri, 15 Jan 2021 15:52:35 GMT","Editor":"dalmond","ResourceType":"0","ParkingType":"Wave","Capacity":6,"Condition":"Excellent","Lighting":"Yes","WxProtect":"No","LandUse":"Institutional","DistanceBusStop":371,"Notes":null,"Availability":"Public","AccessRating":"Low","VizRating":"Medium"}},{"type":"Feature","id":418,"geometry":{"type":"Point","coordinates":[-79.0469182413086,35.9130381197255]},"properties":{"OBJECTID":418,"GlobalID":"8414a4d5-a369-45be-8382-a0d06c67d171","CreationDate":"Thu, 14 Jan 2021 21:01:55 GMT","Creator":"epowell2_townofchapelhill","EditDate":"Fri, 15 Jan 2021 15:52:35 GMT","Editor":"dalmond","ResourceType":"0","ParkingType":"Wave","Capacity":6,"Condition":"Excellent","Lighting":"Yes","WxProtect":"No","LandUse":"Institutional","DistanceBusStop":332,"Notes":null,"Availability":"Public","AccessRating":"Low","VizRating":"Medium"}},{"type":"Feature","id":419,"geometry":{"type":"Point","coordinates":[-79.0474474702835,35.9126678177135]},"properties":{"OBJECTID":419,"GlobalID":"113cff29-8a58-45b7-a53e-18b549d9f9f0","CreationDate":"Thu, 14 Jan 2021 21:01:55 GMT","Creator":"epowell2_townofchapelhill","EditDate":"Fri, 15 Jan 2021 15:52:35 GMT","Editor":"dalmond","ResourceType":"0","ParkingType":"Wave","Capacity":18,"Condition":"Excellent","Lighting":"Yes","WxProtect":"No","LandUse":"Institutional","DistanceBusStop":68,"Notes":null,"Availability":"Public","AccessRating":"Medium","VizRating":"Very high"}},{"type":"Feature","id":420,"geometry":{"type":"Point","coordinates":[-79.0468949192472,35.9128539052989]},"properties":{"OBJECTID":420,"GlobalID":"58fdd175-19fc-4d99-a01f-88d4df8bcef1","CreationDate":"Thu, 14 Jan 2021 21:01:55 GMT","Creator":"epowell2_townofchapelhill","EditDate":"Fri, 15 Jan 2021 15:52:35 GMT","Editor":"dalmond","ResourceType":"0","ParkingType":"Wave","Capacity":3,"Condition":"Excellent","Lighting":"Yes","WxProtect":"No","LandUse":"Institutional","DistanceBusStop":246,"Notes":null,"Availability":"Public","AccessRating":"High","VizRating":"Very high"}},{"type":"Feature","id":421,"geometry":{"type":"Point","coordinates":[-79.0468184375822,35.9128775842873]},"properties":{"OBJECTID":421,"GlobalID":"71fdc245-e10e-427b-9f41-b5002e9618b0","CreationDate":"Thu, 14 Jan 2021 21:01:55 GMT","Creator":"epowell2_townofchapelhill","EditDate":"Fri, 15 Jan 2021 15:52:35 GMT","Editor":"dalmond","ResourceType":"0","ParkingType":"Wave","Capacity":9,"Condition":"Excellent","Lighting":"Yes","WxProtect":"No","LandUse":"Institutional","DistanceBusStop":271,"Notes":null,"Availability":"Public","AccessRating":"High","VizRating":"Very high"}},{"type":"Feature","id":422,"geometry":{"type":"Point","coordinates":[-79.0466087016246,35.9125555913459]},"properties":{"OBJECTID":422,"GlobalID":"0f7bfc7e-4e5a-4246-961e-114bb42196b7","CreationDate":"Thu, 14 Jan 2021 21:01:55 GMT","Creator":"epowell2_townofchapelhill","EditDate":"Fri, 15 Jan 2021 15:52:35 GMT","Editor":"dalmond","ResourceType":"0","ParkingType":"Wave","Capacity":6,"Condition":"Excellent","Lighting":"No","WxProtect":"No","LandUse":"Institutional","DistanceBusStop":272,"Notes":null,"Availability":"Public","AccessRating":"High","VizRating":"Very high"}},{"type":"Feature","id":423,"geometry":{"type":"Point","coordinates":[-79.0467115632162,35.9125033847243]},"properties":{"OBJECTID":423,"GlobalID":"e858c686-ab70-4d62-a91b-d651d89cda35","CreationDate":"Thu, 14 Jan 2021 21:01:55 GMT","Creator":"epowell2_townofchapelhill","EditDate":"Fri, 15 Jan 2021 15:52:35 GMT","Editor":"dalmond","ResourceType":"0","ParkingType":"Wave","Capacity":3,"Condition":"Excellent","Lighting":"Yes","WxProtect":"No","LandUse":"Institutional","DistanceBusStop":266,"Notes":null,"Availability":"Public","AccessRating":"High","VizRating":"Very high"}},{"type":"Feature","id":424,"geometry":{"type":"Point","coordinates":[-79.0471866642037,35.9122259351562]},"properties":{"OBJECTID":424,"GlobalID":"c2448287-c4d7-42d1-9ed4-33ff0f02b81c","CreationDate":"Thu, 14 Jan 2021 21:01:55 GMT","Creator":"epowell2_townofchapelhill","EditDate":"Fri, 15 Jan 2021 15:52:35 GMT","Editor":"dalmond","ResourceType":"0","ParkingType":"Wave","Capacity":9,"Condition":"Excellent","Lighting":"Yes","WxProtect":"No","LandUse":"Institutional","DistanceBusStop":146,"Notes":null,"Availability":"Public","AccessRating":"High","VizRating":"Very high"}},{"type":"Feature","id":425,"geometry":{"type":"Point","coordinates":[-79.0463589385346,35.9124022759495]},"properties":{"OBJECTID":425,"GlobalID":"01a3ca71-d8ac-441d-8741-7b3a379e70f0","CreationDate":"Thu, 14 Jan 2021 21:01:55 GMT","Creator":"epowell2_townofchapelhill","EditDate":"Fri, 15 Jan 2021 15:52:35 GMT","Editor":"dalmond","ResourceType":"0","ParkingType":"Wave","Capacity":6,"Condition":"Excellent","Lighting":"Yes","WxProtect":"No","LandUse":"Institutional","DistanceBusStop":400,"Notes":null,"Availability":"Public","AccessRating":"Medium","VizRating":"Very high"}},{"type":"Feature","id":426,"geometry":{"type":"Point","coordinates":[-79.0458048073617,35.9127696464288]},"properties":{"OBJECTID":426,"GlobalID":"35aa0155-b0a4-4e41-8b06-4da21697e9e2","CreationDate":"Thu, 14 Jan 2021 21:01:55 GMT","Creator":"epowell2_townofchapelhill","EditDate":"Fri, 15 Jan 2021 15:52:35 GMT","Editor":"dalmond","ResourceType":"0","ParkingType":"Wave","Capacity":14,"Condition":"Excellent","Lighting":"Yes","WxProtect":"No","LandUse":"Institutional","DistanceBusStop":552,"Notes":null,"Availability":"Public","AccessRating":"Medium","VizRating":"High"}},{"type":"Feature","id":427,"geometry":{"type":"Point","coordinates":[-79.0455570017007,35.9124108909722]},"properties":{"OBJECTID":427,"GlobalID":"bb15ea5a-ef4b-4ee4-aeb4-ae1a3c3b48cc","CreationDate":"Thu, 14 Jan 2021 21:01:55 GMT","Creator":"epowell2_townofchapelhill","EditDate":"Fri, 15 Jan 2021 15:52:35 GMT","Editor":"dalmond","ResourceType":"0","ParkingType":"Wave","Capacity":6,"Condition":"Excellent","Lighting":"Yes","WxProtect":"No","LandUse":"Institutional","DistanceBusStop":665,"Notes":null,"Availability":"Public","AccessRating":"Medium","VizRating":"Medium"}},{"type":"Feature","id":428,"geometry":{"type":"Point","coordinates":[-79.0449609524417,35.9122031326833]},"properties":{"OBJECTID":428,"GlobalID":"340f34ef-24d7-4652-91ee-ad1f9aeb9e42","CreationDate":"Thu, 14 Jan 2021 21:01:55 GMT","Creator":"epowell2_townofchapelhill","EditDate":"Fri, 15 Jan 2021 15:52:35 GMT","Editor":"dalmond","ResourceType":"0","ParkingType":"Wave","Capacity":18,"Condition":"Excellent","Lighting":"Yes","WxProtect":"No","LandUse":"Institutional","DistanceBusStop":859,"Notes":null,"Availability":"Public","AccessRating":"Medium","VizRating":"Very high"}},{"type":"Feature","id":429,"geometry":{"type":"Point","coordinates":[-79.0447458813896,35.912108007718]},"properties":{"OBJECTID":429,"GlobalID":"d887516f-e1a7-4681-8c26-6b6fc85f3565","CreationDate":"Thu, 14 Jan 2021 21:01:55 GMT","Creator":"epowell2_townofchapelhill","EditDate":"Fri, 15 Jan 2021 15:52:35 GMT","Editor":"dalmond","ResourceType":"0","ParkingType":"Wave","Capacity":12,"Condition":"Excellent","Lighting":"Yes","WxProtect":"No","LandUse":"Institutional","DistanceBusStop":882,"Notes":null,"Availability":"Public","AccessRating":"Medium","VizRating":"Very high"}},{"type":"Feature","id":430,"geometry":{"type":"Point","coordinates":[-79.0443470087422,35.9122028154669]},"properties":{"OBJECTID":430,"GlobalID":"181053f8-32ed-48a0-9115-9b606b4340a8","CreationDate":"Thu, 14 Jan 2021 21:01:55 GMT","Creator":"epowell2_townofchapelhill","EditDate":"Fri, 15 Jan 2021 15:52:35 GMT","Editor":"dalmond","ResourceType":"0","ParkingType":"Wave","Capacity":24,"Condition":"Excellent","Lighting":"Yes","WxProtect":"No","LandUse":"Institutional","DistanceBusStop":916,"Notes":null,"Availability":"Public","AccessRating":"Medium","VizRating":"High"}},{"type":"Feature","id":431,"geometry":{"type":"Point","coordinates":[-79.0463635630617,35.9119291394423]},"properties":{"OBJECTID":431,"GlobalID":"a23e0e01-8b6a-40a3-8b17-1553fee5477c","CreationDate":"Thu, 14 Jan 2021 21:01:55 GMT","Creator":"epowell2_townofchapelhill","EditDate":"Fri, 15 Jan 2021 15:52:35 GMT","Editor":"dalmond","ResourceType":"0","ParkingType":"Wave","Capacity":11,"Condition":"Excellent","Lighting":"Yes","WxProtect":"No","LandUse":"Institutional","DistanceBusStop":488,"Notes":null,"Availability":"Public","AccessRating":"Medium","VizRating":"Very high"}},{"type":"Feature","id":432,"geometry":{"type":"Point","coordinates":[-79.0465756822497,35.9115683779115]},"properties":{"OBJECTID":432,"GlobalID":"db9f5e2c-2d3c-4f2a-ba3d-822db539b26f","CreationDate":"Thu, 14 Jan 2021 21:01:55 GMT","Creator":"epowell2_townofchapelhill","EditDate":"Fri, 15 Jan 2021 15:52:35 GMT","Editor":"dalmond","ResourceType":"0","ParkingType":"Wave","Capacity":6,"Condition":"Excellent","Lighting":"Yes","WxProtect":"No","LandUse":"Institutional","DistanceBusStop":381,"Notes":null,"Availability":"Public","AccessRating":"Medium","VizRating":"Low"}},{"type":"Feature","id":433,"geometry":{"type":"Point","coordinates":[-79.0464238777465,35.9115154241548]},"properties":{"OBJECTID":433,"GlobalID":"c2719712-e834-4ac5-aeed-ddf333ee2892","CreationDate":"Thu, 14 Jan 2021 21:01:55 GMT","Creator":"epowell2_townofchapelhill","EditDate":"Fri, 15 Jan 2021 15:52:35 GMT","Editor":"dalmond","ResourceType":"0","ParkingType":"Wave","Capacity":6,"Condition":"Excellent","Lighting":"No","WxProtect":"No","LandUse":"Institutional","DistanceBusStop":335,"Notes":null,"Availability":"Public","AccessRating":"Medium","VizRating":"High"}},{"type":"Feature","id":434,"geometry":{"type":"Point","coordinates":[-79.0468212043933,35.9115580020861]},"properties":{"OBJECTID":434,"GlobalID":"8e56437c-c565-43fd-9f4f-a29d9a7bd5fa","CreationDate":"Thu, 14 Jan 2021 21:01:55 GMT","Creator":"epowell2_townofchapelhill","EditDate":"Fri, 15 Jan 2021 15:52:35 GMT","Editor":"dalmond","ResourceType":"0","ParkingType":"Wave","Capacity":6,"Condition":"Excellent","Lighting":"Yes","WxProtect":"No","LandUse":"Institutional","DistanceBusStop":317,"Notes":null,"Availability":"Public","AccessRating":"Medium","VizRating":"Super high"}},{"type":"Feature","id":435,"geometry":{"type":"Point","coordinates":[-79.0461661474982,35.9112078286413]},"properties":{"OBJECTID":435,"GlobalID":"78c56708-1319-4d3e-abbf-749ed6806ee8","CreationDate":"Thu, 14 Jan 2021 21:01:55 GMT","Creator":"epowell2_townofchapelhill","EditDate":"Fri, 15 Jan 2021 15:52:35 GMT","Editor":"dalmond","ResourceType":"0","ParkingType":"Wave","Capacity":9,"Condition":"Excellent","Lighting":"No","WxProtect":"No","LandUse":"Institutional","DistanceBusStop":298,"Notes":null,"Availability":"Public","AccessRating":"Medium","VizRating":"Medium"}},{"type":"Feature","id":436,"geometry":{"type":"Point","coordinates":[-79.0462886031428,35.9111853176306]},"properties":{"OBJECTID":436,"GlobalID":"d122375e-6e37-49f6-af36-c1f30ce27295","CreationDate":"Thu, 14 Jan 2021 21:01:55 GMT","Creator":"epowell2_townofchapelhill","EditDate":"Fri, 15 Jan 2021 15:52:35 GMT","Editor":"dalmond","ResourceType":"0","ParkingType":"Wave","Capacity":9,"Condition":"Excellent","Lighting":"No","WxProtect":"No","LandUse":"Institutional","DistanceBusStop":259,"Notes":null,"Availability":"Public","AccessRating":"Medium","VizRating":"Very high"}},{"type":"Feature","id":437,"geometry":{"type":"Point","coordinates":[-79.045939570824,35.9106071076827]},"properties":{"OBJECTID":437,"GlobalID":"a667ead9-c12f-490d-abab-ef64a954e29b","CreationDate":"Thu, 14 Jan 2021 21:01:55 GMT","Creator":"epowell2_townofchapelhill","EditDate":"Fri, 15 Jan 2021 15:52:35 GMT","Editor":"dalmond","ResourceType":"0","ParkingType":"Wave","Capacity":6,"Condition":"Excellent","Lighting":"Yes","WxProtect":"No","LandUse":"Institutional","DistanceBusStop":290,"Notes":null,"Availability":"Public","AccessRating":"Medium","VizRating":"Very low"}},{"type":"Feature","id":438,"geometry":{"type":"Point","coordinates":[-79.0460777766305,35.910520753911]},"properties":{"OBJECTID":438,"GlobalID":"f312981d-4375-41af-a30d-4263c69da7c6","CreationDate":"Thu, 14 Jan 2021 21:01:55 GMT","Creator":"epowell2_townofchapelhill","EditDate":"Fri, 15 Jan 2021 15:52:35 GMT","Editor":"dalmond","ResourceType":"0","ParkingType":"Wave","Capacity":12,"Condition":"Excellent","Lighting":"Yes","WxProtect":"No","LandUse":"Institutional","DistanceBusStop":265,"Notes":null,"Availability":"Public","AccessRating":"Medium","VizRating":"Very high"}},{"type":"Feature","id":439,"geometry":{"type":"Point","coordinates":[-79.0460287079547,35.9105913658628]},"properties":{"OBJECTID":439,"GlobalID":"6a5ee730-2eb0-4056-8ee2-d9285119b9fc","CreationDate":"Thu, 14 Jan 2021 21:01:55 GMT","Creator":"epowell2_townofchapelhill","EditDate":"Fri, 15 Jan 2021 15:52:35 GMT","Editor":"dalmond","ResourceType":"0","ParkingType":"Wave","Capacity":6,"Condition":"Excellent","Lighting":"Yes","WxProtect":"No","LandUse":"Institutional","DistanceBusStop":283,"Notes":null,"Availability":"Public","AccessRating":"Medium","VizRating":"Medium"}},{"type":"Feature","id":440,"geometry":{"type":"Point","coordinates":[-79.0460686820865,35.9105901086125]},"properties":{"OBJECTID":440,"GlobalID":"5f50cba8-92a9-474f-8582-f56b52fed68b","CreationDate":"Thu, 14 Jan 2021 21:01:55 GMT","Creator":"epowell2_townofchapelhill","EditDate":"Fri, 15 Jan 2021 15:52:35 GMT","Editor":"dalmond","ResourceType":"0","ParkingType":"Wave","Capacity":3,"Condition":"Excellent","Lighting":"Yes","WxProtect":"No","LandUse":"Institutional","DistanceBusStop":282,"Notes":null,"Availability":"Public","AccessRating":"Medium","VizRating":"Very high"}},{"type":"Feature","id":441,"geometry":{"type":"Point","coordinates":[-79.0462093456836,35.9108741026142]},"properties":{"OBJECTID":441,"GlobalID":"e22b12b5-d11a-4c7b-971f-4cae8aab42c2","CreationDate":"Thu, 14 Jan 2021 21:01:55 GMT","Creator":"epowell2_townofchapelhill","EditDate":"Fri, 15 Jan 2021 15:52:35 GMT","Editor":"dalmond","ResourceType":"0","ParkingType":"Wave","Capacity":6,"Condition":"Excellent","Lighting":"Yes","WxProtect":"No","LandUse":"Institutional","DistanceBusStop":273,"Notes":null,"Availability":"Public","AccessRating":"High","VizRating":"Very high"}},{"type":"Feature","id":442,"geometry":{"type":"Point","coordinates":[-79.0443975901809,35.9115644483252]},"properties":{"OBJECTID":442,"GlobalID":"2e268c65-dd08-43fc-8ac6-a9260aaf573e","CreationDate":"Thu, 14 Jan 2021 21:01:55 GMT","Creator":"epowell2_townofchapelhill","EditDate":"Fri, 15 Jan 2021 15:52:35 GMT","Editor":"dalmond","ResourceType":"0","ParkingType":"Wave","Capacity":6,"Condition":"Fair","Lighting":"No","WxProtect":"No","LandUse":"Institutional","DistanceBusStop":680,"Notes":null,"Availability":"Public","AccessRating":"Medium","VizRating":"Medium"}},{"type":"Feature","id":443,"geometry":{"type":"Point","coordinates":[-79.043214130761,35.9119294261021]},"properties":{"OBJECTID":443,"GlobalID":"c458ab3c-e45b-4cb5-94d8-89d595b3a37c","CreationDate":"Thu, 14 Jan 2021 21:01:55 GMT","Creator":"epowell2_townofchapelhill","EditDate":"Fri, 15 Jan 2021 15:52:35 GMT","Editor":"dalmond","ResourceType":"0","ParkingType":"Simple grid","Capacity":10,"Condition":"Fair","Lighting":"Yes","WxProtect":"No","LandUse":"Institutional","DistanceBusStop":694,"Notes":null,"Availability":"Public","AccessRating":"Low","VizRating":"Low"}},{"type":"Feature","id":444,"geometry":{"type":"Point","coordinates":[-79.0423993031028,35.9101626350747]},"properties":{"OBJECTID":444,"GlobalID":"8447a2d4-6399-40fc-afb9-4c321446fc91","CreationDate":"Thu, 14 Jan 2021 21:01:55 GMT","Creator":"epowell2_townofchapelhill","EditDate":"Fri, 15 Jan 2021 15:52:35 GMT","Editor":"dalmond","ResourceType":"0","ParkingType":"Wave","Capacity":6,"Condition":"Excellent","Lighting":"Yes","WxProtect":"Yes","LandUse":"Institutional","DistanceBusStop":163,"Notes":null,"Availability":"Public","AccessRating":"Low","VizRating":"Medium"}},{"type":"Feature","id":445,"geometry":{"type":"Point","coordinates":[-79.0425004758616,35.9100918874103]},"properties":{"OBJECTID":445,"GlobalID":"39ef17bd-3d03-49a3-816a-88f6327596a3","CreationDate":"Thu, 14 Jan 2021 21:01:55 GMT","Creator":"epowell2_townofchapelhill","EditDate":"Fri, 15 Jan 2021 15:52:35 GMT","Editor":"dalmond","ResourceType":"0","ParkingType":"Multiple","Capacity":5,"Condition":"Excellent","Lighting":"No","WxProtect":"No","LandUse":"Institutional","DistanceBusStop":163,"Notes":"One wave and one inverted U","Availability":"Public","AccessRating":"Low","VizRating":"Low"}},{"type":"Feature","id":446,"geometry":{"type":"Point","coordinates":[-79.0425037924417,35.9087832650326]},"properties":{"OBJECTID":446,"GlobalID":"ffa713e0-2083-4f7c-a280-b70bb17b6f80","CreationDate":"Thu, 14 Jan 2021 21:01:55 GMT","Creator":"epowell2_townofchapelhill","EditDate":"Fri, 15 Jan 2021 15:52:35 GMT","Editor":"dalmond","ResourceType":"0","ParkingType":"Inverted U","Capacity":10,"Condition":"Excellent","Lighting":"Yes","WxProtect":"No","LandUse":"Institutional","DistanceBusStop":556,"Notes":null,"Availability":"Public","AccessRating":"Low","VizRating":"Medium"}},{"type":"Feature","id":447,"geometry":{"type":"Point","coordinates":[-79.0424388972472,35.9087943717242]},"properties":{"OBJECTID":447,"GlobalID":"4b60c83a-a3b8-41e5-8f31-acbce382e905","CreationDate":"Thu, 14 Jan 2021 21:01:55 GMT","Creator":"epowell2_townofchapelhill","EditDate":"Fri, 15 Jan 2021 15:52:35 GMT","Editor":"dalmond","ResourceType":"0","ParkingType":"Inverted U","Capacity":10,"Condition":"Fair","Lighting":"Yes","WxProtect":"No","LandUse":"Institutional","DistanceBusStop":556,"Notes":null,"Availability":"Public","AccessRating":"Low","VizRating":"Low"}},{"type":"Feature","id":448,"geometry":{"type":"Point","coordinates":[-79.0420213603032,35.9084884478311]},"properties":{"OBJECTID":448,"GlobalID":"af25a4f7-3652-4d90-bf49-3c31e6d1847e","CreationDate":"Thu, 14 Jan 2021 21:01:55 GMT","Creator":"epowell2_townofchapelhill","EditDate":"Fri, 15 Jan 2021 15:52:35 GMT","Editor":"dalmond","ResourceType":"0","ParkingType":"Wave","Capacity":24,"Condition":"Excellent","Lighting":"Yes","WxProtect":"Yes","LandUse":"Institutional","DistanceBusStop":413,"Notes":null,"Availability":"Public","AccessRating":"Medium","VizRating":"Medium"}},{"type":"Feature","id":449,"geometry":{"type":"Point","coordinates":[-79.0419875126816,35.9083602826414]},"properties":{"OBJECTID":449,"GlobalID":"7e77b1c1-1a8f-4d8e-903f-821b49579613","CreationDate":"Thu, 14 Jan 2021 21:01:55 GMT","Creator":"epowell2_townofchapelhill","EditDate":"Fri, 15 Jan 2021 15:52:35 GMT","Editor":"dalmond","ResourceType":"0","ParkingType":"Wave","Capacity":18,"Condition":"Excellent","Lighting":"Yes","WxProtect":"Yes","LandUse":"Institutional","DistanceBusStop":463,"Notes":null,"Availability":"Public","AccessRating":"Medium","VizRating":"Low"}},{"type":"Feature","id":450,"geometry":{"type":"Point","coordinates":[-79.0429034367419,35.9078567322766]},"properties":{"OBJECTID":450,"GlobalID":"389c86a3-b578-49fc-ac5f-a2648bc9de38","CreationDate":"Thu, 14 Jan 2021 21:01:55 GMT","Creator":"epowell2_townofchapelhill","EditDate":"Fri, 15 Jan 2021 15:52:35 GMT","Editor":"dalmond","ResourceType":"0","ParkingType":"Inverted U","Capacity":10,"Condition":"Excellent","Lighting":"No","WxProtect":"No","LandUse":"Institutional","DistanceBusStop":971,"Notes":null,"Availability":"Public","AccessRating":"Low","VizRating":"High"}},{"type":"Feature","id":451,"geometry":{"type":"Point","coordinates":[-79.0432872706931,35.908478103616]},"properties":{"OBJECTID":451,"GlobalID":"5647b6b5-bf17-46c9-a846-eee188709260","CreationDate":"Thu, 14 Jan 2021 21:01:55 GMT","Creator":"epowell2_townofchapelhill","EditDate":"Fri, 15 Jan 2021 15:52:35 GMT","Editor":"dalmond","ResourceType":"0","ParkingType":"Inverted U","Capacity":20,"Condition":"Excellent","Lighting":"Yes","WxProtect":"No","LandUse":"Institutional","DistanceBusStop":1235,"Notes":null,"Availability":"Public","AccessRating":"High","VizRating":"Very high"}},{"type":"Feature","id":452,"geometry":{"type":"Point","coordinates":[-79.044583758837,35.9092456265884]},"properties":{"OBJECTID":452,"GlobalID":"3cd5dee1-d4c7-4056-ab92-3acaef411f7d","CreationDate":"Thu, 14 Jan 2021 21:01:55 GMT","Creator":"epowell2_townofchapelhill","EditDate":"Fri, 15 Jan 2021 15:52:35 GMT","Editor":"dalmond","ResourceType":"0","ParkingType":"Inverted U","Capacity":10,"Condition":"Excellent","Lighting":"Yes","WxProtect":"No","LandUse":"Institutional","DistanceBusStop":383,"Notes":null,"Availability":"Public","AccessRating":"Medium","VizRating":"Medium"}},{"type":"Feature","id":453,"geometry":{"type":"Point","coordinates":[-79.0459002147331,35.9089833438566]},"properties":{"OBJECTID":453,"GlobalID":"dfc88e2c-3d17-4626-b46e-32b137c703f1","CreationDate":"Thu, 14 Jan 2021 21:01:55 GMT","Creator":"epowell2_townofchapelhill","EditDate":"Fri, 15 Jan 2021 15:52:35 GMT","Editor":"dalmond","ResourceType":"0","ParkingType":"Wave","Capacity":9,"Condition":"Excellent","Lighting":"Yes","WxProtect":"No","LandUse":"Institutional","DistanceBusStop":677,"Notes":null,"Availability":"Public","AccessRating":"Medium","VizRating":"Medium"}},{"type":"Feature","id":454,"geometry":{"type":"Point","coordinates":[-79.0458832141163,35.9089033852923]},"properties":{"OBJECTID":454,"GlobalID":"d21b6a7a-2ff4-4efb-b37c-8959a1ac529f","CreationDate":"Thu, 14 Jan 2021 21:01:55 GMT","Creator":"epowell2_townofchapelhill","EditDate":"Fri, 15 Jan 2021 15:52:35 GMT","Editor":"dalmond","ResourceType":"0","ParkingType":"Wave","Capacity":3,"Condition":"Excellent","Lighting":"Yes","WxProtect":"No","LandUse":"Institutional","DistanceBusStop":677,"Notes":null,"Availability":"Public","AccessRating":"Medium","VizRating":"Medium"}},{"type":"Feature","id":455,"geometry":{"type":"Point","coordinates":[-79.0464678700426,35.9089078963559]},"properties":{"OBJECTID":455,"GlobalID":"b017a707-c34f-411e-ba69-4cd61d5ab1c8","CreationDate":"Thu, 14 Jan 2021 21:01:55 GMT","Creator":"epowell2_townofchapelhill","EditDate":"Fri, 15 Jan 2021 15:52:35 GMT","Editor":"dalmond","ResourceType":"0","ParkingType":"Wave","Capacity":30,"Condition":"Excellent","Lighting":"Yes","WxProtect":"No","LandUse":"Institutional","DistanceBusStop":303,"Notes":null,"Availability":"Public","AccessRating":"Medium","VizRating":"Medium"}},{"type":"Feature","id":456,"geometry":{"type":"Point","coordinates":[-79.0463434749353,35.9097431881084]},"properties":{"OBJECTID":456,"GlobalID":"fb9472fc-2e94-42f9-96ab-80f514507527","CreationDate":"Thu, 14 Jan 2021 21:01:55 GMT","Creator":"epowell2_townofchapelhill","EditDate":"Fri, 15 Jan 2021 15:52:35 GMT","Editor":"dalmond","ResourceType":"0","ParkingType":"Wave","Capacity":9,"Condition":"Excellent","Lighting":"No","WxProtect":"No","LandUse":"Institutional","DistanceBusStop":213,"Notes":null,"Availability":"Public","AccessRating":"Medium","VizRating":"Medium"}},{"type":"Feature","id":457,"geometry":{"type":"Point","coordinates":[-79.0461969049152,35.9099820969679]},"properties":{"OBJECTID":457,"GlobalID":"24ee3a27-b5af-48c9-83b0-8232991c9381","CreationDate":"Thu, 14 Jan 2021 21:01:55 GMT","Creator":"epowell2_townofchapelhill","EditDate":"Fri, 15 Jan 2021 15:52:35 GMT","Editor":"dalmond","ResourceType":"0","ParkingType":"Wave","Capacity":18,"Condition":"Excellent","Lighting":"Yes","WxProtect":"No","LandUse":"Institutional","DistanceBusStop":34,"Notes":null,"Availability":"Public","AccessRating":"High","VizRating":"Very high"}},{"type":"Feature","id":458,"geometry":{"type":"Point","coordinates":[-79.046362800392,35.9099355819731]},"properties":{"OBJECTID":458,"GlobalID":"ded17325-7506-4b19-8d2d-79856e29dc79","CreationDate":"Thu, 14 Jan 2021 21:01:55 GMT","Creator":"epowell2_townofchapelhill","EditDate":"Fri, 15 Jan 2021 15:52:35 GMT","Editor":"dalmond","ResourceType":"0","ParkingType":"Wave","Capacity":18,"Condition":"Excellent","Lighting":"Yes","WxProtect":"No","LandUse":"Institutional","DistanceBusStop":19,"Notes":null,"Availability":"Public","AccessRating":"High","VizRating":"Super high"}},{"type":"Feature","id":459,"geometry":{"type":"Point","coordinates":[-79.0645170659712,35.9106265899629]},"properties":{"OBJECTID":459,"GlobalID":"0103f05b-67a0-44ed-b439-37bd9dd3b46f","CreationDate":"Thu, 14 Jan 2021 21:01:55 GMT","Creator":"epowell2_townofchapelhill","EditDate":"Fri, 15 Jan 2021 15:52:35 GMT","Editor":"dalmond","ResourceType":"0","ParkingType":"Simple grid","Capacity":10,"Condition":"Fair","Lighting":"No","WxProtect":"No","LandUse":"Commercial","DistanceBusStop":291,"Notes":null,"Availability":"Public","AccessRating":"Low","VizRating":"Very high"}},{"type":"Feature","id":460,"geometry":{"type":"Point","coordinates":[-79.0643305999727,35.9103131463603]},"properties":{"OBJECTID":460,"GlobalID":"cb4355c4-9a3e-47d1-8d76-739ef474eaed","CreationDate":"Thu, 14 Jan 2021 21:01:55 GMT","Creator":"epowell2_townofchapelhill","EditDate":"Fri, 15 Jan 2021 15:52:35 GMT","Editor":"dalmond","ResourceType":"0","ParkingType":"Double grid","Capacity":6,"Condition":"Excellent","Lighting":"No","WxProtect":"No","LandUse":"Commercial","DistanceBusStop":221,"Notes":null,"Availability":"Public","AccessRating":"Medium","VizRating":"Super high"}},{"type":"Feature","id":461,"geometry":{"type":"Point","coordinates":[-79.0475221759792,35.9095944073899]},"properties":{"OBJECTID":461,"GlobalID":"b93b4a1e-969d-4d7d-b3ec-bcff7bd33dca","CreationDate":"Thu, 14 Jan 2021 21:01:55 GMT","Creator":"epowell2_townofchapelhill","EditDate":"Fri, 15 Jan 2021 15:52:35 GMT","Editor":"dalmond","ResourceType":"0","ParkingType":"Wave","Capacity":12,"Condition":"Excellent","Lighting":"No","WxProtect":"No","LandUse":"Institutional","DistanceBusStop":50,"Notes":null,"Availability":"Public","AccessRating":"Medium","VizRating":"High"}},{"type":"Feature","id":462,"geometry":{"type":"Point","coordinates":[-79.0477611538959,35.9091250149982]},"properties":{"OBJECTID":462,"GlobalID":"feee29e3-8f10-424f-9559-071ff0bc6214","CreationDate":"Thu, 14 Jan 2021 21:01:55 GMT","Creator":"epowell2_townofchapelhill","EditDate":"Fri, 15 Jan 2021 15:52:35 GMT","Editor":"dalmond","ResourceType":"0","ParkingType":"Wave","Capacity":24,"Condition":"Excellent","Lighting":"Yes","WxProtect":"No","LandUse":"Institutional","DistanceBusStop":391,"Notes":null,"Availability":"Public","AccessRating":"Medium","VizRating":"Low"}},{"type":"Feature","id":463,"geometry":{"type":"Point","coordinates":[-79.0460938196431,35.9082450699267]},"properties":{"OBJECTID":463,"GlobalID":"35e6b56d-eed3-4e3b-99b6-1c1ad2ef5f88","CreationDate":"Thu, 14 Jan 2021 21:01:55 GMT","Creator":"epowell2_townofchapelhill","EditDate":"Fri, 15 Jan 2021 15:52:35 GMT","Editor":"dalmond","ResourceType":"0","ParkingType":"Wave","Capacity":15,"Condition":"Excellent","Lighting":"Yes","WxProtect":"No","LandUse":"Institutional","DistanceBusStop":176,"Notes":null,"Availability":"Public","AccessRating":"Medium","VizRating":"Medium"}},{"type":"Feature","id":464,"geometry":{"type":"Point","coordinates":[-79.0460323479282,35.9081748320488]},"properties":{"OBJECTID":464,"GlobalID":"8f0f0498-e7d1-4805-bbfe-f6147546cc28","CreationDate":"Thu, 14 Jan 2021 21:01:55 GMT","Creator":"epowell2_townofchapelhill","EditDate":"Fri, 15 Jan 2021 15:52:35 GMT","Editor":"dalmond","ResourceType":"0","ParkingType":"Wave","Capacity":12,"Condition":"Excellent","Lighting":"Yes","WxProtect":"No","LandUse":"Institutional","DistanceBusStop":199,"Notes":null,"Availability":"Public","AccessRating":"Medium","VizRating":"High"}},{"type":"Feature","id":465,"geometry":{"type":"Point","coordinates":[-79.0459167886501,35.9082363460384]},"properties":{"OBJECTID":465,"GlobalID":"3deccf14-fcc5-43a4-97f3-f0587f63f4d7","CreationDate":"Thu, 14 Jan 2021 21:01:55 GMT","Creator":"epowell2_townofchapelhill","EditDate":"Fri, 15 Jan 2021 15:52:35 GMT","Editor":"dalmond","ResourceType":"0","ParkingType":"Wave","Capacity":9,"Condition":"Excellent","Lighting":"Yes","WxProtect":"No","LandUse":"Institutional","DistanceBusStop":230,"Notes":null,"Availability":"Public","AccessRating":"Medium","VizRating":"High"}},{"type":"Feature","id":466,"geometry":{"type":"Point","coordinates":[-79.0459060636639,35.9082577330235]},"properties":{"OBJECTID":466,"GlobalID":"b4ca7c0e-0b81-4152-9060-271d3f80fdee","CreationDate":"Thu, 14 Jan 2021 21:01:55 GMT","Creator":"epowell2_townofchapelhill","EditDate":"Fri, 15 Jan 2021 15:52:35 GMT","Editor":"dalmond","ResourceType":"0","ParkingType":"Wave","Capacity":6,"Condition":"Excellent","Lighting":"Yes","WxProtect":"Yes","LandUse":"Institutional","DistanceBusStop":231,"Notes":null,"Availability":"Public","AccessRating":"Medium","VizRating":"Medium"}},{"type":"Feature","id":467,"geometry":{"type":"Point","coordinates":[-79.0458665800122,35.9081720293427]},"properties":{"OBJECTID":467,"GlobalID":"78023d8e-9e69-428c-b86a-e6d10f29694c","CreationDate":"Thu, 14 Jan 2021 21:01:55 GMT","Creator":"epowell2_townofchapelhill","EditDate":"Fri, 15 Jan 2021 15:52:35 GMT","Editor":"dalmond","ResourceType":"0","ParkingType":"Wave","Capacity":18,"Condition":"Excellent","Lighting":"Yes","WxProtect":"No","LandUse":"Institutional","DistanceBusStop":244,"Notes":"The wave in the far background is not included in the count for this unit","Availability":"Public","AccessRating":"Medium","VizRating":"High"}},{"type":"Feature","id":468,"geometry":{"type":"Point","coordinates":[-79.0458044327642,35.9082099830098]},"properties":{"OBJECTID":468,"GlobalID":"0bcce08d-c999-4395-a019-6989b612e459","CreationDate":"Thu, 14 Jan 2021 21:01:55 GMT","Creator":"epowell2_townofchapelhill","EditDate":"Fri, 15 Jan 2021 15:52:35 GMT","Editor":"dalmond","ResourceType":"0","ParkingType":"Wave","Capacity":3,"Condition":"Excellent","Lighting":"Yes","WxProtect":"Yes","LandUse":"Institutional","DistanceBusStop":249,"Notes":null,"Availability":"Public","AccessRating":"Medium","VizRating":"Medium"}},{"type":"Feature","id":469,"geometry":{"type":"Point","coordinates":[-79.045650967276,35.9078640955939]},"properties":{"OBJECTID":469,"GlobalID":"c51f9ebb-6dcc-45da-ac27-7c7b348b21ea","CreationDate":"Thu, 14 Jan 2021 21:01:55 GMT","Creator":"epowell2_townofchapelhill","EditDate":"Fri, 15 Jan 2021 15:52:35 GMT","Editor":"dalmond","ResourceType":"0","ParkingType":"Inverted U","Capacity":36,"Condition":"Excellent","Lighting":"Yes","WxProtect":"No","LandUse":"Institutional","DistanceBusStop":276,"Notes":null,"Availability":"Public","AccessRating":"Medium","VizRating":"High"}},{"type":"Feature","id":470,"geometry":{"type":"Point","coordinates":[-79.0445697999158,35.9073582239215]},"properties":{"OBJECTID":470,"GlobalID":"d84a70fb-db5a-461a-9524-8dc5358ba76f","CreationDate":"Thu, 14 Jan 2021 21:01:55 GMT","Creator":"epowell2_townofchapelhill","EditDate":"Fri, 15 Jan 2021 15:52:35 GMT","Editor":"dalmond","ResourceType":"0","ParkingType":"Wave","Capacity":24,"Condition":"Excellent","Lighting":"No","WxProtect":"No","LandUse":"Institutional","DistanceBusStop":289,"Notes":null,"Availability":"Public","AccessRating":"Medium","VizRating":"High"}},{"type":"Feature","id":471,"geometry":{"type":"Point","coordinates":[-79.0443093917897,35.906359059331]},"properties":{"OBJECTID":471,"GlobalID":"888014de-cfad-4e18-be15-2af4b502e3a7","CreationDate":"Thu, 14 Jan 2021 21:01:55 GMT","Creator":"epowell2_townofchapelhill","EditDate":"Fri, 15 Jan 2021 15:52:35 GMT","Editor":"dalmond","ResourceType":"0","ParkingType":"Wave","Capacity":48,"Condition":"Fair","Lighting":"Yes","WxProtect":"No","LandUse":"Institutional","DistanceBusStop":182,"Notes":null,"Availability":"Public","AccessRating":"Medium","VizRating":"High"}},{"type":"Feature","id":472,"geometry":{"type":"Point","coordinates":[-79.0437866747023,35.9064158583397]},"properties":{"OBJECTID":472,"GlobalID":"afed18d0-c8a4-476f-bfce-75b084c1091b","CreationDate":"Thu, 14 Jan 2021 21:01:55 GMT","Creator":"epowell2_townofchapelhill","EditDate":"Fri, 15 Jan 2021 15:52:35 GMT","Editor":"dalmond","ResourceType":"0","ParkingType":"Wave","Capacity":9,"Condition":"Excellent","Lighting":"Yes","WxProtect":"No","LandUse":"Institutional","DistanceBusStop":369,"Notes":null,"Availability":"Public","AccessRating":"Medium","VizRating":"Medium"}},{"type":"Feature","id":473,"geometry":{"type":"Point","coordinates":[-79.0427774067008,35.9040086082488]},"properties":{"OBJECTID":473,"GlobalID":"a45dee4c-5830-474f-b3ec-ad0472178709","CreationDate":"Thu, 14 Jan 2021 21:01:55 GMT","Creator":"epowell2_townofchapelhill","EditDate":"Fri, 15 Jan 2021 15:52:35 GMT","Editor":"dalmond","ResourceType":"0","ParkingType":"Wave","Capacity":6,"Condition":"Fair","Lighting":"No","WxProtect":"No","LandUse":"Institutional","DistanceBusStop":486,"Notes":"One of two units out of order when photographed on 7/28/2020","Availability":"Public","AccessRating":"Medium","VizRating":"Very high"}},{"type":"Feature","id":474,"geometry":{"type":"Point","coordinates":[-79.0426215750501,35.9043140466668]},"properties":{"OBJECTID":474,"GlobalID":"d7f377b4-4282-4613-870e-139acd96ffa1","CreationDate":"Thu, 14 Jan 2021 21:01:55 GMT","Creator":"epowell2_townofchapelhill","EditDate":"Fri, 15 Jan 2021 15:52:35 GMT","Editor":"dalmond","ResourceType":"0","ParkingType":"Wave","Capacity":18,"Condition":"Excellent","Lighting":"No","WxProtect":"No","LandUse":"Institutional","DistanceBusStop":745,"Notes":null,"Availability":"Public","AccessRating":"Low","VizRating":"Super high"}},{"type":"Feature","id":475,"geometry":{"type":"Point","coordinates":[-79.0433684424622,35.9038933324424]},"properties":{"OBJECTID":475,"GlobalID":"07cea8f9-8bb9-4e8d-a0da-2836a1f655f5","CreationDate":"Thu, 14 Jan 2021 21:01:55 GMT","Creator":"epowell2_townofchapelhill","EditDate":"Fri, 15 Jan 2021 15:52:35 GMT","Editor":"dalmond","ResourceType":"0","ParkingType":"Wave","Capacity":24,"Condition":"Excellent","Lighting":"Yes","WxProtect":"No","LandUse":"Institutional","DistanceBusStop":418,"Notes":null,"Availability":"Public","AccessRating":"Medium","VizRating":"Super high"}},{"type":"Feature","id":476,"geometry":{"type":"Point","coordinates":[-79.0432544525409,35.9041939441799]},"properties":{"OBJECTID":476,"GlobalID":"99e580c8-50f0-432d-b4c8-29aeae70664d","CreationDate":"Thu, 14 Jan 2021 21:01:55 GMT","Creator":"epowell2_townofchapelhill","EditDate":"Fri, 15 Jan 2021 15:52:35 GMT","Editor":"dalmond","ResourceType":"0","ParkingType":"Wave","Capacity":33,"Condition":"Excellent","Lighting":"Yes","WxProtect":"No","LandUse":"Institutional","DistanceBusStop":396,"Notes":null,"Availability":"Public","AccessRating":"Medium","VizRating":"Super high"}},{"type":"Feature","id":477,"geometry":{"type":"Point","coordinates":[-79.0434119999737,35.9045162898521]},"properties":{"OBJECTID":477,"GlobalID":"19fe598e-82f4-4fae-be99-09ce16ce7e4d","CreationDate":"Thu, 14 Jan 2021 21:01:55 GMT","Creator":"epowell2_townofchapelhill","EditDate":"Fri, 15 Jan 2021 15:52:35 GMT","Editor":"dalmond","ResourceType":"0","ParkingType":"Wave","Capacity":5,"Condition":"Excellent","Lighting":"Yes","WxProtect":"No","LandUse":"Institutional","DistanceBusStop":446,"Notes":null,"Availability":"Public","AccessRating":"Medium","VizRating":"Very high"}},{"type":"Feature","id":478,"geometry":{"type":"Point","coordinates":[-79.0433076858063,35.9046526085414]},"properties":{"OBJECTID":478,"GlobalID":"7ba75445-fda5-45c9-9bd0-97c5d96906b7","CreationDate":"Thu, 14 Jan 2021 21:01:55 GMT","Creator":"epowell2_townofchapelhill","EditDate":"Fri, 15 Jan 2021 15:52:35 GMT","Editor":"dalmond","ResourceType":"0","ParkingType":"Wave","Capacity":6,"Condition":"Excellent","Lighting":"Yes","WxProtect":"No","LandUse":"Institutional","DistanceBusStop":500,"Notes":null,"Availability":"Public","AccessRating":"Medium","VizRating":"High"}},{"type":"Feature","id":479,"geometry":{"type":"Point","coordinates":[-79.0427522673476,35.9046714403314]},"properties":{"OBJECTID":479,"GlobalID":"64251c6d-51cd-4184-a049-01f68565b4a5","CreationDate":"Thu, 14 Jan 2021 21:01:55 GMT","Creator":"epowell2_townofchapelhill","EditDate":"Fri, 15 Jan 2021 15:52:35 GMT","Editor":"dalmond","ResourceType":"0","ParkingType":"Wave","Capacity":39,"Condition":"Excellent","Lighting":"Yes","WxProtect":"No","LandUse":"Institutional","DistanceBusStop":758,"Notes":null,"Availability":"Public","AccessRating":"Medium","VizRating":"Very high"}},{"type":"Feature","id":480,"geometry":{"type":"Point","coordinates":[-79.0433706163852,35.902590024173]},"properties":{"OBJECTID":480,"GlobalID":"e43e2696-9c1c-4d3f-a256-88258a07a844","CreationDate":"Thu, 14 Jan 2021 21:01:55 GMT","Creator":"epowell2_townofchapelhill","EditDate":"Fri, 15 Jan 2021 15:52:35 GMT","Editor":"dalmond","ResourceType":"0","ParkingType":"Multiple","Capacity":124,"Condition":"Excellent","Lighting":"Yes","WxProtect":"No","LandUse":"Institutional","DistanceBusStop":395,"Notes":"36 waves and 8 inverted U's","Availability":"Public","AccessRating":"Medium","VizRating":"Super high"}},{"type":"Feature","id":481,"geometry":{"type":"Point","coordinates":[-79.0435634613205,35.9025500318476]},"properties":{"OBJECTID":481,"GlobalID":"2ef8beb4-26f0-494f-89fd-2ad6233368d2","CreationDate":"Thu, 14 Jan 2021 21:01:55 GMT","Creator":"epowell2_townofchapelhill","EditDate":"Fri, 15 Jan 2021 15:52:35 GMT","Editor":"dalmond","ResourceType":"0","ParkingType":"Wave","Capacity":15,"Condition":"Excellent","Lighting":"Yes","WxProtect":"No","LandUse":"Institutional","DistanceBusStop":446,"Notes":null,"Availability":"Public","AccessRating":"Medium","VizRating":"Super high"}},{"type":"Feature","id":482,"geometry":{"type":"Point","coordinates":[-79.0422851191453,35.9020126216908]},"properties":{"OBJECTID":482,"GlobalID":"48cfffd6-d490-4387-81a8-4bac79656829","CreationDate":"Thu, 14 Jan 2021 21:01:55 GMT","Creator":"epowell2_townofchapelhill","EditDate":"Fri, 15 Jan 2021 15:52:35 GMT","Editor":"dalmond","ResourceType":"0","ParkingType":"Wave","Capacity":33,"Condition":"Excellent","Lighting":"Yes","WxProtect":"No","LandUse":"Institutional","DistanceBusStop":520,"Notes":null,"Availability":"Public","AccessRating":"Low","VizRating":"Super high"}},{"type":"Feature","id":483,"geometry":{"type":"Point","coordinates":[-79.0435640048012,35.9017381900405]},"properties":{"OBJECTID":483,"GlobalID":"01473a3d-b682-4483-9868-9cef47b6e02c","CreationDate":"Thu, 14 Jan 2021 21:01:55 GMT","Creator":"epowell2_townofchapelhill","EditDate":"Fri, 15 Jan 2021 15:52:35 GMT","Editor":"dalmond","ResourceType":"0","ParkingType":"Wave","Capacity":18,"Condition":"Excellent","Lighting":"Yes","WxProtect":"No","LandUse":"Institutional","DistanceBusStop":80,"Notes":null,"Availability":"Public","AccessRating":"Medium","VizRating":"Super high"}},{"type":"Feature","id":484,"geometry":{"type":"Point","coordinates":[-79.0426993502891,35.9017263183188]},"properties":{"OBJECTID":484,"GlobalID":"4a4d23d8-1b8a-4674-9e47-a215b9a99292","CreationDate":"Thu, 14 Jan 2021 21:01:55 GMT","Creator":"epowell2_townofchapelhill","EditDate":"Fri, 15 Jan 2021 15:52:35 GMT","Editor":"dalmond","ResourceType":"0","ParkingType":"Wave","Capacity":18,"Condition":"Excellent","Lighting":"Yes","WxProtect":"No","LandUse":"Institutional","DistanceBusStop":363,"Notes":null,"Availability":"Public","AccessRating":"Medium","VizRating":"Super high"}},{"type":"Feature","id":485,"geometry":{"type":"Point","coordinates":[-79.0439144169323,35.9022547308195]},"properties":{"OBJECTID":485,"GlobalID":"76461bb7-91b1-43bf-a8c7-772a4735e290","CreationDate":"Thu, 14 Jan 2021 21:01:55 GMT","Creator":"epowell2_townofchapelhill","EditDate":"Fri, 15 Jan 2021 15:52:35 GMT","Editor":"dalmond","ResourceType":"0","ParkingType":"Wave","Capacity":18,"Condition":"Excellent","Lighting":"No","WxProtect":"No","LandUse":"Institutional","DistanceBusStop":197,"Notes":null,"Availability":"Public","AccessRating":"Medium","VizRating":"High"}},{"type":"Feature","id":486,"geometry":{"type":"Point","coordinates":[-79.0439565955298,35.9031011857396]},"properties":{"OBJECTID":486,"GlobalID":"4534769a-71d1-4230-909e-9e8f1e2c69d9","CreationDate":"Thu, 14 Jan 2021 21:01:55 GMT","Creator":"epowell2_townofchapelhill","EditDate":"Fri, 15 Jan 2021 15:52:35 GMT","Editor":"dalmond","ResourceType":"0","ParkingType":"Wave","Capacity":31,"Condition":"Excellent","Lighting":"Yes","WxProtect":"No","LandUse":"Institutional","DistanceBusStop":135,"Notes":null,"Availability":"Public","AccessRating":"Low","VizRating":"Very high"}},{"type":"Feature","id":487,"geometry":{"type":"Point","coordinates":[-79.0425662433202,35.8998619556638]},"properties":{"OBJECTID":487,"GlobalID":"6ec969d4-92cd-4d41-914d-b8707cbb3abd","CreationDate":"Thu, 14 Jan 2021 21:01:55 GMT","Creator":"epowell2_townofchapelhill","EditDate":"Fri, 15 Jan 2021 15:52:35 GMT","Editor":"dalmond","ResourceType":"0","ParkingType":"Inverted U","Capacity":8,"Condition":"Excellent","Lighting":"Yes","WxProtect":"No","LandUse":"Institutional","DistanceBusStop":282,"Notes":null,"Availability":"Public","AccessRating":"Medium","VizRating":"Very high"}},{"type":"Feature","id":488,"geometry":{"type":"Point","coordinates":[-79.04632001633,35.9005383840219]},"properties":{"OBJECTID":488,"GlobalID":"fdd9ccd8-f88a-4cb0-8510-11a5903caece","CreationDate":"Thu, 14 Jan 2021 21:01:55 GMT","Creator":"epowell2_townofchapelhill","EditDate":"Fri, 15 Jan 2021 15:52:35 GMT","Editor":"dalmond","ResourceType":"0","ParkingType":"Wave","Capacity":12,"Condition":"Excellent","Lighting":"Yes","WxProtect":"No","LandUse":"Institutional","DistanceBusStop":1016,"Notes":null,"Availability":"Public","AccessRating":"Low","VizRating":"High"}},{"type":"Feature","id":489,"geometry":{"type":"Point","coordinates":[-79.0462156509586,35.9005759971634]},"properties":{"OBJECTID":489,"GlobalID":"98248788-3b37-4668-9d47-97c6d4e9ccff","CreationDate":"Thu, 14 Jan 2021 21:01:55 GMT","Creator":"epowell2_townofchapelhill","EditDate":"Fri, 15 Jan 2021 15:52:35 GMT","Editor":"dalmond","ResourceType":"0","ParkingType":"Wave","Capacity":15,"Condition":"Excellent","Lighting":"Yes","WxProtect":"No","LandUse":"Institutional","DistanceBusStop":983,"Notes":null,"Availability":"Public","AccessRating":"Low","VizRating":"Very high"}},{"type":"Feature","id":490,"geometry":{"type":"Point","coordinates":[-79.0461737328725,35.9007528543665]},"properties":{"OBJECTID":490,"GlobalID":"f11e07d3-34eb-455d-a4fb-7d1d64e14983","CreationDate":"Thu, 14 Jan 2021 21:01:55 GMT","Creator":"epowell2_townofchapelhill","EditDate":"Fri, 15 Jan 2021 15:52:35 GMT","Editor":"dalmond","ResourceType":"0","ParkingType":"Multiple","Capacity":11,"Condition":"Excellent","Lighting":"Yes","WxProtect":"Yes","LandUse":"Institutional","DistanceBusStop":792,"Notes":"Three waves and one inverted U","Availability":"Public","AccessRating":"Low","VizRating":"Very low"}},{"type":"Feature","id":491,"geometry":{"type":"Point","coordinates":[-79.0461298232214,35.9006863696915]},"properties":{"OBJECTID":491,"GlobalID":"67ecc020-b26d-4ccd-85c8-9b8239257cb8","CreationDate":"Thu, 14 Jan 2021 21:01:55 GMT","Creator":"epowell2_townofchapelhill","EditDate":"Fri, 15 Jan 2021 15:52:35 GMT","Editor":"dalmond","ResourceType":"0","ParkingType":"Wave","Capacity":15,"Condition":"Excellent","Lighting":"Yes","WxProtect":"No","LandUse":"Institutional","DistanceBusStop":783,"Notes":null,"Availability":"Public","AccessRating":"Medium","VizRating":"None"}},{"type":"Feature","id":492,"geometry":{"type":"Point","coordinates":[-79.0461197171744,35.9007487903525]},"properties":{"OBJECTID":492,"GlobalID":"25eed65a-15c6-440d-b15b-22d2b9ce2035","CreationDate":"Thu, 14 Jan 2021 21:01:55 GMT","Creator":"epowell2_townofchapelhill","EditDate":"Fri, 15 Jan 2021 15:52:35 GMT","Editor":"dalmond","ResourceType":"0","ParkingType":"Wave","Capacity":3,"Condition":"Excellent","Lighting":"Yes","WxProtect":"Yes","LandUse":"Institutional","DistanceBusStop":783,"Notes":null,"Availability":"Public","AccessRating":"Low","VizRating":"Low"}},{"type":"Feature","id":493,"geometry":{"type":"Point","coordinates":[-79.0458844430116,35.8989171431249]},"properties":{"OBJECTID":493,"GlobalID":"9dd80ee6-8561-48fc-9bfa-ce043b2fb56c","CreationDate":"Thu, 14 Jan 2021 21:01:55 GMT","Creator":"epowell2_townofchapelhill","EditDate":"Fri, 15 Jan 2021 15:52:35 GMT","Editor":"dalmond","ResourceType":"0","ParkingType":"Multiple","Capacity":17,"Condition":"Excellent","Lighting":"Yes","WxProtect":"No","LandUse":"Institutional","DistanceBusStop":1350,"Notes":null,"Availability":"Public","AccessRating":"Low","VizRating":"High"}},{"type":"Feature","id":509,"geometry":{"type":"Point","coordinates":[-79.049909549458,35.8987612755113]},"properties":{"OBJECTID":509,"GlobalID":"40d2058d-c8d0-45fa-91a1-6c9cffeb0751","CreationDate":"Thu, 14 Jan 2021 21:01:55 GMT","Creator":"epowell2_townofchapelhill","EditDate":"Fri, 15 Jan 2021 15:52:35 GMT","Editor":"dalmond","ResourceType":"0","ParkingType":"Simple grid","Capacity":12,"Condition":"Excellent","Lighting":"Yes","WxProtect":"No","LandUse":"Institutional","DistanceBusStop":1286,"Notes":null,"Availability":"Public","AccessRating":"Low","VizRating":"Very low"}},{"type":"Feature","id":510,"geometry":{"type":"Point","coordinates":[-79.051841221068,35.898898697093]},"properties":{"OBJECTID":510,"GlobalID":"8835368c-760d-40ca-8845-96b3c8ef1410","CreationDate":"Thu, 14 Jan 2021 21:01:55 GMT","Creator":"epowell2_townofchapelhill","EditDate":"Fri, 15 Jan 2021 15:52:35 GMT","Editor":"dalmond","ResourceType":"0","ParkingType":"Wave","Capacity":3,"Condition":"Excellent","Lighting":"No","WxProtect":"No","LandUse":"Institutional","DistanceBusStop":981,"Notes":null,"Availability":"Public","AccessRating":"Medium","VizRating":"Low"}},{"type":"Feature","id":511,"geometry":{"type":"Point","coordinates":[-79.0492845016833,35.9001382602971]},"properties":{"OBJECTID":511,"GlobalID":"2e07509d-e76a-4c2d-ada6-ad8cda0b0bc2","CreationDate":"Thu, 14 Jan 2021 21:01:55 GMT","Creator":"epowell2_townofchapelhill","EditDate":"Fri, 15 Jan 2021 15:52:35 GMT","Editor":"dalmond","ResourceType":"0","ParkingType":"Wave","Capacity":3,"Condition":"Fair","Lighting":"No","WxProtect":"No","LandUse":"Institutional","DistanceBusStop":1357,"Notes":null,"Availability":"Public","AccessRating":"Medium","VizRating":"High"}},{"type":"Feature","id":512,"geometry":{"type":"Point","coordinates":[-79.0488168055088,35.9001017093485]},"properties":{"OBJECTID":512,"GlobalID":"be269bb7-655b-4205-ab37-bea5198dd64b","CreationDate":"Thu, 14 Jan 2021 21:01:55 GMT","Creator":"epowell2_townofchapelhill","EditDate":"Fri, 15 Jan 2021 15:52:35 GMT","Editor":"dalmond","ResourceType":"0","ParkingType":"Wave","Capacity":3,"Condition":"Excellent","Lighting":"No","WxProtect":"No","LandUse":"Institutional","DistanceBusStop":1586,"Notes":null,"Availability":"Public","AccessRating":"Medium","VizRating":"Medium"}},{"type":"Feature","id":513,"geometry":{"type":"Point","coordinates":[-79.0482995358052,35.9007205692808]},"properties":{"OBJECTID":513,"GlobalID":"371f07fe-3f5c-46a4-9060-5cf2c88fec58","CreationDate":"Thu, 14 Jan 2021 21:01:55 GMT","Creator":"epowell2_townofchapelhill","EditDate":"Fri, 15 Jan 2021 15:52:35 GMT","Editor":"dalmond","ResourceType":"0","ParkingType":"Wave","Capacity":10,"Condition":"Excellent","Lighting":"No","WxProtect":"No","LandUse":"Institutional","DistanceBusStop":1144,"Notes":null,"Availability":"Public","AccessRating":"Medium","VizRating":"Medium"}},{"type":"Feature","id":514,"geometry":{"type":"Point","coordinates":[-79.046585940112,35.9017113023893]},"properties":{"OBJECTID":514,"GlobalID":"9435237b-7efb-4df9-8d1c-24f7af3194bf","CreationDate":"Thu, 14 Jan 2021 21:01:55 GMT","Creator":"epowell2_townofchapelhill","EditDate":"Fri, 15 Jan 2021 15:52:35 GMT","Editor":"dalmond","ResourceType":"0","ParkingType":"Wave","Capacity":18,"Condition":"Excellent","Lighting":"Yes","WxProtect":"No","LandUse":"Institutional","DistanceBusStop":920,"Notes":null,"Availability":"Public","AccessRating":"Very high","VizRating":"Medium"}},{"type":"Feature","id":515,"geometry":{"type":"Point","coordinates":[-79.0469478551702,35.9022366159194]},"properties":{"OBJECTID":515,"GlobalID":"42e8f00c-5776-4f31-99c7-02aa925760e5","CreationDate":"Thu, 14 Jan 2021 21:01:55 GMT","Creator":"epowell2_townofchapelhill","EditDate":"Fri, 15 Jan 2021 15:52:35 GMT","Editor":"dalmond","ResourceType":"0","ParkingType":"Wave","Capacity":18,"Condition":"Excellent","Lighting":"Yes","WxProtect":"No","LandUse":"Institutional","DistanceBusStop":805,"Notes":null,"Availability":"Public","AccessRating":"Medium","VizRating":"Medium"}},{"type":"Feature","id":516,"geometry":{"type":"Point","coordinates":[-79.0464722538212,35.9032249404705]},"properties":{"OBJECTID":516,"GlobalID":"2e5ccc8e-3ba4-42f5-9833-ce1904797ab3","CreationDate":"Thu, 14 Jan 2021 21:01:55 GMT","Creator":"epowell2_townofchapelhill","EditDate":"Fri, 15 Jan 2021 15:52:35 GMT","Editor":"dalmond","ResourceType":"0","ParkingType":"Simple grid","Capacity":12,"Condition":"Excellent","Lighting":"Yes","WxProtect":"Yes","LandUse":"Institutional","DistanceBusStop":139,"Notes":"Level 3","Availability":"Public","AccessRating":"Medium","VizRating":"None"}},{"type":"Feature","id":517,"geometry":{"type":"Point","coordinates":[-79.0456262168933,35.902350033535]},"properties":{"OBJECTID":517,"GlobalID":"0084826b-7441-4ea7-aa34-cddab4b8c79c","CreationDate":"Thu, 14 Jan 2021 21:01:55 GMT","Creator":"epowell2_townofchapelhill","EditDate":"Fri, 15 Jan 2021 15:52:35 GMT","Editor":"dalmond","ResourceType":"0","ParkingType":"Wave","Capacity":16,"Condition":"Excellent","Lighting":"Yes","WxProtect":"No","LandUse":"Institutional","DistanceBusStop":544,"Notes":null,"Availability":"Public","AccessRating":"Medium","VizRating":"Very high"}},{"type":"Feature","id":518,"geometry":{"type":"Point","coordinates":[-79.0455246273162,35.9030887335622]},"properties":{"OBJECTID":518,"GlobalID":"e048fdde-12ce-4d5e-93e7-712d4530054b","CreationDate":"Thu, 14 Jan 2021 21:01:55 GMT","Creator":"epowell2_townofchapelhill","EditDate":"Fri, 15 Jan 2021 15:52:35 GMT","Editor":"dalmond","ResourceType":"0","ParkingType":"Wave","Capacity":21,"Condition":"Excellent","Lighting":"Yes","WxProtect":"No","LandUse":"Institutional","DistanceBusStop":465,"Notes":null,"Availability":"Public","AccessRating":"Low","VizRating":"Very high"}},{"type":"Feature","id":519,"geometry":{"type":"Point","coordinates":[-79.0454466373798,35.9030893054906]},"properties":{"OBJECTID":519,"GlobalID":"598a1977-58aa-4d12-9455-75da440cb1c2","CreationDate":"Thu, 14 Jan 2021 21:01:55 GMT","Creator":"epowell2_townofchapelhill","EditDate":"Fri, 15 Jan 2021 15:52:35 GMT","Editor":"dalmond","ResourceType":"0","ParkingType":"Wave","Capacity":43,"Condition":"Excellent","Lighting":"Yes","WxProtect":"No","LandUse":"Institutional","DistanceBusStop":490,"Notes":null,"Availability":"Public","AccessRating":"Low","VizRating":"Very high"}},{"type":"Feature","id":520,"geometry":{"type":"Point","coordinates":[-79.045676499193,35.9025219249314]},"properties":{"OBJECTID":520,"GlobalID":"1c3c703d-e9c4-4c53-af5c-252d1faa48cd","CreationDate":"Thu, 14 Jan 2021 21:01:55 GMT","Creator":"epowell2_townofchapelhill","EditDate":"Fri, 15 Jan 2021 15:52:35 GMT","Editor":"dalmond","ResourceType":"0","ParkingType":"Wave","Capacity":10,"Condition":"Excellent","Lighting":"No","WxProtect":"No","LandUse":"Institutional","DistanceBusStop":490,"Notes":null,"Availability":"Public","AccessRating":"Medium","VizRating":"High"}},{"type":"Feature","id":521,"geometry":{"type":"Point","coordinates":[-79.0455839502609,35.9024855751873]},"properties":{"OBJECTID":521,"GlobalID":"4d030f63-e526-4100-aba1-69470081fcf6","CreationDate":"Thu, 14 Jan 2021 21:01:55 GMT","Creator":"epowell2_townofchapelhill","EditDate":"Fri, 15 Jan 2021 15:52:35 GMT","Editor":"dalmond","ResourceType":"0","ParkingType":"Wave","Capacity":6,"Condition":"Excellent","Lighting":"Yes","WxProtect":"No","LandUse":"Institutional","DistanceBusStop":535,"Notes":null,"Availability":"Public","AccessRating":"Medium","VizRating":"Medium"}},{"type":"Feature","id":522,"geometry":{"type":"Point","coordinates":[-79.0454709574695,35.9030191408946]},"properties":{"OBJECTID":522,"GlobalID":"e75c7d5f-9602-44b4-9507-d4be7d8b1112","CreationDate":"Thu, 14 Jan 2021 21:01:55 GMT","Creator":"epowell2_townofchapelhill","EditDate":"Fri, 15 Jan 2021 15:52:35 GMT","Editor":"dalmond","ResourceType":"0","ParkingType":"Wave","Capacity":21,"Condition":"Excellent","Lighting":"Yes","WxProtect":"No","LandUse":"Institutional","DistanceBusStop":487,"Notes":null,"Availability":"Public","AccessRating":"Medium","VizRating":"High"}},{"type":"Feature","id":523,"geometry":{"type":"Point","coordinates":[-79.0458278823864,35.9033481791097]},"properties":{"OBJECTID":523,"GlobalID":"6288f97f-5c06-41b8-ac40-59a6bea728a8","CreationDate":"Thu, 14 Jan 2021 21:01:55 GMT","Creator":"epowell2_townofchapelhill","EditDate":"Fri, 15 Jan 2021 15:52:35 GMT","Editor":"dalmond","ResourceType":"0","ParkingType":"Wave","Capacity":24,"Condition":"Excellent","Lighting":"Yes","WxProtect":"No","LandUse":"Institutional","DistanceBusStop":413,"Notes":null,"Availability":"Public","AccessRating":"Medium","VizRating":"Very high"}},{"type":"Feature","id":524,"geometry":{"type":"Point","coordinates":[-79.0458278823864,35.9033481791097]},"properties":{"OBJECTID":524,"GlobalID":"0b991ccc-d3b4-4eb9-b180-3d14c3a00f04","CreationDate":"Thu, 14 Jan 2021 21:01:55 GMT","Creator":"epowell2_townofchapelhill","EditDate":"Fri, 15 Jan 2021 15:52:35 GMT","Editor":"dalmond","ResourceType":"0","ParkingType":"Wave","Capacity":24,"Condition":"Excellent","Lighting":"Yes","WxProtect":"No","LandUse":"Institutional","DistanceBusStop":413,"Notes":null,"Availability":"Public","AccessRating":"Medium","VizRating":"Very high"}},{"type":"Feature","id":525,"geometry":{"type":"Point","coordinates":[-79.0453008120631,35.9041701825531]},"properties":{"OBJECTID":525,"GlobalID":"1ab504d7-57cb-4fa0-99a7-bc256fe52daa","CreationDate":"Thu, 14 Jan 2021 21:01:55 GMT","Creator":"epowell2_townofchapelhill","EditDate":"Fri, 15 Jan 2021 15:52:35 GMT","Editor":"dalmond","ResourceType":"0","ParkingType":"Wave","Capacity":18,"Condition":"Excellent","Lighting":"Yes","WxProtect":"No","LandUse":"Institutional","DistanceBusStop":463,"Notes":null,"Availability":"Public","AccessRating":"Medium","VizRating":"Very high"}},{"type":"Feature","id":526,"geometry":{"type":"Point","coordinates":[-79.0455956912416,35.9041914527603]},"properties":{"OBJECTID":526,"GlobalID":"1be89057-0af9-4d89-b7bb-7523f99b1a98","CreationDate":"Thu, 14 Jan 2021 21:01:55 GMT","Creator":"epowell2_townofchapelhill","EditDate":"Fri, 15 Jan 2021 15:52:35 GMT","Editor":"dalmond","ResourceType":"0","ParkingType":"Wave","Capacity":24,"Condition":"Excellent","Lighting":"Yes","WxProtect":"No","LandUse":"Institutional","DistanceBusStop":523,"Notes":null,"Availability":"Public","AccessRating":"Medium","VizRating":"Super high"}},{"type":"Feature","id":527,"geometry":{"type":"Point","coordinates":[-79.0458669519147,35.9048721160203]},"properties":{"OBJECTID":527,"GlobalID":"d272025b-0ab6-4d64-8818-240b1d342867","CreationDate":"Thu, 14 Jan 2021 21:01:55 GMT","Creator":"epowell2_townofchapelhill","EditDate":"Fri, 15 Jan 2021 15:52:35 GMT","Editor":"dalmond","ResourceType":"0","ParkingType":"Wave","Capacity":5,"Condition":"Excellent","Lighting":"Yes","WxProtect":"No","LandUse":"Institutional","DistanceBusStop":752,"Notes":null,"Availability":"Public","AccessRating":"Low","VizRating":"Very high"}},{"type":"Feature","id":528,"geometry":{"type":"Point","coordinates":[-79.0460482058879,35.9049075987914]},"properties":{"OBJECTID":528,"GlobalID":"74fed326-04d6-47f9-95be-f1ce7cae47bf","CreationDate":"Thu, 14 Jan 2021 21:01:55 GMT","Creator":"epowell2_townofchapelhill","EditDate":"Fri, 15 Jan 2021 15:52:35 GMT","Editor":"dalmond","ResourceType":"0","ParkingType":"Multiple","Capacity":71,"Condition":"Excellent","Lighting":"Yes","WxProtect":"No","LandUse":"Institutional","DistanceBusStop":750,"Notes":null,"Availability":"Public","AccessRating":"Low","VizRating":"Super high"}},{"type":"Feature","id":529,"geometry":{"type":"Point","coordinates":[-79.0466579418786,35.9048479638607]},"properties":{"OBJECTID":529,"GlobalID":"0d61dd6f-ab42-4934-8db7-d9525d587662","CreationDate":"Thu, 14 Jan 2021 21:01:55 GMT","Creator":"epowell2_townofchapelhill","EditDate":"Fri, 15 Jan 2021 15:52:35 GMT","Editor":"dalmond","ResourceType":"0","ParkingType":"Wave","Capacity":51,"Condition":"Excellent","Lighting":"Yes","WxProtect":"No","LandUse":"Institutional","DistanceBusStop":496,"Notes":null,"Availability":"Public","AccessRating":"Low","VizRating":"Super high"}},{"type":"Feature","id":530,"geometry":{"type":"Point","coordinates":[-79.0486161416372,35.9035087673541]},"properties":{"OBJECTID":530,"GlobalID":"2682c4e6-9626-4e0b-9eb7-4b1a26f7f706","CreationDate":"Thu, 14 Jan 2021 21:01:55 GMT","Creator":"epowell2_townofchapelhill","EditDate":"Fri, 15 Jan 2021 15:52:35 GMT","Editor":"dalmond","ResourceType":"0","ParkingType":"Wave","Capacity":9,"Condition":"Fair","Lighting":"No","WxProtect":"No","LandUse":"Institutional","DistanceBusStop":257,"Notes":null,"Availability":"Public","AccessRating":"Low","VizRating":"Super high"}},{"type":"Feature","id":531,"geometry":{"type":"Point","coordinates":[-79.0489239933868,35.9046140834335]},"properties":{"OBJECTID":531,"GlobalID":"d0f44728-c643-4b38-ade3-bf0e09e5296f","CreationDate":"Thu, 14 Jan 2021 21:01:55 GMT","Creator":"epowell2_townofchapelhill","EditDate":"Fri, 15 Jan 2021 15:52:35 GMT","Editor":"dalmond","ResourceType":"0","ParkingType":"Wave","Capacity":3,"Condition":"Excellent","Lighting":"No","WxProtect":"No","LandUse":"Institutional","DistanceBusStop":696,"Notes":null,"Availability":"Public","AccessRating":"Low","VizRating":"Very low"}},{"type":"Feature","id":532,"geometry":{"type":"Point","coordinates":[-79.0496389939624,35.9033810772531]},"properties":{"OBJECTID":532,"GlobalID":"38748e81-1629-48a8-ae35-6c3f818837b8","CreationDate":"Thu, 14 Jan 2021 21:01:55 GMT","Creator":"epowell2_townofchapelhill","EditDate":"Fri, 15 Jan 2021 15:52:35 GMT","Editor":"dalmond","ResourceType":"0","ParkingType":"Wave","Capacity":3,"Condition":"Excellent","Lighting":"Yes","WxProtect":"No","LandUse":"Institutional","DistanceBusStop":291,"Notes":null,"Availability":"Public","AccessRating":"Low","VizRating":"Medium"}},{"type":"Feature","id":533,"geometry":{"type":"Point","coordinates":[-79.0501245216954,35.9031409835055]},"properties":{"OBJECTID":533,"GlobalID":"1c7b85d0-6236-4909-ae92-f99066f19321","CreationDate":"Thu, 14 Jan 2021 21:01:55 GMT","Creator":"epowell2_townofchapelhill","EditDate":"Fri, 15 Jan 2021 15:52:35 GMT","Editor":"dalmond","ResourceType":"0","ParkingType":"Wave","Capacity":3,"Condition":"Fair","Lighting":"No","WxProtect":"Yes","LandUse":"Institutional","DistanceBusStop":60,"Notes":null,"Availability":"Public","AccessRating":"Medium","VizRating":"Super high"}},{"type":"Feature","id":534,"geometry":{"type":"Point","coordinates":[-79.0531173776421,35.903375878253]},"properties":{"OBJECTID":534,"GlobalID":"d6372ef1-452a-4f89-93bf-e446dabdb9b0","CreationDate":"Thu, 14 Jan 2021 21:01:55 GMT","Creator":"epowell2_townofchapelhill","EditDate":"Fri, 15 Jan 2021 15:52:35 GMT","Editor":"dalmond","ResourceType":"0","ParkingType":"Inverted U","Capacity":26,"Condition":"Excellent","Lighting":"Yes","WxProtect":"No","LandUse":"Institutional","DistanceBusStop":484,"Notes":null,"Availability":"Public","AccessRating":"Medium","VizRating":"Super high"}},{"type":"Feature","id":535,"geometry":{"type":"Point","coordinates":[-79.0535872342649,35.90339484205]},"properties":{"OBJECTID":535,"GlobalID":"8bd93557-7c3a-4925-a18c-73947777fa60","CreationDate":"Thu, 14 Jan 2021 21:01:55 GMT","Creator":"epowell2_townofchapelhill","EditDate":"Fri, 15 Jan 2021 15:52:35 GMT","Editor":"dalmond","ResourceType":"0","ParkingType":"Wave","Capacity":6,"Condition":"Excellent","Lighting":"Yes","WxProtect":"No","LandUse":"Institutional","DistanceBusStop":666,"Notes":null,"Availability":"Public","AccessRating":"Low","VizRating":"Very high"}},{"type":"Feature","id":536,"geometry":{"type":"Point","coordinates":[-79.0536408852469,35.9014542614838]},"properties":{"OBJECTID":536,"GlobalID":"b04575a2-2819-4e88-a022-f5e7d71a47dc","CreationDate":"Thu, 14 Jan 2021 21:01:55 GMT","Creator":"epowell2_townofchapelhill","EditDate":"Fri, 15 Jan 2021 15:52:35 GMT","Editor":"dalmond","ResourceType":"0","ParkingType":"Wave","Capacity":9,"Condition":"Excellent","Lighting":"Yes","WxProtect":"No","LandUse":"Institutional","DistanceBusStop":621,"Notes":null,"Availability":"Public","AccessRating":"Medium","VizRating":"Very high"}},{"type":"Feature","id":537,"geometry":{"type":"Point","coordinates":[-79.0538556517701,35.9015588071537]},"properties":{"OBJECTID":537,"GlobalID":"adf0decd-3fd0-4149-a10d-40b5465e548f","CreationDate":"Thu, 14 Jan 2021 21:01:55 GMT","Creator":"epowell2_townofchapelhill","EditDate":"Fri, 15 Jan 2021 15:52:35 GMT","Editor":"dalmond","ResourceType":"0","ParkingType":"Inverted U","Capacity":8,"Condition":"Excellent","Lighting":"Yes","WxProtect":"No","LandUse":"Institutional","DistanceBusStop":659,"Notes":null,"Availability":"Public","AccessRating":"Medium","VizRating":"Super high"}},{"type":"Feature","id":538,"geometry":{"type":"Point","coordinates":[-79.0547920439442,35.9010860846096]},"properties":{"OBJECTID":538,"GlobalID":"9fec30a4-b758-491f-a117-6f0cb0719f71","CreationDate":"Thu, 14 Jan 2021 21:01:55 GMT","Creator":"epowell2_townofchapelhill","EditDate":"Fri, 15 Jan 2021 15:52:35 GMT","Editor":"dalmond","ResourceType":"0","ParkingType":"Wave","Capacity":3,"Condition":"Excellent","Lighting":"No","WxProtect":"No","LandUse":"Institutional","DistanceBusStop":553,"Notes":null,"Availability":"Public","AccessRating":"Medium","VizRating":"High"}},{"type":"Feature","id":539,"geometry":{"type":"Point","coordinates":[-79.0530815654049,35.9016706823792]},"properties":{"OBJECTID":539,"GlobalID":"c6e68425-b861-407a-ad18-e9a79f67752d","CreationDate":"Thu, 14 Jan 2021 21:01:55 GMT","Creator":"epowell2_townofchapelhill","EditDate":"Fri, 15 Jan 2021 15:52:35 GMT","Editor":"dalmond","ResourceType":"0","ParkingType":"Wave","Capacity":3,"Condition":"Excellent","Lighting":"Yes","WxProtect":"Yes","LandUse":"Institutional","DistanceBusStop":366,"Notes":null,"Availability":"Public","AccessRating":"Low","VizRating":"Very low"}},{"type":"Feature","id":540,"geometry":{"type":"Point","coordinates":[-79.0501799342737,35.9025292421755]},"properties":{"OBJECTID":540,"GlobalID":"1df80d35-a561-462b-999e-6e3e63d7aa03","CreationDate":"Thu, 14 Jan 2021 21:01:55 GMT","Creator":"epowell2_townofchapelhill","EditDate":"Fri, 15 Jan 2021 15:52:35 GMT","Editor":"dalmond","ResourceType":"0","ParkingType":"Wave","Capacity":3,"Condition":"Excellent","Lighting":"Yes","WxProtect":"No","LandUse":"Institutional","DistanceBusStop":308,"Notes":null,"Availability":"Public","AccessRating":"Medium","VizRating":"Medium"}},{"type":"Feature","id":541,"geometry":{"type":"Point","coordinates":[-79.050093532513,35.9024519381067]},"properties":{"OBJECTID":541,"GlobalID":"1761fcf7-d3d3-4c11-a3ef-501d73decb60","CreationDate":"Thu, 14 Jan 2021 21:01:55 GMT","Creator":"epowell2_townofchapelhill","EditDate":"Fri, 15 Jan 2021 15:52:35 GMT","Editor":"dalmond","ResourceType":"0","ParkingType":"Wave","Capacity":3,"Condition":"Excellent","Lighting":"Yes","WxProtect":"No","LandUse":"Institutional","DistanceBusStop":341,"Notes":null,"Availability":"Public","AccessRating":"Medium","VizRating":"High"}},{"type":"Feature","id":542,"geometry":{"type":"Point","coordinates":[-79.0536884384648,35.9056358226718]},"properties":{"OBJECTID":542,"GlobalID":"9a7df282-8a1a-48f9-82b7-e6c1a15135ef","CreationDate":"Thu, 14 Jan 2021 21:01:55 GMT","Creator":"epowell2_townofchapelhill","EditDate":"Fri, 15 Jan 2021 15:52:35 GMT","Editor":"dalmond","ResourceType":"0","ParkingType":"Wave","Capacity":51,"Condition":"Excellent","Lighting":"Yes","WxProtect":"No","LandUse":"Institutional","DistanceBusStop":216,"Notes":null,"Availability":"Public","AccessRating":"Medium","VizRating":"Super high"}},{"type":"Feature","id":543,"geometry":{"type":"Point","coordinates":[-79.0536856105683,35.9063443651585]},"properties":{"OBJECTID":543,"GlobalID":"1977fe64-977e-452c-b922-1c8b3ee9c9f5","CreationDate":"Thu, 14 Jan 2021 21:01:55 GMT","Creator":"epowell2_townofchapelhill","EditDate":"Fri, 15 Jan 2021 15:52:35 GMT","Editor":"dalmond","ResourceType":"0","ParkingType":"Multiple","Capacity":47,"Condition":"Excellent","Lighting":"Yes","WxProtect":"No","LandUse":"Institutional","DistanceBusStop":415,"Notes":"15 waves and 1 inverted U","Availability":"Public","AccessRating":"High","VizRating":"Super high"}},{"type":"Feature","id":544,"geometry":{"type":"Point","coordinates":[-79.0536992389095,35.9073799844052]},"properties":{"OBJECTID":544,"GlobalID":"122adf65-f471-47aa-9f8d-b6c7b6a0d4ca","CreationDate":"Thu, 14 Jan 2021 21:01:55 GMT","Creator":"epowell2_townofchapelhill","EditDate":"Fri, 15 Jan 2021 15:52:35 GMT","Editor":"dalmond","ResourceType":"0","ParkingType":"Wave","Capacity":6,"Condition":"Excellent","Lighting":"Yes","WxProtect":"No","LandUse":"Institutional","DistanceBusStop":341,"Notes":null,"Availability":"Public","AccessRating":"Low","VizRating":"Very high"}},{"type":"Feature","id":545,"geometry":{"type":"Point","coordinates":[-79.0516122144509,35.9089108387333]},"properties":{"OBJECTID":545,"GlobalID":"daf6fe47-c8d9-430b-8569-92e313442bd8","CreationDate":"Thu, 14 Jan 2021 21:01:55 GMT","Creator":"epowell2_townofchapelhill","EditDate":"Fri, 15 Jan 2021 15:52:35 GMT","Editor":"dalmond","ResourceType":"0","ParkingType":"Wave","Capacity":46,"Condition":"Excellent","Lighting":"Yes","WxProtect":"Yes","LandUse":"Institutional","DistanceBusStop":36,"Notes":"Pretend all this construction equipment isn't here; they told me they wouldn't be here all month 🤷🏽‍♂️ | Four waves (capacity 7) and two waves (capacity 9)","Availability":"Public","AccessRating":"Medium","VizRating":"Low"}},{"type":"Feature","id":546,"geometry":{"type":"Point","coordinates":[-79.0535777211061,35.9087679819605]},"properties":{"OBJECTID":546,"GlobalID":"175038bb-9d67-4eef-b230-3a8b9d3d0aa0","CreationDate":"Thu, 14 Jan 2021 21:01:55 GMT","Creator":"epowell2_townofchapelhill","EditDate":"Fri, 15 Jan 2021 15:52:35 GMT","Editor":"dalmond","ResourceType":"0","ParkingType":"Multiple","Capacity":17,"Condition":"Excellent","Lighting":"Yes","WxProtect":"No","LandUse":"Institutional","DistanceBusStop":41,"Notes":null,"Availability":"Public","AccessRating":"Medium","VizRating":"High"}},{"type":"Feature","id":547,"geometry":{"type":"Point","coordinates":[-79.0543463618839,35.9081649927455]},"properties":{"OBJECTID":547,"GlobalID":"7191f069-7c12-4c57-b11d-f51b548fb056","CreationDate":"Thu, 14 Jan 2021 21:01:55 GMT","Creator":"epowell2_townofchapelhill","EditDate":"Fri, 15 Jan 2021 15:52:35 GMT","Editor":"dalmond","ResourceType":"0","ParkingType":"Inverted U","Capacity":12,"Condition":"Excellent","Lighting":"Yes","WxProtect":"No","LandUse":"Institutional","DistanceBusStop":262,"Notes":null,"Availability":"Public","AccessRating":"Medium","VizRating":"Medium"}},{"type":"Feature","id":548,"geometry":{"type":"Point","coordinates":[-79.0538767999085,35.9083206497542]},"properties":{"OBJECTID":548,"GlobalID":"5bfb12c1-89c2-4098-b44f-8d97d9525f59","CreationDate":"Thu, 14 Jan 2021 21:01:55 GMT","Creator":"epowell2_townofchapelhill","EditDate":"Fri, 15 Jan 2021 15:52:35 GMT","Editor":"dalmond","ResourceType":"0","ParkingType":"Inverted U","Capacity":2,"Condition":"Excellent","Lighting":"Yes","WxProtect":"No","LandUse":"Institutional","DistanceBusStop":14,"Notes":null,"Availability":"Public","AccessRating":"Medium","VizRating":"Very high"}},{"type":"Feature","id":549,"geometry":{"type":"Point","coordinates":[-79.0538834761877,35.9081932424494]},"properties":{"OBJECTID":549,"GlobalID":"a2bc6918-2522-4955-8ba6-5c139669868b","CreationDate":"Thu, 14 Jan 2021 21:01:55 GMT","Creator":"epowell2_townofchapelhill","EditDate":"Fri, 15 Jan 2021 15:52:35 GMT","Editor":"dalmond","ResourceType":"0","ParkingType":"Inverted U","Capacity":12,"Condition":"Excellent","Lighting":"Yes","WxProtect":"No","LandUse":"Institutional","DistanceBusStop":61,"Notes":null,"Availability":"Public","AccessRating":"Medium","VizRating":"Very high"}},{"type":"Feature","id":551,"geometry":{"type":"Point","coordinates":[-79.0539966207944,35.9067363206358]},"properties":{"OBJECTID":551,"GlobalID":"c67b3d39-1a3f-4edc-8948-ea3b72cc2fbd","CreationDate":"Thu, 14 Jan 2021 21:01:55 GMT","Creator":"epowell2_townofchapelhill","EditDate":"Fri, 15 Jan 2021 15:52:35 GMT","Editor":"dalmond","ResourceType":"0","ParkingType":"Wave","Capacity":22,"Condition":"Excellent","Lighting":"No","WxProtect":"No","LandUse":"Institutional","DistanceBusStop":268,"Notes":null,"Availability":"Public","AccessRating":"Medium","VizRating":"Very high"}},{"type":"Feature","id":552,"geometry":{"type":"Point","coordinates":[-79.0541486175371,35.9062018268136]},"properties":{"OBJECTID":552,"GlobalID":"b5eaec35-f540-489d-bcf0-fa8644d1325b","CreationDate":"Thu, 14 Jan 2021 21:01:55 GMT","Creator":"epowell2_townofchapelhill","EditDate":"Fri, 15 Jan 2021 15:52:35 GMT","Editor":"dalmond","ResourceType":"0","ParkingType":"Wave","Capacity":7,"Condition":"Excellent","Lighting":"No","WxProtect":"No","LandUse":"Institutional","DistanceBusStop":442,"Notes":null,"Availability":"Public","AccessRating":"Medium","VizRating":"Very high"}},{"type":"Feature","id":553,"geometry":{"type":"Point","coordinates":[-79.0546003470558,35.9062336527208]},"properties":{"OBJECTID":553,"GlobalID":"e6bffe43-6232-4f19-9d62-9fe53babe514","CreationDate":"Thu, 14 Jan 2021 21:01:55 GMT","Creator":"epowell2_townofchapelhill","EditDate":"Fri, 15 Jan 2021 15:52:35 GMT","Editor":"dalmond","ResourceType":"0","ParkingType":"Wave","Capacity":33,"Condition":"Excellent","Lighting":"Yes","WxProtect":"No","LandUse":"Institutional","DistanceBusStop":325,"Notes":null,"Availability":"Public","AccessRating":"Low","VizRating":"Very high"}},{"type":"Feature","id":554,"geometry":{"type":"Point","coordinates":[-79.0541694386887,35.9059544749026]},"properties":{"OBJECTID":554,"GlobalID":"1771305f-e2aa-42bf-bf22-60371539f0d5","CreationDate":"Thu, 14 Jan 2021 21:01:55 GMT","Creator":"epowell2_townofchapelhill","EditDate":"Fri, 15 Jan 2021 15:52:35 GMT","Editor":"dalmond","ResourceType":"0","ParkingType":"Multiple","Capacity":16,"Condition":"Excellent","Lighting":"Yes","WxProtect":"Yes","LandUse":"Institutional","DistanceBusStop":468,"Notes":"Five inverted U's and two waves","Availability":"Public","AccessRating":"Medium","VizRating":"High"}},{"type":"Feature","id":555,"geometry":{"type":"Point","coordinates":[-79.0546993072641,35.9050620608968]},"properties":{"OBJECTID":555,"GlobalID":"281c1ccf-120a-4426-a57b-08af41c54809","CreationDate":"Thu, 14 Jan 2021 21:01:55 GMT","Creator":"epowell2_townofchapelhill","EditDate":"Fri, 15 Jan 2021 15:52:35 GMT","Editor":"dalmond","ResourceType":"0","ParkingType":"Inverted U","Capacity":4,"Condition":"Excellent","Lighting":"Yes","WxProtect":"No","LandUse":"Institutional","DistanceBusStop":190,"Notes":null,"Availability":"Public","AccessRating":"Low","VizRating":"High"}},{"type":"Feature","id":556,"geometry":{"type":"Point","coordinates":[-79.0769040162723,35.9415653332425]},"properties":{"OBJECTID":556,"GlobalID":"5b19300c-9c56-4100-a71e-25e8bd39d3f7","CreationDate":"Thu, 14 Jan 2021 21:01:55 GMT","Creator":"epowell2_townofchapelhill","EditDate":"Fri, 15 Jan 2021 15:52:35 GMT","Editor":"dalmond","ResourceType":"0","ParkingType":"Wave","Capacity":14,"Condition":"Excellent","Lighting":"No","WxProtect":"No","LandUse":"Institutional","DistanceBusStop":250,"Notes":null,"Availability":"Public","AccessRating":"Low","VizRating":"High"}},{"type":"Feature","id":557,"geometry":{"type":"Point","coordinates":[-79.0775586159249,35.9432106580615]},"properties":{"OBJECTID":557,"GlobalID":"d4d78d03-d3f5-4cfd-963f-3c92d932576a","CreationDate":"Thu, 14 Jan 2021 21:01:55 GMT","Creator":"epowell2_townofchapelhill","EditDate":"Fri, 15 Jan 2021 15:52:35 GMT","Editor":"dalmond","ResourceType":"0","ParkingType":"Wave","Capacity":14,"Condition":"Excellent","Lighting":"No","WxProtect":"No","LandUse":"Institutional","DistanceBusStop":851,"Notes":null,"Availability":"Public","AccessRating":"Low","VizRating":"Low"}},{"type":"Feature","id":558,"geometry":{"type":"Point","coordinates":[-79.0822199550695,35.9433085172593]},"properties":{"OBJECTID":558,"GlobalID":"b6029e5a-7c28-42a4-8c07-06b2ffb03631","CreationDate":"Thu, 14 Jan 2021 21:01:55 GMT","Creator":"epowell2_townofchapelhill","EditDate":"Fri, 15 Jan 2021 15:52:35 GMT","Editor":"dalmond","ResourceType":"0","ParkingType":"Wave","Capacity":7,"Condition":"Excellent","Lighting":"No","WxProtect":"No","LandUse":"Institutional","DistanceBusStop":1093,"Notes":null,"Availability":"Public","AccessRating":"Medium","VizRating":"None"}},{"type":"Feature","id":559,"geometry":{"type":"Point","coordinates":[-79.0821524367945,35.9445775085743]},"properties":{"OBJECTID":559,"GlobalID":"f8b28672-d0f2-424f-9ef3-da55fc23a5d2","CreationDate":"Thu, 14 Jan 2021 21:01:55 GMT","Creator":"epowell2_townofchapelhill","EditDate":"Fri, 15 Jan 2021 15:52:35 GMT","Editor":"dalmond","ResourceType":"0","ParkingType":"Wave","Capacity":14,"Condition":"Excellent","Lighting":"No","WxProtect":"No","LandUse":"Institutional","DistanceBusStop":1025,"Notes":null,"Availability":"Public","AccessRating":"Medium","VizRating":"None"}},{"type":"Feature","id":560,"geometry":{"type":"Point","coordinates":[-79.0772748920255,35.9513119189509]},"properties":{"OBJECTID":560,"GlobalID":"50c87b8e-b425-4656-bcca-76c5572c8f8d","CreationDate":"Thu, 14 Jan 2021 21:01:55 GMT","Creator":"epowell2_townofchapelhill","EditDate":"Fri, 15 Jan 2021 15:52:35 GMT","Editor":"dalmond","ResourceType":"0","ParkingType":"Wave","Capacity":11,"Condition":"Excellent","Lighting":"No","WxProtect":"No","LandUse":"Low residential","DistanceBusStop":1722,"Notes":null,"Availability":"Public","AccessRating":"High","VizRating":"Very high"}},{"type":"Feature","id":561,"geometry":{"type":"Point","coordinates":[-79.0782109248735,35.9513423123008]},"properties":{"OBJECTID":561,"GlobalID":"6068c5bc-76c4-4586-a36d-495a461be3ae","CreationDate":"Thu, 14 Jan 2021 21:01:55 GMT","Creator":"epowell2_townofchapelhill","EditDate":"Fri, 15 Jan 2021 15:52:35 GMT","Editor":"dalmond","ResourceType":"0","ParkingType":"Wave","Capacity":11,"Condition":"Excellent","Lighting":"No","WxProtect":"No","LandUse":"Low residential","DistanceBusStop":1970,"Notes":null,"Availability":"Public","AccessRating":"High","VizRating":"Very high"}},{"type":"Feature","id":562,"geometry":{"type":"Point","coordinates":[-79.054339375686,35.9235336217785]},"properties":{"OBJECTID":562,"GlobalID":"a02719a6-611b-479c-b7ee-4ff51425f770","CreationDate":"Thu, 14 Jan 2021 21:01:55 GMT","Creator":"epowell2_townofchapelhill","EditDate":"Fri, 15 Jan 2021 15:52:35 GMT","Editor":"dalmond","ResourceType":"0","ParkingType":"Wave","Capacity":3,"Condition":"Excellent","Lighting":"Yes","WxProtect":"Yes","LandUse":"Institutional","DistanceBusStop":58,"Notes":null,"Availability":"Public","AccessRating":"Medium","VizRating":"Low"}},{"type":"Feature","id":563,"geometry":{"type":"Point","coordinates":[-79.0540214852631,35.9238592967773]},"properties":{"OBJECTID":563,"GlobalID":"ba90cc6a-97c7-4d92-ae2e-8ef96eaf1d1e","CreationDate":"Thu, 14 Jan 2021 21:01:55 GMT","Creator":"epowell2_townofchapelhill","EditDate":"Fri, 15 Jan 2021 15:52:35 GMT","Editor":"dalmond","ResourceType":"0","ParkingType":"Wave","Capacity":3,"Condition":"Excellent","Lighting":"No","WxProtect":"No","LandUse":"Institutional","DistanceBusStop":1031,"Notes":null,"Availability":"Public","AccessRating":"Low","VizRating":"Medium"}},{"type":"Feature","id":564,"geometry":{"type":"Point","coordinates":[-79.0540021858576,35.9238344142308]},"properties":{"OBJECTID":564,"GlobalID":"c6c60154-477d-42b9-8579-18206db321ba","CreationDate":"Thu, 14 Jan 2021 21:01:55 GMT","Creator":"epowell2_townofchapelhill","EditDate":"Fri, 15 Jan 2021 15:52:35 GMT","Editor":"dalmond","ResourceType":"0","ParkingType":"Grid","Capacity":11,"Condition":"Fair","Lighting":"No","WxProtect":"No","LandUse":"Institutional","DistanceBusStop":1023,"Notes":null,"Availability":"Public","AccessRating":"Low","VizRating":"Medium"}},{"type":"Feature","id":565,"geometry":{"type":"Point","coordinates":[-79.0536418563258,35.9241597293577]},"properties":{"OBJECTID":565,"GlobalID":"be31f7ba-75db-410b-9826-534386e98857","CreationDate":"Thu, 14 Jan 2021 21:01:55 GMT","Creator":"epowell2_townofchapelhill","EditDate":"Fri, 15 Jan 2021 15:52:35 GMT","Editor":"dalmond","ResourceType":"0","ParkingType":"Wave","Capacity":5,"Condition":"Excellent","Lighting":"No","WxProtect":"No","LandUse":"Commercial","DistanceBusStop":1155,"Notes":"Blocked by outdoor seating","Availability":"Public","AccessRating":"Medium","VizRating":"Very low"}},{"type":"Feature","id":566,"geometry":{"type":"Point","coordinates":[-79.073308205717,35.9534257578349]},"properties":{"OBJECTID":566,"GlobalID":"3eb95eeb-7a34-4d77-b355-89527835c3f4","CreationDate":"Thu, 14 Jan 2021 21:01:55 GMT","Creator":"epowell2_townofchapelhill","EditDate":"Fri, 15 Jan 2021 15:52:35 GMT","Editor":"dalmond","ResourceType":"0","ParkingType":"Inverted U","Capacity":2,"Condition":"Excellent","Lighting":"No","WxProtect":"No","LandUse":"Park","DistanceBusStop":3232,"Notes":null,"Availability":"Public","AccessRating":"High","VizRating":"Very high"}},{"type":"Feature","id":567,"geometry":{"type":"Point","coordinates":[-79.0738697381096,35.9532341249683]},"properties":{"OBJECTID":567,"GlobalID":"d7693bf4-aa77-4fa4-b84e-a87f89d7767a","CreationDate":"Thu, 14 Jan 2021 21:01:55 GMT","Creator":"epowell2_townofchapelhill","EditDate":"Fri, 15 Jan 2021 15:52:35 GMT","Editor":"dalmond","ResourceType":"0","ParkingType":"Wave","Capacity":10,"Condition":"Excellent","Lighting":"No","WxProtect":"Yes","LandUse":"Low residential","DistanceBusStop":3910,"Notes":null,"Availability":"Public","AccessRating":"High","VizRating":"Very high"}},{"type":"Feature","id":568,"geometry":{"type":"Point","coordinates":[-79.0692410994379,35.9545689505602]},"properties":{"OBJECTID":568,"GlobalID":"be2b8cdc-d5d5-467a-9345-59bf2d3ef8ff","CreationDate":"Thu, 14 Jan 2021 21:01:55 GMT","Creator":"epowell2_townofchapelhill","EditDate":"Fri, 15 Jan 2021 15:52:35 GMT","Editor":"dalmond","ResourceType":"0","ParkingType":"Wave","Capacity":5,"Condition":"Fair","Lighting":"No","WxProtect":"No","LandUse":"Mid residential","DistanceBusStop":2794,"Notes":"More rectangular than most waves","Availability":"Public","AccessRating":"Very high","VizRating":"Very high"}},{"type":"Feature","id":569,"geometry":{"type":"Point","coordinates":[-79.0653656577077,35.955253056777]},"properties":{"OBJECTID":569,"GlobalID":"841edbce-0da7-4d1e-8263-76ddeca28cf3","CreationDate":"Thu, 14 Jan 2021 21:01:55 GMT","Creator":"epowell2_townofchapelhill","EditDate":"Fri, 15 Jan 2021 15:52:35 GMT","Editor":"dalmond","ResourceType":"0","ParkingType":"Wave","Capacity":7,"Condition":"Fair","Lighting":"No","WxProtect":"No","LandUse":"Mid residential","DistanceBusStop":3062,"Notes":"Looks ancient","Availability":"Public","AccessRating":"Very high","VizRating":"Very high"}},{"type":"Feature","id":570,"geometry":{"type":"Point","coordinates":[-79.0594781577261,35.9560587967233]},"properties":{"OBJECTID":570,"GlobalID":"8f5ad483-cd90-4333-85d7-42995fedfc5b","CreationDate":"Thu, 14 Jan 2021 21:01:55 GMT","Creator":"epowell2_townofchapelhill","EditDate":"Fri, 15 Jan 2021 15:52:35 GMT","Editor":"dalmond","ResourceType":"0","ParkingType":"Wave","Capacity":5,"Condition":"Excellent","Lighting":"No","WxProtect":"No","LandUse":"Institutional","DistanceBusStop":765,"Notes":null,"Availability":"Public","AccessRating":"Medium","VizRating":"Medium"}},{"type":"Feature","id":580,"geometry":{"type":"Point","coordinates":[-79.0586663241527,35.945955376556]},"properties":{"OBJECTID":580,"GlobalID":"07cee4cf-52ad-4f58-ad12-0b13697d5f96","CreationDate":"Thu, 14 Jan 2021 21:01:55 GMT","Creator":"epowell2_townofchapelhill","EditDate":"Fri, 15 Jan 2021 15:52:35 GMT","Editor":"dalmond","ResourceType":"0","ParkingType":"Wave","Capacity":3,"Condition":"Excellent","Lighting":"No","WxProtect":"No","LandUse":"Commercial","DistanceBusStop":188,"Notes":null,"Availability":"Public","AccessRating":"Low","VizRating":"Low"}},{"type":"Feature","id":581,"geometry":{"type":"Point","coordinates":[-79.0612203997954,35.9463841060318]},"properties":{"OBJECTID":581,"GlobalID":"414a0d36-f7b3-4ce7-afd3-53047f9176da","CreationDate":"Thu, 14 Jan 2021 21:01:55 GMT","Creator":"epowell2_townofchapelhill","EditDate":"Fri, 15 Jan 2021 15:52:35 GMT","Editor":"dalmond","ResourceType":"0","ParkingType":"Other","Capacity":4,"Condition":"Excellent","Lighting":"Yes","WxProtect":"Yes","LandUse":"Mid residential","DistanceBusStop":1315,"Notes":null,"Availability":"Public","AccessRating":"High","VizRating":"Medium"}},{"type":"Feature","id":582,"geometry":{"type":"Point","coordinates":[-79.0607712735944,35.9464456063029]},"properties":{"OBJECTID":582,"GlobalID":"ab7e4aa5-583c-4d98-b769-7028e3b2cb34","CreationDate":"Thu, 14 Jan 2021 21:01:55 GMT","Creator":"epowell2_townofchapelhill","EditDate":"Fri, 15 Jan 2021 15:52:35 GMT","Editor":"dalmond","ResourceType":"0","ParkingType":"Other","Capacity":3,"Condition":"Excellent","Lighting":"Yes","WxProtect":"Yes","LandUse":"Mid residential","DistanceBusStop":1197,"Notes":"Looks like there's one missing","Availability":"Public","AccessRating":"High","VizRating":"Low"}},{"type":"Feature","id":583,"geometry":{"type":"Point","coordinates":[-79.0607932391997,35.9475502162125]},"properties":{"OBJECTID":583,"GlobalID":"c7e171c4-9a6f-40b2-8d4a-b7b9c92e155f","CreationDate":"Thu, 14 Jan 2021 21:01:55 GMT","Creator":"epowell2_townofchapelhill","EditDate":"Fri, 15 Jan 2021 15:52:35 GMT","Editor":"dalmond","ResourceType":"0","ParkingType":"Other","Capacity":4,"Condition":"Excellent","Lighting":"Yes","WxProtect":"Yes","LandUse":"Mid residential","DistanceBusStop":1356,"Notes":null,"Availability":"Public","AccessRating":"High","VizRating":"Medium"}},{"type":"Feature","id":584,"geometry":{"type":"Point","coordinates":[-79.0611991941648,35.9473977126236]},"properties":{"OBJECTID":584,"GlobalID":"ef21015b-4daf-4176-92ca-35f1ea0791a3","CreationDate":"Thu, 14 Jan 2021 21:01:55 GMT","Creator":"epowell2_townofchapelhill","EditDate":"Fri, 15 Jan 2021 15:52:35 GMT","Editor":"dalmond","ResourceType":"0","ParkingType":"Other","Capacity":4,"Condition":"Excellent","Lighting":"Yes","WxProtect":"Yes","LandUse":"Mid residential","DistanceBusStop":1473,"Notes":null,"Availability":"Public","AccessRating":"High","VizRating":"Medium"}},{"type":"Feature","id":585,"geometry":{"type":"Point","coordinates":[-79.0616873530633,35.9473924365205]},"properties":{"OBJECTID":585,"GlobalID":"fa8e237f-6959-4145-bb23-99862ff4cf19","CreationDate":"Thu, 14 Jan 2021 21:01:55 GMT","Creator":"epowell2_townofchapelhill","EditDate":"Fri, 15 Jan 2021 15:52:35 GMT","Editor":"dalmond","ResourceType":"0","ParkingType":"Other","Capacity":3,"Condition":"Excellent","Lighting":"Yes","WxProtect":"Yes","LandUse":"Mid residential","DistanceBusStop":1619,"Notes":"Looks like there's one missing","Availability":"Public","AccessRating":"High","VizRating":"Medium"}},{"type":"Feature","id":586,"geometry":{"type":"Point","coordinates":[-79.0617180466999,35.9475773879035]},"properties":{"OBJECTID":586,"GlobalID":"0b0f312f-4211-4309-8e2a-5815d2677c10","CreationDate":"Thu, 14 Jan 2021 21:01:55 GMT","Creator":"epowell2_townofchapelhill","EditDate":"Fri, 15 Jan 2021 15:52:35 GMT","Editor":"dalmond","ResourceType":"0","ParkingType":"Other","Capacity":2,"Condition":"Excellent","Lighting":"Yes","WxProtect":"Yes","LandUse":"Mid residential","DistanceBusStop":1962,"Notes":null,"Availability":"Public","AccessRating":"High","VizRating":"High"}},{"type":"Feature","id":587,"geometry":{"type":"Point","coordinates":[-79.0612225629386,35.9475800263126]},"properties":{"OBJECTID":587,"GlobalID":"bc3ba076-4545-4245-9ccb-3558a6853895","CreationDate":"Thu, 14 Jan 2021 21:01:55 GMT","Creator":"epowell2_townofchapelhill","EditDate":"Fri, 15 Jan 2021 15:52:35 GMT","Editor":"dalmond","ResourceType":"0","ParkingType":"Other","Capacity":2,"Condition":"Excellent","Lighting":"Yes","WxProtect":"Yes","LandUse":"Mid residential","DistanceBusStop":2112,"Notes":null,"Availability":"Public","AccessRating":"High","VizRating":"Medium"}},{"type":"Feature","id":588,"geometry":{"type":"Point","coordinates":[-79.0610385987482,35.9480036788989]},"properties":{"OBJECTID":588,"GlobalID":"c87b6f5b-2adb-4136-b1e9-8edcd92fd01c","CreationDate":"Thu, 14 Jan 2021 21:01:55 GMT","Creator":"epowell2_townofchapelhill","EditDate":"Fri, 15 Jan 2021 15:52:35 GMT","Editor":"dalmond","ResourceType":"0","ParkingType":"Other","Capacity":4,"Condition":"Excellent","Lighting":"Yes","WxProtect":"Yes","LandUse":"Mid residential","DistanceBusStop":2197,"Notes":null,"Availability":"Public","AccessRating":"High","VizRating":"Medium"}},{"type":"Feature","id":589,"geometry":{"type":"Point","coordinates":[-79.0615345631082,35.9481372224349]},"properties":{"OBJECTID":589,"GlobalID":"9af04270-0e8f-4816-99d8-e8d6cd05f8b2","CreationDate":"Thu, 14 Jan 2021 21:01:55 GMT","Creator":"epowell2_townofchapelhill","EditDate":"Fri, 15 Jan 2021 15:52:35 GMT","Editor":"dalmond","ResourceType":"0","ParkingType":"Other","Capacity":4,"Condition":"Excellent","Lighting":"Yes","WxProtect":"Yes","LandUse":"Mid residential","DistanceBusStop":2145,"Notes":null,"Availability":"Public","AccessRating":"High","VizRating":"Medium"}},{"type":"Feature","id":590,"geometry":{"type":"Point","coordinates":[-79.0620203621323,35.9482275450742]},"properties":{"OBJECTID":590,"GlobalID":"d3913b81-cd8b-4260-8cd2-5272e4b9e0ee","CreationDate":"Thu, 14 Jan 2021 21:01:55 GMT","Creator":"epowell2_townofchapelhill","EditDate":"Fri, 15 Jan 2021 15:52:35 GMT","Editor":"dalmond","ResourceType":"0","ParkingType":"Other","Capacity":2,"Condition":"Excellent","Lighting":"Yes","WxProtect":"Yes","LandUse":"Mid residential","DistanceBusStop":2016,"Notes":null,"Availability":"Public","AccessRating":"High","VizRating":"Medium"}},{"type":"Feature","id":591,"geometry":{"type":"Point","coordinates":[-79.0620287470072,35.9484099310256]},"properties":{"OBJECTID":591,"GlobalID":"d3fd16e6-2a5e-4a80-8f77-652f230fb014","CreationDate":"Thu, 14 Jan 2021 21:01:55 GMT","Creator":"epowell2_townofchapelhill","EditDate":"Fri, 15 Jan 2021 15:52:35 GMT","Editor":"dalmond","ResourceType":"0","ParkingType":"Other","Capacity":4,"Condition":"Excellent","Lighting":"Yes","WxProtect":"Yes","LandUse":"Mid residential","DistanceBusStop":2019,"Notes":null,"Availability":"Public","AccessRating":"High","VizRating":"None"}},{"type":"Feature","id":592,"geometry":{"type":"Point","coordinates":[-79.0614420546002,35.9483000352426]},"properties":{"OBJECTID":592,"GlobalID":"25a15dd7-90bb-4459-8c37-cebb9187feb2","CreationDate":"Thu, 14 Jan 2021 21:01:55 GMT","Creator":"epowell2_townofchapelhill","EditDate":"Fri, 15 Jan 2021 15:52:35 GMT","Editor":"dalmond","ResourceType":"0","ParkingType":"Other","Capacity":2,"Condition":"Excellent","Lighting":"No","WxProtect":"Yes","LandUse":"Mid residential","DistanceBusStop":2161,"Notes":null,"Availability":"Public","AccessRating":"High","VizRating":"None"}},{"type":"Feature","id":593,"geometry":{"type":"Point","coordinates":[-79.0609656914798,35.9481710851645]},"properties":{"OBJECTID":593,"GlobalID":"1520f1e5-c3cd-4229-9fbc-8eac7afbed27","CreationDate":"Thu, 14 Jan 2021 21:01:55 GMT","Creator":"epowell2_townofchapelhill","EditDate":"Fri, 15 Jan 2021 15:52:35 GMT","Editor":"dalmond","ResourceType":"0","ParkingType":"Other","Capacity":2,"Condition":"Excellent","Lighting":"No","WxProtect":"Yes","LandUse":"Mid residential","DistanceBusStop":2197,"Notes":null,"Availability":"Public","AccessRating":"High","VizRating":"None"}},{"type":"Feature","id":594,"geometry":{"type":"Point","coordinates":[-79.0622128243854,35.9480514565205]},"properties":{"OBJECTID":594,"GlobalID":"bd103f66-d665-4b82-a0f7-2103ae06873a","CreationDate":"Thu, 14 Jan 2021 21:01:55 GMT","Creator":"epowell2_townofchapelhill","EditDate":"Fri, 15 Jan 2021 15:52:35 GMT","Editor":"dalmond","ResourceType":"0","ParkingType":"Double grid","Capacity":6,"Condition":"Excellent","Lighting":"No","WxProtect":"No","LandUse":"Mid residential","DistanceBusStop":1974,"Notes":null,"Availability":"Public","AccessRating":"High","VizRating":"Medium"}},{"type":"Feature","id":595,"geometry":{"type":"Point","coordinates":[-79.0622291162314,35.948030025754]},"properties":{"OBJECTID":595,"GlobalID":"7595af9c-f0b5-4fdf-93d0-29899ef453ff","CreationDate":"Thu, 14 Jan 2021 21:01:55 GMT","Creator":"epowell2_townofchapelhill","EditDate":"Fri, 15 Jan 2021 15:52:35 GMT","Editor":"dalmond","ResourceType":"0","ParkingType":"Other","Capacity":2,"Condition":"Excellent","Lighting":"Yes","WxProtect":"Yes","LandUse":"Mid residential","DistanceBusStop":1974,"Notes":null,"Availability":"Public","AccessRating":"High","VizRating":"Medium"}},{"type":"Feature","id":596,"geometry":{"type":"Point","coordinates":[-79.0624362309049,35.9480029349414]},"properties":{"OBJECTID":596,"GlobalID":"90e037e3-a3c1-46c3-b076-82fb4719ec7d","CreationDate":"Thu, 14 Jan 2021 21:01:55 GMT","Creator":"epowell2_townofchapelhill","EditDate":"Fri, 15 Jan 2021 15:52:35 GMT","Editor":"dalmond","ResourceType":"0","ParkingType":"Other","Capacity":4,"Condition":"Excellent","Lighting":"Yes","WxProtect":"Yes","LandUse":"Mid residential","DistanceBusStop":1974,"Notes":null,"Availability":"Public","AccessRating":"High","VizRating":"None"}},{"type":"Feature","id":597,"geometry":{"type":"Point","coordinates":[-79.0624505958646,35.947566381199]},"properties":{"OBJECTID":597,"GlobalID":"df47cad1-6a24-4be7-beef-1ec3080a9437","CreationDate":"Thu, 14 Jan 2021 21:01:55 GMT","Creator":"epowell2_townofchapelhill","EditDate":"Fri, 15 Jan 2021 15:52:35 GMT","Editor":"dalmond","ResourceType":"0","ParkingType":"Other","Capacity":4,"Condition":"Excellent","Lighting":"Yes","WxProtect":"Yes","LandUse":"Mid residential","DistanceBusStop":1783,"Notes":null,"Availability":"Public","AccessRating":"High","VizRating":"None"}},{"type":"Feature","id":598,"geometry":{"type":"Point","coordinates":[-79.0622220932025,35.9475800226764]},"properties":{"OBJECTID":598,"GlobalID":"89886395-7597-4fc8-a09f-360776fccc0f","CreationDate":"Thu, 14 Jan 2021 21:01:55 GMT","Creator":"epowell2_townofchapelhill","EditDate":"Fri, 15 Jan 2021 15:52:35 GMT","Editor":"dalmond","ResourceType":"0","ParkingType":"Other","Capacity":2,"Condition":"Excellent","Lighting":"Yes","WxProtect":"Yes","LandUse":"Mid residential","DistanceBusStop":1829,"Notes":null,"Availability":"Public","AccessRating":"High","VizRating":"Low"}},{"type":"Feature","id":599,"geometry":{"type":"Point","coordinates":[-79.0622240955472,35.9470228138977]},"properties":{"OBJECTID":599,"GlobalID":"d89156b1-bc21-425b-891a-0159dea20b00","CreationDate":"Thu, 14 Jan 2021 21:01:55 GMT","Creator":"epowell2_townofchapelhill","EditDate":"Fri, 15 Jan 2021 15:52:35 GMT","Editor":"dalmond","ResourceType":"0","ParkingType":"Other","Capacity":2,"Condition":"Excellent","Lighting":"Yes","WxProtect":"Yes","LandUse":"Mid residential","DistanceBusStop":1625,"Notes":null,"Availability":"Public","AccessRating":"High","VizRating":"Medium"}},{"type":"Feature","id":600,"geometry":{"type":"Point","coordinates":[-79.0624548152515,35.9469941177199]},"properties":{"OBJECTID":600,"GlobalID":"8174aa88-7eeb-4be1-be33-9595adae7aa0","CreationDate":"Thu, 14 Jan 2021 21:01:55 GMT","Creator":"epowell2_townofchapelhill","EditDate":"Fri, 15 Jan 2021 15:52:35 GMT","Editor":"dalmond","ResourceType":"0","ParkingType":"Other","Capacity":4,"Condition":"Excellent","Lighting":"Yes","WxProtect":"Yes","LandUse":"Mid residential","DistanceBusStop":1659,"Notes":null,"Availability":"Public","AccessRating":"High","VizRating":"None"}},{"type":"Feature","id":601,"geometry":{"type":"Point","coordinates":[-79.062342428823,35.9463259365025]},"properties":{"OBJECTID":601,"GlobalID":"1bb4e192-f7a7-4f4d-8a28-905c7dac4fac","CreationDate":"Thu, 14 Jan 2021 21:01:55 GMT","Creator":"epowell2_townofchapelhill","EditDate":"Fri, 15 Jan 2021 15:52:35 GMT","Editor":"dalmond","ResourceType":"0","ParkingType":"Other","Capacity":3,"Condition":"Excellent","Lighting":"Yes","WxProtect":"Yes","LandUse":"Mid residential","DistanceBusStop":1270,"Notes":"Looks like there's one missing","Availability":"Public","AccessRating":"High","VizRating":"None"}},{"type":"Feature","id":602,"geometry":{"type":"Point","coordinates":[-79.0622100234383,35.9464789163239]},"properties":{"OBJECTID":602,"GlobalID":"6433ed83-7f2a-4d36-a848-277c4c43074d","CreationDate":"Thu, 14 Jan 2021 21:01:55 GMT","Creator":"epowell2_townofchapelhill","EditDate":"Fri, 15 Jan 2021 15:52:35 GMT","Editor":"dalmond","ResourceType":"0","ParkingType":"Other","Capacity":1,"Condition":"Excellent","Lighting":"Yes","WxProtect":"Yes","LandUse":"Mid residential","DistanceBusStop":1559,"Notes":"Looks like there's one missing","Availability":"Public","AccessRating":"High","VizRating":"Medium"}},{"type":"Feature","id":603,"geometry":{"type":"Point","coordinates":[-79.0617775079852,35.9464158328645]},"properties":{"OBJECTID":603,"GlobalID":"68c4d318-3988-47c5-92a8-65a885751409","CreationDate":"Thu, 14 Jan 2021 21:01:55 GMT","Creator":"epowell2_townofchapelhill","EditDate":"Fri, 15 Jan 2021 15:52:35 GMT","Editor":"dalmond","ResourceType":"0","ParkingType":"Double grid","Capacity":5,"Condition":"Excellent","Lighting":"Yes","WxProtect":"Yes","LandUse":"Mid residential","DistanceBusStop":1484,"Notes":"One space blocked by wall","Availability":"Public","AccessRating":"High","VizRating":"Low"}},{"type":"Feature","id":604,"geometry":{"type":"Point","coordinates":[-79.0617379605531,35.9464015686636]},"properties":{"OBJECTID":604,"GlobalID":"62d525fa-4a09-4fe5-8b4e-81b345a0da1f","CreationDate":"Thu, 14 Jan 2021 21:01:55 GMT","Creator":"epowell2_townofchapelhill","EditDate":"Fri, 15 Jan 2021 15:52:35 GMT","Editor":"dalmond","ResourceType":"0","ParkingType":"Other","Capacity":4,"Condition":"Excellent","Lighting":"Yes","WxProtect":"Yes","LandUse":"Mid residential","DistanceBusStop":1472,"Notes":null,"Availability":"Public","AccessRating":"High","VizRating":"Medium"}},{"type":"Feature","id":605,"geometry":{"type":"Point","coordinates":[-79.0617484376043,35.94622549204]},"properties":{"OBJECTID":605,"GlobalID":"dbffea55-364e-47c3-a8b1-7716afee2319","CreationDate":"Thu, 14 Jan 2021 21:01:55 GMT","Creator":"epowell2_townofchapelhill","EditDate":"Fri, 15 Jan 2021 15:52:35 GMT","Editor":"dalmond","ResourceType":"0","ParkingType":"Other","Capacity":2,"Condition":"Excellent","Lighting":"No","WxProtect":"Yes","LandUse":"Mid residential","DistanceBusStop":1094,"Notes":null,"Availability":"Public","AccessRating":"High","VizRating":"None"}},{"type":"Feature","id":606,"geometry":{"type":"Point","coordinates":[-79.0612194907004,35.9462118910546]},"properties":{"OBJECTID":606,"GlobalID":"824181e3-5015-4958-be90-b43377979056","CreationDate":"Thu, 14 Jan 2021 21:01:55 GMT","Creator":"epowell2_townofchapelhill","EditDate":"Fri, 15 Jan 2021 15:52:35 GMT","Editor":"dalmond","ResourceType":"0","ParkingType":"Other","Capacity":2,"Condition":"Excellent","Lighting":"No","WxProtect":"Yes","LandUse":"Mid residential","DistanceBusStop":938,"Notes":null,"Availability":"Public","AccessRating":"High","VizRating":"None"}},{"type":"Feature","id":607,"geometry":{"type":"Point","coordinates":[-79.0606324281874,35.9463129820568]},"properties":{"OBJECTID":607,"GlobalID":"0b735c0a-755c-4c61-9336-a333c2f286d5","CreationDate":"Thu, 14 Jan 2021 21:01:55 GMT","Creator":"epowell2_townofchapelhill","EditDate":"Fri, 15 Jan 2021 15:52:35 GMT","Editor":"dalmond","ResourceType":"0","ParkingType":"Other","Capacity":2,"Condition":"Excellent","Lighting":"No","WxProtect":"Yes","LandUse":"Mid residential","DistanceBusStop":764,"Notes":null,"Availability":"Public","AccessRating":"High","VizRating":"None"}},{"type":"Feature","id":608,"geometry":{"type":"Point","coordinates":[-79.0605915826898,35.9476106639945]},"properties":{"OBJECTID":608,"GlobalID":"aae3087c-201b-4daf-b8e3-b2e3072e3c1e","CreationDate":"Thu, 14 Jan 2021 21:01:55 GMT","Creator":"epowell2_townofchapelhill","EditDate":"Fri, 15 Jan 2021 15:52:35 GMT","Editor":"dalmond","ResourceType":"0","ParkingType":"Other","Capacity":2,"Condition":"Excellent","Lighting":"No","WxProtect":"Yes","LandUse":"Mid residential","DistanceBusStop":1066,"Notes":null,"Availability":"Public","AccessRating":"High","VizRating":"None"}},{"type":"Feature","id":609,"geometry":{"type":"Point","coordinates":[-79.0640258707671,35.9555120759761]},"properties":{"OBJECTID":609,"GlobalID":"29d7114e-682c-4c54-974b-bea324da3631","CreationDate":"Thu, 14 Jan 2021 21:01:55 GMT","Creator":"epowell2_townofchapelhill","EditDate":"Fri, 15 Jan 2021 15:52:35 GMT","Editor":"dalmond","ResourceType":"0","ParkingType":"Inverted U","Capacity":8,"Condition":"Excellent","Lighting":"Yes","WxProtect":"Yes","LandUse":"Institutional","DistanceBusStop":2225,"Notes":null,"Availability":"Public","AccessRating":"Low","VizRating":"Very low"}},{"type":"Feature","id":610,"geometry":{"type":"Point","coordinates":[-79.0641606342294,35.9556025908805]},"properties":{"OBJECTID":610,"GlobalID":"b4c55caa-c588-4c8b-aa90-e7b85c571fdb","CreationDate":"Thu, 14 Jan 2021 21:01:55 GMT","Creator":"epowell2_townofchapelhill","EditDate":"Fri, 15 Jan 2021 15:52:35 GMT","Editor":"dalmond","ResourceType":"0","ParkingType":"Inverted U","Capacity":8,"Condition":"Excellent","Lighting":"Yes","WxProtect":"Yes","LandUse":"Institutional","DistanceBusStop":2278,"Notes":null,"Availability":"Public","AccessRating":"Low","VizRating":"Very low"}},{"type":"Feature","id":611,"geometry":{"type":"Point","coordinates":[-79.06327676655,35.9549096998704]},"properties":{"OBJECTID":611,"GlobalID":"f02bf372-a5b7-4535-ab2b-9d33c096d86b","CreationDate":"Thu, 14 Jan 2021 21:01:55 GMT","Creator":"epowell2_townofchapelhill","EditDate":"Fri, 15 Jan 2021 15:52:35 GMT","Editor":"dalmond","ResourceType":"0","ParkingType":"Wave","Capacity":5,"Condition":"Excellent","Lighting":"Yes","WxProtect":"No","LandUse":"Park","DistanceBusStop":2002,"Notes":null,"Availability":"Public","AccessRating":"Low","VizRating":"Very low"}},{"type":"Feature","id":612,"geometry":{"type":"Point","coordinates":[-79.0548234158088,35.933687414706]},"properties":{"OBJECTID":612,"GlobalID":"68ee8db6-aa55-4624-9791-69052b107e03","CreationDate":"Thu, 14 Jan 2021 21:01:55 GMT","Creator":"epowell2_townofchapelhill","EditDate":"Fri, 15 Jan 2021 15:52:35 GMT","Editor":"dalmond","ResourceType":"0","ParkingType":"Double grid","Capacity":9,"Condition":"Excellent","Lighting":"Yes","WxProtect":"Yes","LandUse":"Institutional","DistanceBusStop":33,"Notes":null,"Availability":"Public","AccessRating":"Medium","VizRating":"Low"}},{"type":"Feature","id":613,"geometry":{"type":"Point","coordinates":[-79.0568143178371,35.9424071369263]},"properties":{"OBJECTID":613,"GlobalID":"5944627a-e7f3-4a26-8df5-d1fac900a954","CreationDate":"Thu, 14 Jan 2021 21:01:55 GMT","Creator":"epowell2_townofchapelhill","EditDate":"Fri, 15 Jan 2021 15:52:35 GMT","Editor":"dalmond","ResourceType":"0","ParkingType":"Wave","Capacity":7,"Condition":"Excellent","Lighting":"No","WxProtect":"No","LandUse":"Institutional","DistanceBusStop":319,"Notes":null,"Availability":"Public","AccessRating":"Medium","VizRating":"Medium"}},{"type":"Feature","id":614,"geometry":{"type":"Point","coordinates":[-79.0574629338115,35.9448010244627]},"properties":{"OBJECTID":614,"GlobalID":"92d007a9-76c1-43ab-baec-48ad482529b1","CreationDate":"Thu, 14 Jan 2021 21:01:55 GMT","Creator":"epowell2_townofchapelhill","EditDate":"Fri, 15 Jan 2021 15:52:35 GMT","Editor":"dalmond","ResourceType":"0","ParkingType":"Inverted U","Capacity":4,"Condition":"Excellent","Lighting":"Yes","WxProtect":"Yes","LandUse":"Institutional","DistanceBusStop":309,"Notes":null,"Availability":"Public","AccessRating":"Low","VizRating":"Very low"}},{"type":"Feature","id":615,"geometry":{"type":"Point","coordinates":[-79.0588723833058,35.9513837336293]},"properties":{"OBJECTID":615,"GlobalID":"8e763b3f-205a-4dc5-b7fc-4223a75af805","CreationDate":"Thu, 14 Jan 2021 21:01:55 GMT","Creator":"epowell2_townofchapelhill","EditDate":"Fri, 15 Jan 2021 15:52:35 GMT","Editor":"dalmond","ResourceType":"0","ParkingType":"Inverted U","Capacity":10,"Condition":"Excellent","Lighting":"No","WxProtect":"Yes","LandUse":"Institutional","DistanceBusStop":799,"Notes":null,"Availability":"Public","AccessRating":"Low","VizRating":"Low"}},{"type":"Feature","id":616,"geometry":{"type":"Point","coordinates":[-79.0619848670005,35.9554371498853]},"properties":{"OBJECTID":616,"GlobalID":"94aa138b-4157-4b75-96c3-73c5d436b867","CreationDate":"Thu, 14 Jan 2021 21:01:55 GMT","Creator":"epowell2_townofchapelhill","EditDate":"Fri, 15 Jan 2021 15:52:35 GMT","Editor":"dalmond","ResourceType":"0","ParkingType":"Wave","Capacity":5,"Condition":"Excellent","Lighting":"No","WxProtect":"No","LandUse":"Park","DistanceBusStop":1507,"Notes":null,"Availability":"Public","AccessRating":"Medium","VizRating":"None"}},{"type":"Feature","id":617,"geometry":{"type":"Point","coordinates":[-79.0616558994519,35.9545616534011]},"properties":{"OBJECTID":617,"GlobalID":"f4737905-ab82-4bb0-a0a8-b471905f9248","CreationDate":"Thu, 14 Jan 2021 21:01:55 GMT","Creator":"epowell2_townofchapelhill","EditDate":"Fri, 15 Jan 2021 15:52:35 GMT","Editor":"dalmond","ResourceType":"0","ParkingType":"Wave","Capacity":5,"Condition":"Poor","Lighting":"No","WxProtect":"No","LandUse":"Park","DistanceBusStop":1461,"Notes":null,"Availability":"Public","AccessRating":"Low","VizRating":"None"}},{"type":"Feature","id":618,"geometry":{"type":"Point","coordinates":[-79.0650793439654,35.9487538252399]},"properties":{"OBJECTID":618,"GlobalID":"cb6c2d43-62a0-4686-9055-9323e0939a7f","CreationDate":"Thu, 14 Jan 2021 21:01:55 GMT","Creator":"epowell2_townofchapelhill","EditDate":"Fri, 15 Jan 2021 15:52:35 GMT","Editor":"dalmond","ResourceType":"0","ParkingType":"Wave","Capacity":5,"Condition":"Excellent","Lighting":"No","WxProtect":"No","LandUse":"Institutional","DistanceBusStop":58,"Notes":null,"Availability":"Public","AccessRating":"Low","VizRating":"Very low"}},{"type":"Feature","id":619,"geometry":{"type":"Point","coordinates":[-79.0639105791869,35.9698321696602]},"properties":{"OBJECTID":619,"GlobalID":"9c858ed3-9c50-42e5-a37c-d6eb5509467d","CreationDate":"Thu, 14 Jan 2021 21:01:55 GMT","Creator":"epowell2_townofchapelhill","EditDate":"Fri, 15 Jan 2021 15:52:35 GMT","Editor":"dalmond","ResourceType":"0","ParkingType":"Inverted U","Capacity":4,"Condition":"Excellent","Lighting":"No","WxProtect":"No","LandUse":"Commercial","DistanceBusStop":618,"Notes":null,"Availability":"Public","AccessRating":"Medium","VizRating":"Very low"}},{"type":"Feature","id":620,"geometry":{"type":"Point","coordinates":[-79.0636762087292,35.9698296497733]},"properties":{"OBJECTID":620,"GlobalID":"dab984b3-2b59-44a0-8d31-36d0d6ff6f5c","CreationDate":"Thu, 14 Jan 2021 21:01:55 GMT","Creator":"epowell2_townofchapelhill","EditDate":"Fri, 15 Jan 2021 15:52:35 GMT","Editor":"dalmond","ResourceType":"0","ParkingType":"Inverted U","Capacity":2,"Condition":"Excellent","Lighting":"Yes","WxProtect":"No","LandUse":"Commercial","DistanceBusStop":688,"Notes":null,"Availability":"Public","AccessRating":"Medium","VizRating":"Very low"}},{"type":"Feature","id":621,"geometry":{"type":"Point","coordinates":[-79.0648351809728,35.9700545831667]},"properties":{"OBJECTID":621,"GlobalID":"6eba6322-7e1b-422f-9165-5ea3baa1c176","CreationDate":"Thu, 14 Jan 2021 21:01:55 GMT","Creator":"epowell2_townofchapelhill","EditDate":"Fri, 15 Jan 2021 15:52:35 GMT","Editor":"dalmond","ResourceType":"0","ParkingType":"Other","Capacity":6,"Condition":"Excellent","Lighting":"No","WxProtect":"Yes","LandUse":"Commercial","DistanceBusStop":341,"Notes":null,"Availability":"Public","AccessRating":"Low","VizRating":"Low"}},{"type":"Feature","id":622,"geometry":{"type":"Point","coordinates":[-79.0695915501965,35.9711972836475]},"properties":{"OBJECTID":622,"GlobalID":"999c0769-87bf-42e2-b343-8c7665ee8af6","CreationDate":"Thu, 14 Jan 2021 21:01:55 GMT","Creator":"epowell2_townofchapelhill","EditDate":"Fri, 15 Jan 2021 15:52:35 GMT","Editor":"dalmond","ResourceType":"0","ParkingType":"Inverted U","Capacity":4,"Condition":"Excellent","Lighting":"No","WxProtect":"No","LandUse":"High residential","DistanceBusStop":894,"Notes":null,"Availability":"Public","AccessRating":"Medium","VizRating":"Very high"}},{"type":"Feature","id":623,"geometry":{"type":"Point","coordinates":[-79.0695841049594,35.9711368968093]},"properties":{"OBJECTID":623,"GlobalID":"29f64b96-6ea7-4150-898c-559ab3eefedf","CreationDate":"Thu, 14 Jan 2021 21:01:55 GMT","Creator":"epowell2_townofchapelhill","EditDate":"Fri, 15 Jan 2021 15:52:35 GMT","Editor":"dalmond","ResourceType":"0","ParkingType":"Inverted U","Capacity":4,"Condition":"Excellent","Lighting":"No","WxProtect":"No","LandUse":"High residential","DistanceBusStop":896,"Notes":null,"Availability":"Public","AccessRating":"Medium","VizRating":"Super high"}},{"type":"Feature","id":625,"geometry":{"type":"Point","coordinates":[-79.0686504167144,35.9703216667017]},"properties":{"OBJECTID":625,"GlobalID":"f6f529ab-5e28-44ae-a4cb-29c70b7cb926","CreationDate":"Thu, 14 Jan 2021 21:01:55 GMT","Creator":"epowell2_townofchapelhill","EditDate":"Fri, 15 Jan 2021 15:52:35 GMT","Editor":"dalmond","ResourceType":"0","ParkingType":"Inverted U","Capacity":8,"Condition":"Excellent","Lighting":"Yes","WxProtect":"No","LandUse":"High residential","DistanceBusStop":1024,"Notes":null,"Availability":"Public","AccessRating":"High","VizRating":"Very high"}},{"type":"Feature","id":626,"geometry":{"type":"Point","coordinates":[-79.0683278828998,35.9706727997226]},"properties":{"OBJECTID":626,"GlobalID":"5d869bb3-2b70-4e15-91ca-e9da036b834a","CreationDate":"Thu, 14 Jan 2021 21:01:55 GMT","Creator":"epowell2_townofchapelhill","EditDate":"Fri, 15 Jan 2021 15:52:35 GMT","Editor":"dalmond","ResourceType":"0","ParkingType":"Inverted U","Capacity":6,"Condition":"Excellent","Lighting":"No","WxProtect":"No","LandUse":"High residential","DistanceBusStop":1206,"Notes":null,"Availability":"Public","AccessRating":"Medium","VizRating":"Super high"}},{"type":"Feature","id":627,"geometry":{"type":"Point","coordinates":[-79.0726721167492,35.9759353330154]},"properties":{"OBJECTID":627,"GlobalID":"4f180b73-d604-43ce-aa49-a0701bab0dcd","CreationDate":"Thu, 14 Jan 2021 21:01:55 GMT","Creator":"epowell2_townofchapelhill","EditDate":"Fri, 15 Jan 2021 15:52:35 GMT","Editor":"dalmond","ResourceType":"0","ParkingType":"Inverted U","Capacity":6,"Condition":"Excellent","Lighting":"Yes","WxProtect":"Yes","LandUse":"Institutional","DistanceBusStop":3470,"Notes":null,"Availability":"Public","AccessRating":"Low","VizRating":"Very low"}},{"type":"Feature","id":628,"geometry":{"type":"Point","coordinates":[-79.072576866583,35.9760371667459]},"properties":{"OBJECTID":628,"GlobalID":"c8d75efa-7849-4ca4-be55-d23c78e4b22d","CreationDate":"Thu, 14 Jan 2021 21:01:55 GMT","Creator":"epowell2_townofchapelhill","EditDate":"Fri, 15 Jan 2021 15:52:35 GMT","Editor":"dalmond","ResourceType":"0","ParkingType":"Inverted U","Capacity":6,"Condition":"Excellent","Lighting":"Yes","WxProtect":"No","LandUse":"Institutional","DistanceBusStop":3507,"Notes":null,"Availability":"Public","AccessRating":"Low","VizRating":"None"}},{"type":"Feature","id":630,"geometry":{"type":"Point","coordinates":[-79.0746667665488,35.9778795669662]},"properties":{"OBJECTID":630,"GlobalID":"e501b051-d188-4c65-bbc7-dcf9bf8c4f17","CreationDate":"Thu, 14 Jan 2021 21:01:55 GMT","Creator":"epowell2_townofchapelhill","EditDate":"Fri, 15 Jan 2021 15:52:35 GMT","Editor":"dalmond","ResourceType":"0","ParkingType":"Wave","Capacity":15,"Condition":"Excellent","Lighting":"Yes","WxProtect":"Yes","LandUse":"Institutional","DistanceBusStop":4205,"Notes":null,"Availability":"Public","AccessRating":"Low","VizRating":"Low"}},{"type":"Feature","id":631,"geometry":{"type":"Point","coordinates":[-79.073526316668,35.977525350254]},"properties":{"OBJECTID":631,"GlobalID":"3402302d-45df-46af-aff3-df04c0751985","CreationDate":"Thu, 14 Jan 2021 21:01:55 GMT","Creator":"epowell2_townofchapelhill","EditDate":"Fri, 15 Jan 2021 15:52:35 GMT","Editor":"dalmond","ResourceType":"0","ParkingType":"Inverted U","Capacity":6,"Condition":"Excellent","Lighting":"No","WxProtect":"No","LandUse":"Institutional","DistanceBusStop":4124,"Notes":null,"Availability":"Public","AccessRating":"Low","VizRating":"Very low"}},{"type":"Feature","id":632,"geometry":{"type":"Point","coordinates":[-79.0589708620171,35.949223184594]},"properties":{"OBJECTID":632,"GlobalID":"c0cb7c0a-5935-47a1-8c9e-43b116dc296c","CreationDate":"Thu, 14 Jan 2021 21:01:55 GMT","Creator":"epowell2_townofchapelhill","EditDate":"Fri, 15 Jan 2021 15:52:35 GMT","Editor":"dalmond","ResourceType":"0","ParkingType":"Other","Capacity":4,"Condition":"Excellent","Lighting":"Yes","WxProtect":"Yes","LandUse":"Commercial","DistanceBusStop":66,"Notes":null,"Availability":"Public","AccessRating":"Medium","VizRating":"Very low"}},{"type":"Feature","id":633,"geometry":{"type":"Point","coordinates":[-79.0586992420179,35.9390827086114]},"properties":{"OBJECTID":633,"GlobalID":"ab394293-8496-445a-beb4-673a9d448b1a","CreationDate":"Thu, 14 Jan 2021 21:01:55 GMT","Creator":"epowell2_townofchapelhill","EditDate":"Fri, 15 Jan 2021 15:52:35 GMT","Editor":"dalmond","ResourceType":"0","ParkingType":"Wave","Capacity":6,"Condition":"Fair","Lighting":"No","WxProtect":"No","LandUse":"Institutional","DistanceBusStop":1254,"Notes":null,"Availability":"Public","AccessRating":"Medium","VizRating":"Low"}},{"type":"Feature","id":634,"geometry":{"type":"Point","coordinates":[-79.0660518160745,35.9362951490048]},"properties":{"OBJECTID":634,"GlobalID":"64c8f12b-4558-4bfb-870f-47cb0c87dad6","CreationDate":"Thu, 14 Jan 2021 21:01:55 GMT","Creator":"epowell2_townofchapelhill","EditDate":"Fri, 15 Jan 2021 15:52:35 GMT","Editor":"dalmond","ResourceType":"0","ParkingType":"Simple grid","Capacity":12,"Condition":"Fair","Lighting":"No","WxProtect":"No","LandUse":"Park","DistanceBusStop":3779,"Notes":null,"Availability":"Public","AccessRating":"Low","VizRating":"None"}},{"type":"Feature","id":635,"geometry":{"type":"Point","coordinates":[-79.0652984502497,35.9245424169192]},"properties":{"OBJECTID":635,"GlobalID":"10c18c01-636f-4411-9d84-3db664dfedb8","CreationDate":"Thu, 14 Jan 2021 21:01:55 GMT","Creator":"epowell2_townofchapelhill","EditDate":"Fri, 15 Jan 2021 15:52:35 GMT","Editor":"dalmond","ResourceType":"0","ParkingType":"Simple grid","Capacity":6,"Condition":"Poor","Lighting":"No","WxProtect":"Yes","LandUse":"Mid residential","DistanceBusStop":770,"Notes":null,"Availability":"Public","AccessRating":"Medium","VizRating":"Very low"}},{"type":"Feature","id":636,"geometry":{"type":"Point","coordinates":[-79.0652068984475,35.9243283638685]},"properties":{"OBJECTID":636,"GlobalID":"921d2e93-fcd5-438a-a722-82efdf3d85e8","CreationDate":"Thu, 14 Jan 2021 21:01:55 GMT","Creator":"epowell2_townofchapelhill","EditDate":"Fri, 15 Jan 2021 15:52:35 GMT","Editor":"dalmond","ResourceType":"0","ParkingType":"Simple grid","Capacity":6,"Condition":"Fair","Lighting":"Yes","WxProtect":"Yes","LandUse":"Mid residential","DistanceBusStop":770,"Notes":null,"Availability":"Public","AccessRating":"Medium","VizRating":"Very low"}},{"type":"Feature","id":637,"geometry":{"type":"Point","coordinates":[-79.0661787201764,35.9243705246224]},"properties":{"OBJECTID":637,"GlobalID":"1a8e2cbd-439b-45f8-ba61-094723666588","CreationDate":"Thu, 14 Jan 2021 21:01:55 GMT","Creator":"epowell2_townofchapelhill","EditDate":"Fri, 15 Jan 2021 15:52:35 GMT","Editor":"dalmond","ResourceType":"0","ParkingType":"Simple grid","Capacity":6,"Condition":"Fair","Lighting":"Yes","WxProtect":"Yes","LandUse":"Mid residential","DistanceBusStop":1072,"Notes":null,"Availability":"Public","AccessRating":"Medium","VizRating":"Very low"}},{"type":"Feature","id":638,"geometry":{"type":"Point","coordinates":[-79.066212203082,35.9243034771048]},"properties":{"OBJECTID":638,"GlobalID":"6b0a7434-d6d4-4dea-8487-80c402a02b70","CreationDate":"Thu, 14 Jan 2021 21:01:55 GMT","Creator":"epowell2_townofchapelhill","EditDate":"Fri, 15 Jan 2021 15:52:35 GMT","Editor":"dalmond","ResourceType":"0","ParkingType":"Double grid","Capacity":3,"Condition":"Fair","Lighting":"Yes","WxProtect":"Yes","LandUse":"Mid residential","DistanceBusStop":1088,"Notes":"Wall blocking one space","Availability":"Public","AccessRating":"High","VizRating":"None"}},{"type":"Feature","id":639,"geometry":{"type":"Point","coordinates":[-79.0657922550597,35.9240023830892]},"properties":{"OBJECTID":639,"GlobalID":"331e59ec-ff37-4293-b971-be41f5968a1f","CreationDate":"Thu, 14 Jan 2021 21:01:55 GMT","Creator":"epowell2_townofchapelhill","EditDate":"Fri, 15 Jan 2021 15:52:35 GMT","Editor":"dalmond","ResourceType":"0","ParkingType":"Simple grid","Capacity":6,"Condition":"Excellent","Lighting":"Yes","WxProtect":"Yes","LandUse":"Mid residential","DistanceBusStop":275,"Notes":null,"Availability":"Public","AccessRating":"Medium","VizRating":"Very low"}},{"type":"Feature","id":640,"geometry":{"type":"Point","coordinates":[-79.0655984911479,35.9236454412003]},"properties":{"OBJECTID":640,"GlobalID":"f3c69b47-4725-4a7c-b9f4-849159174ecd","CreationDate":"Thu, 14 Jan 2021 21:01:55 GMT","Creator":"epowell2_townofchapelhill","EditDate":"Fri, 15 Jan 2021 15:52:35 GMT","Editor":"dalmond","ResourceType":"0","ParkingType":"Simple grid","Capacity":6,"Condition":"Poor","Lighting":"No","WxProtect":"Yes","LandUse":"Mid residential","DistanceBusStop":187,"Notes":null,"Availability":"Public","AccessRating":"Medium","VizRating":"Very low"}},{"type":"Feature","id":641,"geometry":{"type":"Point","coordinates":[-79.0654989236784,35.9234341849774]},"properties":{"OBJECTID":641,"GlobalID":"8085160e-b7dd-4e0b-b79e-3079b459fe5d","CreationDate":"Thu, 14 Jan 2021 21:01:55 GMT","Creator":"epowell2_townofchapelhill","EditDate":"Fri, 15 Jan 2021 15:52:35 GMT","Editor":"dalmond","ResourceType":"0","ParkingType":"Simple grid","Capacity":6,"Condition":"Excellent","Lighting":"No","WxProtect":"Yes","LandUse":"Mid residential","DistanceBusStop":153,"Notes":null,"Availability":"Public","AccessRating":"Medium","VizRating":"Very low"}},{"type":"Feature","id":642,"geometry":{"type":"Point","coordinates":[-79.0631902093808,35.9214451702656]},"properties":{"OBJECTID":642,"GlobalID":"e0e1c3d5-78f1-4d39-a750-1fd592d1c11e","CreationDate":"Thu, 14 Jan 2021 21:01:55 GMT","Creator":"epowell2_townofchapelhill","EditDate":"Fri, 15 Jan 2021 15:52:35 GMT","Editor":"dalmond","ResourceType":"0","ParkingType":"Inverted U","Capacity":4,"Condition":"Excellent","Lighting":"No","WxProtect":"No","LandUse":"Park","DistanceBusStop":498,"Notes":null,"Availability":"Public","AccessRating":"Medium","VizRating":"None"}},{"type":"Feature","id":643,"geometry":{"type":"Point","coordinates":[-79.064195245419,35.9215621046039]},"properties":{"OBJECTID":643,"GlobalID":"3acd234f-fadf-4fa2-b0db-5507e74d44cb","CreationDate":"Thu, 14 Jan 2021 21:01:55 GMT","Creator":"epowell2_townofchapelhill","EditDate":"Fri, 15 Jan 2021 15:52:35 GMT","Editor":"dalmond","ResourceType":"0","ParkingType":"Wave","Capacity":7,"Condition":"Fair","Lighting":"No","WxProtect":"No","LandUse":"Institutional","DistanceBusStop":564,"Notes":null,"Availability":"Public","AccessRating":"Low","VizRating":"Very low"}},{"type":"Feature","id":644,"geometry":{"type":"Point","coordinates":[-79.055327381463,35.9292888689061]},"properties":{"OBJECTID":644,"GlobalID":"6d6ed9b0-b833-4cab-bc83-e17927216a55","CreationDate":"Thu, 14 Jan 2021 21:01:55 GMT","Creator":"epowell2_townofchapelhill","EditDate":"Fri, 15 Jan 2021 15:52:35 GMT","Editor":"dalmond","ResourceType":"0","ParkingType":"Wave","Capacity":7,"Condition":"Excellent","Lighting":"No","WxProtect":"No","LandUse":"Mid residential","DistanceBusStop":310,"Notes":null,"Availability":"Public","AccessRating":"Medium","VizRating":"High"}},{"type":"Feature","id":645,"geometry":{"type":"Point","coordinates":[-79.0582144329372,35.9084990663481]},"properties":{"OBJECTID":645,"GlobalID":"dd066118-9caa-420b-8350-e30a7bdf2e25","CreationDate":"Thu, 14 Jan 2021 21:01:55 GMT","Creator":"epowell2_townofchapelhill","EditDate":"Fri, 15 Jan 2021 15:52:35 GMT","Editor":"dalmond","ResourceType":"0","ParkingType":"Double grid","Capacity":12,"Condition":"Fair","Lighting":"No","WxProtect":"No","LandUse":"Institutional","DistanceBusStop":750,"Notes":null,"Availability":"Public","AccessRating":"Medium","VizRating":"Medium"}},{"type":"Feature","id":647,"geometry":{"type":"Point","coordinates":[-79.0574043429938,35.9070104730154]},"properties":{"OBJECTID":647,"GlobalID":"49e28999-0819-4998-8492-bd05abf85bfe","CreationDate":"Thu, 14 Jan 2021 21:01:55 GMT","Creator":"epowell2_townofchapelhill","EditDate":"Fri, 15 Jan 2021 15:52:35 GMT","Editor":"dalmond","ResourceType":"0","ParkingType":"Double grid","Capacity":10,"Condition":"Excellent","Lighting":"No","WxProtect":"No","LandUse":"Mid residential","DistanceBusStop":1193,"Notes":null,"Availability":"Public","AccessRating":"Medium","VizRating":"High"}},{"type":"Feature","id":648,"geometry":{"type":"Point","coordinates":[-79.056923847623,35.9067500375543]},"properties":{"OBJECTID":648,"GlobalID":"31722d4e-a07f-44b3-9b3c-87490acf53d2","CreationDate":"Thu, 14 Jan 2021 21:01:55 GMT","Creator":"epowell2_townofchapelhill","EditDate":"Fri, 15 Jan 2021 15:52:35 GMT","Editor":"dalmond","ResourceType":"0","ParkingType":"Double grid","Capacity":10,"Condition":"Poor","Lighting":"No","WxProtect":"No","LandUse":"Mid residential","DistanceBusStop":1083,"Notes":null,"Availability":"Public","AccessRating":"Medium","VizRating":"High"}},{"type":"Feature","id":649,"geometry":{"type":"Point","coordinates":[-79.0542760651197,35.8948258631274]},"properties":{"OBJECTID":649,"GlobalID":"3220bed7-c0e7-459c-88c8-4c9a8dd291fa","CreationDate":"Thu, 14 Jan 2021 21:01:55 GMT","Creator":"epowell2_townofchapelhill","EditDate":"Fri, 15 Jan 2021 15:52:35 GMT","Editor":"dalmond","ResourceType":"0","ParkingType":"Other","Capacity":5,"Condition":"Fair","Lighting":"No","WxProtect":"Yes","LandUse":"Mid residential","DistanceBusStop":1165,"Notes":null,"Availability":"Public","AccessRating":"Medium","VizRating":"High"}},{"type":"Feature","id":650,"geometry":{"type":"Point","coordinates":[-79.0548618708895,35.8952973386403]},"properties":{"OBJECTID":650,"GlobalID":"5c7cc31e-4cc4-4935-ac0a-a7be1a7de446","CreationDate":"Thu, 14 Jan 2021 21:01:55 GMT","Creator":"epowell2_townofchapelhill","EditDate":"Fri, 15 Jan 2021 15:52:35 GMT","Editor":"dalmond","ResourceType":"0","ParkingType":"Wave","Capacity":3,"Condition":"Excellent","Lighting":"No","WxProtect":"No","LandUse":"Mid residential","DistanceBusStop":997,"Notes":null,"Availability":"Public","AccessRating":"Medium","VizRating":"Medium"}},{"type":"Feature","id":651,"geometry":{"type":"Point","coordinates":[-79.0534490051022,35.8951755545434]},"properties":{"OBJECTID":651,"GlobalID":"16ea855b-0d23-451e-8145-7264f9b7db71","CreationDate":"Thu, 14 Jan 2021 21:01:55 GMT","Creator":"epowell2_townofchapelhill","EditDate":"Fri, 15 Jan 2021 15:52:35 GMT","Editor":"dalmond","ResourceType":"0","ParkingType":"Other","Capacity":16,"Condition":"Fair","Lighting":"No","WxProtect":"Yes","LandUse":"Mid residential","DistanceBusStop":1434,"Notes":null,"Availability":"Public","AccessRating":"High","VizRating":"High"}},{"type":"Feature","id":652,"geometry":{"type":"Point","coordinates":[-79.0526936755602,35.8960719725414]},"properties":{"OBJECTID":652,"GlobalID":"44f04554-6a68-4954-ba11-f35eede42075","CreationDate":"Thu, 14 Jan 2021 21:01:55 GMT","Creator":"epowell2_townofchapelhill","EditDate":"Fri, 15 Jan 2021 15:52:35 GMT","Editor":"dalmond","ResourceType":"0","ParkingType":"Wave","Capacity":7,"Condition":"Excellent","Lighting":"Yes","WxProtect":"Yes","LandUse":"Mid residential","DistanceBusStop":1586,"Notes":null,"Availability":"Public","AccessRating":"Medium","VizRating":"Low"}},{"type":"Feature","id":653,"geometry":{"type":"Point","coordinates":[-79.052994481823,35.8956019417864]},"properties":{"OBJECTID":653,"GlobalID":"5b3c5e13-e447-4ed5-ae4b-542a95eb91c3","CreationDate":"Thu, 14 Jan 2021 21:01:55 GMT","Creator":"epowell2_townofchapelhill","EditDate":"Fri, 15 Jan 2021 15:52:35 GMT","Editor":"dalmond","ResourceType":"0","ParkingType":"Wave","Capacity":7,"Condition":"Excellent","Lighting":"Yes","WxProtect":"Yes","LandUse":"Mid residential","DistanceBusStop":1563,"Notes":null,"Availability":"Public","AccessRating":"High","VizRating":"Medium"}},{"type":"Feature","id":654,"geometry":{"type":"Point","coordinates":[-79.0533521658163,35.8960690304143]},"properties":{"OBJECTID":654,"GlobalID":"f2b95c4e-eab8-4a6a-b733-e0ae35f575bc","CreationDate":"Thu, 14 Jan 2021 21:01:55 GMT","Creator":"epowell2_townofchapelhill","EditDate":"Fri, 15 Jan 2021 15:52:35 GMT","Editor":"dalmond","ResourceType":"0","ParkingType":"Wave","Capacity":7,"Condition":"Excellent","Lighting":"No","WxProtect":"Yes","LandUse":"Mid residential","DistanceBusStop":1587,"Notes":null,"Availability":"Public","AccessRating":"Medium","VizRating":"Medium"}},{"type":"Feature","id":655,"geometry":{"type":"Point","coordinates":[-79.0629937864557,35.8910396553698]},"properties":{"OBJECTID":655,"GlobalID":"ff57495d-1a7a-43b6-9b3a-acc54344770f","CreationDate":"Thu, 14 Jan 2021 21:01:55 GMT","Creator":"epowell2_townofchapelhill","EditDate":"Fri, 15 Jan 2021 15:52:35 GMT","Editor":"dalmond","ResourceType":"0","ParkingType":"Other","Capacity":8,"Condition":"Fair","Lighting":"No","WxProtect":"No","LandUse":"Institutional","DistanceBusStop":954,"Notes":null,"Availability":"Public","AccessRating":"Low","VizRating":"None"}},{"type":"Feature","id":656,"geometry":{"type":"Point","coordinates":[-79.0673024164771,35.890505987078]},"properties":{"OBJECTID":656,"GlobalID":"8be64d28-d11c-45f9-ad08-f2f99b88cf81","CreationDate":"Thu, 14 Jan 2021 21:01:55 GMT","Creator":"epowell2_townofchapelhill","EditDate":"Fri, 15 Jan 2021 15:52:35 GMT","Editor":"dalmond","ResourceType":"0","ParkingType":"Wave","Capacity":35,"Condition":"Fair","Lighting":"No","WxProtect":"No","LandUse":"Institutional","DistanceBusStop":249,"Notes":null,"Availability":"Public","AccessRating":"Medium","VizRating":"Medium"}},{"type":"Feature","id":657,"geometry":{"type":"Point","coordinates":[-79.0690360275332,35.8793874613991]},"properties":{"OBJECTID":657,"GlobalID":"c39cb8e7-06d8-4172-929e-e496607c96d5","CreationDate":"Thu, 14 Jan 2021 21:01:55 GMT","Creator":"epowell2_townofchapelhill","EditDate":"Fri, 15 Jan 2021 15:52:35 GMT","Editor":"dalmond","ResourceType":"0","ParkingType":"Wave","Capacity":21,"Condition":"Fair","Lighting":"No","WxProtect":"No","LandUse":"Institutional","DistanceBusStop":1031,"Notes":null,"Availability":"Public","AccessRating":"Medium","VizRating":"Medium"}},{"type":"Feature","id":658,"geometry":{"type":"Point","coordinates":[-79.0690756755766,35.8793224800153]},"properties":{"OBJECTID":658,"GlobalID":"4b5bec70-f02e-4e7e-ada5-ecd863a0b020","CreationDate":"Thu, 14 Jan 2021 21:01:55 GMT","Creator":"epowell2_townofchapelhill","EditDate":"Fri, 15 Jan 2021 15:52:35 GMT","Editor":"dalmond","ResourceType":"0","ParkingType":"Double grid","Capacity":30,"Condition":"Fair","Lighting":"No","WxProtect":"No","LandUse":"Institutional","DistanceBusStop":1031,"Notes":"Placed atop each other at time of picture (10/4/2020)","Availability":"Public","AccessRating":"Low","VizRating":"Medium"}},{"type":"Feature","id":659,"geometry":{"type":"Point","coordinates":[-79.0681554234332,35.8783752351109]},"properties":{"OBJECTID":659,"GlobalID":"f4ee55ca-bb22-4ad1-9f23-8ac6b4328c18","CreationDate":"Thu, 14 Jan 2021 21:01:55 GMT","Creator":"epowell2_townofchapelhill","EditDate":"Fri, 15 Jan 2021 15:52:35 GMT","Editor":"dalmond","ResourceType":"0","ParkingType":"Wave","Capacity":21,"Condition":"Excellent","Lighting":"No","WxProtect":"No","LandUse":"Institutional","DistanceBusStop":786,"Notes":null,"Availability":"Public","AccessRating":"Medium","VizRating":"Very low"}},{"type":"Feature","id":660,"geometry":{"type":"Point","coordinates":[-79.0651900325781,35.8806880823152]},"properties":{"OBJECTID":660,"GlobalID":"3cad6cd2-e432-4580-b59f-43bd5bca6041","CreationDate":"Thu, 14 Jan 2021 21:01:55 GMT","Creator":"epowell2_townofchapelhill","EditDate":"Fri, 15 Jan 2021 15:52:35 GMT","Editor":"dalmond","ResourceType":"0","ParkingType":"Inverted U","Capacity":4,"Condition":"Excellent","Lighting":"No","WxProtect":"No","LandUse":"Mixed-use","DistanceBusStop":176,"Notes":null,"Availability":"Public","AccessRating":"Medium","VizRating":"Medium"}},{"type":"Feature","id":661,"geometry":{"type":"Point","coordinates":[-79.0653006771733,35.8807465767098]},"properties":{"OBJECTID":661,"GlobalID":"8b28aecb-8f2f-4ad2-b98c-69b38bd00e3f","CreationDate":"Thu, 14 Jan 2021 21:01:55 GMT","Creator":"epowell2_townofchapelhill","EditDate":"Fri, 15 Jan 2021 15:52:35 GMT","Editor":"dalmond","ResourceType":"0","ParkingType":"Inverted U","Capacity":4,"Condition":"Excellent","Lighting":"No","WxProtect":"No","LandUse":"Mixed-use","DistanceBusStop":210,"Notes":null,"Availability":"Public","AccessRating":"Medium","VizRating":"Medium"}},{"type":"Feature","id":662,"geometry":{"type":"Point","coordinates":[-79.0655678460203,35.8812437984282]},"properties":{"OBJECTID":662,"GlobalID":"d85aec5e-563d-4a47-ba65-5de839ed81bb","CreationDate":"Thu, 14 Jan 2021 21:01:55 GMT","Creator":"epowell2_townofchapelhill","EditDate":"Fri, 15 Jan 2021 15:52:35 GMT","Editor":"dalmond","ResourceType":"0","ParkingType":"Inverted U","Capacity":4,"Condition":"Excellent","Lighting":"No","WxProtect":"No","LandUse":"Mixed-use","DistanceBusStop":405,"Notes":null,"Availability":"Public","AccessRating":"High","VizRating":"Medium"}},{"type":"Feature","id":663,"geometry":{"type":"Point","coordinates":[-79.0660297543495,35.8803292200123]},"properties":{"OBJECTID":663,"GlobalID":"01c0bcf1-74b6-4171-875f-d36fd832afc8","CreationDate":"Thu, 14 Jan 2021 21:01:55 GMT","Creator":"epowell2_townofchapelhill","EditDate":"Fri, 15 Jan 2021 15:52:35 GMT","Editor":"dalmond","ResourceType":"0","ParkingType":"Inverted U","Capacity":4,"Condition":"Excellent","Lighting":"No","WxProtect":"No","LandUse":"Mixed-use","DistanceBusStop":154,"Notes":null,"Availability":"Public","AccessRating":"Medium","VizRating":"Medium"}},{"type":"Feature","id":664,"geometry":{"type":"Point","coordinates":[-79.0649768309201,35.8807778829771]},"properties":{"OBJECTID":664,"GlobalID":"142a6bc1-a1fc-4326-a961-a9e9e78b1213","CreationDate":"Thu, 14 Jan 2021 21:01:55 GMT","Creator":"epowell2_townofchapelhill","EditDate":"Fri, 15 Jan 2021 15:52:35 GMT","Editor":"dalmond","ResourceType":"0","ParkingType":"Wave","Capacity":7,"Condition":"Excellent","Lighting":"Yes","WxProtect":"Yes","LandUse":"Mixed-use","DistanceBusStop":444,"Notes":null,"Availability":"Public","AccessRating":"Medium","VizRating":"Medium"}},{"type":"Feature","id":665,"geometry":{"type":"Point","coordinates":[-79.06472458309,35.8809311206157]},"properties":{"OBJECTID":665,"GlobalID":"b783463a-c433-461d-a60f-28f3a3e5957d","CreationDate":"Thu, 14 Jan 2021 21:01:55 GMT","Creator":"epowell2_townofchapelhill","EditDate":"Fri, 15 Jan 2021 15:52:35 GMT","Editor":"dalmond","ResourceType":"0","ParkingType":"Wave","Capacity":3,"Condition":"Excellent","Lighting":"No","WxProtect":"No","LandUse":"Mid residential","DistanceBusStop":413,"Notes":null,"Availability":"Public","AccessRating":"Medium","VizRating":"High"}},{"type":"Feature","id":666,"geometry":{"type":"Point","coordinates":[-79.065134460998,35.8817475493944]},"properties":{"OBJECTID":666,"GlobalID":"9b24205f-ddc5-413f-baf8-2d213cd0ef37","CreationDate":"Thu, 14 Jan 2021 21:01:55 GMT","Creator":"epowell2_townofchapelhill","EditDate":"Fri, 15 Jan 2021 15:52:35 GMT","Editor":"dalmond","ResourceType":"0","ParkingType":"Wave","Capacity":3,"Condition":"Excellent","Lighting":"No","WxProtect":"No","LandUse":"Mid residential","DistanceBusStop":407,"Notes":null,"Availability":"Public","AccessRating":"Medium","VizRating":"High"}},{"type":"Feature","id":667,"geometry":{"type":"Point","coordinates":[-79.0628642745445,35.8813902880533]},"properties":{"OBJECTID":667,"GlobalID":"4b75a127-a930-48ff-ab03-b664aae164ce","CreationDate":"Thu, 14 Jan 2021 21:01:55 GMT","Creator":"epowell2_townofchapelhill","EditDate":"Fri, 15 Jan 2021 15:52:35 GMT","Editor":"dalmond","ResourceType":"0","ParkingType":"Inverted U","Capacity":6,"Condition":"Excellent","Lighting":"No","WxProtect":"No","LandUse":"Mid residential","DistanceBusStop":1772,"Notes":null,"Availability":"Public","AccessRating":"Medium","VizRating":"Very high"}},{"type":"Feature","id":668,"geometry":{"type":"Point","coordinates":[-79.0633450690543,35.8822054587648]},"properties":{"OBJECTID":668,"GlobalID":"8d1ad455-a77a-4d69-81c5-2a03d9274b04","CreationDate":"Thu, 14 Jan 2021 21:01:55 GMT","Creator":"epowell2_townofchapelhill","EditDate":"Fri, 15 Jan 2021 15:52:35 GMT","Editor":"dalmond","ResourceType":"0","ParkingType":"Wave","Capacity":3,"Condition":"Excellent","Lighting":"No","WxProtect":"No","LandUse":"Park","DistanceBusStop":493,"Notes":null,"Availability":"Public","AccessRating":"Medium","VizRating":"Very high"}},{"type":"Feature","id":669,"geometry":{"type":"Point","coordinates":[-79.063961090557,35.8818105228618]},"properties":{"OBJECTID":669,"GlobalID":"47ff110c-7f01-465b-a466-17932060d51f","CreationDate":"Thu, 14 Jan 2021 21:01:55 GMT","Creator":"epowell2_townofchapelhill","EditDate":"Fri, 15 Jan 2021 15:52:35 GMT","Editor":"dalmond","ResourceType":"0","ParkingType":"Wave","Capacity":3,"Condition":"Excellent","Lighting":"No","WxProtect":"No","LandUse":"Park","DistanceBusStop":274,"Notes":null,"Availability":"Public","AccessRating":"Medium","VizRating":"High"}},{"type":"Feature","id":670,"geometry":{"type":"Point","coordinates":[-79.0651445823163,35.8831574455145]},"properties":{"OBJECTID":670,"GlobalID":"c31c289d-616a-48ea-811a-def64438b4ff","CreationDate":"Thu, 14 Jan 2021 21:01:55 GMT","Creator":"epowell2_townofchapelhill","EditDate":"Fri, 15 Jan 2021 15:52:35 GMT","Editor":"dalmond","ResourceType":"0","ParkingType":"Wave","Capacity":3,"Condition":"Excellent","Lighting":"No","WxProtect":"No","LandUse":"Mid residential","DistanceBusStop":381,"Notes":null,"Availability":"Public","AccessRating":"Low","VizRating":"Medium"}},{"type":"Feature","id":671,"geometry":{"type":"Point","coordinates":[-79.0664013092291,35.8788453717672]},"properties":{"OBJECTID":671,"GlobalID":"41a7c93f-a12a-4279-a65b-0b87ed72811a","CreationDate":"Thu, 14 Jan 2021 21:01:55 GMT","Creator":"epowell2_townofchapelhill","EditDate":"Fri, 15 Jan 2021 15:52:35 GMT","Editor":"dalmond","ResourceType":"0","ParkingType":"Wave","Capacity":6,"Condition":"Excellent","Lighting":"No","WxProtect":"No","LandUse":"Institutional","DistanceBusStop":4,"Notes":null,"Availability":"Public","AccessRating":"Low","VizRating":"Very low"}},{"type":"Feature","id":672,"geometry":{"type":"Point","coordinates":[-79.0666656465863,35.877615088282]},"properties":{"OBJECTID":672,"GlobalID":"572d3bd7-6e85-49a8-829c-dc2bc98d70b6","CreationDate":"Thu, 14 Jan 2021 21:01:55 GMT","Creator":"epowell2_townofchapelhill","EditDate":"Fri, 15 Jan 2021 15:52:35 GMT","Editor":"dalmond","ResourceType":"0","ParkingType":"Other","Capacity":8,"Condition":"Excellent","Lighting":"Yes","WxProtect":"No","LandUse":"Park","DistanceBusStop":429,"Notes":null,"Availability":"Public","AccessRating":"Medium","VizRating":"None"}},{"type":"Feature","id":673,"geometry":{"type":"Point","coordinates":[-79.0670269669599,35.8762342331809]},"properties":{"OBJECTID":673,"GlobalID":"f6ca60c7-4a5f-491b-9123-970bf372fd1b","CreationDate":"Thu, 14 Jan 2021 21:01:55 GMT","Creator":"epowell2_townofchapelhill","EditDate":"Fri, 15 Jan 2021 15:52:35 GMT","Editor":"dalmond","ResourceType":"0","ParkingType":"Other","Capacity":8,"Condition":"Excellent","Lighting":"Yes","WxProtect":"No","LandUse":"Park","DistanceBusStop":586,"Notes":null,"Availability":"Public","AccessRating":"Medium","VizRating":"None"}},{"type":"Feature","id":675,"geometry":{"type":"Point","coordinates":[-79.0684548687484,35.873474314965]},"properties":{"OBJECTID":675,"GlobalID":"4da6cf14-669f-4cd6-8287-983fbe8aa860","CreationDate":"Thu, 14 Jan 2021 21:01:55 GMT","Creator":"epowell2_townofchapelhill","EditDate":"Fri, 15 Jan 2021 15:52:35 GMT","Editor":"dalmond","ResourceType":"0","ParkingType":"Other","Capacity":8,"Condition":"Excellent","Lighting":"No","WxProtect":"No","LandUse":"Park","DistanceBusStop":2833,"Notes":null,"Availability":"Public","AccessRating":"Low","VizRating":"None"}},{"type":"Feature","id":676,"geometry":{"type":"Point","coordinates":[-79.0516094799792,35.9090760220578]},"properties":{"OBJECTID":676,"GlobalID":"48b3d4f5-01e5-4fa0-a156-c9fd6a47768a","CreationDate":"Thu, 14 Jan 2021 21:01:55 GMT","Creator":"epowell2_townofchapelhill","EditDate":"Fri, 15 Jan 2021 15:52:35 GMT","Editor":"dalmond","ResourceType":"0","ParkingType":"Wave","Capacity":50,"Condition":"Excellent","Lighting":"Yes","WxProtect":"Yes","LandUse":"Institutional","DistanceBusStop":479,"Notes":null,"Availability":"Public","AccessRating":"High","VizRating":"Very low"}},{"type":"Feature","id":677,"geometry":{"type":"Point","coordinates":[-79.0451792655136,35.9135677066205]},"properties":{"OBJECTID":677,"GlobalID":"1ec031f3-6f9b-45da-b5f6-c1192cc75f1d","CreationDate":"Thu, 14 Jan 2021 21:01:55 GMT","Creator":"epowell2_townofchapelhill","EditDate":"Fri, 15 Jan 2021 15:52:35 GMT","Editor":"dalmond","ResourceType":"0","ParkingType":"Wave","Capacity":3,"Condition":"Fair","Lighting":"No","WxProtect":"No","LandUse":"Park","DistanceBusStop":989,"Notes":null,"Availability":"Public","AccessRating":"Low","VizRating":"Very low"}},{"type":"Feature","id":678,"geometry":{"type":"Point","coordinates":[-79.0442262545068,35.9132035883641]},"properties":{"OBJECTID":678,"GlobalID":"3659f294-a9c4-4319-b4db-36338762a15b","CreationDate":"Thu, 14 Jan 2021 21:01:55 GMT","Creator":"epowell2_townofchapelhill","EditDate":"Fri, 15 Jan 2021 15:52:35 GMT","Editor":"dalmond","ResourceType":"0","ParkingType":"Double grid","Capacity":10,"Condition":"Excellent","Lighting":"No","WxProtect":"No","LandUse":"Park","DistanceBusStop":1036,"Notes":null,"Availability":"Public","AccessRating":"Medium","VizRating":"Medium"}},{"type":"Feature","id":679,"geometry":{"type":"Point","coordinates":[-79.0454353410651,35.9153855787158]},"properties":{"OBJECTID":679,"GlobalID":"f0897317-8615-48d5-bc7f-5d8908d41768","CreationDate":"Thu, 14 Jan 2021 21:01:55 GMT","Creator":"epowell2_townofchapelhill","EditDate":"Fri, 15 Jan 2021 15:52:35 GMT","Editor":"dalmond","ResourceType":"0","ParkingType":"Wave","Capacity":3,"Condition":"Excellent","Lighting":"No","WxProtect":"No","LandUse":"Institutional","DistanceBusStop":696,"Notes":null,"Availability":"Public","AccessRating":"Low","VizRating":"Medium"}},{"type":"Feature","id":681,"geometry":{"type":"Point","coordinates":[-79.046646161372,35.9170017642876]},"properties":{"OBJECTID":681,"GlobalID":"5907932d-390b-441a-8e6f-eb4867b97c90","CreationDate":"Thu, 14 Jan 2021 21:01:55 GMT","Creator":"epowell2_townofchapelhill","EditDate":"Fri, 15 Jan 2021 15:52:35 GMT","Editor":"dalmond","ResourceType":"0","ParkingType":"Inverted U","Capacity":6,"Condition":"Excellent","Lighting":"No","WxProtect":"Yes","LandUse":"Institutional","DistanceBusStop":260,"Notes":null,"Availability":"Public","AccessRating":"Medium","VizRating":"Very low"}},{"type":"Feature","id":683,"geometry":{"type":"Point","coordinates":[-79.0501883254368,35.9161127960306]},"properties":{"OBJECTID":683,"GlobalID":"b2067cb3-4eab-4e47-8b88-49f697b3970c","CreationDate":"Thu, 14 Jan 2021 21:01:55 GMT","Creator":"epowell2_townofchapelhill","EditDate":"Fri, 15 Jan 2021 15:52:35 GMT","Editor":"dalmond","ResourceType":"0","ParkingType":"Simple grid","Capacity":6,"Condition":"Excellent","Lighting":"Yes","WxProtect":"Yes","LandUse":"Institutional","DistanceBusStop":295,"Notes":null,"Availability":"Public","AccessRating":"Medium","VizRating":"Medium"}},{"type":"Feature","id":684,"geometry":{"type":"Point","coordinates":[-79.0505240716725,35.9159678504392]},"properties":{"OBJECTID":684,"GlobalID":"1af07a0e-f6b0-4f34-afb0-5d0eb11af218","CreationDate":"Thu, 14 Jan 2021 21:01:55 GMT","Creator":"epowell2_townofchapelhill","EditDate":"Fri, 15 Jan 2021 15:52:35 GMT","Editor":"dalmond","ResourceType":"0","ParkingType":"Double grid","Capacity":4,"Condition":"Fair","Lighting":"No","WxProtect":"No","LandUse":"Institutional","DistanceBusStop":407,"Notes":null,"Availability":"Public","AccessRating":"Medium","VizRating":"High"}},{"type":"Feature","id":685,"geometry":{"type":"Point","coordinates":[-79.0516825884703,35.916750633941]},"properties":{"OBJECTID":685,"GlobalID":"6edea057-74b4-4002-afcf-ffcf7af24c0d","CreationDate":"Thu, 14 Jan 2021 21:01:55 GMT","Creator":"epowell2_townofchapelhill","EditDate":"Fri, 15 Jan 2021 15:52:35 GMT","Editor":"dalmond","ResourceType":"0","ParkingType":"Inverted U","Capacity":6,"Condition":"Excellent","Lighting":"No","WxProtect":"No","LandUse":"Institutional","DistanceBusStop":669,"Notes":null,"Availability":"Public","AccessRating":"Medium","VizRating":"Low"}},{"type":"Feature","id":690,"geometry":{"type":"Point","coordinates":[-79.051395160817,35.9151562496005]},"properties":{"OBJECTID":690,"GlobalID":"001fc528-67e7-4cb1-bf2f-4d585f7dbb9e","CreationDate":"Thu, 14 Jan 2021 21:01:55 GMT","Creator":"epowell2_townofchapelhill","EditDate":"Fri, 15 Jan 2021 15:52:35 GMT","Editor":"dalmond","ResourceType":"0","ParkingType":"Wave","Capacity":3,"Condition":"Excellent","Lighting":"No","WxProtect":"No","LandUse":"Institutional","DistanceBusStop":109,"Notes":null,"Availability":"Public","AccessRating":"Low","VizRating":"Medium"}},{"type":"Feature","id":695,"geometry":{"type":"Point","coordinates":[-79.0534846628291,35.9200145344053]},"properties":{"OBJECTID":695,"GlobalID":"b8b87c16-cb9c-4fe8-a63e-6e361258f57f","CreationDate":"Thu, 14 Jan 2021 21:01:55 GMT","Creator":"epowell2_townofchapelhill","EditDate":"Fri, 15 Jan 2021 15:52:35 GMT","Editor":"dalmond","ResourceType":"0","ParkingType":"Other","Capacity":12,"Condition":"Excellent","Lighting":"No","WxProtect":"No","LandUse":"High residential","DistanceBusStop":1460,"Notes":null,"Availability":"Public","AccessRating":"Medium","VizRating":"Super high"}},{"type":"Feature","id":696,"geometry":{"type":"Point","coordinates":[-79.054510833531,35.9195539497588]},"properties":{"OBJECTID":696,"GlobalID":"15151105-d169-452c-a53c-84cf2cc76a3c","CreationDate":"Thu, 14 Jan 2021 21:01:55 GMT","Creator":"epowell2_townofchapelhill","EditDate":"Fri, 15 Jan 2021 15:52:35 GMT","Editor":"dalmond","ResourceType":"0","ParkingType":"Other","Capacity":12,"Condition":"Excellent","Lighting":"No","WxProtect":"No","LandUse":"High residential","DistanceBusStop":1037,"Notes":null,"Availability":"Public","AccessRating":"Medium","VizRating":"Very high"}},{"type":"Feature","id":699,"geometry":{"type":"Point","coordinates":[-79.0528264223047,35.9204852276761]},"properties":{"OBJECTID":699,"GlobalID":"57477463-ba70-447e-8c18-3a7cb68273aa","CreationDate":"Thu, 14 Jan 2021 21:01:55 GMT","Creator":"epowell2_townofchapelhill","EditDate":"Fri, 15 Jan 2021 15:52:35 GMT","Editor":"dalmond","ResourceType":"0","ParkingType":"Other","Capacity":12,"Condition":"Excellent","Lighting":"Yes","WxProtect":"No","LandUse":"High residential","DistanceBusStop":565,"Notes":null,"Availability":"Public","AccessRating":"Medium","VizRating":"Very high"}},{"type":"Feature","id":700,"geometry":{"type":"Point","coordinates":[-79.0524374463968,35.9199290995366]},"properties":{"OBJECTID":700,"GlobalID":"c4906e7c-8e09-43c8-9d17-5a3e752288cb","CreationDate":"Thu, 14 Jan 2021 21:01:55 GMT","Creator":"epowell2_townofchapelhill","EditDate":"Fri, 15 Jan 2021 15:52:35 GMT","Editor":"dalmond","ResourceType":"0","ParkingType":"Other","Capacity":10,"Condition":"Excellent","Lighting":"Yes","WxProtect":"No","LandUse":"High residential","DistanceBusStop":291,"Notes":null,"Availability":"Public","AccessRating":"High","VizRating":"Super high"}},{"type":"Feature","id":701,"geometry":{"type":"Point","coordinates":[-79.054036540129,35.9191222986265]},"properties":{"OBJECTID":701,"GlobalID":"7e758b87-49da-42c7-abd2-558b8bd1ebb8","CreationDate":"Thu, 14 Jan 2021 21:01:55 GMT","Creator":"epowell2_townofchapelhill","EditDate":"Fri, 15 Jan 2021 15:52:35 GMT","Editor":"dalmond","ResourceType":"0","ParkingType":"Inverted U","Capacity":20,"Condition":"Excellent","Lighting":"Yes","WxProtect":"No","LandUse":"High residential","DistanceBusStop":914,"Notes":null,"Availability":"Public","AccessRating":"Low","VizRating":"Very high"}},{"type":"Feature","id":702,"geometry":{"type":"Point","coordinates":[-79.0535291069778,35.9190904771762]},"properties":{"OBJECTID":702,"GlobalID":"1e5cad73-c89b-40ec-852d-c40eb1156da4","CreationDate":"Thu, 14 Jan 2021 21:01:55 GMT","Creator":"epowell2_townofchapelhill","EditDate":"Fri, 15 Jan 2021 15:52:35 GMT","Editor":"dalmond","ResourceType":"0","ParkingType":"Inverted U","Capacity":12,"Condition":"Excellent","Lighting":"Yes","WxProtect":"No","LandUse":"High residential","DistanceBusStop":761,"Notes":null,"Availability":"Public","AccessRating":"Medium","VizRating":"Super high"}},{"type":"Feature","id":703,"geometry":{"type":"Point","coordinates":[-79.0529413590503,35.9190564273881]},"properties":{"OBJECTID":703,"GlobalID":"5faf1bdf-f82f-4f19-a6f0-41b1766080b1","CreationDate":"Thu, 14 Jan 2021 21:01:55 GMT","Creator":"epowell2_townofchapelhill","EditDate":"Fri, 15 Jan 2021 15:52:35 GMT","Editor":"dalmond","ResourceType":"0","ParkingType":"Inverted U","Capacity":18,"Condition":"Excellent","Lighting":"Yes","WxProtect":"No","LandUse":"High residential","DistanceBusStop":579,"Notes":null,"Availability":"Public","AccessRating":"Medium","VizRating":"Super high"}},{"type":"Feature","id":711,"geometry":{"type":"Point","coordinates":[-79.062745235193,35.8813667051816]},"properties":{"OBJECTID":711,"GlobalID":"83b06792-1566-4faa-b9e9-0e1d05a6fbff","CreationDate":"Thu, 14 Jan 2021 21:01:55 GMT","Creator":"epowell2_townofchapelhill","EditDate":"Fri, 15 Jan 2021 15:52:35 GMT","Editor":"dalmond","ResourceType":"1","ParkingType":null,"Capacity":2,"Condition":"Excellent","Lighting":"No","WxProtect":"Yes","LandUse":"Commercial","DistanceBusStop":1769,"Notes":null,"Availability":"Public","AccessRating":"Medium","VizRating":"High"}},{"type":"Feature","id":712,"geometry":{"type":"Point","coordinates":[-79.0660354334987,35.9003775336108]},"properties":{"OBJECTID":712,"GlobalID":"cbb123f5-41c6-4ff5-ac2e-73ae4fabfef2","CreationDate":"Thu, 14 Jan 2021 21:01:55 GMT","Creator":"epowell2_townofchapelhill","EditDate":"Fri, 15 Jan 2021 15:52:35 GMT","Editor":"dalmond","ResourceType":"0","ParkingType":"Grid","Capacity":7,"Condition":"Excellent","Lighting":"Yes","WxProtect":"Yes","LandUse":"Mid residential","DistanceBusStop":1065,"Notes":null,"Availability":"Public","AccessRating":"High","VizRating":"Medium"}},{"type":"Feature","id":713,"geometry":{"type":"Point","coordinates":[-79.0659846400576,35.9003081495835]},"properties":{"OBJECTID":713,"GlobalID":"ba8a847b-83a5-4959-a4f8-55c79a2b4ba1","CreationDate":"Thu, 14 Jan 2021 21:01:55 GMT","Creator":"epowell2_townofchapelhill","EditDate":"Fri, 15 Jan 2021 15:52:35 GMT","Editor":"dalmond","ResourceType":"0","ParkingType":"Grid","Capacity":7,"Condition":"Excellent","Lighting":"No","WxProtect":"No","LandUse":"Mid residential","DistanceBusStop":1068,"Notes":null,"Availability":"Public","AccessRating":"High","VizRating":"Medium"}},{"type":"Feature","id":714,"geometry":{"type":"Point","coordinates":[-79.0654071266362,35.899888989478]},"properties":{"OBJECTID":714,"GlobalID":"afcb8359-551e-42c1-89fc-2cf207d877dd","CreationDate":"Thu, 14 Jan 2021 21:01:55 GMT","Creator":"epowell2_townofchapelhill","EditDate":"Fri, 15 Jan 2021 15:52:35 GMT","Editor":"dalmond","ResourceType":"0","ParkingType":"Grid","Capacity":7,"Condition":"Excellent","Lighting":"Yes","WxProtect":"No","LandUse":"Mid residential","DistanceBusStop":865,"Notes":null,"Availability":"Public","AccessRating":"Very high","VizRating":"Medium"}},{"type":"Feature","id":715,"geometry":{"type":"Point","coordinates":[-79.0664365968501,35.9000018596094]},"properties":{"OBJECTID":715,"GlobalID":"48839221-c791-428a-aa9d-0e45f23a9f6d","CreationDate":"Thu, 14 Jan 2021 21:01:55 GMT","Creator":"epowell2_townofchapelhill","EditDate":"Fri, 15 Jan 2021 15:52:35 GMT","Editor":"dalmond","ResourceType":"0","ParkingType":"Grid","Capacity":7,"Condition":"Excellent","Lighting":"Yes","WxProtect":"Yes","LandUse":"Mid residential","DistanceBusStop":731,"Notes":null,"Availability":"Public","AccessRating":"High","VizRating":"Low"}},{"type":"Feature","id":716,"geometry":{"type":"Point","coordinates":[-79.0672593063266,35.9001413026917]},"properties":{"OBJECTID":716,"GlobalID":"d17e961c-e099-4ff5-8139-f41a94485e5d","CreationDate":"Thu, 14 Jan 2021 21:01:55 GMT","Creator":"epowell2_townofchapelhill","EditDate":"Fri, 15 Jan 2021 15:52:35 GMT","Editor":"dalmond","ResourceType":"0","ParkingType":"Grid","Capacity":7,"Condition":"Excellent","Lighting":"Yes","WxProtect":"Yes","LandUse":"Mid residential","DistanceBusStop":935,"Notes":null,"Availability":"Public","AccessRating":"High","VizRating":"Very low"}},{"type":"Feature","id":717,"geometry":{"type":"Point","coordinates":[-79.067469266863,35.9003689834959]},"properties":{"OBJECTID":717,"GlobalID":"a12d9f2a-1cbb-4a6a-a0ff-364feb294d4d","CreationDate":"Thu, 14 Jan 2021 21:01:55 GMT","Creator":"epowell2_townofchapelhill","EditDate":"Fri, 15 Jan 2021 15:52:35 GMT","Editor":"dalmond","ResourceType":"0","ParkingType":"Grid","Capacity":7,"Condition":"Excellent","Lighting":"No","WxProtect":"No","LandUse":"Mid residential","DistanceBusStop":1018,"Notes":null,"Availability":"Public","AccessRating":"High","VizRating":"None"}},{"type":"Feature","id":718,"geometry":{"type":"Point","coordinates":[-79.0678624414966,35.8998349735052]},"properties":{"OBJECTID":718,"GlobalID":"1f921eed-23b6-4a3d-99fc-e0f30b83fa33","CreationDate":"Thu, 14 Jan 2021 21:01:55 GMT","Creator":"epowell2_townofchapelhill","EditDate":"Fri, 15 Jan 2021 15:52:35 GMT","Editor":"dalmond","ResourceType":"0","ParkingType":"Grid","Capacity":7,"Condition":"Excellent","Lighting":"Yes","WxProtect":"No","LandUse":"Mid residential","DistanceBusStop":1073,"Notes":null,"Availability":"Public","AccessRating":"High","VizRating":"Medium"}},{"type":"Feature","id":719,"geometry":{"type":"Point","coordinates":[-79.0676405818759,35.8997101015855]},"properties":{"OBJECTID":719,"GlobalID":"c0b0d03b-457e-4bcc-b0f4-dbd74914335b","CreationDate":"Thu, 14 Jan 2021 21:01:55 GMT","Creator":"epowell2_townofchapelhill","EditDate":"Fri, 15 Jan 2021 15:52:35 GMT","Editor":"dalmond","ResourceType":"0","ParkingType":"Grid","Capacity":7,"Condition":"Excellent","Lighting":"Yes","WxProtect":"No","LandUse":"Mid residential","DistanceBusStop":997,"Notes":null,"Availability":"Public","AccessRating":"High","VizRating":"Low"}},{"type":"Feature","id":720,"geometry":{"type":"Point","coordinates":[-79.0672457956647,35.8996200415097]},"properties":{"OBJECTID":720,"GlobalID":"1b330322-f5b0-4d4b-adad-9a61c945f4cf","CreationDate":"Thu, 14 Jan 2021 21:01:55 GMT","Creator":"epowell2_townofchapelhill","EditDate":"Fri, 15 Jan 2021 15:52:35 GMT","Editor":"dalmond","ResourceType":"0","ParkingType":"Grid","Capacity":7,"Condition":"Excellent","Lighting":"Yes","WxProtect":"No","LandUse":"Mid residential","DistanceBusStop":885,"Notes":null,"Availability":"Public","AccessRating":"High","VizRating":"Low"}},{"type":"Feature","id":721,"geometry":{"type":"Point","coordinates":[-79.0669345644531,35.8996171817419]},"properties":{"OBJECTID":721,"GlobalID":"fce0fb40-7137-4acc-aefb-96485869ccd3","CreationDate":"Thu, 14 Jan 2021 21:01:55 GMT","Creator":"epowell2_townofchapelhill","EditDate":"Fri, 15 Jan 2021 15:52:35 GMT","Editor":"dalmond","ResourceType":"0","ParkingType":"Grid","Capacity":7,"Condition":"Excellent","Lighting":"Yes","WxProtect":"No","LandUse":"Mid residential","DistanceBusStop":803,"Notes":null,"Availability":"Public","AccessRating":"High","VizRating":"High"}},{"type":"Feature","id":722,"geometry":{"type":"Point","coordinates":[-79.0380929925314,35.9094928983634]},"properties":{"OBJECTID":722,"GlobalID":"bdc39b58-e182-4de2-a35a-671b24571a2f","CreationDate":"Thu, 14 Jan 2021 21:01:55 GMT","Creator":"epowell2_townofchapelhill","EditDate":"Fri, 15 Jan 2021 15:52:35 GMT","Editor":"dalmond","ResourceType":"0","ParkingType":"Double grid","Capacity":4,"Condition":"Fair","Lighting":"Yes","WxProtect":"Yes","LandUse":"Institutional","DistanceBusStop":1345,"Notes":"Badly overgrown at time of picture (10/12/2020)","Availability":"Public","AccessRating":"Low","VizRating":"None"}},{"type":"Feature","id":723,"geometry":{"type":"Point","coordinates":[-79.0377939918823,35.9093458830276]},"properties":{"OBJECTID":723,"GlobalID":"0d8dbfc4-6d43-4d9e-9f82-3d947db968ab","CreationDate":"Thu, 14 Jan 2021 21:01:55 GMT","Creator":"epowell2_townofchapelhill","EditDate":"Fri, 15 Jan 2021 15:52:35 GMT","Editor":"dalmond","ResourceType":"0","ParkingType":"Double grid","Capacity":7,"Condition":"Fair","Lighting":"Yes","WxProtect":"No","LandUse":"Institutional","DistanceBusStop":1906,"Notes":null,"Availability":"Public","AccessRating":"Medium","VizRating":"Low"}},{"type":"Feature","id":724,"geometry":{"type":"Point","coordinates":[-79.0382028322361,35.9076563551974]},"properties":{"OBJECTID":724,"GlobalID":"1b626a8a-fccd-42cc-a60b-c68113888729","CreationDate":"Thu, 14 Jan 2021 21:01:55 GMT","Creator":"epowell2_townofchapelhill","EditDate":"Fri, 15 Jan 2021 15:52:35 GMT","Editor":"dalmond","ResourceType":"0","ParkingType":"Simple grid","Capacity":20,"Condition":"Fair","Lighting":"No","WxProtect":"No","LandUse":"Park","DistanceBusStop":1994,"Notes":null,"Availability":"Public","AccessRating":"Low","VizRating":"None"}},{"type":"Feature","id":725,"geometry":{"type":"Point","coordinates":[-79.0337109503883,35.9017713333458]},"properties":{"OBJECTID":725,"GlobalID":"10d14201-4915-46a3-bf16-4fad84e46adc","CreationDate":"Thu, 14 Jan 2021 21:01:55 GMT","Creator":"epowell2_townofchapelhill","EditDate":"Fri, 15 Jan 2021 15:52:35 GMT","Editor":"dalmond","ResourceType":"0","ParkingType":"Inverted U","Capacity":8,"Condition":"Excellent","Lighting":"No","WxProtect":"No","LandUse":"Institutional","DistanceBusStop":250,"Notes":null,"Availability":"Public","AccessRating":"Medium","VizRating":"Medium"}},{"type":"Feature","id":726,"geometry":{"type":"Point","coordinates":[-79.0303841933455,35.901752449202]},"properties":{"OBJECTID":726,"GlobalID":"f8f188b5-469f-4182-93a5-780e3e582576","CreationDate":"Thu, 14 Jan 2021 21:01:55 GMT","Creator":"epowell2_townofchapelhill","EditDate":"Fri, 15 Jan 2021 15:52:35 GMT","Editor":"dalmond","ResourceType":"0","ParkingType":"Inverted U","Capacity":6,"Condition":"Excellent","Lighting":"No","WxProtect":"No","LandUse":"Institutional","DistanceBusStop":748,"Notes":null,"Availability":"Public","AccessRating":"Low","VizRating":"None"}},{"type":"Feature","id":727,"geometry":{"type":"Point","coordinates":[-79.032744028071,35.9039200585446]},"properties":{"OBJECTID":727,"GlobalID":"3b1bd0fb-60ed-4606-888f-a1810dbc558c","CreationDate":"Thu, 14 Jan 2021 21:01:55 GMT","Creator":"epowell2_townofchapelhill","EditDate":"Fri, 15 Jan 2021 15:52:35 GMT","Editor":"dalmond","ResourceType":"0","ParkingType":"Inverted U","Capacity":8,"Condition":"Excellent","Lighting":"No","WxProtect":"No","LandUse":"Institutional","DistanceBusStop":963,"Notes":null,"Availability":"Public","AccessRating":"Medium","VizRating":"Medium"}},{"type":"Feature","id":728,"geometry":{"type":"Point","coordinates":[-79.0315411713292,35.9047662016913]},"properties":{"OBJECTID":728,"GlobalID":"d526fbca-b721-4a64-a9d2-0b31dce95cb1","CreationDate":"Thu, 14 Jan 2021 21:01:55 GMT","Creator":"epowell2_townofchapelhill","EditDate":"Fri, 15 Jan 2021 15:52:35 GMT","Editor":"dalmond","ResourceType":"0","ParkingType":"Inverted U","Capacity":18,"Condition":"Excellent","Lighting":"No","WxProtect":"No","LandUse":"Institutional","DistanceBusStop":1786,"Notes":null,"Availability":"Public","AccessRating":"Medium","VizRating":"Medium"}},{"type":"Feature","id":729,"geometry":{"type":"Point","coordinates":[-79.0308802556218,35.9054806296982]},"properties":{"OBJECTID":729,"GlobalID":"2453e99d-3153-4cce-8575-d6b6c51a146f","CreationDate":"Thu, 14 Jan 2021 21:01:55 GMT","Creator":"epowell2_townofchapelhill","EditDate":"Fri, 15 Jan 2021 15:52:35 GMT","Editor":"dalmond","ResourceType":"0","ParkingType":"Inverted U","Capacity":18,"Condition":"Excellent","Lighting":"No","WxProtect":"No","LandUse":"Institutional","DistanceBusStop":1903,"Notes":null,"Availability":"Public","AccessRating":"Medium","VizRating":"Low"}},{"type":"Feature","id":730,"geometry":{"type":"Point","coordinates":[-79.0305051335322,35.9059400520565]},"properties":{"OBJECTID":730,"GlobalID":"1c932633-9ad6-458b-9f4c-b1c09697071d","CreationDate":"Thu, 14 Jan 2021 21:01:55 GMT","Creator":"epowell2_townofchapelhill","EditDate":"Fri, 15 Jan 2021 15:52:35 GMT","Editor":"dalmond","ResourceType":"0","ParkingType":"Inverted U","Capacity":16,"Condition":"Excellent","Lighting":"No","WxProtect":"No","LandUse":"Institutional","DistanceBusStop":1644,"Notes":null,"Availability":"Public","AccessRating":"Medium","VizRating":"Medium"}},{"type":"Feature","id":731,"geometry":{"type":"Point","coordinates":[-79.0382132850328,35.8988766992355]},"properties":{"OBJECTID":731,"GlobalID":"282edb43-0517-4d35-9d1d-0a14d0874d6c","CreationDate":"Thu, 14 Jan 2021 21:01:55 GMT","Creator":"epowell2_townofchapelhill","EditDate":"Fri, 15 Jan 2021 15:52:35 GMT","Editor":"dalmond","ResourceType":"0","ParkingType":"Toast","Capacity":8,"Condition":"Excellent","Lighting":"Yes","WxProtect":"Yes","LandUse":"Institutional","DistanceBusStop":222,"Notes":null,"Availability":"Public","AccessRating":"Medium","VizRating":"Low"}},{"type":"Feature","id":732,"geometry":{"type":"Point","coordinates":[-79.0723195549496,35.9002428419059]},"properties":{"OBJECTID":732,"GlobalID":"c4aa3e90-ba93-4913-ad19-2731b9aa422c","CreationDate":"Thu, 14 Jan 2021 21:01:55 GMT","Creator":"epowell2_townofchapelhill","EditDate":"Fri, 15 Jan 2021 15:52:35 GMT","Editor":"dalmond","ResourceType":"0","ParkingType":"Simple grid","Capacity":11,"Condition":"Excellent","Lighting":"No","WxProtect":"No","LandUse":"Institutional","DistanceBusStop":1569,"Notes":null,"Availability":"Public","AccessRating":"Low","VizRating":"Very low"}},{"type":"Feature","id":733,"geometry":{"type":"Point","coordinates":[-79.0731597510315,35.9000257156299]},"properties":{"OBJECTID":733,"GlobalID":"590c5d22-39a9-4a30-b2c0-d558f4dbd8e3","CreationDate":"Thu, 14 Jan 2021 21:01:55 GMT","Creator":"epowell2_townofchapelhill","EditDate":"Fri, 15 Jan 2021 15:52:35 GMT","Editor":"dalmond","ResourceType":"0","ParkingType":"Wave","Capacity":6,"Condition":"Excellent","Lighting":"No","WxProtect":"No","LandUse":"Institutional","DistanceBusStop":20,"Notes":null,"Availability":"Public","AccessRating":"Low","VizRating":"Very low"}},{"type":"Feature","id":734,"geometry":{"type":"Point","coordinates":[-79.06963218998,35.8989943400386]},"properties":{"OBJECTID":734,"GlobalID":"6817c553-b4f0-44e3-8a7d-229fb7a3f1b2","CreationDate":"Thu, 14 Jan 2021 21:01:55 GMT","Creator":"epowell2_townofchapelhill","EditDate":"Fri, 15 Jan 2021 15:52:35 GMT","Editor":"dalmond","ResourceType":"0","ParkingType":"Wave","Capacity":7,"Condition":"Excellent","Lighting":"No","WxProtect":"No","LandUse":"Mid residential","DistanceBusStop":1708,"Notes":null,"Availability":"Public","AccessRating":"Medium","VizRating":"Super high"}},{"type":"Feature","id":735,"geometry":{"type":"Point","coordinates":[-79.0701234669307,35.8988920999194]},"properties":{"OBJECTID":735,"GlobalID":"e9539d1e-5421-4240-94fd-ae65ad804768","CreationDate":"Thu, 14 Jan 2021 21:01:55 GMT","Creator":"epowell2_townofchapelhill","EditDate":"Fri, 15 Jan 2021 15:52:35 GMT","Editor":"dalmond","ResourceType":"0","ParkingType":"Wave","Capacity":7,"Condition":"Excellent","Lighting":"No","WxProtect":"No","LandUse":"Mid residential","DistanceBusStop":1102,"Notes":null,"Availability":"Public","AccessRating":"Medium","VizRating":"Very high"}},{"type":"Feature","id":736,"geometry":{"type":"Point","coordinates":[-79.0697025370498,35.8986905947882]},"properties":{"OBJECTID":736,"GlobalID":"67407966-e2f6-4afa-9733-b6cea9c34226","CreationDate":"Thu, 14 Jan 2021 21:01:55 GMT","Creator":"epowell2_townofchapelhill","EditDate":"Fri, 15 Jan 2021 15:52:35 GMT","Editor":"dalmond","ResourceType":"0","ParkingType":"Wave","Capacity":7,"Condition":"Excellent","Lighting":"No","WxProtect":"No","LandUse":"Mid residential","DistanceBusStop":931,"Notes":null,"Availability":"Public","AccessRating":"Medium","VizRating":"Very high"}},{"type":"Feature","id":737,"geometry":{"type":"Point","coordinates":[-79.0687366262355,35.8992158417731]},"properties":{"OBJECTID":737,"GlobalID":"76c387ff-5771-4caa-8f82-462c634d5d32","CreationDate":"Thu, 14 Jan 2021 21:01:55 GMT","Creator":"epowell2_townofchapelhill","EditDate":"Fri, 15 Jan 2021 15:52:35 GMT","Editor":"dalmond","ResourceType":"0","ParkingType":"Wave","Capacity":7,"Condition":"Excellent","Lighting":"No","WxProtect":"No","LandUse":"Mid residential","DistanceBusStop":508,"Notes":null,"Availability":"Public","AccessRating":"Low","VizRating":"Medium"}},{"type":"Feature","id":738,"geometry":{"type":"Point","coordinates":[-79.0687847004763,35.8985105981039]},"properties":{"OBJECTID":738,"GlobalID":"2a18bc43-301a-4554-bf02-747878a440a6","CreationDate":"Thu, 14 Jan 2021 21:01:55 GMT","Creator":"epowell2_townofchapelhill","EditDate":"Fri, 15 Jan 2021 15:52:35 GMT","Editor":"dalmond","ResourceType":"0","ParkingType":"Wave","Capacity":7,"Condition":"Excellent","Lighting":"No","WxProtect":"No","LandUse":"Mid residential","DistanceBusStop":504,"Notes":null,"Availability":"Public","AccessRating":"Medium","VizRating":"Very high"}},{"type":"Feature","id":739,"geometry":{"type":"Point","coordinates":[-79.0679824070112,35.8981115862266]},"properties":{"OBJECTID":739,"GlobalID":"a03dc2a0-ea1e-4243-8a7f-a04653e86515","CreationDate":"Thu, 14 Jan 2021 21:01:55 GMT","Creator":"epowell2_townofchapelhill","EditDate":"Fri, 15 Jan 2021 15:52:35 GMT","Editor":"dalmond","ResourceType":"0","ParkingType":"Wave","Capacity":7,"Condition":"Excellent","Lighting":"No","WxProtect":"No","LandUse":"Mid residential","DistanceBusStop":793,"Notes":null,"Availability":"Public","AccessRating":"Medium","VizRating":"Very high"}},{"type":"Feature","id":740,"geometry":{"type":"Point","coordinates":[-79.0314041656719,35.9063869182232]},"properties":{"OBJECTID":740,"GlobalID":"69096a1b-d4ec-498a-b6cb-ce08d09ae1ff","CreationDate":"Thu, 14 Jan 2021 21:01:55 GMT","Creator":"epowell2_townofchapelhill","EditDate":"Fri, 15 Jan 2021 15:52:35 GMT","Editor":"dalmond","ResourceType":"0","ParkingType":"Wave","Capacity":5,"Condition":"Excellent","Lighting":"No","WxProtect":"No","LandUse":"Institutional","DistanceBusStop":1663,"Notes":null,"Availability":"Public","AccessRating":"Low","VizRating":"Very low"}},{"type":"Feature","id":741,"geometry":{"type":"Point","coordinates":[-79.0294019664307,35.907969983221]},"properties":{"OBJECTID":741,"GlobalID":"51e9f5d5-fbaf-4677-ae4d-2dabd9f73967","CreationDate":"Thu, 14 Jan 2021 21:01:55 GMT","Creator":"epowell2_townofchapelhill","EditDate":"Fri, 15 Jan 2021 15:52:35 GMT","Editor":"dalmond","ResourceType":"0","ParkingType":"Double grid","Capacity":9,"Condition":"Fair","Lighting":"Yes","WxProtect":"No","LandUse":"Institutional","DistanceBusStop":759,"Notes":null,"Availability":"Public","AccessRating":"Low","VizRating":"Medium"}},{"type":"Feature","id":742,"geometry":{"type":"Point","coordinates":[-79.0259056981921,35.9077542736838]},"properties":{"OBJECTID":742,"GlobalID":"b9f4bf4c-1955-4a35-bb72-9f5235b4d063","CreationDate":"Thu, 14 Jan 2021 21:01:55 GMT","Creator":"epowell2_townofchapelhill","EditDate":"Fri, 15 Jan 2021 15:52:35 GMT","Editor":"dalmond","ResourceType":"0","ParkingType":"Inverted U","Capacity":6,"Condition":"Excellent","Lighting":"Yes","WxProtect":"Yes","LandUse":"Commercial","DistanceBusStop":915,"Notes":null,"Availability":"Public","AccessRating":"High","VizRating":"Low"}},{"type":"Feature","id":743,"geometry":{"type":"Point","coordinates":[-79.0253378766943,35.907593880321]},"properties":{"OBJECTID":743,"GlobalID":"56af37a2-2e7c-45a0-9733-17c0abbb0ba2","CreationDate":"Thu, 14 Jan 2021 21:01:55 GMT","Creator":"epowell2_townofchapelhill","EditDate":"Fri, 15 Jan 2021 15:52:35 GMT","Editor":"dalmond","ResourceType":"0","ParkingType":"Inverted U","Capacity":6,"Condition":"Excellent","Lighting":"Yes","WxProtect":"Yes","LandUse":"Commercial","DistanceBusStop":751,"Notes":null,"Availability":"Public","AccessRating":"High","VizRating":"Medium"}},{"type":"Feature","id":744,"geometry":{"type":"Point","coordinates":[-79.0242688967775,35.9071766120167]},"properties":{"OBJECTID":744,"GlobalID":"f01c1869-1abb-4880-a030-e63abcaa8c05","CreationDate":"Thu, 14 Jan 2021 21:01:55 GMT","Creator":"epowell2_townofchapelhill","EditDate":"Fri, 15 Jan 2021 15:52:35 GMT","Editor":"dalmond","ResourceType":"0","ParkingType":"Other","Capacity":3,"Condition":"Fair","Lighting":"Yes","WxProtect":"Yes","LandUse":"Commercial","DistanceBusStop":439,"Notes":null,"Availability":"Public","AccessRating":"Low","VizRating":"Medium"}},{"type":"Feature","id":745,"geometry":{"type":"Point","coordinates":[-79.0257693833393,35.9069771354499]},"properties":{"OBJECTID":745,"GlobalID":"492d0561-25ce-40c2-865d-28d2c07afd47","CreationDate":"Thu, 14 Jan 2021 21:01:55 GMT","Creator":"epowell2_townofchapelhill","EditDate":"Fri, 15 Jan 2021 15:52:35 GMT","Editor":"dalmond","ResourceType":"0","ParkingType":"Simple grid","Capacity":28,"Condition":"Fair","Lighting":"No","WxProtect":"No","LandUse":"Institutional","DistanceBusStop":1255,"Notes":null,"Availability":"Public","AccessRating":"Low","VizRating":"Low"}},{"type":"Feature","id":746,"geometry":{"type":"Point","coordinates":[-79.0523103249026,35.921009335535]},"properties":{"OBJECTID":746,"GlobalID":"b73d6fbe-9627-4a63-8f04-75598ec4e7be","CreationDate":"Thu, 14 Jan 2021 21:01:55 GMT","Creator":"epowell2_townofchapelhill","EditDate":"Fri, 15 Jan 2021 15:52:35 GMT","Editor":"dalmond","ResourceType":"0","ParkingType":"Wave","Capacity":7,"Condition":"Excellent","Lighting":"Yes","WxProtect":"No","LandUse":"Mid residential","DistanceBusStop":469,"Notes":null,"Availability":"Public","AccessRating":"High","VizRating":"Medium"}},{"type":"Feature","id":747,"geometry":{"type":"Point","coordinates":[-79.0522478866005,35.9211901110963]},"properties":{"OBJECTID":747,"GlobalID":"50f73cc9-89f7-4f1a-89f9-dfa3a0e3220f","CreationDate":"Thu, 14 Jan 2021 21:01:55 GMT","Creator":"epowell2_townofchapelhill","EditDate":"Fri, 15 Jan 2021 15:52:35 GMT","Editor":"dalmond","ResourceType":"0","ParkingType":"Wave","Capacity":7,"Condition":"Excellent","Lighting":"Yes","WxProtect":"No","LandUse":"Mid residential","DistanceBusStop":488,"Notes":null,"Availability":"Public","AccessRating":"High","VizRating":"Medium"}},{"type":"Feature","id":748,"geometry":{"type":"Point","coordinates":[-79.052304265766,35.9215964173864]},"properties":{"OBJECTID":748,"GlobalID":"ecffb610-c1ac-4d3a-9a63-b07ffd1c5a70","CreationDate":"Thu, 14 Jan 2021 21:01:55 GMT","Creator":"epowell2_townofchapelhill","EditDate":"Fri, 15 Jan 2021 15:52:35 GMT","Editor":"dalmond","ResourceType":"0","ParkingType":"Wave","Capacity":3,"Condition":"Excellent","Lighting":"Yes","WxProtect":"No","LandUse":"Mid residential","DistanceBusStop":652,"Notes":null,"Availability":"Public","AccessRating":"High","VizRating":"Medium"}},{"type":"Feature","id":749,"geometry":{"type":"Point","coordinates":[-79.0574647582899,35.8901244943358]},"properties":{"OBJECTID":749,"GlobalID":"a0358972-aa35-42ef-85e7-0d63b529fd96","CreationDate":"Thu, 14 Jan 2021 21:01:55 GMT","Creator":"epowell2_townofchapelhill","EditDate":"Fri, 15 Jan 2021 15:52:35 GMT","Editor":"dalmond","ResourceType":"0","ParkingType":"Inverted U","Capacity":4,"Condition":"Excellent","Lighting":"No","WxProtect":"No","LandUse":"Institutional","DistanceBusStop":924,"Notes":null,"Availability":"Public","AccessRating":"Medium","VizRating":"Low"}},{"type":"Feature","id":750,"geometry":{"type":"Point","coordinates":[-79.0328594517036,35.8987559495906]},"properties":{"OBJECTID":750,"GlobalID":"150c6d3f-48ca-4f3a-ba41-deff5c0071b4","CreationDate":"Thu, 14 Jan 2021 21:01:55 GMT","Creator":"epowell2_townofchapelhill","EditDate":"Fri, 15 Jan 2021 15:52:35 GMT","Editor":"dalmond","ResourceType":"0","ParkingType":"Wave","Capacity":3,"Condition":"Poor","Lighting":"No","WxProtect":"No","LandUse":"Institutional","DistanceBusStop":2718,"Notes":"Abandoned and torn up; I don't know where this is supposed to be, but it isn't here","Availability":"Public","AccessRating":"Low","VizRating":"Very low"}},{"type":"Feature","id":751,"geometry":{"type":"Point","coordinates":[-79.0327917681385,35.8989812701406]},"properties":{"OBJECTID":751,"GlobalID":"b1a78e7d-c69b-4b4b-a913-30279c07b7fe","CreationDate":"Thu, 14 Jan 2021 21:01:55 GMT","Creator":"epowell2_townofchapelhill","EditDate":"Fri, 15 Jan 2021 15:52:35 GMT","Editor":"dalmond","ResourceType":"0","ParkingType":"Wave","Capacity":3,"Condition":"Excellent","Lighting":"Yes","WxProtect":"Yes","LandUse":"Institutional","DistanceBusStop":2718,"Notes":null,"Availability":"Public","AccessRating":"Low","VizRating":"None"}},{"type":"Feature","id":752,"geometry":{"type":"Point","coordinates":[-79.0324170826301,35.8998279871039]},"properties":{"OBJECTID":752,"GlobalID":"ffc0f663-eb4c-414e-bebc-783b51e2458e","CreationDate":"Thu, 14 Jan 2021 21:01:55 GMT","Creator":"epowell2_townofchapelhill","EditDate":"Fri, 15 Jan 2021 15:52:35 GMT","Editor":"dalmond","ResourceType":"0","ParkingType":"Wave","Capacity":4,"Condition":"Excellent","Lighting":"No","WxProtect":"No","LandUse":"Institutional","DistanceBusStop":547,"Notes":null,"Availability":"Public","AccessRating":"Medium","VizRating":"Medium"}},{"type":"Feature","id":753,"geometry":{"type":"Point","coordinates":[-79.0333228727957,35.8995630666195]},"properties":{"OBJECTID":753,"GlobalID":"00ffb9e6-ad04-4b21-8529-e14b8c097a66","CreationDate":"Thu, 14 Jan 2021 21:01:55 GMT","Creator":"epowell2_townofchapelhill","EditDate":"Fri, 15 Jan 2021 15:52:35 GMT","Editor":"dalmond","ResourceType":"0","ParkingType":"Simple grid","Capacity":10,"Condition":"Fair","Lighting":"No","WxProtect":"No","LandUse":"Institutional","DistanceBusStop":813,"Notes":null,"Availability":"Public","AccessRating":"Medium","VizRating":"Medium"}},{"type":"Feature","id":754,"geometry":{"type":"Point","coordinates":[-79.0259099094941,35.9003733065797]},"properties":{"OBJECTID":754,"GlobalID":"3bbfa551-2532-41ad-ade1-dca92accb7c0","CreationDate":"Thu, 14 Jan 2021 21:01:55 GMT","Creator":"epowell2_townofchapelhill","EditDate":"Fri, 15 Jan 2021 15:52:35 GMT","Editor":"dalmond","ResourceType":"0","ParkingType":"Inverted U","Capacity":20,"Condition":"Excellent","Lighting":"No","WxProtect":"No","LandUse":"Park","DistanceBusStop":1584,"Notes":null,"Availability":"Public","AccessRating":"Medium","VizRating":"None"}},{"type":"Feature","id":755,"geometry":{"type":"Point","coordinates":[-79.0253079834566,35.8999066166464]},"properties":{"OBJECTID":755,"GlobalID":"5233fbd8-de9f-4733-b9c9-d269d533c509","CreationDate":"Thu, 14 Jan 2021 21:01:55 GMT","Creator":"epowell2_townofchapelhill","EditDate":"Fri, 15 Jan 2021 15:52:35 GMT","Editor":"dalmond","ResourceType":"0","ParkingType":"Inverted U","Capacity":4,"Condition":"Excellent","Lighting":"No","WxProtect":"No","LandUse":"Park","DistanceBusStop":1773,"Notes":"Marked spaces within parking lot","Availability":"Public","AccessRating":"Medium","VizRating":"None"}},{"type":"Feature","id":756,"geometry":{"type":"Point","coordinates":[-79.0194935012362,35.9025939658474]},"properties":{"OBJECTID":756,"GlobalID":"e7a830b1-f306-4707-8978-0c4e0c9fd6f2","CreationDate":"Thu, 14 Jan 2021 21:01:55 GMT","Creator":"epowell2_townofchapelhill","EditDate":"Fri, 15 Jan 2021 15:52:35 GMT","Editor":"dalmond","ResourceType":"0","ParkingType":"Wave","Capacity":3,"Condition":"Excellent","Lighting":"No","WxProtect":"Yes","LandUse":"Institutional","DistanceBusStop":1313,"Notes":null,"Availability":"Public","AccessRating":"Low","VizRating":"Very low"}},{"type":"Feature","id":758,"geometry":{"type":"Point","coordinates":[-79.0191889660666,35.9057259966873]},"properties":{"OBJECTID":758,"GlobalID":"5b9afa9f-1a9c-42b1-9c3f-b6b93d3ba3a6","CreationDate":"Thu, 14 Jan 2021 21:01:55 GMT","Creator":"epowell2_townofchapelhill","EditDate":"Fri, 15 Jan 2021 15:52:35 GMT","Editor":"dalmond","ResourceType":"0","ParkingType":"Inverted U","Capacity":10,"Condition":"Excellent","Lighting":"Yes","WxProtect":"No","LandUse":"Institutional","DistanceBusStop":469,"Notes":null,"Availability":"Public","AccessRating":"Low","VizRating":"Medium"}},{"type":"Feature","id":759,"geometry":{"type":"Point","coordinates":[-79.0191164118361,35.9060896931408]},"properties":{"OBJECTID":759,"GlobalID":"16b8a9af-de4b-4a1b-8e3c-558dbf2621e4","CreationDate":"Thu, 14 Jan 2021 21:01:55 GMT","Creator":"epowell2_townofchapelhill","EditDate":"Fri, 15 Jan 2021 15:52:35 GMT","Editor":"dalmond","ResourceType":"0","ParkingType":"Inverted U","Capacity":6,"Condition":"Excellent","Lighting":"No","WxProtect":"No","LandUse":"Institutional","DistanceBusStop":4,"Notes":null,"Availability":"Public","AccessRating":"Low","VizRating":"Low"}},{"type":"Feature","id":760,"geometry":{"type":"Point","coordinates":[-79.0217713080981,35.9071617142661]},"properties":{"OBJECTID":760,"GlobalID":"5159bbd7-86c6-468c-9a0e-e8a14d69da46","CreationDate":"Thu, 14 Jan 2021 21:01:55 GMT","Creator":"epowell2_townofchapelhill","EditDate":"Fri, 15 Jan 2021 15:52:35 GMT","Editor":"dalmond","ResourceType":"0","ParkingType":"Wave","Capacity":3,"Condition":"Excellent","Lighting":"Yes","WxProtect":"Yes","LandUse":"Mixed-use","DistanceBusStop":507,"Notes":null,"Availability":"Public","AccessRating":"Medium","VizRating":"Very low"}},{"type":"Feature","id":761,"geometry":{"type":"Point","coordinates":[-79.0228151360852,35.9072727819322]},"properties":{"OBJECTID":761,"GlobalID":"057f02ad-607a-43ac-b5b5-0ca7517131a5","CreationDate":"Thu, 14 Jan 2021 21:01:55 GMT","Creator":"epowell2_townofchapelhill","EditDate":"Fri, 15 Jan 2021 15:52:35 GMT","Editor":"dalmond","ResourceType":"0","ParkingType":"Wave","Capacity":5,"Condition":"Excellent","Lighting":"No","WxProtect":"No","LandUse":"Mixed-use","DistanceBusStop":644,"Notes":null,"Availability":"Public","AccessRating":"Medium","VizRating":"Super high"}},{"type":"Feature","id":762,"geometry":{"type":"Point","coordinates":[-79.0208302410913,35.905626756514]},"properties":{"OBJECTID":762,"GlobalID":"ce8bba69-54f6-4c01-ad1f-d545ea94f369","CreationDate":"Thu, 14 Jan 2021 21:01:55 GMT","Creator":"epowell2_townofchapelhill","EditDate":"Fri, 15 Jan 2021 15:52:35 GMT","Editor":"dalmond","ResourceType":"0","ParkingType":"Wave","Capacity":5,"Condition":"Excellent","Lighting":"Yes","WxProtect":"Yes","LandUse":"Mixed-use","DistanceBusStop":949,"Notes":"Level B","Availability":"Public","AccessRating":"Low","VizRating":"Low"}},{"type":"Feature","id":763,"geometry":{"type":"Point","coordinates":[-79.0215431054732,35.9062063445798]},"properties":{"OBJECTID":763,"GlobalID":"9b588b1d-847a-4b73-b72e-87f59eb1b88b","CreationDate":"Thu, 14 Jan 2021 21:01:55 GMT","Creator":"epowell2_townofchapelhill","EditDate":"Fri, 15 Jan 2021 15:52:35 GMT","Editor":"dalmond","ResourceType":"0","ParkingType":"Wave","Capacity":7,"Condition":"Excellent","Lighting":"No","WxProtect":"No","LandUse":"Mixed-use","DistanceBusStop":1197,"Notes":null,"Availability":"Public","AccessRating":"Medium","VizRating":"Medium"}},{"type":"Feature","id":764,"geometry":{"type":"Point","coordinates":[-79.0215182185466,35.9062361004192]},"properties":{"OBJECTID":764,"GlobalID":"b6c0ddf1-ed7d-4ed3-9ab8-70246c9d5b4b","CreationDate":"Thu, 14 Jan 2021 21:01:55 GMT","Creator":"epowell2_townofchapelhill","EditDate":"Fri, 15 Jan 2021 15:52:35 GMT","Editor":"dalmond","ResourceType":"1","ParkingType":null,"Capacity":5,"Condition":"Excellent","Lighting":null,"WxProtect":null,"LandUse":"Mixed-use","DistanceBusStop":1199,"Notes":null,"Availability":"Public","AccessRating":"Medium","VizRating":"Medium"}},{"type":"Feature","id":765,"geometry":{"type":"Point","coordinates":[-79.0225289445138,35.9072358311847]},"properties":{"OBJECTID":765,"GlobalID":"733e7e7a-c505-4d5a-82c3-cab40b102b3a","CreationDate":"Thu, 14 Jan 2021 21:01:55 GMT","Creator":"epowell2_townofchapelhill","EditDate":"Fri, 15 Jan 2021 15:52:35 GMT","Editor":"dalmond","ResourceType":"0","ParkingType":"Wave","Capacity":5,"Condition":"Excellent","Lighting":"Yes","WxProtect":"Yes","LandUse":"Mixed-use","DistanceBusStop":934,"Notes":null,"Availability":"Public","AccessRating":"High","VizRating":"Very high"}},{"type":"Feature","id":766,"geometry":{"type":"Point","coordinates":[-79.0230824342896,35.9066302530929]},"properties":{"OBJECTID":766,"GlobalID":"98ec7489-bad0-4f94-8821-e25576e4ffa8","CreationDate":"Thu, 14 Jan 2021 21:01:55 GMT","Creator":"epowell2_townofchapelhill","EditDate":"Fri, 15 Jan 2021 15:52:35 GMT","Editor":"dalmond","ResourceType":"0","ParkingType":"Toast","Capacity":9,"Condition":"Fair","Lighting":"Yes","WxProtect":"Yes","LandUse":"Mixed-use","DistanceBusStop":893,"Notes":"Level 2","Availability":"Public","AccessRating":"Low","VizRating":"Very high"}},{"type":"Feature","id":767,"geometry":{"type":"Point","coordinates":[-79.0234967444852,35.9066499175276]},"properties":{"OBJECTID":767,"GlobalID":"cf7b2f98-401a-443e-9e41-d85b77296720","CreationDate":"Thu, 14 Jan 2021 21:01:55 GMT","Creator":"epowell2_townofchapelhill","EditDate":"Fri, 15 Jan 2021 15:52:35 GMT","Editor":"dalmond","ResourceType":"0","ParkingType":"Toast","Capacity":18,"Condition":"Fair","Lighting":"Yes","WxProtect":"Yes","LandUse":"Mixed-use","DistanceBusStop":769,"Notes":"Level 2","Availability":"Public","AccessRating":"Low","VizRating":"Low"}},{"type":"Feature","id":768,"geometry":{"type":"Point","coordinates":[-79.023562666454,35.9066656499451]},"properties":{"OBJECTID":768,"GlobalID":"b1d95a71-5f0c-4fd3-8a8b-8f50d2310173","CreationDate":"Thu, 14 Jan 2021 21:01:55 GMT","Creator":"epowell2_townofchapelhill","EditDate":"Fri, 15 Jan 2021 15:52:35 GMT","Editor":"dalmond","ResourceType":"0","ParkingType":"Other","Capacity":4,"Condition":"Excellent","Lighting":"Yes","WxProtect":"Yes","LandUse":"Mixed-use","DistanceBusStop":674,"Notes":null,"Availability":"Public","AccessRating":"Low","VizRating":"Low"}},{"type":"Feature","id":771,"geometry":{"type":"Point","coordinates":[-79.0358642103277,35.9326774815195]},"properties":{"OBJECTID":771,"GlobalID":"86c238cd-c48d-4333-9b10-e9b6dba81011","CreationDate":"Thu, 14 Jan 2021 21:01:55 GMT","Creator":"epowell2_townofchapelhill","EditDate":"Fri, 15 Jan 2021 15:52:35 GMT","Editor":"dalmond","ResourceType":"0","ParkingType":"Inverted U","Capacity":24,"Condition":"Excellent","Lighting":"Yes","WxProtect":"Yes","LandUse":"Institutional","DistanceBusStop":2213,"Notes":null,"Availability":"Public","AccessRating":"Medium","VizRating":"Very low"}},{"type":"Feature","id":772,"geometry":{"type":"Point","coordinates":[-79.0354039593903,35.9320965438997]},"properties":{"OBJECTID":772,"GlobalID":"4ed29d8b-b960-4a67-b366-695b9129ea10","CreationDate":"Thu, 14 Jan 2021 21:01:55 GMT","Creator":"epowell2_townofchapelhill","EditDate":"Fri, 15 Jan 2021 15:52:35 GMT","Editor":"dalmond","ResourceType":"0","ParkingType":"Inverted U","Capacity":16,"Condition":"Excellent","Lighting":"No","WxProtect":"No","LandUse":"Institutional","DistanceBusStop":2108,"Notes":null,"Availability":"Public","AccessRating":"Low","VizRating":"Low"}},{"type":"Feature","id":773,"geometry":{"type":"Point","coordinates":[-79.0432591758826,35.9356070382568]},"properties":{"OBJECTID":773,"GlobalID":"2382ec26-4324-4834-ab77-66e6f35e5e7b","CreationDate":"Thu, 14 Jan 2021 21:01:55 GMT","Creator":"epowell2_townofchapelhill","EditDate":"Fri, 15 Jan 2021 15:52:35 GMT","Editor":"dalmond","ResourceType":"0","ParkingType":"Simple grid","Capacity":9,"Condition":"Fair","Lighting":"No","WxProtect":"No","LandUse":"Institutional","DistanceBusStop":117,"Notes":null,"Availability":"Public","AccessRating":"Medium","VizRating":"Very low"}},{"type":"Feature","id":774,"geometry":{"type":"Point","coordinates":[-79.0437655669881,35.9352875671927]},"properties":{"OBJECTID":774,"GlobalID":"dab30486-fd2e-4dbf-8e61-3c306a7c78b5","CreationDate":"Thu, 14 Jan 2021 21:01:55 GMT","Creator":"epowell2_townofchapelhill","EditDate":"Fri, 15 Jan 2021 15:52:35 GMT","Editor":"dalmond","ResourceType":"0","ParkingType":"Simple grid","Capacity":9,"Condition":"Fair","Lighting":"No","WxProtect":"No","LandUse":"Institutional","DistanceBusStop":331,"Notes":null,"Availability":"Public","AccessRating":"Medium","VizRating":"High"}},{"type":"Feature","id":775,"geometry":{"type":"Point","coordinates":[-79.0444345890925,35.9354331378066]},"properties":{"OBJECTID":775,"GlobalID":"bf319644-0a8a-45fb-873e-e888ca93f34d","CreationDate":"Thu, 14 Jan 2021 21:01:55 GMT","Creator":"epowell2_townofchapelhill","EditDate":"Fri, 15 Jan 2021 15:52:35 GMT","Editor":"dalmond","ResourceType":"0","ParkingType":"Simple grid","Capacity":22,"Condition":"Fair","Lighting":"No","WxProtect":"No","LandUse":"Institutional","DistanceBusStop":507,"Notes":null,"Availability":"Public","AccessRating":"Medium","VizRating":"Medium"}},{"type":"Feature","id":776,"geometry":{"type":"Point","coordinates":[-79.0326638004313,35.9261720169139]},"properties":{"OBJECTID":776,"GlobalID":"afd3d015-a234-4b62-ab84-d9668857ae45","CreationDate":"Thu, 14 Jan 2021 21:01:55 GMT","Creator":"epowell2_townofchapelhill","EditDate":"Fri, 15 Jan 2021 15:52:35 GMT","Editor":"dalmond","ResourceType":"0","ParkingType":"Simple grid","Capacity":12,"Condition":"Excellent","Lighting":"No","WxProtect":"No","LandUse":"Park","DistanceBusStop":738,"Notes":null,"Availability":"Public","AccessRating":"Medium","VizRating":"None"}},{"type":"Feature","id":777,"geometry":{"type":"Point","coordinates":[-79.0339235142424,35.9280645943647]},"properties":{"OBJECTID":777,"GlobalID":"2d429b10-1d66-4651-a3f6-5c8cfcceac75","CreationDate":"Thu, 14 Jan 2021 21:01:55 GMT","Creator":"epowell2_townofchapelhill","EditDate":"Fri, 15 Jan 2021 15:52:35 GMT","Editor":"dalmond","ResourceType":"0","ParkingType":"Wave","Capacity":3,"Condition":"Excellent","Lighting":"Yes","WxProtect":"Yes","LandUse":"Office","DistanceBusStop":395,"Notes":null,"Availability":"Public","AccessRating":"Medium","VizRating":"Low"}},{"type":"Feature","id":778,"geometry":{"type":"Point","coordinates":[-79.0340985833149,35.9287700663511]},"properties":{"OBJECTID":778,"GlobalID":"a7417165-a616-4aa1-bfaa-00001183feb5","CreationDate":"Thu, 14 Jan 2021 21:01:55 GMT","Creator":"epowell2_townofchapelhill","EditDate":"Fri, 15 Jan 2021 15:52:35 GMT","Editor":"dalmond","ResourceType":"0","ParkingType":"Other","Capacity":4,"Condition":"Excellent","Lighting":"Yes","WxProtect":"No","LandUse":"Commercial","DistanceBusStop":326,"Notes":null,"Availability":"Public","AccessRating":"Medium","VizRating":"Low"}},{"type":"Feature","id":779,"geometry":{"type":"Point","coordinates":[-79.0534622166251,35.925828633301]},"properties":{"OBJECTID":779,"GlobalID":"db5f7e02-d67f-40d1-8b1e-be76d8cdb306","CreationDate":"Thu, 14 Jan 2021 21:01:55 GMT","Creator":"epowell2_townofchapelhill","EditDate":"Fri, 15 Jan 2021 15:52:35 GMT","Editor":"dalmond","ResourceType":"0","ParkingType":"Inverted U","Capacity":6,"Condition":"Excellent","Lighting":"No","WxProtect":"No","LandUse":"Park","DistanceBusStop":471,"Notes":null,"Availability":"Public","AccessRating":"Medium","VizRating":"Very low"}},{"type":"Feature","id":780,"geometry":{"type":"Point","coordinates":[-79.0380816063852,35.9254916889364]},"properties":{"OBJECTID":780,"GlobalID":"65dbe4bc-1ddc-4460-badd-0a7e14f008c0","CreationDate":"Thu, 14 Jan 2021 21:01:55 GMT","Creator":"epowell2_townofchapelhill","EditDate":"Fri, 15 Jan 2021 15:52:35 GMT","Editor":"dalmond","ResourceType":"0","ParkingType":"Other","Capacity":6,"Condition":"Poor","Lighting":"No","WxProtect":"No","LandUse":"Commercial","DistanceBusStop":381,"Notes":null,"Availability":"Public","AccessRating":"Medium","VizRating":"Very low"}},{"type":"Feature","id":781,"geometry":{"type":"Point","coordinates":[-79.0319950891439,35.9247843785451]},"properties":{"OBJECTID":781,"GlobalID":"68b75fea-3fdd-4d68-b67f-24e72ab96afd","CreationDate":"Thu, 14 Jan 2021 21:01:55 GMT","Creator":"epowell2_townofchapelhill","EditDate":"Fri, 15 Jan 2021 15:52:35 GMT","Editor":"dalmond","ResourceType":"0","ParkingType":"Double grid","Capacity":10,"Condition":"Fair","Lighting":"Yes","WxProtect":"No","LandUse":"Mid residential","DistanceBusStop":1618,"Notes":null,"Availability":"Public","AccessRating":"Medium","VizRating":"High"}},{"type":"Feature","id":782,"geometry":{"type":"Point","coordinates":[-79.0321442472103,35.9250152735724]},"properties":{"OBJECTID":782,"GlobalID":"2559aa25-b50c-4516-8bd6-c56c93f8dc1b","CreationDate":"Thu, 14 Jan 2021 21:01:55 GMT","Creator":"epowell2_townofchapelhill","EditDate":"Fri, 15 Jan 2021 15:52:35 GMT","Editor":"dalmond","ResourceType":"0","ParkingType":"Double grid","Capacity":10,"Condition":"Excellent","Lighting":"Yes","WxProtect":"No","LandUse":"Mid residential","DistanceBusStop":1604,"Notes":null,"Availability":"Public","AccessRating":"Medium","VizRating":"Medium"}},{"type":"Feature","id":783,"geometry":{"type":"Point","coordinates":[-79.0304295322162,35.9254609626617]},"properties":{"OBJECTID":783,"GlobalID":"7fefe94f-5dad-4dc0-9558-e489f69943bd","CreationDate":"Thu, 14 Jan 2021 21:01:55 GMT","Creator":"epowell2_townofchapelhill","EditDate":"Fri, 15 Jan 2021 15:52:35 GMT","Editor":"dalmond","ResourceType":"0","ParkingType":"Simple grid","Capacity":6,"Condition":"Excellent","Lighting":"No","WxProtect":"No","LandUse":"Mid residential","DistanceBusStop":950,"Notes":null,"Availability":"Public","AccessRating":"Medium","VizRating":"Medium"}},{"type":"Feature","id":784,"geometry":{"type":"Point","coordinates":[-79.0306974978688,35.9247526939502]},"properties":{"OBJECTID":784,"GlobalID":"45dd124c-e35d-4dbc-9841-a6f4ddbe749b","CreationDate":"Thu, 14 Jan 2021 21:01:55 GMT","Creator":"epowell2_townofchapelhill","EditDate":"Fri, 15 Jan 2021 15:52:35 GMT","Editor":"dalmond","ResourceType":"0","ParkingType":"Double grid","Capacity":10,"Condition":"Excellent","Lighting":"Yes","WxProtect":"No","LandUse":"Mid residential","DistanceBusStop":1183,"Notes":null,"Availability":"Public","AccessRating":"Very high","VizRating":"Medium"}},{"type":"Feature","id":785,"geometry":{"type":"Point","coordinates":[-79.0148178159964,35.9098063874153]},"properties":{"OBJECTID":785,"GlobalID":"5b220e15-1405-4341-9a0d-034c26996e37","CreationDate":"Thu, 14 Jan 2021 21:01:55 GMT","Creator":"epowell2_townofchapelhill","EditDate":"Fri, 15 Jan 2021 15:52:35 GMT","Editor":"dalmond","ResourceType":"0","ParkingType":"Wave","Capacity":21,"Condition":"Excellent","Lighting":"No","WxProtect":"No","LandUse":"Institutional","DistanceBusStop":1104,"Notes":null,"Availability":"Public","AccessRating":"Low","VizRating":"None"}},{"type":"Feature","id":786,"geometry":{"type":"Point","coordinates":[-79.0148513168683,35.9055091830511]},"properties":{"OBJECTID":786,"GlobalID":"db6fac65-7640-49c0-aea2-ef8a360586f7","CreationDate":"Thu, 14 Jan 2021 21:01:55 GMT","Creator":"epowell2_townofchapelhill","EditDate":"Fri, 15 Jan 2021 15:52:35 GMT","Editor":"dalmond","ResourceType":"0","ParkingType":"Inverted U","Capacity":2,"Condition":"Excellent","Lighting":"No","WxProtect":"No","LandUse":"Institutional","DistanceBusStop":1100,"Notes":null,"Availability":"Public","AccessRating":"Medium","VizRating":"Medium"}},{"type":"Feature","id":787,"geometry":{"type":"Point","coordinates":[-79.0148796290711,35.9054870160397]},"properties":{"OBJECTID":787,"GlobalID":"e9534160-6332-4a27-83f9-52a7eff705c4","CreationDate":"Thu, 14 Jan 2021 21:01:55 GMT","Creator":"epowell2_townofchapelhill","EditDate":"Fri, 15 Jan 2021 15:52:35 GMT","Editor":"dalmond","ResourceType":"1","ParkingType":null,"Capacity":8,"Condition":"Excellent","Lighting":null,"WxProtect":null,"LandUse":"Institutional","DistanceBusStop":1095,"Notes":null,"Availability":"Public","AccessRating":"Medium","VizRating":"Medium"}},{"type":"Feature","id":788,"geometry":{"type":"Point","coordinates":[-79.0144614004243,35.905891587578]},"properties":{"OBJECTID":788,"GlobalID":"92a8b028-635d-4a83-bf51-512e7e45b155","CreationDate":"Thu, 14 Jan 2021 21:01:55 GMT","Creator":"epowell2_townofchapelhill","EditDate":"Fri, 15 Jan 2021 15:52:35 GMT","Editor":"dalmond","ResourceType":"0","ParkingType":"Inverted U","Capacity":2,"Condition":"Excellent","Lighting":"No","WxProtect":"No","LandUse":"Institutional","DistanceBusStop":255,"Notes":null,"Availability":"Public","AccessRating":"Low","VizRating":"Medium"}},{"type":"Feature","id":790,"geometry":{"type":"Point","coordinates":[-79.0105638215106,35.9107733919228]},"properties":{"OBJECTID":790,"GlobalID":"62c0f594-faea-481c-83ac-fd77728772e0","CreationDate":"Thu, 14 Jan 2021 21:01:55 GMT","Creator":"epowell2_townofchapelhill","EditDate":"Fri, 15 Jan 2021 15:52:35 GMT","Editor":"dalmond","ResourceType":"0","ParkingType":"Wave","Capacity":3,"Condition":"Excellent","Lighting":"Yes","WxProtect":"No","LandUse":"Park","DistanceBusStop":2093,"Notes":null,"Availability":"Public","AccessRating":"High","VizRating":"High"}},{"type":"Feature","id":791,"geometry":{"type":"Point","coordinates":[-79.0096881850941,35.9133675477181]},"properties":{"OBJECTID":791,"GlobalID":"defc0ea8-72ff-4ffc-98f1-def1032c461b","CreationDate":"Thu, 14 Jan 2021 21:01:55 GMT","Creator":"epowell2_townofchapelhill","EditDate":"Fri, 15 Jan 2021 15:52:35 GMT","Editor":"dalmond","ResourceType":"0","ParkingType":"Wave","Capacity":27,"Condition":"Excellent","Lighting":"Yes","WxProtect":"Yes","LandUse":"Park","DistanceBusStop":2888,"Notes":null,"Availability":"Public","AccessRating":"Medium","VizRating":"None"}},{"type":"Feature","id":792,"geometry":{"type":"Point","coordinates":[-79.0080644505737,35.9134091693803]},"properties":{"OBJECTID":792,"GlobalID":"5b16b4b2-2a70-4674-b894-f0a7c499c70e","CreationDate":"Thu, 14 Jan 2021 21:01:55 GMT","Creator":"epowell2_townofchapelhill","EditDate":"Fri, 15 Jan 2021 15:52:35 GMT","Editor":"dalmond","ResourceType":"0","ParkingType":"Wave","Capacity":55,"Condition":"Excellent","Lighting":"Yes","WxProtect":"Yes","LandUse":"Institutional","DistanceBusStop":2937,"Notes":null,"Availability":"Public","AccessRating":"High","VizRating":"High"}},{"type":"Feature","id":793,"geometry":{"type":"Point","coordinates":[-79.0077769510552,35.9146580418745]},"properties":{"OBJECTID":793,"GlobalID":"c2eadf59-f9c9-4f51-b033-31c2e2cbee72","CreationDate":"Thu, 14 Jan 2021 21:01:55 GMT","Creator":"epowell2_townofchapelhill","EditDate":"Fri, 15 Jan 2021 15:52:35 GMT","Editor":"dalmond","ResourceType":"0","ParkingType":"Wave","Capacity":18,"Condition":"Excellent","Lighting":"Yes","WxProtect":"Yes","LandUse":"Institutional","DistanceBusStop":3207,"Notes":null,"Availability":"Public","AccessRating":"High","VizRating":"Very low"}},{"type":"Feature","id":794,"geometry":{"type":"Point","coordinates":[-79.007837795746,35.9146562208469]},"properties":{"OBJECTID":794,"GlobalID":"3d627b41-d075-419e-b323-3e69e561d925","CreationDate":"Thu, 14 Jan 2021 21:01:55 GMT","Creator":"epowell2_townofchapelhill","EditDate":"Fri, 15 Jan 2021 15:52:35 GMT","Editor":"dalmond","ResourceType":"0","ParkingType":"Wave","Capacity":9,"Condition":"Excellent","Lighting":"Yes","WxProtect":"No","LandUse":"Institutional","DistanceBusStop":3191,"Notes":null,"Availability":"Public","AccessRating":"High","VizRating":"Medium"}},{"type":"Feature","id":795,"geometry":{"type":"Point","coordinates":[-79.0107988540266,35.9102861139242]},"properties":{"OBJECTID":795,"GlobalID":"737510eb-2f39-4f37-991a-7a97e0fe8935","CreationDate":"Thu, 14 Jan 2021 21:01:55 GMT","Creator":"epowell2_townofchapelhill","EditDate":"Fri, 15 Jan 2021 15:52:35 GMT","Editor":"dalmond","ResourceType":"0","ParkingType":"Wave","Capacity":3,"Condition":"Excellent","Lighting":"No","WxProtect":"No","LandUse":"Park","DistanceBusStop":1800,"Notes":null,"Availability":"Public","AccessRating":"High","VizRating":"High"}},{"type":"Feature","id":796,"geometry":{"type":"Point","coordinates":[-79.0066087037063,35.9119113956314]},"properties":{"OBJECTID":796,"GlobalID":"26288a66-c1c1-4cf2-a41b-74146410dc80","CreationDate":"Thu, 14 Jan 2021 21:01:55 GMT","Creator":"epowell2_townofchapelhill","EditDate":"Fri, 15 Jan 2021 15:52:35 GMT","Editor":"dalmond","ResourceType":"0","ParkingType":"Wave","Capacity":7,"Condition":"Excellent","Lighting":"No","WxProtect":"No","LandUse":"Institutional","DistanceBusStop":2727,"Notes":null,"Availability":"Public","AccessRating":"Medium","VizRating":"Low"}},{"type":"Feature","id":797,"geometry":{"type":"Point","coordinates":[-79.0052569314432,35.912882835047]},"properties":{"OBJECTID":797,"GlobalID":"e400df7a-bc02-467f-95fb-b6fc9845f344","CreationDate":"Thu, 14 Jan 2021 21:01:55 GMT","Creator":"epowell2_townofchapelhill","EditDate":"Fri, 15 Jan 2021 15:52:35 GMT","Editor":"dalmond","ResourceType":"0","ParkingType":"Wave","Capacity":14,"Condition":"Excellent","Lighting":"Yes","WxProtect":"No","LandUse":"Institutional","DistanceBusStop":3203,"Notes":null,"Availability":"Public","AccessRating":"Low","VizRating":"High"}},{"type":"Feature","id":798,"geometry":{"type":"Point","coordinates":[-79.0051592800802,35.9123365322585]},"properties":{"OBJECTID":798,"GlobalID":"d6304c94-cca6-4ddf-abe3-c66e9886bec3","CreationDate":"Thu, 14 Jan 2021 21:01:55 GMT","Creator":"epowell2_townofchapelhill","EditDate":"Fri, 15 Jan 2021 15:52:35 GMT","Editor":"dalmond","ResourceType":"0","ParkingType":"Inverted U","Capacity":8,"Condition":"Excellent","Lighting":"Yes","WxProtect":"No","LandUse":"Institutional","DistanceBusStop":3205,"Notes":null,"Availability":"Public","AccessRating":"Low","VizRating":"High"}},{"type":"Feature","id":799,"geometry":{"type":"Point","coordinates":[-79.0036489192368,35.9128991417206]},"properties":{"OBJECTID":799,"GlobalID":"6da08a36-f42f-4fef-863b-8b7a7b4ef7d3","CreationDate":"Thu, 14 Jan 2021 21:01:55 GMT","Creator":"epowell2_townofchapelhill","EditDate":"Fri, 15 Jan 2021 15:52:35 GMT","Editor":"dalmond","ResourceType":"0","ParkingType":"Inverted U","Capacity":6,"Condition":"Excellent","Lighting":"Yes","WxProtect":"No","LandUse":"Institutional","DistanceBusStop":4250,"Notes":null,"Availability":"Public","AccessRating":"Low","VizRating":"Low"}},{"type":"Feature","id":800,"geometry":{"type":"Point","coordinates":[-79.0098555978254,35.9083182974355]},"properties":{"OBJECTID":800,"GlobalID":"5fa11b13-8d69-4e82-bb7b-e76614e7efa6","CreationDate":"Thu, 14 Jan 2021 21:01:55 GMT","Creator":"epowell2_townofchapelhill","EditDate":"Fri, 15 Jan 2021 15:52:35 GMT","Editor":"dalmond","ResourceType":"0","ParkingType":"Post and loop","Capacity":16,"Condition":"Excellent","Lighting":"Yes","WxProtect":"Yes","LandUse":"Institutional","DistanceBusStop":813,"Notes":null,"Availability":"Public","AccessRating":"Medium","VizRating":"Very low"}},{"type":"Feature","id":801,"geometry":{"type":"Point","coordinates":[-79.006608816894,35.909389699751]},"properties":{"OBJECTID":801,"GlobalID":"b47cc0a7-6f1c-464b-9dac-05a6a4ef98fa","CreationDate":"Thu, 14 Jan 2021 21:01:55 GMT","Creator":"epowell2_townofchapelhill","EditDate":"Fri, 15 Jan 2021 15:52:35 GMT","Editor":"dalmond","ResourceType":"0","ParkingType":"Inverted U","Capacity":4,"Condition":"Excellent","Lighting":"Yes","WxProtect":"No","LandUse":"Institutional","DistanceBusStop":1946,"Notes":null,"Availability":"Public","AccessRating":"Medium","VizRating":"Medium"}},{"type":"Feature","id":803,"geometry":{"type":"Point","coordinates":[-79.0084119620447,35.9039819578507]},"properties":{"OBJECTID":803,"GlobalID":"41c5d733-20fc-4630-af5a-8d409bc614ce","CreationDate":"Thu, 14 Jan 2021 21:01:55 GMT","Creator":"epowell2_townofchapelhill","EditDate":"Fri, 15 Jan 2021 15:52:35 GMT","Editor":"dalmond","ResourceType":"0","ParkingType":"Double grid","Capacity":6,"Condition":"Excellent","Lighting":"Yes","WxProtect":"No","LandUse":"Mid residential","DistanceBusStop":482,"Notes":"Appears to be partially in use by the complex's own bikeshare bikes","Availability":"Public","AccessRating":"Medium","VizRating":"Very high"}},{"type":"Feature","id":804,"geometry":{"type":"Point","coordinates":[-79.0091702443491,35.9039149549003]},"properties":{"OBJECTID":804,"GlobalID":"8b0874b6-85c5-402c-ac62-01e4fa762e9d","CreationDate":"Thu, 14 Jan 2021 21:01:55 GMT","Creator":"epowell2_townofchapelhill","EditDate":"Fri, 15 Jan 2021 15:52:35 GMT","Editor":"dalmond","ResourceType":"0","ParkingType":"Double grid","Capacity":6,"Condition":"Excellent","Lighting":"Yes","WxProtect":"No","LandUse":"Mid residential","DistanceBusStop":794,"Notes":null,"Availability":"Public","AccessRating":"Medium","VizRating":"Very high"}},{"type":"Feature","id":805,"geometry":{"type":"Point","coordinates":[-79.0076269988781,35.9028928026979]},"properties":{"OBJECTID":805,"GlobalID":"5dbf011f-6cdc-4947-a5d4-458ec4622ebe","CreationDate":"Thu, 14 Jan 2021 21:01:55 GMT","Creator":"epowell2_townofchapelhill","EditDate":"Fri, 15 Jan 2021 15:52:35 GMT","Editor":"dalmond","ResourceType":"0","ParkingType":"Double grid","Capacity":6,"Condition":"Excellent","Lighting":"Yes","WxProtect":"No","LandUse":"Mid residential","DistanceBusStop":1021,"Notes":null,"Availability":"Public","AccessRating":"Medium","VizRating":"Super high"}},{"type":"Feature","id":806,"geometry":{"type":"Point","coordinates":[-79.0158969163331,35.9037692833356]},"properties":{"OBJECTID":806,"GlobalID":"6f50229e-efbd-409e-bac0-eb8a8bd28410","CreationDate":"Thu, 14 Jan 2021 21:01:55 GMT","Creator":"epowell2_townofchapelhill","EditDate":"Fri, 15 Jan 2021 15:52:35 GMT","Editor":"dalmond","ResourceType":"0","ParkingType":"Wave","Capacity":9,"Condition":"Excellent","Lighting":"Yes","WxProtect":"Yes","LandUse":"Office","DistanceBusStop":186,"Notes":"Ground floor; appears to be partially taken by electric bikeshare bikes","Availability":"Public","AccessRating":"Medium","VizRating":"Low"}},{"type":"Feature","id":807,"geometry":{"type":"Point","coordinates":[-79.0158969163331,35.9037692833356]},"properties":{"OBJECTID":807,"GlobalID":"5938491d-6395-4d94-a727-bbf142e326c2","CreationDate":"Thu, 14 Jan 2021 21:01:55 GMT","Creator":"epowell2_townofchapelhill","EditDate":"Fri, 15 Jan 2021 15:52:35 GMT","Editor":"dalmond","ResourceType":"0","ParkingType":"Wave","Capacity":9,"Condition":"Excellent","Lighting":"Yes","WxProtect":"Yes","LandUse":"Office","DistanceBusStop":186,"Notes":"Ground floor; appears to be partially taken by electric bikeshare bikes","Availability":"Public","AccessRating":"Medium","VizRating":"Low"}},{"type":"Feature","id":808,"geometry":{"type":"Point","coordinates":[-79.0134251093024,35.9030837659338]},"properties":{"OBJECTID":808,"GlobalID":"12e09088-05be-4376-989c-dfd82637b37f","CreationDate":"Thu, 14 Jan 2021 21:01:55 GMT","Creator":"epowell2_townofchapelhill","EditDate":"Fri, 15 Jan 2021 15:52:35 GMT","Editor":"dalmond","ResourceType":"0","ParkingType":"Wave","Capacity":3,"Condition":"Excellent","Lighting":"Yes","WxProtect":"Yes","LandUse":"Office","DistanceBusStop":1073,"Notes":null,"Availability":"Public","AccessRating":"Low","VizRating":"None"}},{"type":"Feature","id":809,"geometry":{"type":"Point","coordinates":[-79.0123970997491,35.901571715086]},"properties":{"OBJECTID":809,"GlobalID":"4865fbcb-7a02-4aa1-afb7-fcbc65fdb4fa","CreationDate":"Thu, 14 Jan 2021 21:01:55 GMT","Creator":"epowell2_townofchapelhill","EditDate":"Fri, 15 Jan 2021 15:52:35 GMT","Editor":"dalmond","ResourceType":"0","ParkingType":"Wave","Capacity":6,"Condition":"Excellent","Lighting":"Yes","WxProtect":"No","LandUse":"Institutional","DistanceBusStop":39,"Notes":null,"Availability":"Public","AccessRating":"Low","VizRating":"Very low"}},{"type":"Feature","id":810,"geometry":{"type":"Point","coordinates":[-79.0142974129691,35.8990822796356]},"properties":{"OBJECTID":810,"GlobalID":"729b54a2-3b91-43b8-b80c-898a64c2f04d","CreationDate":"Thu, 14 Jan 2021 21:01:55 GMT","Creator":"epowell2_townofchapelhill","EditDate":"Fri, 15 Jan 2021 15:52:35 GMT","Editor":"dalmond","ResourceType":"0","ParkingType":"Wave","Capacity":3,"Condition":"Excellent","Lighting":"Yes","WxProtect":"No","LandUse":"Institutional","DistanceBusStop":962,"Notes":null,"Availability":"Public","AccessRating":"Medium","VizRating":"Medium"}},{"type":"Feature","id":811,"geometry":{"type":"Point","coordinates":[-79.0127687013411,35.8995787851646]},"properties":{"OBJECTID":811,"GlobalID":"58f3d97f-2a52-4a86-a3c0-be548102592f","CreationDate":"Thu, 14 Jan 2021 21:01:55 GMT","Creator":"epowell2_townofchapelhill","EditDate":"Fri, 15 Jan 2021 15:52:35 GMT","Editor":"dalmond","ResourceType":"0","ParkingType":"Wave","Capacity":3,"Condition":"Excellent","Lighting":"Yes","WxProtect":"Yes","LandUse":"Institutional","DistanceBusStop":563,"Notes":null,"Availability":"Public","AccessRating":"Medium","VizRating":"Very low"}},{"type":"Feature","id":812,"geometry":{"type":"Point","coordinates":[-79.0117339355586,35.896294759579]},"properties":{"OBJECTID":812,"GlobalID":"522141e2-3198-4f4f-b7be-9f0126c10457","CreationDate":"Thu, 14 Jan 2021 21:01:55 GMT","Creator":"epowell2_townofchapelhill","EditDate":"Fri, 15 Jan 2021 15:52:35 GMT","Editor":"dalmond","ResourceType":"0","ParkingType":"Toast","Capacity":12,"Condition":"Fair","Lighting":"Yes","WxProtect":"No","LandUse":"Institutional","DistanceBusStop":132,"Notes":null,"Availability":"Public","AccessRating":"Low","VizRating":"None"}},{"type":"Feature","id":813,"geometry":{"type":"Point","coordinates":[-79.0133948396706,35.8952143505899]},"properties":{"OBJECTID":813,"GlobalID":"e46d3334-a0a9-4f99-b358-a03432b7efae","CreationDate":"Thu, 14 Jan 2021 21:01:55 GMT","Creator":"epowell2_townofchapelhill","EditDate":"Fri, 15 Jan 2021 15:52:35 GMT","Editor":"dalmond","ResourceType":"0","ParkingType":"Wave","Capacity":3,"Condition":"Excellent","Lighting":"Yes","WxProtect":"No","LandUse":"Institutional","DistanceBusStop":20,"Notes":null,"Availability":"Public","AccessRating":"Low","VizRating":"None"}},{"type":"Feature","id":814,"geometry":{"type":"Point","coordinates":[-79.0132159446733,35.8944510615165]},"properties":{"OBJECTID":814,"GlobalID":"abcfec4c-54b7-4807-8c0a-b352c2c3a315","CreationDate":"Thu, 14 Jan 2021 21:01:55 GMT","Creator":"epowell2_townofchapelhill","EditDate":"Fri, 15 Jan 2021 15:52:35 GMT","Editor":"dalmond","ResourceType":"0","ParkingType":"Simple grid","Capacity":10,"Condition":"Excellent","Lighting":"Yes","WxProtect":"No","LandUse":"Institutional","DistanceBusStop":316,"Notes":null,"Availability":"Public","AccessRating":"Low","VizRating":"Low"}},{"type":"Feature","id":815,"geometry":{"type":"Point","coordinates":[-79.0085019193372,35.8988971900617]},"properties":{"OBJECTID":815,"GlobalID":"08a8802a-0445-4518-9fba-fdb4d57d1c5e","CreationDate":"Thu, 14 Jan 2021 21:01:55 GMT","Creator":"epowell2_townofchapelhill","EditDate":"Fri, 15 Jan 2021 15:52:35 GMT","Editor":"dalmond","ResourceType":"0","ParkingType":"Double grid","Capacity":6,"Condition":"Excellent","Lighting":"No","WxProtect":"No","LandUse":"Mid residential","DistanceBusStop":329,"Notes":null,"Availability":"Public","AccessRating":"Low","VizRating":"Low"}},{"type":"Feature","id":816,"geometry":{"type":"Point","coordinates":[-79.0062918930584,35.8927350636566]},"properties":{"OBJECTID":816,"GlobalID":"39db648f-5ed0-492a-9b73-25fbca482a18","CreationDate":"Thu, 14 Jan 2021 21:01:55 GMT","Creator":"epowell2_townofchapelhill","EditDate":"Fri, 15 Jan 2021 15:52:35 GMT","Editor":"dalmond","ResourceType":"0","ParkingType":"Wave","Capacity":18,"Condition":"Excellent","Lighting":"Yes","WxProtect":"No","LandUse":"Institutional","DistanceBusStop":2774,"Notes":null,"Availability":"Public","AccessRating":"Low","VizRating":"Very low"}},{"type":"Feature","id":817,"geometry":{"type":"Point","coordinates":[-79.0065469615985,35.8929490959414]},"properties":{"OBJECTID":817,"GlobalID":"ae1010cb-fc12-4dec-acd4-a9eb350cc56f","CreationDate":"Thu, 14 Jan 2021 21:01:55 GMT","Creator":"epowell2_townofchapelhill","EditDate":"Fri, 15 Jan 2021 15:52:35 GMT","Editor":"dalmond","ResourceType":"0","ParkingType":"Wave","Capacity":9,"Condition":"Excellent","Lighting":"No","WxProtect":"No","LandUse":"Institutional","DistanceBusStop":2688,"Notes":null,"Availability":"Public","AccessRating":"Low","VizRating":"Very low"}},{"type":"Feature","id":818,"geometry":{"type":"Point","coordinates":[-79.0064544423108,35.8943629632246]},"properties":{"OBJECTID":818,"GlobalID":"016174b1-e70e-4c52-8a41-a1b2475660ed","CreationDate":"Thu, 14 Jan 2021 21:01:55 GMT","Creator":"epowell2_townofchapelhill","EditDate":"Fri, 15 Jan 2021 15:52:35 GMT","Editor":"dalmond","ResourceType":"0","ParkingType":"Wave","Capacity":9,"Condition":"Excellent","Lighting":"Yes","WxProtect":"Yes","LandUse":"Institutional","DistanceBusStop":2225,"Notes":null,"Availability":"Public","AccessRating":"Medium","VizRating":"Very low"}},{"type":"Feature","id":819,"geometry":{"type":"Point","coordinates":[-79.0059828303799,35.8945460767171]},"properties":{"OBJECTID":819,"GlobalID":"e708a50d-e530-4ecb-a478-6031d4d8611f","CreationDate":"Thu, 14 Jan 2021 21:01:55 GMT","Creator":"epowell2_townofchapelhill","EditDate":"Fri, 15 Jan 2021 15:52:35 GMT","Editor":"dalmond","ResourceType":"0","ParkingType":"Wave","Capacity":9,"Condition":"Excellent","Lighting":"No","WxProtect":"No","LandUse":"Institutional","DistanceBusStop":2063,"Notes":null,"Availability":"Public","AccessRating":"Medium","VizRating":"Low"}},{"type":"Feature","id":820,"geometry":{"type":"Point","coordinates":[-79.0083859719869,35.9204559318735]},"properties":{"OBJECTID":820,"GlobalID":"147359e9-f736-4f42-b7ee-151baf78bd85","CreationDate":"Thu, 14 Jan 2021 21:01:55 GMT","Creator":"epowell2_townofchapelhill","EditDate":"Fri, 15 Jan 2021 15:52:35 GMT","Editor":"dalmond","ResourceType":"0","ParkingType":"Inverted U","Capacity":12,"Condition":"Excellent","Lighting":"Yes","WxProtect":"No","LandUse":"Institutional","DistanceBusStop":6085,"Notes":null,"Availability":"Public","AccessRating":"Medium","VizRating":"Low"}},{"type":"Feature","id":821,"geometry":{"type":"Point","coordinates":[-79.0084094791012,35.9203174113945]},"properties":{"OBJECTID":821,"GlobalID":"313032fa-49ca-4baa-abfb-7705640fcffd","CreationDate":"Thu, 14 Jan 2021 21:01:55 GMT","Creator":"epowell2_townofchapelhill","EditDate":"Fri, 15 Jan 2021 15:52:35 GMT","Editor":"dalmond","ResourceType":"0","ParkingType":"Simple grid","Capacity":9,"Condition":"Fair","Lighting":"No","WxProtect":"No","LandUse":"Institutional","DistanceBusStop":6068,"Notes":null,"Availability":"Public","AccessRating":"Medium","VizRating":"Medium"}},{"type":"Feature","id":822,"geometry":{"type":"Point","coordinates":[-79.0073298191141,35.9206221008394]},"properties":{"OBJECTID":822,"GlobalID":"09b80d5b-bb05-4a4d-a857-535474e8d7f2","CreationDate":"Thu, 14 Jan 2021 21:01:55 GMT","Creator":"epowell2_townofchapelhill","EditDate":"Fri, 15 Jan 2021 15:52:35 GMT","Editor":"dalmond","ResourceType":"0","ParkingType":"Inverted U","Capacity":10,"Condition":"Excellent","Lighting":"No","WxProtect":"No","LandUse":"Institutional","DistanceBusStop":6619,"Notes":"Two units hidden behind tree","Availability":"Public","AccessRating":"Medium","VizRating":"Medium"}},{"type":"Feature","id":823,"geometry":{"type":"Point","coordinates":[-79.0075852353022,35.9204865618825]},"properties":{"OBJECTID":823,"GlobalID":"fd27762b-9a09-4073-8b11-d7be3c2b429f","CreationDate":"Thu, 14 Jan 2021 21:01:55 GMT","Creator":"epowell2_townofchapelhill","EditDate":"Fri, 15 Jan 2021 15:52:35 GMT","Editor":"dalmond","ResourceType":"0","ParkingType":"Double grid","Capacity":10,"Condition":"Excellent","Lighting":"No","WxProtect":"No","LandUse":"Institutional","DistanceBusStop":6566,"Notes":null,"Availability":"Public","AccessRating":"Medium","VizRating":"Very low"}},{"type":"Feature","id":824,"geometry":{"type":"Point","coordinates":[-79.0200483995703,35.9264351199371]},"properties":{"OBJECTID":824,"GlobalID":"77b5baba-e303-45c1-a898-4f5e6c1fc68e","CreationDate":"Thu, 14 Jan 2021 21:01:55 GMT","Creator":"epowell2_townofchapelhill","EditDate":"Fri, 15 Jan 2021 15:52:35 GMT","Editor":"dalmond","ResourceType":"0","ParkingType":"Simple grid","Capacity":8,"Condition":"Poor","Lighting":"No","WxProtect":"No","LandUse":"Institutional","DistanceBusStop":2921,"Notes":null,"Availability":"Public","AccessRating":"Low","VizRating":"None"}},{"type":"Feature","id":825,"geometry":{"type":"Point","coordinates":[-78.999417205665,35.9337893058253]},"properties":{"OBJECTID":825,"GlobalID":"5a09224b-4bf8-43b3-b5cd-b2bf98cb99e1","CreationDate":"Thu, 14 Jan 2021 21:01:55 GMT","Creator":"epowell2_townofchapelhill","EditDate":"Fri, 15 Jan 2021 15:52:35 GMT","Editor":"dalmond","ResourceType":"0","ParkingType":"Wave","Capacity":7,"Condition":"Excellent","Lighting":"Yes","WxProtect":"No","LandUse":"Institutional","DistanceBusStop":1894,"Notes":null,"Availability":"Public","AccessRating":"Medium","VizRating":"Low"}},{"type":"Feature","id":826,"geometry":{"type":"Point","coordinates":[-78.9981640324874,35.9447443104722]},"properties":{"OBJECTID":826,"GlobalID":"bcf8db09-25ca-4666-b2b8-aff95e90308b","CreationDate":"Thu, 14 Jan 2021 21:01:55 GMT","Creator":"epowell2_townofchapelhill","EditDate":"Fri, 15 Jan 2021 15:52:35 GMT","Editor":"dalmond","ResourceType":"0","ParkingType":"Inverted U","Capacity":8,"Condition":"Excellent","Lighting":"Yes","WxProtect":"No","LandUse":"Institutional","DistanceBusStop":1476,"Notes":null,"Availability":"Public","AccessRating":"Low","VizRating":"Very low"}},{"type":"Feature","id":827,"geometry":{"type":"Point","coordinates":[-79.0568395928359,35.9668354598781]},"properties":{"OBJECTID":827,"GlobalID":"26a4422a-c852-4b7c-8a46-07b890ba0193","CreationDate":"Thu, 14 Jan 2021 21:01:55 GMT","Creator":"epowell2_townofchapelhill","EditDate":"Fri, 15 Jan 2021 15:52:35 GMT","Editor":"dalmond","ResourceType":"0","ParkingType":"Inverted U","Capacity":6,"Condition":"Excellent","Lighting":"Yes","WxProtect":"No","LandUse":"Mid residential","DistanceBusStop":899,"Notes":null,"Availability":"Public","AccessRating":"Medium","VizRating":"High"}},{"type":"Feature","id":828,"geometry":{"type":"Point","coordinates":[-79.056298867222,35.9664897220328]},"properties":{"OBJECTID":828,"GlobalID":"c628a58d-4e9a-49fb-b69a-7cd4bcf104b8","CreationDate":"Thu, 14 Jan 2021 21:01:55 GMT","Creator":"epowell2_townofchapelhill","EditDate":"Fri, 15 Jan 2021 15:52:35 GMT","Editor":"dalmond","ResourceType":"0","ParkingType":"Inverted U","Capacity":6,"Condition":"Excellent","Lighting":"Yes","WxProtect":"No","LandUse":"Mid residential","DistanceBusStop":1089,"Notes":null,"Availability":"Public","AccessRating":"Medium","VizRating":"Very high"}},{"type":"Feature","id":829,"geometry":{"type":"Point","coordinates":[-79.0568259869526,35.9673609704476]},"properties":{"OBJECTID":829,"GlobalID":"ef91fce9-1221-47f0-aed4-aaa3ea8db9e0","CreationDate":"Thu, 14 Jan 2021 21:01:55 GMT","Creator":"epowell2_townofchapelhill","EditDate":"Fri, 15 Jan 2021 15:52:35 GMT","Editor":"dalmond","ResourceType":"0","ParkingType":"Inverted U","Capacity":6,"Condition":"Excellent","Lighting":"Yes","WxProtect":"Yes","LandUse":"Mid residential","DistanceBusStop":953,"Notes":null,"Availability":"Public","AccessRating":"Low","VizRating":"None"}},{"type":"Feature","id":830,"geometry":{"type":"Point","coordinates":[-79.0581320205947,35.9651656302887]},"properties":{"OBJECTID":830,"GlobalID":"430a4bef-5e75-49bb-9708-5d098c84e5c1","CreationDate":"Thu, 14 Jan 2021 21:01:55 GMT","Creator":"epowell2_townofchapelhill","EditDate":"Fri, 15 Jan 2021 15:52:35 GMT","Editor":"dalmond","ResourceType":"0","ParkingType":"Wave","Capacity":5,"Condition":"Excellent","Lighting":"No","WxProtect":"No","LandUse":"Institutional","DistanceBusStop":1656,"Notes":null,"Availability":"Public","AccessRating":"Low","VizRating":"Medium"}},{"type":"Feature","id":831,"geometry":{"type":"Point","coordinates":[-79.0572446494857,35.964695299038]},"properties":{"OBJECTID":831,"GlobalID":"a956af9c-e4e6-4d9f-9168-0eb6c5d14b24","CreationDate":"Thu, 14 Jan 2021 21:01:55 GMT","Creator":"epowell2_townofchapelhill","EditDate":"Fri, 15 Jan 2021 15:52:35 GMT","Editor":"dalmond","ResourceType":"0","ParkingType":"Wave","Capacity":3,"Condition":"Excellent","Lighting":"Yes","WxProtect":"No","LandUse":"Office","DistanceBusStop":1410,"Notes":null,"Availability":"Public","AccessRating":"Medium","VizRating":"High"}},{"type":"Feature","id":832,"geometry":{"type":"Point","coordinates":[-79.0562578735023,35.9651561921507]},"properties":{"OBJECTID":832,"GlobalID":"100e620f-59c1-4f0c-9978-4994c074396d","CreationDate":"Thu, 14 Jan 2021 21:01:55 GMT","Creator":"epowell2_townofchapelhill","EditDate":"Fri, 15 Jan 2021 15:52:35 GMT","Editor":"dalmond","ResourceType":"0","ParkingType":"Toast","Capacity":4,"Condition":"Excellent","Lighting":"No","WxProtect":"Yes","LandUse":"Office","DistanceBusStop":1284,"Notes":null,"Availability":"Public","AccessRating":"Medium","VizRating":"High"}},{"type":"Feature","id":833,"geometry":{"type":"Point","coordinates":[-79.0559487281787,35.9656305413474]},"properties":{"OBJECTID":833,"GlobalID":"278d521b-bba9-428d-bfd7-87f760688044","CreationDate":"Thu, 14 Jan 2021 21:01:55 GMT","Creator":"epowell2_townofchapelhill","EditDate":"Fri, 15 Jan 2021 15:52:35 GMT","Editor":"dalmond","ResourceType":"0","ParkingType":"Wave","Capacity":6,"Condition":"Excellent","Lighting":"Yes","WxProtect":"No","LandUse":"Institutional","DistanceBusStop":1942,"Notes":null,"Availability":"Public","AccessRating":"Low","VizRating":"Low"}},{"type":"Feature","id":834,"geometry":{"type":"Point","coordinates":[-79.0560084104496,35.9644495631672]},"properties":{"OBJECTID":834,"GlobalID":"ab3fcaad-cb9c-4fd2-be00-b33838dde7b4","CreationDate":"Thu, 14 Jan 2021 21:01:55 GMT","Creator":"epowell2_townofchapelhill","EditDate":"Fri, 15 Jan 2021 15:52:35 GMT","Editor":"dalmond","ResourceType":"0","ParkingType":"Toast","Capacity":4,"Condition":"Excellent","Lighting":"Yes","WxProtect":"Yes","LandUse":"Office","DistanceBusStop":220,"Notes":null,"Availability":"Public","AccessRating":"Low","VizRating":"Medium"}},{"type":"Feature","id":835,"geometry":{"type":"Point","coordinates":[-79.0553968149463,35.9644578824139]},"properties":{"OBJECTID":835,"GlobalID":"073ef4ee-ef60-4927-8da3-690385b4f1c2","CreationDate":"Thu, 14 Jan 2021 21:01:55 GMT","Creator":"epowell2_townofchapelhill","EditDate":"Fri, 15 Jan 2021 15:52:35 GMT","Editor":"dalmond","ResourceType":"0","ParkingType":"Inverted U","Capacity":4,"Condition":"Excellent","Lighting":"No","WxProtect":"No","LandUse":"Office","DistanceBusStop":1540,"Notes":null,"Availability":"Public","AccessRating":"Low","VizRating":"Medium"}},{"type":"Feature","id":836,"geometry":{"type":"Point","coordinates":[-79.0506305382034,35.9512727031857]},"properties":{"OBJECTID":836,"GlobalID":"533bebdb-aa6e-4990-9369-4e98cf6138cb","CreationDate":"Thu, 14 Jan 2021 21:01:55 GMT","Creator":"epowell2_townofchapelhill","EditDate":"Fri, 15 Jan 2021 15:52:35 GMT","Editor":"dalmond","ResourceType":"0","ParkingType":"Double grid","Capacity":6,"Condition":"Poor","Lighting":"No","WxProtect":"No","LandUse":"Park","DistanceBusStop":3397,"Notes":null,"Availability":"Public","AccessRating":"Medium","VizRating":"None"}},{"type":"Feature","id":837,"geometry":{"type":"Point","coordinates":[-79.0549086416748,35.9594790164448]},"properties":{"OBJECTID":837,"GlobalID":"b5536f96-bef1-492c-864b-c7d51fd17b2f","CreationDate":"Thu, 14 Jan 2021 21:01:55 GMT","Creator":"epowell2_townofchapelhill","EditDate":"Fri, 15 Jan 2021 15:52:35 GMT","Editor":"dalmond","ResourceType":"0","ParkingType":"Wave","Capacity":9,"Condition":"Excellent","Lighting":"Yes","WxProtect":"No","LandUse":"Mid residential","DistanceBusStop":913,"Notes":null,"Availability":"Public","AccessRating":"Medium","VizRating":"High"}},{"type":"Feature","id":838,"geometry":{"type":"Point","coordinates":[-79.0518789350385,35.9606159548995]},"properties":{"OBJECTID":838,"GlobalID":"c9d634be-871c-41ab-bef4-f21ba067064f","CreationDate":"Thu, 14 Jan 2021 21:01:55 GMT","Creator":"epowell2_townofchapelhill","EditDate":"Fri, 15 Jan 2021 15:52:35 GMT","Editor":"dalmond","ResourceType":"0","ParkingType":"Wave","Capacity":9,"Condition":"Excellent","Lighting":"No","WxProtect":"No","LandUse":"Mid residential","DistanceBusStop":569,"Notes":null,"Availability":"Public","AccessRating":"Medium","VizRating":"Medium"}},{"type":"Feature","id":839,"geometry":{"type":"Point","coordinates":[-79.0536508745129,35.961092415996]},"properties":{"OBJECTID":839,"GlobalID":"8cc6b594-a945-4817-b21d-045780cfb4de","CreationDate":"Thu, 14 Jan 2021 21:01:55 GMT","Creator":"epowell2_townofchapelhill","EditDate":"Fri, 15 Jan 2021 15:52:35 GMT","Editor":"dalmond","ResourceType":"0","ParkingType":"Wave","Capacity":5,"Condition":"Excellent","Lighting":"No","WxProtect":"No","LandUse":"Mid residential","DistanceBusStop":419,"Notes":null,"Availability":"Public","AccessRating":"Very high","VizRating":"Very high"}},{"type":"Feature","id":840,"geometry":{"type":"Point","coordinates":[-79.0536808432091,35.9606216707511]},"properties":{"OBJECTID":840,"GlobalID":"1e50f436-03da-438c-9601-8179cd8be610","CreationDate":"Thu, 14 Jan 2021 21:01:55 GMT","Creator":"epowell2_townofchapelhill","EditDate":"Fri, 15 Jan 2021 15:52:35 GMT","Editor":"dalmond","ResourceType":"0","ParkingType":"Wave","Capacity":5,"Condition":"Excellent","Lighting":"No","WxProtect":"No","LandUse":"Mid residential","DistanceBusStop":298,"Notes":null,"Availability":"Public","AccessRating":"Very high","VizRating":"Very high"}},{"type":"Feature","id":841,"geometry":{"type":"Point","coordinates":[-79.0543755194014,35.9608298529696]},"properties":{"OBJECTID":841,"GlobalID":"2bbe49d9-5b98-4f3a-ae89-00e9979374fb","CreationDate":"Thu, 14 Jan 2021 21:01:55 GMT","Creator":"epowell2_townofchapelhill","EditDate":"Fri, 15 Jan 2021 15:52:35 GMT","Editor":"dalmond","ResourceType":"0","ParkingType":"Wave","Capacity":5,"Condition":"Excellent","Lighting":"No","WxProtect":"No","LandUse":"Mid residential","DistanceBusStop":508,"Notes":null,"Availability":"Public","AccessRating":"Very high","VizRating":"Very high"}},{"type":"Feature","id":842,"geometry":{"type":"Point","coordinates":[-79.055450863882,35.9609269879541]},"properties":{"OBJECTID":842,"GlobalID":"5b4e324a-6304-4ed4-b6a9-8ad01bb3f2c4","CreationDate":"Thu, 14 Jan 2021 21:01:55 GMT","Creator":"epowell2_townofchapelhill","EditDate":"Fri, 15 Jan 2021 15:52:35 GMT","Editor":"dalmond","ResourceType":"0","ParkingType":"Wave","Capacity":10,"Condition":"Excellent","Lighting":"Yes","WxProtect":"No","LandUse":"Mid residential","DistanceBusStop":240,"Notes":null,"Availability":"Public","AccessRating":"Very high","VizRating":"Very high"}},{"type":"Feature","id":843,"geometry":{"type":"Point","coordinates":[-79.0556391229177,35.9622223096166]},"properties":{"OBJECTID":843,"GlobalID":"930721cd-3d99-4d50-8bc3-5485fe8b134a","CreationDate":"Thu, 14 Jan 2021 21:01:55 GMT","Creator":"epowell2_townofchapelhill","EditDate":"Fri, 15 Jan 2021 15:52:35 GMT","Editor":"dalmond","ResourceType":"0","ParkingType":"Wave","Capacity":5,"Condition":"Excellent","Lighting":"Yes","WxProtect":"No","LandUse":"Commercial","DistanceBusStop":109,"Notes":null,"Availability":"Public","AccessRating":"Low","VizRating":"Low"}},{"type":"Feature","id":844,"geometry":{"type":"Point","coordinates":[-79.0555734201379,35.9618687381179]},"properties":{"OBJECTID":844,"GlobalID":"80af80be-9615-4f0a-93bb-5e1442b49054","CreationDate":"Thu, 14 Jan 2021 21:01:55 GMT","Creator":"epowell2_townofchapelhill","EditDate":"Fri, 15 Jan 2021 15:52:35 GMT","Editor":"dalmond","ResourceType":"0","ParkingType":"Wave","Capacity":10,"Condition":"Excellent","Lighting":"Yes","WxProtect":"No","LandUse":"Commercial","DistanceBusStop":21,"Notes":null,"Availability":"Public","AccessRating":"Low","VizRating":"Low"}},{"type":"Feature","id":845,"geometry":{"type":"Point","coordinates":[-79.0530368921859,35.9634920005213]},"properties":{"OBJECTID":845,"GlobalID":"a05a1b1e-bc9b-4162-82cd-6c3ddd8ac0f5","CreationDate":"Thu, 14 Jan 2021 21:01:55 GMT","Creator":"epowell2_townofchapelhill","EditDate":"Fri, 15 Jan 2021 15:52:35 GMT","Editor":"dalmond","ResourceType":"0","ParkingType":"Grid","Capacity":7,"Condition":"Excellent","Lighting":"Yes","WxProtect":"No","LandUse":"Institutional","DistanceBusStop":725,"Notes":null,"Availability":"Public","AccessRating":"Medium","VizRating":"High"}},{"type":"Feature","id":846,"geometry":{"type":"Point","coordinates":[-79.056957707821,35.9608670411624]},"properties":{"OBJECTID":846,"GlobalID":"48fd33ce-04fc-45cd-a235-c90fd1a8efd2","CreationDate":"Thu, 14 Jan 2021 21:01:55 GMT","Creator":"epowell2_townofchapelhill","EditDate":"Fri, 15 Jan 2021 15:52:35 GMT","Editor":"dalmond","ResourceType":"0","ParkingType":"Inverted U","Capacity":6,"Condition":"Fair","Lighting":"Yes","WxProtect":"Yes","LandUse":"Institutional","DistanceBusStop":86,"Notes":null,"Availability":"Public","AccessRating":"Low","VizRating":"None"}},{"type":"Feature","id":847,"geometry":{"type":"Point","coordinates":[-79.0572538688955,35.962870394011]},"properties":{"OBJECTID":847,"GlobalID":"91b9e83e-7ebb-4f36-b766-011acc57dbc1","CreationDate":"Thu, 14 Jan 2021 21:01:55 GMT","Creator":"epowell2_townofchapelhill","EditDate":"Fri, 15 Jan 2021 15:52:35 GMT","Editor":"dalmond","ResourceType":"0","ParkingType":"Inverted U","Capacity":4,"Condition":"Excellent","Lighting":"Yes","WxProtect":"Yes","LandUse":"Commercial","DistanceBusStop":775,"Notes":null,"Availability":"Public","AccessRating":"Low","VizRating":"High"}},{"type":"Feature","id":848,"geometry":{"type":"Point","coordinates":[-79.0573745782151,35.9627425336388]},"properties":{"OBJECTID":848,"GlobalID":"1a0b1049-b7a1-4239-8b62-f5022d1730e1","CreationDate":"Thu, 14 Jan 2021 21:01:55 GMT","Creator":"epowell2_townofchapelhill","EditDate":"Fri, 15 Jan 2021 15:52:35 GMT","Editor":"dalmond","ResourceType":"0","ParkingType":"Inverted U","Capacity":6,"Condition":"Excellent","Lighting":"Yes","WxProtect":"No","LandUse":"Commercial","DistanceBusStop":740,"Notes":null,"Availability":"Public","AccessRating":"Low","VizRating":"High"}},{"type":"Feature","id":849,"geometry":{"type":"Point","coordinates":[-79.0573127597506,35.9632194261578]},"properties":{"OBJECTID":849,"GlobalID":"581c565e-1e6e-440c-b1e5-a0306930549d","CreationDate":"Thu, 14 Jan 2021 21:01:55 GMT","Creator":"epowell2_townofchapelhill","EditDate":"Fri, 15 Jan 2021 15:52:35 GMT","Editor":"dalmond","ResourceType":"0","ParkingType":"Inverted U","Capacity":4,"Condition":"Excellent","Lighting":"Yes","WxProtect":"Yes","LandUse":"Institutional","DistanceBusStop":744,"Notes":null,"Availability":"Public","AccessRating":"Low","VizRating":"Low"}},{"type":"Feature","id":850,"geometry":{"type":"Point","coordinates":[-79.0573720539492,35.9633686731061]},"properties":{"OBJECTID":850,"GlobalID":"9289fdb8-afb9-4392-90c8-ea74019acdbe","CreationDate":"Thu, 14 Jan 2021 21:01:55 GMT","Creator":"epowell2_townofchapelhill","EditDate":"Fri, 15 Jan 2021 15:52:35 GMT","Editor":"dalmond","ResourceType":"0","ParkingType":"Inverted U","Capacity":6,"Condition":"Excellent","Lighting":"Yes","WxProtect":"Yes","LandUse":"Institutional","DistanceBusStop":622,"Notes":null,"Availability":"Public","AccessRating":"Low","VizRating":"Very low"}},{"type":"Feature","id":851,"geometry":{"type":"Point","coordinates":[-79.0575267896552,35.9636519496781]},"properties":{"OBJECTID":851,"GlobalID":"eee59c93-ac98-4d43-a3ce-1581247f348d","CreationDate":"Thu, 14 Jan 2021 21:01:55 GMT","Creator":"epowell2_townofchapelhill","EditDate":"Fri, 15 Jan 2021 15:52:35 GMT","Editor":"dalmond","ResourceType":"0","ParkingType":"Inverted U","Capacity":4,"Condition":"Excellent","Lighting":"Yes","WxProtect":"No","LandUse":"Institutional","DistanceBusStop":603,"Notes":null,"Availability":"Public","AccessRating":"Low","VizRating":"Low"}},{"type":"Feature","id":852,"geometry":{"type":"Point","coordinates":[-79.0576379912059,35.9633705577228]},"properties":{"OBJECTID":852,"GlobalID":"f890128e-6ace-42aa-bdb9-817371d9b3df","CreationDate":"Thu, 14 Jan 2021 21:01:55 GMT","Creator":"epowell2_townofchapelhill","EditDate":"Fri, 15 Jan 2021 15:52:35 GMT","Editor":"dalmond","ResourceType":"0","ParkingType":"Inverted U","Capacity":4,"Condition":"Excellent","Lighting":"No","WxProtect":"No","LandUse":"Institutional","DistanceBusStop":654,"Notes":null,"Availability":"Public","AccessRating":"Low","VizRating":"Very high"}},{"type":"Feature","id":853,"geometry":{"type":"Point","coordinates":[-79.0299907896416,35.9601934897121]},"properties":{"OBJECTID":853,"GlobalID":"e85afbd1-5751-4d65-b2ab-7081b3f471c1","CreationDate":"Thu, 14 Jan 2021 21:01:55 GMT","Creator":"epowell2_townofchapelhill","EditDate":"Fri, 15 Jan 2021 15:52:35 GMT","Editor":"dalmond","ResourceType":"0","ParkingType":"Wave","Capacity":20,"Condition":"Excellent","Lighting":"Yes","WxProtect":"No","LandUse":"Institutional","DistanceBusStop":297,"Notes":"Partially obscured by bushes","Availability":"Public","AccessRating":"Medium","VizRating":"Medium"}},{"type":"Feature","id":854,"geometry":{"type":"Point","coordinates":[-79.029933148343,35.9603414292048]},"properties":{"OBJECTID":854,"GlobalID":"26f593b4-2f08-40ba-9ac5-ba8f0ac14aa4","CreationDate":"Thu, 14 Jan 2021 21:01:55 GMT","Creator":"epowell2_townofchapelhill","EditDate":"Fri, 15 Jan 2021 15:52:35 GMT","Editor":"dalmond","ResourceType":"0","ParkingType":"Wave","Capacity":10,"Condition":"Excellent","Lighting":"Yes","WxProtect":"No","LandUse":"Institutional","DistanceBusStop":277,"Notes":null,"Availability":"Public","AccessRating":"Medium","VizRating":"Medium"}},{"type":"Feature","id":855,"geometry":{"type":"Point","coordinates":[-79.0475864971501,35.9653802358362]},"properties":{"OBJECTID":855,"GlobalID":"fd9b9723-c68f-4a95-ba5e-ccf29448b76b","CreationDate":"Thu, 14 Jan 2021 21:01:55 GMT","Creator":"epowell2_townofchapelhill","EditDate":"Fri, 15 Jan 2021 15:52:35 GMT","Editor":"dalmond","ResourceType":"0","ParkingType":"Double grid","Capacity":10,"Condition":"Excellent","Lighting":"Yes","WxProtect":"No","LandUse":"Mid residential","DistanceBusStop":668,"Notes":null,"Availability":"Public","AccessRating":"Super high","VizRating":"Very high"}},{"type":"Feature","id":856,"geometry":{"type":"Point","coordinates":[-79.048584614364,35.9647690333919]},"properties":{"OBJECTID":856,"GlobalID":"4a03bd36-6bca-4182-a809-81447b4a838b","CreationDate":"Thu, 14 Jan 2021 21:01:55 GMT","Creator":"epowell2_townofchapelhill","EditDate":"Fri, 15 Jan 2021 15:52:35 GMT","Editor":"dalmond","ResourceType":"0","ParkingType":"Double grid","Capacity":10,"Condition":"Excellent","Lighting":"Yes","WxProtect":"No","LandUse":"Mid residential","DistanceBusStop":532,"Notes":null,"Availability":"Public","AccessRating":"Very high","VizRating":"Very high"}},{"type":"Feature","id":857,"geometry":{"type":"Point","coordinates":[-79.0505724297809,35.9657122929363]},"properties":{"OBJECTID":857,"GlobalID":"37da4ffb-7a05-4adc-abb8-73d3cf5932dc","CreationDate":"Thu, 14 Jan 2021 21:01:55 GMT","Creator":"epowell2_townofchapelhill","EditDate":"Fri, 15 Jan 2021 15:52:35 GMT","Editor":"dalmond","ResourceType":"0","ParkingType":"Inverted U","Capacity":24,"Condition":"Excellent","Lighting":"Yes","WxProtect":"Yes","LandUse":"Institutional","DistanceBusStop":874,"Notes":null,"Availability":"Public","AccessRating":"Medium","VizRating":"Very high"}},{"type":"Feature","id":858,"geometry":{"type":"Point","coordinates":[-79.0527796937402,35.9653381362189]},"properties":{"OBJECTID":858,"GlobalID":"22f1d7c7-e15e-4185-a319-348552fd82e0","CreationDate":"Thu, 14 Jan 2021 21:01:55 GMT","Creator":"epowell2_townofchapelhill","EditDate":"Fri, 15 Jan 2021 15:52:35 GMT","Editor":"dalmond","ResourceType":"0","ParkingType":"Wave","Capacity":3,"Condition":"Excellent","Lighting":"Yes","WxProtect":"No","LandUse":"Institutional","DistanceBusStop":1374,"Notes":null,"Availability":"Public","AccessRating":"Low","VizRating":"Very low"}},{"type":"Feature","id":859,"geometry":{"type":"Point","coordinates":[-79.0510092068417,35.9643437351756]},"properties":{"OBJECTID":859,"GlobalID":"8498e896-a580-4d49-8d3f-4c233cd4171c","CreationDate":"Thu, 14 Jan 2021 21:01:55 GMT","Creator":"epowell2_townofchapelhill","EditDate":"Fri, 15 Jan 2021 15:52:35 GMT","Editor":"dalmond","ResourceType":"0","ParkingType":"Other","Capacity":26,"Condition":"Excellent","Lighting":"No","WxProtect":"Yes","LandUse":"Institutional","DistanceBusStop":363,"Notes":null,"Availability":"Public","AccessRating":"Low","VizRating":"High"}},{"type":"Feature","id":861,"geometry":{"type":"Point","coordinates":[-79.0115864393755,35.9445186795418]},"properties":{"OBJECTID":861,"GlobalID":"c68e623e-2d71-4365-92a4-b3b89ae1896a","CreationDate":"Thu, 14 Jan 2021 21:01:55 GMT","Creator":"epowell2_townofchapelhill","EditDate":"Fri, 15 Jan 2021 15:52:35 GMT","Editor":"dalmond","ResourceType":"0","ParkingType":"Wave","Capacity":9,"Condition":"Excellent","Lighting":"No","WxProtect":"No","LandUse":"Commercial","DistanceBusStop":1,"Notes":null,"Availability":"Public","AccessRating":"Low","VizRating":"Very low"}},{"type":"Feature","id":862,"geometry":{"type":"Point","coordinates":[-79.0058556037828,35.9506455995375]},"properties":{"OBJECTID":862,"GlobalID":"8f1e3d83-8867-40d5-b135-bc23d6e5104a","CreationDate":"Thu, 14 Jan 2021 21:01:55 GMT","Creator":"epowell2_townofchapelhill","EditDate":"Fri, 15 Jan 2021 15:52:35 GMT","Editor":"dalmond","ResourceType":"0","ParkingType":"Double grid","Capacity":5,"Condition":"Poor","Lighting":"Yes","WxProtect":"No","LandUse":"Office","DistanceBusStop":885,"Notes":null,"Availability":"Public","AccessRating":"Low","VizRating":"Medium"}},{"type":"Feature","id":863,"geometry":{"type":"Point","coordinates":[-79.0059392683768,35.9501403905677]},"properties":{"OBJECTID":863,"GlobalID":"671cba90-6c71-4b5e-865c-9281357a0de8","CreationDate":"Thu, 14 Jan 2021 21:01:55 GMT","Creator":"epowell2_townofchapelhill","EditDate":"Fri, 15 Jan 2021 15:52:35 GMT","Editor":"dalmond","ResourceType":"0","ParkingType":"Wave","Capacity":5,"Condition":"Excellent","Lighting":"Yes","WxProtect":"No","LandUse":"Office","DistanceBusStop":841,"Notes":null,"Availability":"Public","AccessRating":"Low","VizRating":"Medium"}},{"type":"Feature","id":864,"geometry":{"type":"Point","coordinates":[-79.0080840625929,35.9509710181343]},"properties":{"OBJECTID":864,"GlobalID":"ab8a571a-6ff6-4bcb-b684-3ca787628da9","CreationDate":"Thu, 14 Jan 2021 21:01:55 GMT","Creator":"epowell2_townofchapelhill","EditDate":"Fri, 15 Jan 2021 15:52:35 GMT","Editor":"dalmond","ResourceType":"0","ParkingType":"Wave","Capacity":10,"Condition":"Excellent","Lighting":"Yes","WxProtect":"Yes","LandUse":"Office","DistanceBusStop":5,"Notes":null,"Availability":"Public","AccessRating":"Low","VizRating":"None"}},{"type":"Feature","id":865,"geometry":{"type":"Point","coordinates":[-79.0058731335073,35.9533961884561]},"properties":{"OBJECTID":865,"GlobalID":"70fed068-c8fd-40c6-9cbe-cf6a8fd0cd0c","CreationDate":"Thu, 14 Jan 2021 21:01:55 GMT","Creator":"epowell2_townofchapelhill","EditDate":"Fri, 15 Jan 2021 15:52:35 GMT","Editor":"dalmond","ResourceType":"0","ParkingType":"Wave","Capacity":3,"Condition":"Excellent","Lighting":"Yes","WxProtect":"Yes","LandUse":"Office","DistanceBusStop":1597,"Notes":null,"Availability":"Public","AccessRating":"Low","VizRating":"None"}},{"type":"Feature","id":866,"geometry":{"type":"Point","coordinates":[-79.005246850549,35.9498706549832]},"properties":{"OBJECTID":866,"GlobalID":"f4cdfe23-c375-4e4c-b0fb-466d4e4b1a62","CreationDate":"Thu, 14 Jan 2021 21:01:55 GMT","Creator":"epowell2_townofchapelhill","EditDate":"Fri, 15 Jan 2021 15:52:35 GMT","Editor":"dalmond","ResourceType":"0","ParkingType":"Wave","Capacity":5,"Condition":"Excellent","Lighting":"Yes","WxProtect":"No","LandUse":"Office","DistanceBusStop":985,"Notes":null,"Availability":"Public","AccessRating":"Low","VizRating":"Medium"}},{"type":"Feature","id":867,"geometry":{"type":"Point","coordinates":[-79.0085779527429,35.9498731027856]},"properties":{"OBJECTID":867,"GlobalID":"91b57c98-6755-4477-ada2-20cfd01b08a8","CreationDate":"Thu, 14 Jan 2021 21:01:55 GMT","Creator":"epowell2_townofchapelhill","EditDate":"Fri, 15 Jan 2021 15:52:35 GMT","Editor":"dalmond","ResourceType":"0","ParkingType":"Wave","Capacity":5,"Condition":"Excellent","Lighting":"No","WxProtect":"No","LandUse":"Mid residential","DistanceBusStop":499,"Notes":null,"Availability":"Public","AccessRating":"Very high","VizRating":"Very high"}},{"type":"Feature","id":868,"geometry":{"type":"Point","coordinates":[-79.0097045676699,35.9483247791879]},"properties":{"OBJECTID":868,"GlobalID":"a4b20575-b6e3-466a-a99f-bec17411f316","CreationDate":"Thu, 14 Jan 2021 21:01:55 GMT","Creator":"epowell2_townofchapelhill","EditDate":"Fri, 15 Jan 2021 15:52:35 GMT","Editor":"dalmond","ResourceType":"0","ParkingType":"Wave","Capacity":5,"Condition":"Excellent","Lighting":"No","WxProtect":"No","LandUse":"Mid residential","DistanceBusStop":1088,"Notes":null,"Availability":"Public","AccessRating":"Very high","VizRating":"High"}},{"type":"Feature","id":869,"geometry":{"type":"Point","coordinates":[-79.0096796690652,35.9469779017096]},"properties":{"OBJECTID":869,"GlobalID":"98ff4254-70ff-4286-aa2d-1221b3b62f61","CreationDate":"Thu, 14 Jan 2021 21:01:55 GMT","Creator":"epowell2_townofchapelhill","EditDate":"Fri, 15 Jan 2021 15:52:35 GMT","Editor":"dalmond","ResourceType":"0","ParkingType":"Wave","Capacity":5,"Condition":"Excellent","Lighting":"No","WxProtect":"No","LandUse":"Mid residential","DistanceBusStop":1113,"Notes":null,"Availability":"Public","AccessRating":"Medium","VizRating":"High"}},{"type":"Feature","id":870,"geometry":{"type":"Point","coordinates":[-79.0120377143467,35.9456477666348]},"properties":{"OBJECTID":870,"GlobalID":"2453248f-e6e0-46c8-bdb2-993d38492dc1","CreationDate":"Thu, 14 Jan 2021 21:01:55 GMT","Creator":"epowell2_townofchapelhill","EditDate":"Fri, 15 Jan 2021 15:52:35 GMT","Editor":"dalmond","ResourceType":"0","ParkingType":"Inverted U","Capacity":8,"Condition":"Excellent","Lighting":"Yes","WxProtect":"No","LandUse":"Office","DistanceBusStop":677,"Notes":null,"Availability":"Public","AccessRating":"Low","VizRating":"Very low"}},{"type":"Feature","id":871,"geometry":{"type":"Point","coordinates":[-79.0118567586142,35.9460143325149]},"properties":{"OBJECTID":871,"GlobalID":"e7d3f104-53b8-4314-b777-22c37e6333e9","CreationDate":"Thu, 14 Jan 2021 21:01:55 GMT","Creator":"epowell2_townofchapelhill","EditDate":"Fri, 15 Jan 2021 15:52:35 GMT","Editor":"dalmond","ResourceType":"0","ParkingType":"Inverted U","Capacity":8,"Condition":"Excellent","Lighting":"Yes","WxProtect":"Yes","LandUse":"Office","DistanceBusStop":773,"Notes":null,"Availability":"Public","AccessRating":"Low","VizRating":"Very low"}},{"type":"Feature","id":872,"geometry":{"type":"Point","coordinates":[-79.0155390005745,35.9330858054241]},"properties":{"OBJECTID":872,"GlobalID":"811f573a-8288-451e-9a4c-0cf3c8358bcf","CreationDate":"Thu, 14 Jan 2021 21:01:55 GMT","Creator":"epowell2_townofchapelhill","EditDate":"Fri, 15 Jan 2021 15:52:35 GMT","Editor":"dalmond","ResourceType":"0","ParkingType":"Double grid","Capacity":41,"Condition":"Fair","Lighting":"No","WxProtect":"No","LandUse":"Institutional","DistanceBusStop":220,"Notes":null,"Availability":"Public","AccessRating":"Medium","VizRating":"Very low"}},{"type":"Feature","id":873,"geometry":{"type":"Point","coordinates":[-79.0146744808097,35.9337106692236]},"properties":{"OBJECTID":873,"GlobalID":"8c4ccc6c-fbf2-4537-832a-eea3a4a7718c","CreationDate":"Thu, 14 Jan 2021 21:01:55 GMT","Creator":"epowell2_townofchapelhill","EditDate":"Fri, 15 Jan 2021 15:52:35 GMT","Editor":"dalmond","ResourceType":"0","ParkingType":"Inverted U","Capacity":4,"Condition":"Excellent","Lighting":"Yes","WxProtect":"No","LandUse":"Park","DistanceBusStop":510,"Notes":null,"Availability":"Public","AccessRating":"Medium","VizRating":"Very low"}},{"type":"Feature","id":874,"geometry":{"type":"Point","coordinates":[-79.0198174418124,35.9340135213958]},"properties":{"OBJECTID":874,"GlobalID":"e0d7fb30-872e-4d0d-817c-f13907ee3e4c","CreationDate":"Thu, 14 Jan 2021 21:01:55 GMT","Creator":"epowell2_townofchapelhill","EditDate":"Fri, 15 Jan 2021 15:52:35 GMT","Editor":"dalmond","ResourceType":"0","ParkingType":"Other","Capacity":12,"Condition":"Excellent","Lighting":"No","WxProtect":"No","LandUse":"Mid residential","DistanceBusStop":278,"Notes":null,"Availability":"Public","AccessRating":"High","VizRating":"High"}},{"type":"Feature","id":875,"geometry":{"type":"Point","coordinates":[-79.0198488999154,35.9340276765467]},"properties":{"OBJECTID":875,"GlobalID":"8cb26a02-7eb9-413d-8788-27f3a97cb04d","CreationDate":"Thu, 14 Jan 2021 21:01:55 GMT","Creator":"epowell2_townofchapelhill","EditDate":"Fri, 15 Jan 2021 15:52:35 GMT","Editor":"dalmond","ResourceType":"0","ParkingType":"Grid","Capacity":10,"Condition":"Excellent","Lighting":"No","WxProtect":"No","LandUse":"Mid residential","DistanceBusStop":267,"Notes":null,"Availability":"Public","AccessRating":"High","VizRating":"High"}},{"type":"Feature","id":876,"geometry":{"type":"Point","coordinates":[-79.0206594830339,35.9349513832151]},"properties":{"OBJECTID":876,"GlobalID":"18c9b74a-2631-4c01-ac49-4083ba9a5979","CreationDate":"Thu, 14 Jan 2021 21:01:55 GMT","Creator":"epowell2_townofchapelhill","EditDate":"Fri, 15 Jan 2021 15:52:35 GMT","Editor":"dalmond","ResourceType":"0","ParkingType":"Double grid","Capacity":10,"Condition":"Excellent","Lighting":"Yes","WxProtect":"No","LandUse":"Mid residential","DistanceBusStop":421,"Notes":null,"Availability":"Public","AccessRating":"High","VizRating":"Medium"}},{"type":"Feature","id":877,"geometry":{"type":"Point","coordinates":[-79.0129903911802,35.9440614063372]},"properties":{"OBJECTID":877,"GlobalID":"6605f637-7467-4c20-893c-2edf2f376a71","CreationDate":"Thu, 14 Jan 2021 21:01:55 GMT","Creator":"epowell2_townofchapelhill","EditDate":"Fri, 15 Jan 2021 15:52:35 GMT","Editor":"dalmond","ResourceType":"0","ParkingType":"Toast","Capacity":8,"Condition":"Excellent","Lighting":"Yes","WxProtect":"Yes","LandUse":"Commercial","DistanceBusStop":434,"Notes":null,"Availability":"Public","AccessRating":"Low","VizRating":"Medium"}},{"type":"Feature","id":878,"geometry":{"type":"Point","coordinates":[-79.0141003540369,35.9486198827721]},"properties":{"OBJECTID":878,"GlobalID":"1cb93990-b2f8-4d86-9c09-ccea0361f855","CreationDate":"Thu, 14 Jan 2021 21:01:55 GMT","Creator":"epowell2_townofchapelhill","EditDate":"Fri, 15 Jan 2021 15:52:35 GMT","Editor":"dalmond","ResourceType":"0","ParkingType":"Wave","Capacity":17,"Condition":"Excellent","Lighting":"Yes","WxProtect":"Yes","LandUse":"Office","DistanceBusStop":1218,"Notes":null,"Availability":"Public","AccessRating":"Medium","VizRating":"Medium"}},{"type":"Feature","id":879,"geometry":{"type":"Point","coordinates":[-79.0136331097149,35.9526660147913]},"properties":{"OBJECTID":879,"GlobalID":"65ec3043-9215-4aff-bd76-162ad5891856","CreationDate":"Thu, 14 Jan 2021 21:01:55 GMT","Creator":"epowell2_townofchapelhill","EditDate":"Fri, 15 Jan 2021 15:52:35 GMT","Editor":"dalmond","ResourceType":"0","ParkingType":"Inverted U","Capacity":18,"Condition":"Excellent","Lighting":"Yes","WxProtect":"No","LandUse":"Institutional","DistanceBusStop":1016,"Notes":null,"Availability":"Public","AccessRating":"Medium","VizRating":"Medium"}},{"type":"Feature","id":880,"geometry":{"type":"Point","coordinates":[-79.015033409868,35.9521038991478]},"properties":{"OBJECTID":880,"GlobalID":"d1373b80-079c-4b65-8c11-e1d869e8b717","CreationDate":"Thu, 14 Jan 2021 21:01:55 GMT","Creator":"epowell2_townofchapelhill","EditDate":"Fri, 15 Jan 2021 15:52:35 GMT","Editor":"dalmond","ResourceType":"0","ParkingType":"Wave","Capacity":5,"Condition":"Excellent","Lighting":"No","WxProtect":"No","LandUse":"Institutional","DistanceBusStop":695,"Notes":null,"Availability":"Public","AccessRating":"Medium","VizRating":"Medium"}},{"type":"Feature","id":881,"geometry":{"type":"Point","coordinates":[-79.0114520666803,35.9494651499478]},"properties":{"OBJECTID":881,"GlobalID":"6fe56e21-a423-43eb-8107-8015aacdbd8a","CreationDate":"Thu, 14 Jan 2021 21:01:55 GMT","Creator":"epowell2_townofchapelhill","EditDate":"Fri, 15 Jan 2021 15:52:35 GMT","Editor":"dalmond","ResourceType":"0","ParkingType":"Other","Capacity":12,"Condition":"Excellent","Lighting":"Yes","WxProtect":"Yes","LandUse":"Mid residential","DistanceBusStop":1192,"Notes":null,"Availability":"Public","AccessRating":"Medium","VizRating":"Medium"}},{"type":"Feature","id":882,"geometry":{"type":"Point","coordinates":[-79.0096622390538,35.9515391274111]},"properties":{"OBJECTID":882,"GlobalID":"dd099702-d39a-47ed-b8c4-c0f04b50caa0","CreationDate":"Thu, 14 Jan 2021 21:01:55 GMT","Creator":"epowell2_townofchapelhill","EditDate":"Fri, 15 Jan 2021 15:52:35 GMT","Editor":"dalmond","ResourceType":"0","ParkingType":"Double grid","Capacity":8,"Condition":"Excellent","Lighting":"No","WxProtect":"No","LandUse":"Mid residential","DistanceBusStop":671,"Notes":null,"Availability":"Public","AccessRating":"Super high","VizRating":"Very high"}},{"type":"Feature","id":883,"geometry":{"type":"Point","coordinates":[-79.009536907902,35.9523663857394]},"properties":{"OBJECTID":883,"GlobalID":"57da025c-ec26-4c63-92e3-2d65e21975d5","CreationDate":"Thu, 14 Jan 2021 21:01:55 GMT","Creator":"epowell2_townofchapelhill","EditDate":"Fri, 15 Jan 2021 15:52:35 GMT","Editor":"dalmond","ResourceType":"0","ParkingType":"Double grid","Capacity":4,"Condition":"Excellent","Lighting":"No","WxProtect":"No","LandUse":"Mid residential","DistanceBusStop":856,"Notes":null,"Availability":"Public","AccessRating":"Super high","VizRating":"Super high"}},{"type":"Feature","id":884,"geometry":{"type":"Point","coordinates":[-79.0095618720837,35.9525655274856]},"properties":{"OBJECTID":884,"GlobalID":"91399cb0-a19c-402a-8eb7-319bb25c4db2","CreationDate":"Thu, 14 Jan 2021 21:01:55 GMT","Creator":"epowell2_townofchapelhill","EditDate":"Fri, 15 Jan 2021 15:52:35 GMT","Editor":"dalmond","ResourceType":"0","ParkingType":"Double grid","Capacity":4,"Condition":"Excellent","Lighting":"No","WxProtect":"No","LandUse":"Mid residential","DistanceBusStop":901,"Notes":null,"Availability":"Public","AccessRating":"Super high","VizRating":"Super high"}},{"type":"Feature","id":885,"geometry":{"type":"Point","coordinates":[-79.0100276773046,35.9522839535001]},"properties":{"OBJECTID":885,"GlobalID":"e01d0c54-1a78-49f2-b9c9-3be09843312f","CreationDate":"Thu, 14 Jan 2021 21:01:55 GMT","Creator":"epowell2_townofchapelhill","EditDate":"Fri, 15 Jan 2021 15:52:35 GMT","Editor":"dalmond","ResourceType":"0","ParkingType":"Double grid","Capacity":4,"Condition":"Excellent","Lighting":"Yes","WxProtect":"No","LandUse":"Mid residential","DistanceBusStop":713,"Notes":null,"Availability":"Public","AccessRating":"Super high","VizRating":"Super high"}},{"type":"Feature","id":886,"geometry":{"type":"Point","coordinates":[-79.0105133891922,35.952117296232]},"properties":{"OBJECTID":886,"GlobalID":"58d354de-741a-43ad-a974-5d94f34e029b","CreationDate":"Thu, 14 Jan 2021 21:01:55 GMT","Creator":"epowell2_townofchapelhill","EditDate":"Fri, 15 Jan 2021 15:52:35 GMT","Editor":"dalmond","ResourceType":"0","ParkingType":"Double grid","Capacity":4,"Condition":"Excellent","Lighting":"No","WxProtect":"No","LandUse":"Mid residential","DistanceBusStop":574,"Notes":null,"Availability":"Public","AccessRating":"Super high","VizRating":"Super high"}},{"type":"Feature","id":887,"geometry":{"type":"Point","coordinates":[-79.0112075497516,35.9516839663459]},"properties":{"OBJECTID":887,"GlobalID":"5beef7e1-01a4-4052-bff6-91fd087133a6","CreationDate":"Thu, 14 Jan 2021 21:01:55 GMT","Creator":"epowell2_townofchapelhill","EditDate":"Fri, 15 Jan 2021 15:52:35 GMT","Editor":"dalmond","ResourceType":"2","ParkingType":null,"Capacity":null,"Condition":"Excellent","Lighting":"Yes","WxProtect":"No","LandUse":"Mid residential","DistanceBusStop":469,"Notes":null,"Availability":"Public","AccessRating":"High","VizRating":"High"}},{"type":"Feature","id":888,"geometry":{"type":"Point","coordinates":[-79.0119117292214,35.9524153467706]},"properties":{"OBJECTID":888,"GlobalID":"f665fe5a-3ff1-4503-b25a-67dd7a22885f","CreationDate":"Thu, 14 Jan 2021 21:01:55 GMT","Creator":"epowell2_townofchapelhill","EditDate":"Fri, 15 Jan 2021 15:52:35 GMT","Editor":"dalmond","ResourceType":"0","ParkingType":"Double grid","Capacity":4,"Condition":"Excellent","Lighting":"Yes","WxProtect":"No","LandUse":"Mid residential","DistanceBusStop":619,"Notes":null,"Availability":"Public","AccessRating":"Very high","VizRating":"Very high"}},{"type":"Feature","id":889,"geometry":{"type":"Point","coordinates":[-79.0114207594944,35.9528250390764]},"properties":{"OBJECTID":889,"GlobalID":"f91d4dbc-0ffe-4705-88ca-b1308cf4b824","CreationDate":"Thu, 14 Jan 2021 21:01:55 GMT","Creator":"epowell2_townofchapelhill","EditDate":"Fri, 15 Jan 2021 15:52:35 GMT","Editor":"dalmond","ResourceType":"0","ParkingType":"Double grid","Capacity":8,"Condition":"Excellent","Lighting":"Yes","WxProtect":"No","LandUse":"Mid residential","DistanceBusStop":835,"Notes":null,"Availability":"Public","AccessRating":"Super high","VizRating":"Very high"}},{"type":"Feature","id":890,"geometry":{"type":"Point","coordinates":[-79.0109749651448,35.9531406986144]},"properties":{"OBJECTID":890,"GlobalID":"92cd2d6e-a2eb-4bec-9055-68f05c729b63","CreationDate":"Thu, 14 Jan 2021 21:01:55 GMT","Creator":"epowell2_townofchapelhill","EditDate":"Fri, 15 Jan 2021 15:52:35 GMT","Editor":"dalmond","ResourceType":"0","ParkingType":"Double grid","Capacity":4,"Condition":null,"Lighting":"Yes","WxProtect":"No","LandUse":"Mid residential","DistanceBusStop":1040,"Notes":null,"Availability":"Public","AccessRating":"Very high","VizRating":"Very high"}},{"type":"Feature","id":891,"geometry":{"type":"Point","coordinates":[-79.0125338790309,35.9501219797509]},"properties":{"OBJECTID":891,"GlobalID":"4c31a440-d899-4cfd-8904-b3c15a039b57","CreationDate":"Thu, 14 Jan 2021 21:01:55 GMT","Creator":"epowell2_townofchapelhill","EditDate":"Fri, 15 Jan 2021 15:52:35 GMT","Editor":"dalmond","ResourceType":"0","ParkingType":"Other","Capacity":12,"Condition":"Excellent","Lighting":"Yes","WxProtect":"Yes","LandUse":"Mid residential","DistanceBusStop":633,"Notes":null,"Availability":"Public","AccessRating":"Low","VizRating":"None"}},{"type":"Feature","id":892,"geometry":{"type":"Point","coordinates":[-79.0116515753184,35.9500616953313]},"properties":{"OBJECTID":892,"GlobalID":"52331c46-e4dd-42f0-9e93-465e5e44749b","CreationDate":"Thu, 14 Jan 2021 21:01:55 GMT","Creator":"epowell2_townofchapelhill","EditDate":"Fri, 15 Jan 2021 15:52:35 GMT","Editor":"dalmond","ResourceType":"0","ParkingType":"Other","Capacity":22,"Condition":"Excellent","Lighting":"Yes","WxProtect":"Yes","LandUse":"Mid residential","DistanceBusStop":1253,"Notes":null,"Availability":"Public","AccessRating":"Low","VizRating":"Very high"}},{"type":"Feature","id":893,"geometry":{"type":"Point","coordinates":[-79.0209747467829,35.9537233911267]},"properties":{"OBJECTID":893,"GlobalID":"6d38e957-b9d4-4d9e-bd49-2f5170d53f3d","CreationDate":"Thu, 14 Jan 2021 21:01:55 GMT","Creator":"epowell2_townofchapelhill","EditDate":"Fri, 15 Jan 2021 15:52:35 GMT","Editor":"dalmond","ResourceType":"0","ParkingType":"Inverted U","Capacity":8,"Condition":"Excellent","Lighting":"Yes","WxProtect":"Yes","LandUse":"Institutional","DistanceBusStop":680,"Notes":null,"Availability":"Public","AccessRating":"Medium","VizRating":"Medium"}},{"type":"Feature","id":894,"geometry":{"type":"Point","coordinates":[-79.0155534445859,35.9483150772352]},"properties":{"OBJECTID":894,"GlobalID":"1ae61bca-e783-4a87-b39e-7e405cb5fc81","CreationDate":"Thu, 14 Jan 2021 21:01:55 GMT","Creator":"epowell2_townofchapelhill","EditDate":"Fri, 15 Jan 2021 15:52:35 GMT","Editor":"dalmond","ResourceType":"0","ParkingType":"Inverted U","Capacity":8,"Condition":"Excellent","Lighting":"Yes","WxProtect":"No","LandUse":"Institutional","DistanceBusStop":710,"Notes":null,"Availability":"Public","AccessRating":"Low","VizRating":"Medium"}},{"type":"Feature","id":895,"geometry":{"type":"Point","coordinates":[-79.0147817630108,35.9460371216026]},"properties":{"OBJECTID":895,"GlobalID":"90d9a751-a61b-4846-84a2-a7c5601ddd80","CreationDate":"Thu, 14 Jan 2021 21:01:55 GMT","Creator":"epowell2_townofchapelhill","EditDate":"Fri, 15 Jan 2021 15:52:35 GMT","Editor":"dalmond","ResourceType":"0","ParkingType":"Double grid","Capacity":10,"Condition":"Excellent","Lighting":"Yes","WxProtect":"No","LandUse":"Mid residential","DistanceBusStop":692,"Notes":null,"Availability":"Public","AccessRating":"Super high","VizRating":"Very high"}},{"type":"Feature","id":896,"geometry":{"type":"Point","coordinates":[-79.0160908877558,35.9452640481677]},"properties":{"OBJECTID":896,"GlobalID":"fc1058d2-29d4-47bd-ba48-3e66d074e0d6","CreationDate":"Thu, 14 Jan 2021 21:01:55 GMT","Creator":"epowell2_townofchapelhill","EditDate":"Fri, 15 Jan 2021 15:52:35 GMT","Editor":"dalmond","ResourceType":"0","ParkingType":"Wave","Capacity":5,"Condition":"Excellent","Lighting":"Yes","WxProtect":"No","LandUse":"Mid residential","DistanceBusStop":1353,"Notes":null,"Availability":"Public","AccessRating":"Very high","VizRating":"High"}},{"type":"Feature","id":897,"geometry":{"type":"Point","coordinates":[-79.0165932085947,35.9448657266377]},"properties":{"OBJECTID":897,"GlobalID":"a85df5bb-cba4-4107-b53c-b8398d614429","CreationDate":"Thu, 14 Jan 2021 21:01:55 GMT","Creator":"epowell2_townofchapelhill","EditDate":"Fri, 15 Jan 2021 15:52:35 GMT","Editor":"dalmond","ResourceType":"0","ParkingType":"Wave","Capacity":5,"Condition":"Excellent","Lighting":"Yes","WxProtect":"No","LandUse":"Mid residential","DistanceBusStop":1101,"Notes":null,"Availability":"Public","AccessRating":"Very high","VizRating":"High"}},{"type":"Feature","id":898,"geometry":{"type":"Point","coordinates":[-79.0195630416189,35.9436401107912]},"properties":{"OBJECTID":898,"GlobalID":"f821c4d9-d529-4ba1-a35f-5459766dcc93","CreationDate":"Thu, 14 Jan 2021 21:01:55 GMT","Creator":"epowell2_townofchapelhill","EditDate":"Fri, 15 Jan 2021 15:52:35 GMT","Editor":"dalmond","ResourceType":"0","ParkingType":"Wave","Capacity":9,"Condition":"Excellent","Lighting":"Yes","WxProtect":"No","LandUse":"Commercial","DistanceBusStop":537,"Notes":null,"Availability":"Public","AccessRating":"Medium","VizRating":"Very high"}},{"type":"Feature","id":899,"geometry":{"type":"Point","coordinates":[-79.0194516613035,35.9434707152892]},"properties":{"OBJECTID":899,"GlobalID":"bdc74455-c5da-4d3c-af2a-1a141b4227ae","CreationDate":"Thu, 14 Jan 2021 21:01:55 GMT","Creator":"epowell2_townofchapelhill","EditDate":"Fri, 15 Jan 2021 15:52:35 GMT","Editor":"dalmond","ResourceType":"0","ParkingType":"Wave","Capacity":3,"Condition":"Excellent","Lighting":"Yes","WxProtect":"Yes","LandUse":"Commercial","DistanceBusStop":498,"Notes":null,"Availability":"Public","AccessRating":"Medium","VizRating":"Low"}},{"type":"Feature","id":900,"geometry":{"type":"Point","coordinates":[-79.0238548632631,35.9429648589836]},"properties":{"OBJECTID":900,"GlobalID":"ca336017-9346-4e0c-9b50-f8eb6c67ed02","CreationDate":"Thu, 14 Jan 2021 21:01:55 GMT","Creator":"epowell2_townofchapelhill","EditDate":"Fri, 15 Jan 2021 15:52:35 GMT","Editor":"dalmond","ResourceType":"0","ParkingType":"Wave","Capacity":5,"Condition":"Excellent","Lighting":"No","WxProtect":"No","LandUse":"Mid residential","DistanceBusStop":686,"Notes":null,"Availability":"Public","AccessRating":"Very high","VizRating":"Very high"}},{"type":"Feature","id":901,"geometry":{"type":"Point","coordinates":[-79.0253749852003,35.942572186294]},"properties":{"OBJECTID":901,"GlobalID":"5ba96224-a542-4e93-a27a-7d535e6fdc08","CreationDate":"Thu, 14 Jan 2021 21:01:55 GMT","Creator":"epowell2_townofchapelhill","EditDate":"Fri, 15 Jan 2021 15:52:35 GMT","Editor":"dalmond","ResourceType":"0","ParkingType":"Wave","Capacity":5,"Condition":"Excellent","Lighting":"Yes","WxProtect":"Yes","LandUse":"Mid residential","DistanceBusStop":1116,"Notes":null,"Availability":"Public","AccessRating":"Very high","VizRating":"High"}},{"type":"Feature","id":902,"geometry":{"type":"Point","coordinates":[-79.0295467488034,35.9354516851503]},"properties":{"OBJECTID":902,"GlobalID":"8635bb58-4dc2-45f1-8d38-dd3a997c353e","CreationDate":"Thu, 14 Jan 2021 21:01:55 GMT","Creator":"epowell2_townofchapelhill","EditDate":"Fri, 15 Jan 2021 15:52:35 GMT","Editor":"dalmond","ResourceType":"0","ParkingType":"Wave","Capacity":5,"Condition":"Excellent","Lighting":"Yes","WxProtect":"Yes","LandUse":"Commercial","DistanceBusStop":433,"Notes":null,"Availability":"Public","AccessRating":"Low","VizRating":"High"}},{"type":"Feature","id":903,"geometry":{"type":"Point","coordinates":[-79.0291176586264,35.9376237577378]},"properties":{"OBJECTID":903,"GlobalID":"d24aab8c-f258-4cfe-9fe0-d18c665f4524","CreationDate":"Thu, 14 Jan 2021 21:01:55 GMT","Creator":"epowell2_townofchapelhill","EditDate":"Fri, 15 Jan 2021 15:52:35 GMT","Editor":"dalmond","ResourceType":"0","ParkingType":"Double grid","Capacity":7,"Condition":"Fair","Lighting":"No","WxProtect":"No","LandUse":"Mid residential","DistanceBusStop":992,"Notes":null,"Availability":"Public","AccessRating":"Very high","VizRating":"High"}},{"type":"Feature","id":904,"geometry":{"type":"Point","coordinates":[-79.0309514821424,35.9362463561829]},"properties":{"OBJECTID":904,"GlobalID":"a65860ac-440c-4858-b32f-53db4540a4ad","CreationDate":"Thu, 14 Jan 2021 21:01:55 GMT","Creator":"epowell2_townofchapelhill","EditDate":"Fri, 15 Jan 2021 15:52:35 GMT","Editor":"dalmond","ResourceType":"0","ParkingType":"Toast","Capacity":8,"Condition":"Excellent","Lighting":"No","WxProtect":"No","LandUse":"Institutional","DistanceBusStop":713,"Notes":null,"Availability":"Public","AccessRating":"Medium","VizRating":"Low"}},{"type":"Feature","id":905,"geometry":{"type":"Point","coordinates":[-79.0314960525457,35.9337984014868]},"properties":{"OBJECTID":905,"GlobalID":"855c19ad-5795-4a6f-8d44-ebecfa451f52","CreationDate":"Thu, 14 Jan 2021 21:01:55 GMT","Creator":"epowell2_townofchapelhill","EditDate":"Fri, 15 Jan 2021 15:52:35 GMT","Editor":"dalmond","ResourceType":"0","ParkingType":"Wave","Capacity":3,"Condition":"Excellent","Lighting":"No","WxProtect":"No","LandUse":"Office","DistanceBusStop":415,"Notes":"Out of service at time of picture (12/11/2020)","Availability":"Public","AccessRating":"Low","VizRating":"High"}},{"type":"Feature","id":906,"geometry":{"type":"Point","coordinates":[-79.0320745082999,35.9329887744078]},"properties":{"OBJECTID":906,"GlobalID":"67273ece-11d4-4761-bd59-5b50d5235702","CreationDate":"Thu, 14 Jan 2021 21:01:55 GMT","Creator":"epowell2_townofchapelhill","EditDate":"Fri, 15 Jan 2021 15:52:35 GMT","Editor":"dalmond","ResourceType":"0","ParkingType":"Double grid","Capacity":4,"Condition":"Excellent","Lighting":"No","WxProtect":"No","LandUse":"Mid residential","DistanceBusStop":90,"Notes":null,"Availability":"Public","AccessRating":"Very high","VizRating":"Super high"}},{"type":"Feature","id":907,"geometry":{"type":"Point","coordinates":[-79.0323683625007,35.9329430337708]},"properties":{"OBJECTID":907,"GlobalID":"c367975d-3d3f-430d-b182-c7a54debdcde","CreationDate":"Thu, 14 Jan 2021 21:01:55 GMT","Creator":"epowell2_townofchapelhill","EditDate":"Fri, 15 Jan 2021 15:52:35 GMT","Editor":"dalmond","ResourceType":"0","ParkingType":"Wave","Capacity":5,"Condition":"Excellent","Lighting":"No","WxProtect":"No","LandUse":"Mid residential","DistanceBusStop":11,"Notes":null,"Availability":"Public","AccessRating":"Very high","VizRating":"Super high"}},{"type":"Feature","id":908,"geometry":{"type":"Point","coordinates":[-79.0337303495069,35.9313357985632]},"properties":{"OBJECTID":908,"GlobalID":"3eae24cc-e0a8-4fa8-9337-1fa534fd0c7f","CreationDate":"Thu, 14 Jan 2021 21:01:55 GMT","Creator":"epowell2_townofchapelhill","EditDate":"Fri, 15 Jan 2021 15:52:35 GMT","Editor":"dalmond","ResourceType":"0","ParkingType":"Toast","Capacity":6,"Condition":"Excellent","Lighting":"Yes","WxProtect":"No","LandUse":"Commercial","DistanceBusStop":117,"Notes":null,"Availability":"Public","AccessRating":"Medium","VizRating":"Medium"}},{"type":"Feature","id":909,"geometry":{"type":"Point","coordinates":[-79.0311831648407,35.9323369163707]},"properties":{"OBJECTID":909,"GlobalID":"8c063676-8f7e-4256-8a07-b8816effd539","CreationDate":"Thu, 14 Jan 2021 21:01:55 GMT","Creator":"epowell2_townofchapelhill","EditDate":"Fri, 15 Jan 2021 15:52:35 GMT","Editor":"dalmond","ResourceType":"0","ParkingType":"Grid","Capacity":6,"Condition":"Fair","Lighting":"No","WxProtect":"No","LandUse":"Office","DistanceBusStop":382,"Notes":null,"Availability":"Public","AccessRating":"Low","VizRating":"Very high"}},{"type":"Feature","id":910,"geometry":{"type":"Point","coordinates":[-79.0292175162517,35.9319594163747]},"properties":{"OBJECTID":910,"GlobalID":"4d0eb04f-00f1-4c44-9aca-20b807fccb56","CreationDate":"Thu, 14 Jan 2021 21:01:55 GMT","Creator":"epowell2_townofchapelhill","EditDate":"Fri, 15 Jan 2021 15:52:35 GMT","Editor":"dalmond","ResourceType":"0","ParkingType":"Simple grid","Capacity":6,"Condition":"Fair","Lighting":"No","WxProtect":"No","LandUse":"Mid residential","DistanceBusStop":993,"Notes":null,"Availability":"Public","AccessRating":"Super high","VizRating":"Very high"}},{"type":"Feature","id":911,"geometry":{"type":"Point","coordinates":[-79.0288704934642,35.9315007553965]},"properties":{"OBJECTID":911,"GlobalID":"95ccb3dd-fd90-49cc-9afc-b101c02cf1f3","CreationDate":"Thu, 14 Jan 2021 21:01:55 GMT","Creator":"epowell2_townofchapelhill","EditDate":"Fri, 15 Jan 2021 15:52:35 GMT","Editor":"dalmond","ResourceType":"0","ParkingType":"Simple grid","Capacity":6,"Condition":"Excellent","Lighting":"No","WxProtect":"No","LandUse":"Mid residential","DistanceBusStop":1062,"Notes":null,"Availability":"Public","AccessRating":"Super high","VizRating":"Super high"}},{"type":"Feature","id":912,"geometry":{"type":"Point","coordinates":[-79.0308955790839,35.931494352243]},"properties":{"OBJECTID":912,"GlobalID":"a501d2c1-66dc-4076-baf2-3c3c9ac3b0a8","CreationDate":"Thu, 14 Jan 2021 21:01:55 GMT","Creator":"epowell2_townofchapelhill","EditDate":"Fri, 15 Jan 2021 15:52:35 GMT","Editor":"dalmond","ResourceType":"0","ParkingType":"Double grid","Capacity":10,"Condition":"Excellent","Lighting":"Yes","WxProtect":"No","LandUse":"Mid residential","DistanceBusStop":990,"Notes":null,"Availability":"Public","AccessRating":"Super high","VizRating":"Very high"}},{"type":"Feature","id":913,"geometry":{"type":"Point","coordinates":[-79.0322442997701,35.9290440987296]},"properties":{"OBJECTID":913,"GlobalID":"67ec739e-06c1-40f4-be40-232aeeecc23c","CreationDate":"Thu, 14 Jan 2021 21:01:55 GMT","Creator":"epowell2_townofchapelhill","EditDate":"Fri, 15 Jan 2021 15:52:35 GMT","Editor":"dalmond","ResourceType":"0","ParkingType":"Wave","Capacity":3,"Condition":"Excellent","Lighting":"Yes","WxProtect":"Yes","LandUse":"Mid residential","DistanceBusStop":665,"Notes":null,"Availability":"Public","AccessRating":"Low","VizRating":"Very low"}},{"type":"Feature","id":914,"geometry":{"type":"Point","coordinates":[-79.0306286204428,35.9294867114791]},"properties":{"OBJECTID":914,"GlobalID":"bf1244a2-ea98-4b8c-8f52-3b58d8c93469","CreationDate":"Thu, 14 Jan 2021 21:01:55 GMT","Creator":"epowell2_townofchapelhill","EditDate":"Fri, 15 Jan 2021 15:52:35 GMT","Editor":"dalmond","ResourceType":"0","ParkingType":"Simple grid","Capacity":6,"Condition":"Excellent","Lighting":"Yes","WxProtect":"No","LandUse":"Office","DistanceBusStop":656,"Notes":null,"Availability":"Public","AccessRating":"Medium","VizRating":"Medium"}},{"type":"Feature","id":915,"geometry":{"type":"Point","coordinates":[-79.0339290281017,35.9295261955558]},"properties":{"OBJECTID":915,"GlobalID":"a36bce6a-fe74-4e06-b6c3-8aa141f76ac9","CreationDate":"Thu, 14 Jan 2021 21:01:55 GMT","Creator":"epowell2_townofchapelhill","EditDate":"Fri, 15 Jan 2021 15:52:35 GMT","Editor":"dalmond","ResourceType":"0","ParkingType":"Inverted U","Capacity":6,"Condition":"Excellent","Lighting":"Yes","WxProtect":"No","LandUse":"Commercial","DistanceBusStop":305,"Notes":null,"Availability":"Public","AccessRating":"Low","VizRating":"Medium"}},{"type":"Feature","id":916,"geometry":{"type":"Point","coordinates":[-79.0325774759258,35.9312112869528]},"properties":{"OBJECTID":916,"GlobalID":"8db8a366-feeb-4db9-8fb3-1d3541056d8a","CreationDate":"Thu, 14 Jan 2021 21:01:55 GMT","Creator":"epowell2_townofchapelhill","EditDate":"Fri, 15 Jan 2021 15:52:35 GMT","Editor":"dalmond","ResourceType":"0","ParkingType":"Double grid","Capacity":6,"Condition":"Fair","Lighting":"Yes","WxProtect":"Yes","LandUse":"Office","DistanceBusStop":49,"Notes":null,"Availability":"Public","AccessRating":"Low","VizRating":"Very low"}},{"type":"Feature","id":917,"geometry":{"type":"Point","coordinates":[-79.0284849724769,35.9337571055021]},"properties":{"OBJECTID":917,"GlobalID":"22d1819e-0189-464c-9cf2-a7464d5c5d6c","CreationDate":"Thu, 14 Jan 2021 21:01:55 GMT","Creator":"epowell2_townofchapelhill","EditDate":"Fri, 15 Jan 2021 15:52:35 GMT","Editor":"dalmond","ResourceType":"0","ParkingType":"Toast","Capacity":2,"Condition":"Excellent","Lighting":"Yes","WxProtect":"Yes","LandUse":"Office","DistanceBusStop":169,"Notes":null,"Availability":"Public","AccessRating":"Low","VizRating":"Very high"}},{"type":"Feature","id":918,"geometry":{"type":"Point","coordinates":[-79.0273343168362,35.9337373823432]},"properties":{"OBJECTID":918,"GlobalID":"2894ed42-f8cf-4676-88d5-e8a272039ded","CreationDate":"Thu, 14 Jan 2021 21:01:55 GMT","Creator":"epowell2_townofchapelhill","EditDate":"Fri, 15 Jan 2021 15:52:35 GMT","Editor":"dalmond","ResourceType":"0","ParkingType":"Inverted U","Capacity":4,"Condition":"Excellent","Lighting":"No","WxProtect":"No","LandUse":"Commercial","DistanceBusStop":331,"Notes":null,"Availability":"Public","AccessRating":"High","VizRating":"Super high"}},{"type":"Feature","id":919,"geometry":{"type":"Point","coordinates":[-79.0270343109723,35.9344292741617]},"properties":{"OBJECTID":919,"GlobalID":"fbadcd65-ab71-48ba-9ddb-0438beb84e9f","CreationDate":"Thu, 14 Jan 2021 21:01:55 GMT","Creator":"epowell2_townofchapelhill","EditDate":"Fri, 15 Jan 2021 15:52:35 GMT","Editor":"dalmond","ResourceType":"0","ParkingType":"Simple grid","Capacity":7,"Condition":"Excellent","Lighting":"Yes","WxProtect":"No","LandUse":"Commercial","DistanceBusStop":666,"Notes":null,"Availability":"Public","AccessRating":"Low","VizRating":"Super high"}},{"type":"Feature","id":920,"geometry":{"type":"Point","coordinates":[-79.0273596169879,35.9354305200851]},"properties":{"OBJECTID":920,"GlobalID":"2eeb6488-ecda-4cf7-a415-b3373c053373","CreationDate":"Thu, 14 Jan 2021 21:01:55 GMT","Creator":"epowell2_townofchapelhill","EditDate":"Fri, 15 Jan 2021 15:52:35 GMT","Editor":"dalmond","ResourceType":"0","ParkingType":"Inverted U","Capacity":2,"Condition":"Excellent","Lighting":"Yes","WxProtect":"No","LandUse":"Commercial","DistanceBusStop":683,"Notes":null,"Availability":"Public","AccessRating":"Medium","VizRating":"Low"}},{"type":"Feature","id":921,"geometry":{"type":"Point","coordinates":[-79.0271653455279,35.9358086690252]},"properties":{"OBJECTID":921,"GlobalID":"f176d5a2-bfc0-499a-8f24-55b53497d67d","CreationDate":"Thu, 14 Jan 2021 21:01:55 GMT","Creator":"epowell2_townofchapelhill","EditDate":"Fri, 15 Jan 2021 15:52:35 GMT","Editor":"dalmond","ResourceType":"0","ParkingType":"Other","Capacity":2,"Condition":"Excellent","Lighting":"No","WxProtect":"No","LandUse":"Commercial","DistanceBusStop":499,"Notes":null,"Availability":"Public","AccessRating":"Low","VizRating":"Low"}},{"type":"Feature","id":922,"geometry":{"type":"Point","coordinates":[-79.026895666788,35.935348516769]},"properties":{"OBJECTID":922,"GlobalID":"09c6da5e-cb12-4636-8c4c-6ed858ea9956","CreationDate":"Thu, 14 Jan 2021 21:01:55 GMT","Creator":"epowell2_townofchapelhill","EditDate":"Fri, 15 Jan 2021 15:52:35 GMT","Editor":"dalmond","ResourceType":"0","ParkingType":"Inverted U","Capacity":2,"Condition":"Excellent","Lighting":"Yes","WxProtect":"No","LandUse":"Commercial","DistanceBusStop":775,"Notes":null,"Availability":"Public","AccessRating":"Medium","VizRating":"Low"}},{"type":"Feature","id":923,"geometry":{"type":"Point","coordinates":[-79.028399393573,35.9350276757862]},"properties":{"OBJECTID":923,"GlobalID":"c52d6204-4e6c-4e7e-a73b-ac377e12d0c4","CreationDate":"Thu, 14 Jan 2021 21:01:55 GMT","Creator":"epowell2_townofchapelhill","EditDate":"Fri, 15 Jan 2021 15:52:35 GMT","Editor":"dalmond","ResourceType":"0","ParkingType":"Inverted U","Capacity":6,"Condition":"Excellent","Lighting":"No","WxProtect":"No","LandUse":"Commercial","DistanceBusStop":353,"Notes":null,"Availability":"Public","AccessRating":"High","VizRating":"Very high"}},{"type":"Feature","id":924,"geometry":{"type":"Point","coordinates":[-79.0282337208784,35.9348474395507]},"properties":{"OBJECTID":924,"GlobalID":"906fce85-3576-4e96-acbd-4aaf8870627b","CreationDate":"Thu, 14 Jan 2021 21:01:55 GMT","Creator":"epowell2_townofchapelhill","EditDate":"Fri, 15 Jan 2021 15:52:35 GMT","Editor":"dalmond","ResourceType":"0","ParkingType":"Inverted U","Capacity":6,"Condition":"Excellent","Lighting":"Yes","WxProtect":"Yes","LandUse":"Commercial","DistanceBusStop":240,"Notes":null,"Availability":"Public","AccessRating":"Medium","VizRating":"Very high"}},{"type":"Feature","id":925,"geometry":{"type":"Point","coordinates":[-79.0265855216396,35.9335498127895]},"properties":{"OBJECTID":925,"GlobalID":"a844a054-15ce-4ae5-bdbe-2763ab6fd071","CreationDate":"Thu, 14 Jan 2021 21:01:55 GMT","Creator":"epowell2_townofchapelhill","EditDate":"Fri, 15 Jan 2021 15:52:35 GMT","Editor":"dalmond","ResourceType":"0","ParkingType":"Inverted U","Capacity":6,"Condition":"Excellent","Lighting":"Yes","WxProtect":"No","LandUse":"Mixed-use","DistanceBusStop":675,"Notes":null,"Availability":"Public","AccessRating":"Medium","VizRating":"Very high"}},{"type":"Feature","id":926,"geometry":{"type":"Point","coordinates":[-79.0266295813093,35.9336890723661]},"properties":{"OBJECTID":926,"GlobalID":"6443d703-38d2-4db1-841e-fb4132340221","CreationDate":"Thu, 14 Jan 2021 21:01:55 GMT","Creator":"epowell2_townofchapelhill","EditDate":"Fri, 15 Jan 2021 15:52:35 GMT","Editor":"dalmond","ResourceType":"0","ParkingType":"Inverted U","Capacity":8,"Condition":"Excellent","Lighting":"Yes","WxProtect":"No","LandUse":"Mixed-use","DistanceBusStop":629,"Notes":null,"Availability":"Public","AccessRating":"Medium","VizRating":"Very high"}},{"type":"Feature","id":927,"geometry":{"type":"Point","coordinates":[-79.0267532748323,35.9338393686824]},"properties":{"OBJECTID":927,"GlobalID":"b679ed9c-7c6b-4c72-8e32-46c62d4f089f","CreationDate":"Thu, 14 Jan 2021 21:01:55 GMT","Creator":"epowell2_townofchapelhill","EditDate":"Fri, 15 Jan 2021 15:52:35 GMT","Editor":"dalmond","ResourceType":"0","ParkingType":"Inverted U","Capacity":6,"Condition":"Excellent","Lighting":"Yes","WxProtect":"No","LandUse":"Mixed-use","DistanceBusStop":565,"Notes":null,"Availability":"Public","AccessRating":"Medium","VizRating":"Very high"}},{"type":"Feature","id":929,"geometry":{"type":"Point","coordinates":[-79.0277139089427,35.9333402246931]},"properties":{"OBJECTID":929,"GlobalID":"f1327015-bc74-4236-a94e-fe5664296586","CreationDate":"Thu, 14 Jan 2021 21:01:55 GMT","Creator":"epowell2_townofchapelhill","EditDate":"Fri, 15 Jan 2021 15:52:35 GMT","Editor":"dalmond","ResourceType":"0","ParkingType":"Inverted U","Capacity":8,"Condition":"Excellent","Lighting":"Yes","WxProtect":"No","LandUse":"Mixed-use","DistanceBusStop":164,"Notes":null,"Availability":"Public","AccessRating":"Medium","VizRating":"High"}},{"type":"Feature","id":930,"geometry":{"type":"Point","coordinates":[-79.0279705306699,35.933127669834]},"properties":{"OBJECTID":930,"GlobalID":"5893d78a-201f-4108-a36b-8a331c6b3945","CreationDate":"Thu, 14 Jan 2021 21:01:55 GMT","Creator":"epowell2_townofchapelhill","EditDate":"Fri, 15 Jan 2021 15:52:35 GMT","Editor":"dalmond","ResourceType":"0","ParkingType":"Inverted U","Capacity":6,"Condition":"Excellent","Lighting":"Yes","WxProtect":"No","LandUse":"Mixed-use","DistanceBusStop":1,"Notes":null,"Availability":"Public","AccessRating":"High","VizRating":"High"}},{"type":"Feature","id":931,"geometry":{"type":"Point","coordinates":[-79.0279021473172,35.9327849136002]},"properties":{"OBJECTID":931,"GlobalID":"3343a03d-1353-4407-ad20-268f87c8fb12","CreationDate":"Thu, 14 Jan 2021 21:01:55 GMT","Creator":"epowell2_townofchapelhill","EditDate":"Fri, 15 Jan 2021 15:52:35 GMT","Editor":"dalmond","ResourceType":"0","ParkingType":"Inverted U","Capacity":10,"Condition":"Excellent","Lighting":"Yes","WxProtect":"No","LandUse":"Mixed-use","DistanceBusStop":84,"Notes":null,"Availability":"Public","AccessRating":"Medium","VizRating":"Very high"}},{"type":"Feature","id":932,"geometry":{"type":"Point","coordinates":[-79.0273153938247,35.9328142252018]},"properties":{"OBJECTID":932,"GlobalID":"78513afd-0825-4dbd-8000-1a4425182e1c","CreationDate":"Thu, 14 Jan 2021 21:01:55 GMT","Creator":"epowell2_townofchapelhill","EditDate":"Fri, 15 Jan 2021 15:52:35 GMT","Editor":"dalmond","ResourceType":"0","ParkingType":"Simple grid","Capacity":6,"Condition":"Excellent","Lighting":"Yes","WxProtect":"No","LandUse":"Commercial","DistanceBusStop":837,"Notes":null,"Availability":"Public","AccessRating":"Medium","VizRating":"Very high"}},{"type":"Feature","id":933,"geometry":{"type":"Point","coordinates":[-79.0252697340901,35.9313291495404]},"properties":{"OBJECTID":933,"GlobalID":"425786b8-133a-4937-9063-00f3865e9b67","CreationDate":"Thu, 14 Jan 2021 21:01:55 GMT","Creator":"epowell2_townofchapelhill","EditDate":"Fri, 15 Jan 2021 15:52:35 GMT","Editor":"dalmond","ResourceType":"0","ParkingType":"Grid","Capacity":8,"Condition":"Excellent","Lighting":"No","WxProtect":"No","LandUse":"Commercial","DistanceBusStop":203,"Notes":null,"Availability":"Public","AccessRating":"Low","VizRating":"Very low"}},{"type":"Feature","id":934,"geometry":{"type":"Point","coordinates":[-79.0263445314966,35.9324943908019]},"properties":{"OBJECTID":934,"GlobalID":"a9f850d1-eb0b-45da-a505-33676e1e43b3","CreationDate":"Thu, 14 Jan 2021 21:01:55 GMT","Creator":"epowell2_townofchapelhill","EditDate":"Fri, 15 Jan 2021 15:52:35 GMT","Editor":"dalmond","ResourceType":"0","ParkingType":"Double grid","Capacity":3,"Condition":"Excellent","Lighting":"Yes","WxProtect":"Yes","LandUse":"Commercial","DistanceBusStop":532,"Notes":null,"Availability":"Public","AccessRating":"Medium","VizRating":"Very high"}},{"type":"Feature","id":935,"geometry":{"type":"Point","coordinates":[-79.0257492835348,35.9327841920479]},"properties":{"OBJECTID":935,"GlobalID":"6125250a-3ae7-4a6a-bcfa-41a8b90eb1ae","CreationDate":"Thu, 14 Jan 2021 21:01:55 GMT","Creator":"epowell2_townofchapelhill","EditDate":"Fri, 15 Jan 2021 15:52:35 GMT","Editor":"dalmond","ResourceType":"0","ParkingType":"Inverted U","Capacity":6,"Condition":"Excellent","Lighting":"Yes","WxProtect":"Yes","LandUse":"Commercial","DistanceBusStop":328,"Notes":null,"Availability":"Public","AccessRating":"High","VizRating":"Very high"}},{"type":"Feature","id":936,"geometry":{"type":"Point","coordinates":[-79.025585729966,35.9328753330698]},"properties":{"OBJECTID":936,"GlobalID":"2e563e28-4efc-4ed9-9ed0-e1b146fad2b8","CreationDate":"Thu, 14 Jan 2021 21:01:55 GMT","Creator":"epowell2_townofchapelhill","EditDate":"Fri, 15 Jan 2021 15:52:35 GMT","Editor":"dalmond","ResourceType":"0","ParkingType":"Inverted U","Capacity":16,"Condition":"Excellent","Lighting":"No","WxProtect":"No","LandUse":"Commercial","DistanceBusStop":270,"Notes":null,"Availability":"Public","AccessRating":"High","VizRating":"Super high"}},{"type":"Feature","id":937,"geometry":{"type":"Point","coordinates":[-79.0242874487848,35.9332294089276]},"properties":{"OBJECTID":937,"GlobalID":"440a3822-8036-40f1-8ec6-4a7df509c0b0","CreationDate":"Thu, 14 Jan 2021 21:01:55 GMT","Creator":"epowell2_townofchapelhill","EditDate":"Fri, 15 Jan 2021 15:52:35 GMT","Editor":"dalmond","ResourceType":"0","ParkingType":"Other","Capacity":4,"Condition":"Excellent","Lighting":"Yes","WxProtect":"No","LandUse":"High residential","DistanceBusStop":952,"Notes":null,"Availability":"Public","AccessRating":"High","VizRating":"High"}},{"type":"Feature","id":938,"geometry":{"type":"Point","coordinates":[-79.0247435117764,35.9333961620398]},"properties":{"OBJECTID":938,"GlobalID":"e86194f6-1585-4f70-959c-4df92ea23652","CreationDate":"Thu, 14 Jan 2021 21:01:55 GMT","Creator":"epowell2_townofchapelhill","EditDate":"Fri, 15 Jan 2021 15:52:35 GMT","Editor":"dalmond","ResourceType":"0","ParkingType":"Other","Capacity":6,"Condition":"Excellent","Lighting":"Yes","WxProtect":"Yes","LandUse":"High residential","DistanceBusStop":1009,"Notes":null,"Availability":"Public","AccessRating":"Medium","VizRating":"High"}},{"type":"Feature","id":941,"geometry":{"type":"Point","coordinates":[-79.024243904748,35.9335078853225]},"properties":{"OBJECTID":941,"GlobalID":"c9eab993-da17-48a6-a203-07194826b29f","CreationDate":"Thu, 14 Jan 2021 21:01:55 GMT","Creator":"epowell2_townofchapelhill","EditDate":"Fri, 15 Jan 2021 15:52:35 GMT","Editor":"dalmond","ResourceType":"0","ParkingType":"Other","Capacity":4,"Condition":"Excellent","Lighting":"Yes","WxProtect":"No","LandUse":"High residential","DistanceBusStop":904,"Notes":null,"Availability":"Public","AccessRating":"High","VizRating":"High"}},{"type":"Feature","id":942,"geometry":{"type":"Point","coordinates":[-79.0249467017105,35.9353159417695]},"properties":{"OBJECTID":942,"GlobalID":"6637fb31-822a-4688-89ca-b6635108ba21","CreationDate":"Thu, 14 Jan 2021 21:01:55 GMT","Creator":"epowell2_townofchapelhill","EditDate":"Fri, 15 Jan 2021 15:52:35 GMT","Editor":"dalmond","ResourceType":"0","ParkingType":"Inverted U","Capacity":8,"Condition":"Excellent","Lighting":"Yes","WxProtect":"No","LandUse":"Commercial","DistanceBusStop":912,"Notes":null,"Availability":"Public","AccessRating":"High","VizRating":"Medium"}},{"type":"Feature","id":943,"geometry":{"type":"Point","coordinates":[-79.025517328647,35.9354902767033]},"properties":{"OBJECTID":943,"GlobalID":"87c9eebb-d097-4f23-ae7c-50184e991bf8","CreationDate":"Thu, 14 Jan 2021 21:01:55 GMT","Creator":"epowell2_townofchapelhill","EditDate":"Fri, 15 Jan 2021 15:52:35 GMT","Editor":"dalmond","ResourceType":"0","ParkingType":"Inverted U","Capacity":8,"Condition":"Excellent","Lighting":"Yes","WxProtect":"No","LandUse":"Commercial","DistanceBusStop":705,"Notes":null,"Availability":"Public","AccessRating":"High","VizRating":"High"}},{"type":"Feature","id":944,"geometry":{"type":"Point","coordinates":[-79.0260988278933,35.9354524888684]},"properties":{"OBJECTID":944,"GlobalID":"b2eeb208-e1f4-4c92-a477-7404e8c17994","CreationDate":"Thu, 14 Jan 2021 21:01:55 GMT","Creator":"epowell2_townofchapelhill","EditDate":"Fri, 15 Jan 2021 15:52:35 GMT","Editor":"dalmond","ResourceType":"0","ParkingType":"Inverted U","Capacity":6,"Condition":"Excellent","Lighting":"Yes","WxProtect":"No","LandUse":"Commercial","DistanceBusStop":637,"Notes":null,"Availability":"Public","AccessRating":"High","VizRating":"Low"}},{"type":"Feature","id":945,"geometry":{"type":"Point","coordinates":[-79.0263101790218,35.9363367898768]},"properties":{"OBJECTID":945,"GlobalID":"69bfb349-942a-482b-954a-22d60e47e34f","CreationDate":"Thu, 14 Jan 2021 21:01:55 GMT","Creator":"epowell2_townofchapelhill","EditDate":"Fri, 15 Jan 2021 15:52:35 GMT","Editor":"dalmond","ResourceType":"0","ParkingType":"Inverted U","Capacity":6,"Condition":"Excellent","Lighting":"No","WxProtect":"No","LandUse":"Commercial","DistanceBusStop":210,"Notes":null,"Availability":"Public","AccessRating":"Medium","VizRating":"Low"}},{"type":"Feature","id":946,"geometry":{"type":"Point","coordinates":[-79.0247289842216,35.9370182464552]},"properties":{"OBJECTID":946,"GlobalID":"01d50480-9778-4324-bb5a-c049fd10331b","CreationDate":"Thu, 14 Jan 2021 21:01:55 GMT","Creator":"epowell2_townofchapelhill","EditDate":"Fri, 15 Jan 2021 15:52:35 GMT","Editor":"dalmond","ResourceType":"0","ParkingType":"Inverted U","Capacity":2,"Condition":"Excellent","Lighting":"Yes","WxProtect":"No","LandUse":"Commercial","DistanceBusStop":821,"Notes":null,"Availability":"Public","AccessRating":"Medium","VizRating":"Medium"}},{"type":"Feature","id":947,"geometry":{"type":"Point","coordinates":[-79.0246090797925,35.9370264318525]},"properties":{"OBJECTID":947,"GlobalID":"7bafa6ce-0f35-4be3-89dd-b703bb446195","CreationDate":"Thu, 14 Jan 2021 21:01:55 GMT","Creator":"epowell2_townofchapelhill","EditDate":"Fri, 15 Jan 2021 15:52:35 GMT","Editor":"dalmond","ResourceType":"0","ParkingType":"Inverted U","Capacity":4,"Condition":"Excellent","Lighting":"Yes","WxProtect":"No","LandUse":"Commercial","DistanceBusStop":921,"Notes":null,"Availability":"Public","AccessRating":"Medium","VizRating":"Low"}},{"type":"Feature","id":948,"geometry":{"type":"Point","coordinates":[-79.0243770215984,35.9365346948196]},"properties":{"OBJECTID":948,"GlobalID":"d10949c7-5ad1-4fcd-8403-bdfc572f8aea","CreationDate":"Thu, 14 Jan 2021 21:01:55 GMT","Creator":"epowell2_townofchapelhill","EditDate":"Fri, 15 Jan 2021 15:52:35 GMT","Editor":"dalmond","ResourceType":"0","ParkingType":"Inverted U","Capacity":6,"Condition":"Excellent","Lighting":"Yes","WxProtect":"Yes","LandUse":"Commercial","DistanceBusStop":850,"Notes":null,"Availability":"Public","AccessRating":"Medium","VizRating":"Medium"}},{"type":"Feature","id":949,"geometry":{"type":"Point","coordinates":[-79.0238843495639,35.9362887644232]},"properties":{"OBJECTID":949,"GlobalID":"25387967-122a-4870-853a-149a3feaf24b","CreationDate":"Thu, 14 Jan 2021 21:01:55 GMT","Creator":"epowell2_townofchapelhill","EditDate":"Fri, 15 Jan 2021 15:52:35 GMT","Editor":"dalmond","ResourceType":"0","ParkingType":"Other","Capacity":2,"Condition":"Excellent","Lighting":"Yes","WxProtect":"No","LandUse":"Commercial","DistanceBusStop":685,"Notes":null,"Availability":"Public","AccessRating":"Medium","VizRating":"Very high"}},{"type":"Feature","id":950,"geometry":{"type":"Point","coordinates":[-79.024013086229,35.9363013822995]},"properties":{"OBJECTID":950,"GlobalID":"e9e14ed4-3bd1-4114-9fca-be38ad0a99c1","CreationDate":"Thu, 14 Jan 2021 21:01:55 GMT","Creator":"epowell2_townofchapelhill","EditDate":"Fri, 15 Jan 2021 15:52:35 GMT","Editor":"dalmond","ResourceType":"0","ParkingType":"Other","Capacity":2,"Condition":"Excellent","Lighting":"Yes","WxProtect":"No","LandUse":"Commercial","DistanceBusStop":723,"Notes":null,"Availability":"Public","AccessRating":"Medium","VizRating":"Very high"}},{"type":"Feature","id":951,"geometry":{"type":"Point","coordinates":[-79.0239414716362,35.9357164127296]},"properties":{"OBJECTID":951,"GlobalID":"e8e7e9ec-4ae9-4d89-9ac4-45643baeebcb","CreationDate":"Thu, 14 Jan 2021 21:01:55 GMT","Creator":"epowell2_townofchapelhill","EditDate":"Fri, 15 Jan 2021 15:52:35 GMT","Editor":"dalmond","ResourceType":"0","ParkingType":"Other","Capacity":6,"Condition":"Excellent","Lighting":"No","WxProtect":"Yes","LandUse":"Commercial","DistanceBusStop":878,"Notes":null,"Availability":"Public","AccessRating":"Medium","VizRating":"Medium"}},{"type":"Feature","id":952,"geometry":{"type":"Point","coordinates":[-79.0212725805204,35.93576686495]},"properties":{"OBJECTID":952,"GlobalID":"22476045-fbf6-4a7e-9546-be44e3c568ec","CreationDate":"Thu, 14 Jan 2021 21:01:55 GMT","Creator":"epowell2_townofchapelhill","EditDate":"Fri, 15 Jan 2021 15:52:35 GMT","Editor":"dalmond","ResourceType":"0","ParkingType":"Double grid","Capacity":5,"Condition":"Excellent","Lighting":"No","WxProtect":"Yes","LandUse":"Office","DistanceBusStop":363,"Notes":null,"Availability":"Public","AccessRating":"Medium","VizRating":"Very low"}},{"type":"Feature","id":953,"geometry":{"type":"Point","coordinates":[-79.0206642962072,35.9359158713745]},"properties":{"OBJECTID":953,"GlobalID":"bce54c2e-9d2d-4699-b433-b42a09439690","CreationDate":"Thu, 14 Jan 2021 21:01:55 GMT","Creator":"epowell2_townofchapelhill","EditDate":"Fri, 15 Jan 2021 15:52:35 GMT","Editor":"dalmond","ResourceType":"0","ParkingType":"Inverted U","Capacity":4,"Condition":"Excellent","Lighting":"Yes","WxProtect":"No","LandUse":"Commercial","DistanceBusStop":560,"Notes":null,"Availability":"Public","AccessRating":"Low","VizRating":"Low"}},{"type":"Feature","id":954,"geometry":{"type":"Point","coordinates":[-79.0226845740435,35.9362527771349]},"properties":{"OBJECTID":954,"GlobalID":"f780509a-ac1f-467e-b847-dcfd1e4f64d9","CreationDate":"Thu, 14 Jan 2021 21:01:55 GMT","Creator":"epowell2_townofchapelhill","EditDate":"Fri, 15 Jan 2021 15:52:35 GMT","Editor":"dalmond","ResourceType":"0","ParkingType":"Inverted U","Capacity":4,"Condition":"Excellent","Lighting":"Yes","WxProtect":"Yes","LandUse":"Commercial","DistanceBusStop":884,"Notes":null,"Availability":"Public","AccessRating":"Low","VizRating":"Very low"}},{"type":"Feature","id":955,"geometry":{"type":"Point","coordinates":[-79.022649863141,35.9362329091307]},"properties":{"OBJECTID":955,"GlobalID":"01cc5d9a-813e-4200-926a-caa18fa5e4b0","CreationDate":"Thu, 14 Jan 2021 21:01:55 GMT","Creator":"epowell2_townofchapelhill","EditDate":"Fri, 15 Jan 2021 15:52:35 GMT","Editor":"dalmond","ResourceType":"2","ParkingType":null,"Capacity":null,"Condition":"Excellent","Lighting":"Yes","WxProtect":"Yes","LandUse":"Commercial","DistanceBusStop":872,"Notes":null,"Availability":"Public","AccessRating":"Low","VizRating":"Very low"}},{"type":"Feature","id":956,"geometry":{"type":"Point","coordinates":[-79.022615766686,35.9362128163735]},"properties":{"OBJECTID":956,"GlobalID":"523506d2-c4d4-43fd-92ef-482eff530132","CreationDate":"Thu, 14 Jan 2021 21:01:55 GMT","Creator":"epowell2_townofchapelhill","EditDate":"Fri, 15 Jan 2021 15:52:35 GMT","Editor":"dalmond","ResourceType":"1","ParkingType":null,"Capacity":1,"Condition":"Excellent","Lighting":"Yes","WxProtect":"Yes","LandUse":"Commercial","DistanceBusStop":859,"Notes":null,"Availability":"Public","AccessRating":"Low","VizRating":"Low"}},{"type":"Feature","id":957,"geometry":{"type":"Point","coordinates":[-79.0224799539915,35.936793651738]},"properties":{"OBJECTID":957,"GlobalID":"9d0b1fb8-4547-43f8-b25c-0666ba8b3a99","CreationDate":"Thu, 14 Jan 2021 21:01:55 GMT","Creator":"epowell2_townofchapelhill","EditDate":"Fri, 15 Jan 2021 15:52:35 GMT","Editor":"dalmond","ResourceType":"0","ParkingType":"Double grid","Capacity":6,"Condition":"Excellent","Lighting":"Yes","WxProtect":"No","LandUse":"Commercial","DistanceBusStop":778,"Notes":null,"Availability":"Public","AccessRating":"Low","VizRating":"Super high"}},{"type":"Feature","id":958,"geometry":{"type":"Point","coordinates":[-79.0224534527923,35.9379446078212]},"properties":{"OBJECTID":958,"GlobalID":"2ebf5679-16be-4edf-8b3a-a944a44c68f1","CreationDate":"Thu, 14 Jan 2021 21:01:55 GMT","Creator":"epowell2_townofchapelhill","EditDate":"Fri, 15 Jan 2021 15:52:35 GMT","Editor":"dalmond","ResourceType":"0","ParkingType":"Inverted U","Capacity":2,"Condition":"Excellent","Lighting":"No","WxProtect":"No","LandUse":"Commercial","DistanceBusStop":230,"Notes":null,"Availability":"Public","AccessRating":"Medium","VizRating":"High"}},{"type":"Feature","id":959,"geometry":{"type":"Point","coordinates":[-79.0224290240065,35.9379575039981]},"properties":{"OBJECTID":959,"GlobalID":"b747e7e5-c60a-4866-9e94-a8f8edd3f54d","CreationDate":"Thu, 14 Jan 2021 21:01:55 GMT","Creator":"epowell2_townofchapelhill","EditDate":"Fri, 15 Jan 2021 15:52:35 GMT","Editor":"dalmond","ResourceType":"1","ParkingType":null,"Capacity":1,"Condition":"Excellent","Lighting":"No","WxProtect":"Yes","LandUse":"Commercial","DistanceBusStop":232,"Notes":null,"Availability":"Public","AccessRating":"Medium","VizRating":"High"}},{"type":"Feature","id":960,"geometry":{"type":"Point","coordinates":[-79.021016399866,35.9390722789378]},"properties":{"OBJECTID":960,"GlobalID":"28011e7c-06d1-4203-a405-9e1422913846","CreationDate":"Thu, 14 Jan 2021 21:01:55 GMT","Creator":"epowell2_townofchapelhill","EditDate":"Fri, 15 Jan 2021 15:52:35 GMT","Editor":"dalmond","ResourceType":"0","ParkingType":"Other","Capacity":4,"Condition":"Excellent","Lighting":"Yes","WxProtect":"No","LandUse":"High residential","DistanceBusStop":142,"Notes":null,"Availability":"Public","AccessRating":"Medium","VizRating":"Very high"}},{"type":"Feature","id":961,"geometry":{"type":"Point","coordinates":[-79.0210463470026,35.9391054495135]},"properties":{"OBJECTID":961,"GlobalID":"46e03eee-03c2-448c-b198-ee61121d56d9","CreationDate":"Thu, 14 Jan 2021 21:01:55 GMT","Creator":"epowell2_townofchapelhill","EditDate":"Fri, 15 Jan 2021 15:52:35 GMT","Editor":"dalmond","ResourceType":"2","ParkingType":null,"Capacity":null,"Condition":"Excellent","Lighting":"Yes","WxProtect":"No","LandUse":"High residential","DistanceBusStop":144,"Notes":null,"Availability":"Public","AccessRating":"Medium","VizRating":"Very high"}},{"type":"Feature","id":962,"geometry":{"type":"Point","coordinates":[-79.0212334903308,35.9390677506844]},"properties":{"OBJECTID":962,"GlobalID":"4df0006f-2d74-4259-b823-9c551b5e1ffb","CreationDate":"Thu, 14 Jan 2021 21:01:55 GMT","Creator":"epowell2_townofchapelhill","EditDate":"Fri, 15 Jan 2021 15:52:35 GMT","Editor":"dalmond","ResourceType":"0","ParkingType":"Inverted U","Capacity":8,"Condition":"Excellent","Lighting":"Yes","WxProtect":"Yes","LandUse":"High residential","DistanceBusStop":199,"Notes":"Level 1","Availability":"Public","AccessRating":"Medium","VizRating":"Very low"}},{"type":"Feature","id":966,"geometry":{"type":"Point","coordinates":[-79.0213367938935,35.939373733042]},"properties":{"OBJECTID":966,"GlobalID":"f4fdc1c0-a011-4870-9881-fbe81ca65181","CreationDate":"Thu, 14 Jan 2021 21:01:55 GMT","Creator":"epowell2_townofchapelhill","EditDate":"Fri, 15 Jan 2021 15:52:35 GMT","Editor":"dalmond","ResourceType":"0","ParkingType":"Other","Capacity":4,"Condition":"Excellent","Lighting":"No","WxProtect":"Yes","LandUse":"High residential","DistanceBusStop":173,"Notes":null,"Availability":"Public","AccessRating":"Medium","VizRating":"Very high"}},{"type":"Feature","id":967,"geometry":{"type":"Point","coordinates":[-79.0215680256375,35.9393693400857]},"properties":{"OBJECTID":967,"GlobalID":"571183e0-fbef-443f-ad40-05f311420ac2","CreationDate":"Thu, 14 Jan 2021 21:01:55 GMT","Creator":"epowell2_townofchapelhill","EditDate":"Fri, 15 Jan 2021 15:52:35 GMT","Editor":"dalmond","ResourceType":"0","ParkingType":"Other","Capacity":2,"Condition":"Excellent","Lighting":"Yes","WxProtect":"No","LandUse":"High residential","DistanceBusStop":237,"Notes":null,"Availability":"Public","AccessRating":"Medium","VizRating":"Medium"}},{"type":"Feature","id":968,"geometry":{"type":"Point","coordinates":[-79.0221681721126,35.9388695102456]},"properties":{"OBJECTID":968,"GlobalID":"892d7c62-4d10-4ffc-94b7-28e54f34f084","CreationDate":"Thu, 14 Jan 2021 21:01:55 GMT","Creator":"epowell2_townofchapelhill","EditDate":"Fri, 15 Jan 2021 15:52:35 GMT","Editor":"dalmond","ResourceType":"0","ParkingType":"Other","Capacity":6,"Condition":"Excellent","Lighting":"Yes","WxProtect":"No","LandUse":"High residential","DistanceBusStop":318,"Notes":null,"Availability":"Public","AccessRating":"Medium","VizRating":"High"}},{"type":"Feature","id":969,"geometry":{"type":"Point","coordinates":[-79.0191248182705,35.9377728413951]},"properties":{"OBJECTID":969,"GlobalID":"1d37cf7f-ae7d-4f37-9e57-338343c41806","CreationDate":"Thu, 14 Jan 2021 21:01:55 GMT","Creator":"epowell2_townofchapelhill","EditDate":"Fri, 15 Jan 2021 15:52:35 GMT","Editor":"dalmond","ResourceType":"0","ParkingType":"Other","Capacity":6,"Condition":"Excellent","Lighting":"Yes","WxProtect":"No","LandUse":"High residential","DistanceBusStop":994,"Notes":null,"Availability":"Public","AccessRating":"High","VizRating":"Medium"}},{"type":"Feature","id":970,"geometry":{"type":"Point","coordinates":[-79.0192232511678,35.9380400777381]},"properties":{"OBJECTID":970,"GlobalID":"c37fee0b-9457-4a77-877a-c6455141820a","CreationDate":"Thu, 14 Jan 2021 21:01:55 GMT","Creator":"epowell2_townofchapelhill","EditDate":"Fri, 15 Jan 2021 15:52:35 GMT","Editor":"dalmond","ResourceType":"0","ParkingType":"Other","Capacity":6,"Condition":"Excellent","Lighting":"Yes","WxProtect":"No","LandUse":"High residential","DistanceBusStop":944,"Notes":null,"Availability":"Public","AccessRating":"High","VizRating":"High"}},{"type":"Feature","id":971,"geometry":{"type":"Point","coordinates":[-79.0167535767375,35.9401754260316]},"properties":{"OBJECTID":971,"GlobalID":"9c2072e7-d972-4a1c-bd0c-580db6636037","CreationDate":"Thu, 14 Jan 2021 21:01:55 GMT","Creator":"epowell2_townofchapelhill","EditDate":"Fri, 15 Jan 2021 15:52:35 GMT","Editor":"dalmond","ResourceType":"0","ParkingType":"Toast","Capacity":12,"Condition":"Excellent","Lighting":"No","WxProtect":"Yes","LandUse":"Office","DistanceBusStop":85,"Notes":null,"Availability":"Public","AccessRating":"Low","VizRating":"Medium"}},{"type":"Feature","id":972,"geometry":{"type":"Point","coordinates":[-79.0200978024194,35.9401446538249]},"properties":{"OBJECTID":972,"GlobalID":"92dc410c-ab42-4521-995e-b88452781626","CreationDate":"Thu, 14 Jan 2021 21:01:55 GMT","Creator":"epowell2_townofchapelhill","EditDate":"Fri, 15 Jan 2021 15:52:35 GMT","Editor":"dalmond","ResourceType":"0","ParkingType":"Inverted U","Capacity":6,"Condition":"Fair","Lighting":"Yes","WxProtect":"No","LandUse":"Commercial","DistanceBusStop":294,"Notes":null,"Availability":"Public","AccessRating":"Low","VizRating":"Medium"}},{"type":"Feature","id":973,"geometry":{"type":"Point","coordinates":[-79.0191991942845,35.9408077933182]},"properties":{"OBJECTID":973,"GlobalID":"39fee65e-7237-4e48-8adf-7c955ce5cb12","CreationDate":"Thu, 14 Jan 2021 21:01:55 GMT","Creator":"epowell2_townofchapelhill","EditDate":"Fri, 15 Jan 2021 15:52:35 GMT","Editor":"dalmond","ResourceType":"0","ParkingType":"Toast","Capacity":4,"Condition":"Excellent","Lighting":"No","WxProtect":"No","LandUse":"Commercial","DistanceBusStop":251,"Notes":null,"Availability":"Public","AccessRating":"Low","VizRating":"Very low"}},{"type":"Feature","id":974,"geometry":{"type":"Point","coordinates":[-79.016039815837,35.9405858931042]},"properties":{"OBJECTID":974,"GlobalID":"381d5f24-630c-43bb-9dbd-2d8b46225019","CreationDate":"Thu, 14 Jan 2021 21:01:55 GMT","Creator":"epowell2_townofchapelhill","EditDate":"Fri, 15 Jan 2021 15:52:35 GMT","Editor":"dalmond","ResourceType":"0","ParkingType":"Inverted U","Capacity":4,"Condition":"Excellent","Lighting":"Yes","WxProtect":"No","LandUse":"Mid residential","DistanceBusStop":53,"Notes":null,"Availability":"Public","AccessRating":"High","VizRating":"High"}},{"type":"Feature","id":975,"geometry":{"type":"Point","coordinates":[-79.0160106241835,35.9413316697437]},"properties":{"OBJECTID":975,"GlobalID":"3afa0e88-daf7-4b42-8e1b-5440141c7c65","CreationDate":"Thu, 14 Jan 2021 21:01:55 GMT","Creator":"epowell2_townofchapelhill","EditDate":"Fri, 15 Jan 2021 15:52:35 GMT","Editor":"dalmond","ResourceType":"0","ParkingType":"Inverted U","Capacity":4,"Condition":"Excellent","Lighting":"Yes","WxProtect":"No","LandUse":"Mid residential","DistanceBusStop":350,"Notes":null,"Availability":"Public","AccessRating":"Very high","VizRating":"Very high"}},{"type":"Feature","id":976,"geometry":{"type":"Point","coordinates":[-79.0160730499092,35.9416082208223]},"properties":{"OBJECTID":976,"GlobalID":"12ef4519-1ba8-4949-bd22-0bafd450f909","CreationDate":"Thu, 14 Jan 2021 21:01:55 GMT","Creator":"epowell2_townofchapelhill","EditDate":"Fri, 15 Jan 2021 15:52:35 GMT","Editor":"dalmond","ResourceType":"0","ParkingType":"Inverted U","Capacity":4,"Condition":"Excellent","Lighting":"Yes","WxProtect":"No","LandUse":"Mid residential","DistanceBusStop":459,"Notes":null,"Availability":"Public","AccessRating":"Super high","VizRating":"Super high"}},{"type":"Feature","id":977,"geometry":{"type":"Point","coordinates":[-79.0158786113626,35.9425824896862]},"properties":{"OBJECTID":977,"GlobalID":"1b9a28a7-55ec-4199-b59f-ba5df058067c","CreationDate":"Thu, 14 Jan 2021 21:01:55 GMT","Creator":"epowell2_townofchapelhill","EditDate":"Fri, 15 Jan 2021 15:52:35 GMT","Editor":"dalmond","ResourceType":"0","ParkingType":"Inverted U","Capacity":4,"Condition":"Excellent","Lighting":"Yes","WxProtect":"No","LandUse":"Mid residential","DistanceBusStop":1066,"Notes":null,"Availability":"Public","AccessRating":"Medium","VizRating":"High"}},{"type":"Feature","id":978,"geometry":{"type":"Point","coordinates":[-79.015058141386,35.9420046801911]},"properties":{"OBJECTID":978,"GlobalID":"3ea6b335-eb96-48d2-a01f-670fa9d2e35f","CreationDate":"Thu, 14 Jan 2021 21:01:55 GMT","Creator":"epowell2_townofchapelhill","EditDate":"Fri, 15 Jan 2021 15:52:35 GMT","Editor":"dalmond","ResourceType":"0","ParkingType":"Inverted U","Capacity":4,"Condition":"Excellent","Lighting":"Yes","WxProtect":"No","LandUse":"Mid residential","DistanceBusStop":618,"Notes":null,"Availability":"Public","AccessRating":"Very high","VizRating":"High"}},{"type":"Feature","id":979,"geometry":{"type":"Point","coordinates":[-79.0154869090678,35.9415991587875]},"properties":{"OBJECTID":979,"GlobalID":"b795579a-4816-4c0f-acb8-e4849abccf13","CreationDate":"Thu, 14 Jan 2021 21:01:55 GMT","Creator":"epowell2_townofchapelhill","EditDate":"Fri, 15 Jan 2021 15:52:35 GMT","Editor":"dalmond","ResourceType":"0","ParkingType":"Inverted U","Capacity":4,"Condition":"Excellent","Lighting":"No","WxProtect":"No","LandUse":"Mid residential","DistanceBusStop":554,"Notes":null,"Availability":"Public","AccessRating":"Very high","VizRating":"Very high"}},{"type":"Feature","id":980,"geometry":{"type":"Point","coordinates":[-79.0162016670983,35.9422489171399]},"properties":{"OBJECTID":980,"GlobalID":"5eff8cbc-6f69-4622-b659-d30405491501","CreationDate":"Thu, 14 Jan 2021 21:01:55 GMT","Creator":"epowell2_townofchapelhill","EditDate":"Fri, 15 Jan 2021 15:52:35 GMT","Editor":"dalmond","ResourceType":"0","ParkingType":"Inverted U","Capacity":4,"Condition":"Excellent","Lighting":"Yes","WxProtect":"No","LandUse":"Mid residential","DistanceBusStop":590,"Notes":null,"Availability":"Public","AccessRating":"Very high","VizRating":"Super high"}},{"type":"Feature","id":981,"geometry":{"type":"Point","coordinates":[-79.0479609167572,35.9097708770099]},"properties":{"OBJECTID":981,"GlobalID":"79a6f00a-1998-470d-9fc0-d1ba36e3db14","CreationDate":"Wed, 21 Apr 2021 17:08:46 GMT","Creator":"epowell2_townofchapelhill","EditDate":"Wed, 21 Apr 2021 17:08:46 GMT","Editor":"epowell2_townofchapelhill","ResourceType":"3","ParkingType":null,"Capacity":null,"Condition":"Fair","Lighting":"Yes","WxProtect":"Yes","LandUse":"Institutional","DistanceBusStop":null,"Notes":null,"Availability":"Public","AccessRating":"Medium","VizRating":"Low"}},{"type":"Feature","id":982,"geometry":{"type":"Point","coordinates":[-79.0454398550994,35.9070161723713]},"properties":{"OBJECTID":982,"GlobalID":"3c825fd3-7c77-4696-98e1-9da11e4ee11b","CreationDate":"Wed, 21 Apr 2021 17:15:32 GMT","Creator":"epowell2_townofchapelhill","EditDate":"Wed, 21 Apr 2021 17:15:32 GMT","Editor":"epowell2_townofchapelhill","ResourceType":"0","ParkingType":"Wave","Capacity":3,"Condition":"Excellent","Lighting":"Yes","WxProtect":"Yes","LandUse":"Institutional","DistanceBusStop":null,"Notes":null,"Availability":"Public","AccessRating":"Low","VizRating":"Low"}},{"type":"Feature","id":983,"geometry":{"type":"Point","coordinates":[-79.04531449071,35.9069171186287]},"properties":{"OBJECTID":983,"GlobalID":"de7088dd-86ad-466f-8f7b-048d2e217072","CreationDate":"Wed, 21 Apr 2021 17:17:59 GMT","Creator":"epowell2_townofchapelhill","EditDate":"Wed, 21 Apr 2021 17:17:59 GMT","Editor":"epowell2_townofchapelhill","ResourceType":"0","ParkingType":"Wave","Capacity":6,"Condition":"Excellent","Lighting":"No","WxProtect":"No","LandUse":"Institutional","DistanceBusStop":null,"Notes":null,"Availability":"Public","AccessRating":"Low","VizRating":"Low"}},{"type":"Feature","id":984,"geometry":{"type":"Point","coordinates":[-79.0784059572065,35.9453182352981]},"properties":{"OBJECTID":984,"GlobalID":"a97ec383-bcd3-426e-8d91-5306a0ac0aca","CreationDate":"Wed, 21 Apr 2021 18:05:39 GMT","Creator":"epowell2_townofchapelhill","EditDate":"Wed, 21 Apr 2021 18:05:39 GMT","Editor":"epowell2_townofchapelhill","ResourceType":"0","ParkingType":"Inverted U","Capacity":44,"Condition":"Excellent","Lighting":"No","WxProtect":"No","LandUse":"Institutional","DistanceBusStop":null,"Notes":null,"Availability":"Public","AccessRating":"Low","VizRating":"High"}},{"type":"Feature","id":985,"geometry":{"type":"Point","coordinates":[-79.0788112869442,35.9452713054592]},"properties":{"OBJECTID":985,"GlobalID":"f9fc8485-dc45-4312-a1d6-89566d699a0b","CreationDate":"Wed, 21 Apr 2021 18:07:27 GMT","Creator":"epowell2_townofchapelhill","EditDate":"Wed, 21 Apr 2021 18:07:27 GMT","Editor":"epowell2_townofchapelhill","ResourceType":"0","ParkingType":"Inverted U","Capacity":44,"Condition":"Excellent","Lighting":"No","WxProtect":"No","LandUse":"Institutional","DistanceBusStop":null,"Notes":null,"Availability":"Public","AccessRating":"Low","VizRating":"High"}},{"type":"Feature","id":986,"geometry":{"type":"Point","coordinates":[-79.0810357653193,35.9459064093397]},"properties":{"OBJECTID":986,"GlobalID":"04d95d0a-d91f-44da-ad55-3324b324dcce","CreationDate":"Wed, 21 Apr 2021 18:33:03 GMT","Creator":"epowell2_townofchapelhill","EditDate":"Wed, 21 Apr 2021 18:33:03 GMT","Editor":"epowell2_townofchapelhill","ResourceType":"0","ParkingType":"Inverted U","Capacity":46,"Condition":"Excellent","Lighting":"No","WxProtect":"Yes","LandUse":"Institutional","DistanceBusStop":null,"Notes":null,"Availability":"Public","AccessRating":"Medium","VizRating":"None"}},{"type":"Feature","id":987,"geometry":{"type":"Point","coordinates":[-79.0807361619007,35.9459621312544]},"properties":{"OBJECTID":987,"GlobalID":"e1596993-7035-4e27-830b-0802d2eb8aea","CreationDate":"Wed, 21 Apr 2021 18:35:47 GMT","Creator":"epowell2_townofchapelhill","EditDate":"Wed, 21 Apr 2021 18:35:47 GMT","Editor":"epowell2_townofchapelhill","ResourceType":"0","ParkingType":"Inverted U","Capacity":30,"Condition":"Excellent","Lighting":"No","WxProtect":"Yes","LandUse":"Institutional","DistanceBusStop":null,"Notes":null,"Availability":"Public","AccessRating":"Medium","VizRating":"Low"}},{"type":"Feature","id":988,"geometry":{"type":"Point","coordinates":[-79.0806596703543,35.9459699033747]},"properties":{"OBJECTID":988,"GlobalID":"fd62345a-1f55-42c7-a09a-91a03c86b3b0","CreationDate":"Wed, 21 Apr 2021 18:37:01 GMT","Creator":"epowell2_townofchapelhill","EditDate":"Wed, 21 Apr 2021 18:37:01 GMT","Editor":"epowell2_townofchapelhill","ResourceType":"2","ParkingType":null,"Capacity":null,"Condition":"Excellent","Lighting":"No","WxProtect":"Yes","LandUse":"Institutional","DistanceBusStop":null,"Notes":null,"Availability":"Public","AccessRating":"Medium","VizRating":"Low"}},{"type":"Feature","id":989,"geometry":{"type":"Point","coordinates":[-79.0812079831391,35.9468046829778]},"properties":{"OBJECTID":989,"GlobalID":"7654e0ec-19b4-4e33-992a-161e4df0bfe8","CreationDate":"Wed, 21 Apr 2021 18:41:11 GMT","Creator":"epowell2_townofchapelhill","EditDate":"Wed, 21 Apr 2021 18:41:11 GMT","Editor":"epowell2_townofchapelhill","ResourceType":"0","ParkingType":"Double grid","Capacity":10,"Condition":"Poor","Lighting":"No","WxProtect":"No","LandUse":"Institutional","DistanceBusStop":null,"Notes":null,"Availability":"Public","AccessRating":"Low","VizRating":"High"}},{"type":"Feature","id":990,"geometry":{"type":"Point","coordinates":[-79.0813372830478,35.9469314164734]},"properties":{"OBJECTID":990,"GlobalID":"8e7bceb9-5a98-4a6c-a592-fa771185f988","CreationDate":"Wed, 21 Apr 2021 18:43:30 GMT","Creator":"epowell2_townofchapelhill","EditDate":"Wed, 21 Apr 2021 18:43:30 GMT","Editor":"epowell2_townofchapelhill","ResourceType":"0","ParkingType":"Other","Capacity":16,"Condition":"Fair","Lighting":"No","WxProtect":"No","LandUse":"Institutional","DistanceBusStop":null,"Notes":null,"Availability":"Public","AccessRating":"Low","VizRating":"Medium"}},{"type":"Feature","id":991,"geometry":{"type":"Point","coordinates":[-79.0343439823893,35.962222254357]},"properties":{"OBJECTID":991,"GlobalID":"ed184f0a-ae77-4cc8-be00-e716c879e9eb","CreationDate":"Wed, 21 Apr 2021 19:08:42 GMT","Creator":"epowell2_townofchapelhill","EditDate":"Wed, 21 Apr 2021 19:08:42 GMT","Editor":"epowell2_townofchapelhill","ResourceType":"0","ParkingType":"Inverted U","Capacity":6,"Condition":"Excellent","Lighting":"No","WxProtect":"Yes","LandUse":"Commercial","DistanceBusStop":null,"Notes":null,"Availability":"Public","AccessRating":"Low","VizRating":"None"}},{"type":"Feature","id":992,"geometry":{"type":"Point","coordinates":[-79.0343770089507,35.9622265827851]},"properties":{"OBJECTID":992,"GlobalID":"f65194cf-0140-43f3-abde-6f8a52110b21","CreationDate":"Wed, 21 Apr 2021 19:09:39 GMT","Creator":"epowell2_townofchapelhill","EditDate":"Wed, 21 Apr 2021 19:09:39 GMT","Editor":"epowell2_townofchapelhill","ResourceType":"1","ParkingType":null,"Capacity":2,"Condition":"Fair","Lighting":"No","WxProtect":"Yes","LandUse":"Commercial","DistanceBusStop":null,"Notes":null,"Availability":"Public","AccessRating":"Low","VizRating":"None"}},{"type":"Feature","id":993,"geometry":{"type":"Point","coordinates":[-79.0343785765109,35.9622423783099]},"properties":{"OBJECTID":993,"GlobalID":"aa5d6224-49cd-478b-b5ac-06518bec2157","CreationDate":"Wed, 21 Apr 2021 19:10:44 GMT","Creator":"epowell2_townofchapelhill","EditDate":"Wed, 21 Apr 2021 19:10:44 GMT","Editor":"epowell2_townofchapelhill","ResourceType":"2","ParkingType":null,"Capacity":null,"Condition":"Excellent","Lighting":"No","WxProtect":"Yes","LandUse":"Commercial","DistanceBusStop":null,"Notes":null,"Availability":"Public","AccessRating":"Low","VizRating":"None"}},{"type":"Feature","id":994,"geometry":{"type":"Point","coordinates":[-79.0074259864602,35.9484385823284]},"properties":{"OBJECTID":994,"GlobalID":"29528038-df4c-4d0b-88a9-fcd7eafb163d","CreationDate":"Wed, 21 Apr 2021 19:27:11 GMT","Creator":"epowell2_townofchapelhill","EditDate":"Wed, 21 Apr 2021 19:32:36 GMT","Editor":"epowell2_townofchapelhill","ResourceType":"2","ParkingType":null,"Capacity":null,"Condition":"Fair","Lighting":"Yes","WxProtect":"Yes","LandUse":"Institutional","DistanceBusStop":null,"Notes":null,"Availability":"Public","AccessRating":"Low","VizRating":"None"}},{"type":"Feature","id":995,"geometry":{"type":"Point","coordinates":[-79.0073066219185,35.9480471084076]},"properties":{"OBJECTID":995,"GlobalID":"b043b7ee-34af-4faa-8bbf-85636dc8c6b6","CreationDate":"Wed, 21 Apr 2021 19:33:45 GMT","Creator":"epowell2_townofchapelhill","EditDate":"Wed, 21 Apr 2021 19:33:45 GMT","Editor":"epowell2_townofchapelhill","ResourceType":"0","ParkingType":"Inverted U","Capacity":6,"Condition":"Excellent","Lighting":"No","WxProtect":"No","LandUse":"Institutional","DistanceBusStop":null,"Notes":null,"Availability":"Public","AccessRating":"Low","VizRating":"Medium"}},{"type":"Feature","id":996,"geometry":{"type":"Point","coordinates":[-79.0074251986377,35.9484742731772]},"properties":{"OBJECTID":996,"GlobalID":"70bcf84f-abe9-4caf-b50d-a3e742a47de7","CreationDate":"Wed, 21 Apr 2021 19:42:22 GMT","Creator":"epowell2_townofchapelhill","EditDate":"Wed, 21 Apr 2021 19:42:22 GMT","Editor":"epowell2_townofchapelhill","ResourceType":"4","ParkingType":null,"Capacity":20,"Condition":"Excellent","Lighting":"Yes","WxProtect":"Yes","LandUse":"Institutional","DistanceBusStop":null,"Notes":"Five other identical units across the room; impossible to get them all in one photo due to spatial limitations","Availability":"Public","AccessRating":"Low","VizRating":"None"}},{"type":"Feature","id":997,"geometry":{"type":"Point","coordinates":[-79.0090314330781,35.9455649077601]},"properties":{"OBJECTID":997,"GlobalID":"5d4fa760-c5fa-455d-a90b-940bbaad29c8","CreationDate":"Wed, 21 Apr 2021 19:56:18 GMT","Creator":"epowell2_townofchapelhill","EditDate":"Wed, 21 Apr 2021 19:56:18 GMT","Editor":"epowell2_townofchapelhill","ResourceType":"0","ParkingType":"Inverted U","Capacity":6,"Condition":"Excellent","Lighting":"Yes","WxProtect":"Yes","LandUse":"Commercial","DistanceBusStop":null,"Notes":null,"Availability":"Public","AccessRating":"Low","VizRating":"Low"}},{"type":"Feature","id":998,"geometry":{"type":"Point","coordinates":[-79.0089854815564,35.945511270603]},"properties":{"OBJECTID":998,"GlobalID":"f6dcd201-61c5-42e8-90cf-88cdbd158a7d","CreationDate":"Wed, 21 Apr 2021 19:58:15 GMT","Creator":"epowell2_townofchapelhill","EditDate":"Wed, 21 Apr 2021 19:58:15 GMT","Editor":"epowell2_townofchapelhill","ResourceType":"1","ParkingType":null,"Capacity":3,"Condition":"Excellent","Lighting":"Yes","WxProtect":"Yes","LandUse":"Commercial","DistanceBusStop":null,"Notes":null,"Availability":"Public","AccessRating":"Low","VizRating":"Low"}}]}