{
"type": "FeatureCollection",
"name": "Future_Land_Use_Map_2050_Focus_Areas",
"crs": { "type": "name", "properties": { "name": "urn:ogc:def:crs:OGC:1.3:CRS84" } },
"features": [
{ "type": "Feature", "properties": { "OBJECTID": 1, "Id": 0, "NAME": "15-501 North", "Area": 972.3598747, "Shape__Area": 5943744.7734375, "Shape__Length": 19188.1380427685 }, "geometry": { "type": "Polygon", "coordinates": [ [ [ -79.003807046935094, 35.954145211459704 ], [ -79.003466683829799, 35.954007573276002 ], [ -79.003433290859505, 35.954027876636701 ], [ -79.003401796700004, 35.954047010063199 ], [ -79.003325678363495, 35.954093263563799 ], [ -79.003325630699095, 35.954093301419299 ], [ -79.003110467278006, 35.953908285254897 ], [ -79.003028170121397, 35.953837518176201 ], [ -79.002805533197005, 35.953646074555103 ], [ -79.0026700046825, 35.953527741147603 ], [ -79.002500014994894, 35.953393359955001 ], [ -79.002326624213893, 35.9532701852036 ], [ -79.002221533106294, 35.953113932591101 ], [ -79.002143947460794, 35.952998574462796 ], [ -79.0020841994926, 35.952909737292799 ], [ -79.001964883533006, 35.952732333239801 ], [ -79.001829576492796, 35.952531050557802 ], [ -79.001786418625898, 35.952482541137996 ], [ -79.001601372363197, 35.952274547004997 ], [ -79.001533092648202, 35.952197798638799 ], [ -79.001521387900993, 35.9521838657624 ], [ -79.001510411464906, 35.952171712921 ], [ -79.001510266250506, 35.952171551592102 ], [ -79.001314292751999, 35.951954555962502 ], [ -79.000977570033896, 35.951356407900498 ], [ -79.0009688040453, 35.951340835498101 ], [ -79.000968432699096, 35.951340175757601 ], [ -79.000970986476503, 35.951328305760299 ], [ -79.000983672052399, 35.9512554995271 ], [ -79.000992288698797, 35.951206058342699 ], [ -79.000993128860003, 35.951201232834002 ], [ -79.000992764165105, 35.951200575797202 ], [ -79.000964211567407, 35.951149150272101 ], [ -79.000922481271502, 35.951075518877801 ], [ -79.000829699642097, 35.9509118147866 ], [ -79.000709685215199, 35.950699991843599 ], [ -79.000622843665695, 35.9505467181584 ], [ -79.000616138491495, 35.950534882461 ], [ -79.000610985220106, 35.950530321061599 ], [ -79.000609829087296, 35.950529298104001 ], [ -79.0005661975637, 35.9504906807704 ], [ -79.000531004838706, 35.950459533270198 ], [ -79.000087090444396, 35.950066635300097 ], [ -79.0000844944406, 35.950064337915002 ], [ -79.000026868070805, 35.950013333067801 ], [ -79.000007903527404, 35.950003940732699 ], [ -79.000004553779107, 35.9500022814589 ], [ -78.999791786300307, 35.949896909722298 ], [ -78.999599207836397, 35.949967345923497 ], [ -78.999279813257601, 35.949756825751599 ], [ -78.998958787615194, 35.949545229474801 ], [ -78.998814811621301, 35.949450329570098 ], [ -78.998822365863305, 35.949438006308903 ], [ -78.998822610835802, 35.949437606138602 ], [ -78.998815956898397, 35.949433128467099 ], [ -78.998652682262303, 35.949330789834498 ], [ -78.998277990846503, 35.949094034328503 ], [ -78.998275330587006, 35.949094027080598 ], [ -78.998272460832098, 35.949094018928498 ], [ -78.998065049740802, 35.9489347038256 ], [ -78.998039713506202, 35.948915242770497 ], [ -78.998024141338007, 35.9489032815017 ], [ -78.998012435325506, 35.948894704637098 ], [ -78.997903392514502, 35.948814812477202 ], [ -78.997710789943497, 35.948673698559801 ], [ -78.997652941943599, 35.948630229147803 ], [ -78.997652661515602, 35.9486300182406 ], [ -78.997652512988495, 35.948629907379001 ], [ -78.997441021026702, 35.948394926006898 ], [ -78.997249791606606, 35.948182456229198 ], [ -78.997249352687604, 35.948181903728504 ], [ -78.997248756378298, 35.9481811529403 ], [ -78.997145172752496, 35.948050810486798 ], [ -78.997124248801001, 35.948024480605703 ], [ -78.997123799908195, 35.948023916387498 ], [ -78.997122301382305, 35.948022031754398 ], [ -78.996967261056398, 35.947792074616203 ], [ -78.996790672972494, 35.947530156039399 ], [ -78.996629912133997, 35.947291708123402 ], [ -78.996626547193301, 35.947286617542098 ], [ -78.996509511582403, 35.947109548529397 ], [ -78.996509088195893, 35.947108904995901 ], [ -78.996468034155001, 35.947046426357097 ], [ -78.996457909473605, 35.947031028416497 ], [ -78.996353106230004, 35.946871557289597 ], [ -78.996175936968399, 35.946608478655101 ], [ -78.996036272664895, 35.946416155889402 ], [ -78.995962363755595, 35.946314896155499 ], [ -78.995888016135098, 35.946213035197196 ], [ -78.995887304590596, 35.946212060877897 ], [ -78.995755206854795, 35.946033810772001 ], [ -78.995707391795705, 35.945800912825199 ], [ -78.995689376172294, 35.945713165206001 ], [ -78.995675064982706, 35.945643458854597 ], [ -78.995660634142794, 35.945573166656203 ], [ -78.995660705079402, 35.9455731765729 ], [ -78.996005289960394, 35.945621125295602 ], [ -78.996330247924902, 35.945666340643598 ], [ -78.996382015166205, 35.9456735444044 ], [ -78.996459604530102, 35.945684338736498 ], [ -78.996710869540095, 35.945719292417998 ], [ -78.9967032304138, 35.945829534517102 ], [ -78.997246037599993, 35.945737274694501 ], [ -78.997478387339399, 35.945697721149401 ], [ -78.997655960839595, 35.945667491780597 ], [ -78.997795303300606, 35.945643770593001 ], [ -78.998262628597004, 35.9455539599752 ], [ -78.998278679300697, 35.945550875083001 ], [ -78.998300002649401, 35.945546777211199 ], [ -78.998462080223803, 35.945514443739597 ], [ -78.998708217273204, 35.9454653415482 ], [ -78.9988937559026, 35.945428327343699 ], [ -78.998898154010604, 35.9454274693543 ], [ -78.998905955996804, 35.945425948044999 ], [ -78.998941280513804, 35.945419057985703 ], [ -78.998944368499195, 35.945418455949998 ], [ -78.998992776488507, 35.945409015334199 ], [ -78.999352366869203, 35.945327913284501 ], [ -78.999877616360607, 35.945209445622197 ], [ -78.999924033451805, 35.945198516602801 ], [ -78.999928096803202, 35.945197560335302 ], [ -79.000278081124904, 35.945115158588401 ], [ -79.000395491303706, 35.945087101969499 ], [ -79.000709264892393, 35.9450121212287 ], [ -79.000752487398799, 35.945002032816703 ], [ -79.001137400655196, 35.944912194529202 ], [ -79.001250893254905, 35.944886913099097 ], [ -79.001517482819395, 35.944827527595898 ], [ -79.001636145762603, 35.944801093892103 ], [ -79.001759200048795, 35.944775128680803 ], [ -79.002004264840906, 35.944745440870904 ], [ -79.002004372353994, 35.944745442671703 ], [ -79.002010908464797, 35.944744765694402 ], [ -79.002012201966906, 35.944745591255902 ], [ -79.002107292737904, 35.944806262778002 ], [ -79.002362891956807, 35.944752228385397 ], [ -79.002619937424896, 35.944702935119103 ], [ -79.002766676259299, 35.944677644348999 ], [ -79.002878292854902, 35.944658407308403 ], [ -79.003137827502499, 35.9446186692835 ], [ -79.003125493464793, 35.944561857600199 ], [ -79.003388959286099, 35.944526554193999 ], [ -79.003548199153997, 35.944505675758897 ], [ -79.003780601430094, 35.944475203327897 ], [ -79.003982890211802, 35.944448679097199 ], [ -79.004044900392302, 35.944444094891999 ], [ -79.004211542118995, 35.944431775811303 ], [ -79.0042547398929, 35.944429275932997 ], [ -79.004440559895897, 35.944418523215099 ], [ -79.004669851578399, 35.944408926718303 ], [ -79.004899330744195, 35.944402989026301 ], [ -79.004899348169303, 35.9443978994329 ], [ -79.005810323210298, 35.944381596559197 ], [ -79.006504772390599, 35.944369164258802 ], [ -79.006658056597601, 35.944370951365599 ], [ -79.006763218372498, 35.9443721767475 ], [ -79.007248420759893, 35.944377829736297 ], [ -79.007248068235199, 35.944364810602401 ], [ -79.007247676789206, 35.944350363825102 ], [ -79.007360387402301, 35.944348345397501 ], [ -79.007471497516804, 35.944346355805202 ], [ -79.007531875109393, 35.944345274149697 ], [ -79.007528476763994, 35.944332710356498 ], [ -79.007537891312893, 35.944332729603801 ], [ -79.008517592967806, 35.944334636291202 ], [ -79.008690470872594, 35.944334972003098 ], [ -79.008801593368702, 35.944335187560803 ], [ -79.008788093563496, 35.944265926086899 ], [ -79.008786124928903, 35.9442339114539 ], [ -79.008780628751396, 35.944144549698102 ], [ -79.008779694723103, 35.9440762670176 ], [ -79.008760663954007, 35.943800472257401 ], [ -79.008740445499598, 35.943507460174601 ], [ -79.008737504049904, 35.943467898184203 ], [ -79.008735820211001, 35.943445261461001 ], [ -79.008722992204099, 35.943272756031803 ], [ -79.008706613977907, 35.943067579012698 ], [ -79.008689700168006, 35.942879916820097 ], [ -79.008689741177307, 35.942879916817198 ], [ -79.008689736739001, 35.942879872654302 ], [ -79.008954087228105, 35.942877817528803 ], [ -79.009025030829704, 35.942877266120703 ], [ -79.009040655312404, 35.942877137882199 ], [ -79.009127223391403, 35.942876424826501 ], [ -79.009299092695301, 35.942875010344203 ], [ -79.009383550461706, 35.942874314392 ], [ -79.009554151982996, 35.942874469698602 ], [ -79.009554411338797, 35.942874474184698 ], [ -79.009615383240401, 35.942875494165698 ], [ -79.009636497409403, 35.942875361813101 ], [ -79.009636785581804, 35.942875359987802 ], [ -79.009720280204803, 35.942874835124201 ], [ -79.009802848241705, 35.942874315685501 ], [ -79.009803299342295, 35.942874312945399 ], [ -79.009864952713798, 35.942873924928897 ], [ -79.0099342083886, 35.9428742618028 ], [ -79.010065324819806, 35.9428751911083 ], [ -79.010149150979103, 35.942875785328503 ], [ -79.010217138414703, 35.942873889647203 ], [ -79.010302975075405, 35.942874041960501 ], [ -79.010400409577699, 35.942874214856701 ], [ -79.010576924203306, 35.942874540376799 ], [ -79.010765684896796, 35.942873661337302 ], [ -79.010948111587197, 35.942874671682297 ], [ -79.010974716568001, 35.942874669293097 ], [ -79.011066011862795, 35.9428746592476 ], [ -79.011098113172196, 35.942874587834901 ], [ -79.011532094318596, 35.942873622878402 ], [ -79.011615667160697, 35.942869899828501 ], [ -79.011714486370394, 35.942865003579399 ], [ -79.011793847137696, 35.942813683582898 ], [ -79.011926451397002, 35.942727931692403 ], [ -79.011981337367601, 35.942692443352001 ], [ -79.012025064356905, 35.942664169126402 ], [ -79.012070390514296, 35.942634862747397 ], [ -79.012113952312603, 35.9426066948581 ], [ -79.012158142455107, 35.942578121308998 ], [ -79.012202364705203, 35.942549527010598 ], [ -79.012246333138805, 35.9425211111772 ], [ -79.012271821605594, 35.942504637504598 ], [ -79.012301698694699, 35.942485298176699 ], [ -79.012475687141205, 35.942367569965597 ], [ -79.012508374525694, 35.942345792303698 ], [ -79.0131047253726, 35.942000103105102 ], [ -79.013282720199697, 35.941894157688502 ], [ -79.013403178155997, 35.941827095583903 ], [ -79.013576340782393, 35.941726715743002 ], [ -79.013867410362494, 35.941568643205997 ], [ -79.013932593381497, 35.9415332438329 ], [ -79.013986602920994, 35.941502656804197 ], [ -79.014053237518098, 35.941465892642697 ], [ -79.014647383997101, 35.941138079492397 ], [ -79.014721499544507, 35.941096951806998 ], [ -79.014875886031902, 35.941002401017002 ], [ -79.014980528240599, 35.940938313525201 ], [ -79.015083269717096, 35.940875390647001 ], [ -79.0151213242506, 35.940852084819902 ], [ -79.015166053454095, 35.9408246916907 ], [ -79.0151752193796, 35.940819077300901 ], [ -79.015235471445806, 35.940778157417199 ], [ -79.015252211690793, 35.9407667882233 ], [ -79.015328823942994, 35.9407155347293 ], [ -79.015396955934406, 35.940668190261299 ], [ -79.015440004098295, 35.940695483177002 ], [ -79.015441569954803, 35.940694393316001 ], [ -79.015601260528996, 35.940583408553799 ], [ -79.015606689481999, 35.940579634147099 ], [ -79.015995559990003, 35.940296396711297 ], [ -79.016010855931597, 35.9402852556277 ], [ -79.016011012182204, 35.940285141143001 ], [ -79.015993301699197, 35.940254002895799 ], [ -79.016038795598703, 35.9402239640457 ], [ -79.016369102701105, 35.940005864096399 ], [ -79.016424200189604, 35.939966441351999 ], [ -79.016440772643506, 35.939954582612202 ], [ -79.016483203866002, 35.939924222244102 ], [ -79.016494243707896, 35.939934627982602 ], [ -79.016668339622399, 35.939813899571298 ], [ -79.016730865087595, 35.9397707515284 ], [ -79.0168140499256, 35.939713974860503 ], [ -79.016930818593096, 35.939635475022101 ], [ -79.017062800108107, 35.939548395337702 ], [ -79.017154743987106, 35.939488907019701 ], [ -79.017019718258297, 35.939345271512998 ], [ -79.017019418971898, 35.9393450660599 ], [ -79.016899482795907, 35.939288984434903 ], [ -79.015707743800803, 35.9387317189653 ], [ -79.015639520690797, 35.938699816532903 ], [ -79.014344900488595, 35.938096547850897 ], [ -79.014220987122002, 35.938040880433398 ], [ -79.0141075735729, 35.937989930849199 ], [ -79.014051238157705, 35.9379646227137 ], [ -79.014044691206806, 35.9379565902371 ], [ -79.013994438491096, 35.937933418342297 ], [ -79.013764288591503, 35.937826310441203 ], [ -79.013583126899604, 35.937747181829202 ], [ -79.013308216983503, 35.937628403576099 ], [ -79.013116195470204, 35.937545292631903 ], [ -79.013002058747603, 35.937495892314203 ], [ -79.012924575577898, 35.937462353487703 ], [ -79.0127952778805, 35.937406447238303 ], [ -79.0127938359078, 35.937405822792897 ], [ -79.012790709913403, 35.937115012544602 ], [ -79.012789092369005, 35.936964531777299 ], [ -79.012788541190503, 35.9369132545173 ], [ -79.012785271253406, 35.936609045592299 ], [ -79.012784510862801, 35.936538330137402 ], [ -79.012782150807396, 35.936394877707002 ], [ -79.012774501107103, 35.935929897208098 ], [ -79.0127731974395, 35.935850625804797 ], [ -79.012772974753901, 35.935837089288398 ], [ -79.012767018211804, 35.935481957384603 ], [ -79.012764672086504, 35.935342103764498 ], [ -79.012759499886897, 35.935033709246298 ], [ -79.012758258029294, 35.934959671627702 ], [ -79.012757502844494, 35.934914634914399 ], [ -79.012757114628201, 35.934891509536598 ], [ -79.012757152308694, 35.934891510433999 ], [ -79.012757151193199, 35.934891464468102 ], [ -79.013119422338605, 35.9348967689387 ], [ -79.013471541974695, 35.934901969806297 ], [ -79.013478134950304, 35.934902065516901 ], [ -79.014341400421898, 35.934914698820698 ], [ -79.0146457502033, 35.934919151126302 ], [ -79.014880303988093, 35.9349250000975 ], [ -79.015688337454606, 35.934945147394103 ], [ -79.015751255176298, 35.934946716556198 ], [ -79.015752090798799, 35.934946737178102 ], [ -79.015752278165195, 35.934947109388602 ], [ -79.015780988447204, 35.935003936813203 ], [ -79.015806340582699, 35.935054119419597 ], [ -79.016073598153596, 35.935583120966797 ], [ -79.016311367627907, 35.936053750741799 ], [ -79.016657755082406, 35.936735846640602 ], [ -79.017105213064795, 35.937153600303901 ], [ -79.017114703572801, 35.937144686979401 ], [ -79.017115366190694, 35.937144064092401 ], [ -79.017314052462694, 35.936957237493303 ], [ -79.017382410502904, 35.936893819041998 ], [ -79.017446846682603, 35.936832369537598 ], [ -79.017510665768398, 35.936772358551501 ], [ -79.017569008283104, 35.9367202039981 ], [ -79.017600662308297, 35.936687733924401 ], [ -79.017617556337498, 35.936670404108703 ], [ -79.017722662214894, 35.936573007671797 ], [ -79.017722705428596, 35.936572967107303 ], [ -79.017816394897295, 35.9364861426209 ], [ -79.017832701903401, 35.936470838968901 ], [ -79.017841935187406, 35.936462173479001 ], [ -79.017934600329198, 35.9363752075447 ], [ -79.017999994900407, 35.9363113691658 ], [ -79.018000037005294, 35.936311327699997 ], [ -79.018004089113603, 35.936307648019501 ], [ -79.018057026890304, 35.9362596354677 ], [ -79.018155263676306, 35.936161729526603 ], [ -79.018180924203307, 35.936136159594398 ], [ -79.018353408074404, 35.936259631818999 ], [ -79.018541267073203, 35.936077430229503 ], [ -79.018669235889206, 35.936192101317502 ], [ -79.018859215004198, 35.936051620723397 ], [ -79.018926787905997, 35.936112733337197 ], [ -79.0191779800478, 35.935920733765101 ], [ -79.019381489852293, 35.935864896177598 ], [ -79.019420282306399, 35.935795927473897 ], [ -79.019423157008703, 35.935790816677397 ], [ -79.019465901961198, 35.935714819034601 ], [ -79.019465938522799, 35.935714773964101 ], [ -79.019464200438804, 35.935511142988403 ], [ -79.019453877629999, 35.935444597556703 ], [ -79.019443054237399, 35.935374820160099 ], [ -79.019426749320303, 35.935249249895897 ], [ -79.0194260965376, 35.935244550649998 ], [ -79.0194260909864, 35.935244509191399 ], [ -79.019415481818996, 35.935171296017998 ], [ -79.019405372212105, 35.935101532016802 ], [ -79.019442863781705, 35.935002788323601 ], [ -79.019443580361198, 35.935000890984199 ], [ -79.019443610264005, 35.935000808060302 ], [ -79.019443795230501, 35.935000347469298 ], [ -79.019443805190804, 35.935000289784902 ], [ -79.019528101368095, 35.934828735617302 ], [ -79.019634739395698, 35.934611710171701 ], [ -79.019666505830699, 35.934547060590603 ], [ -79.020114830443902, 35.933643314068703 ], [ -79.020140348928294, 35.933582702271103 ], [ -79.020145906728303, 35.933569514505002 ], [ -79.020152037138402, 35.933554955774099 ], [ -79.020152534438495, 35.933553776798 ], [ -79.020188254712806, 35.933469029323199 ], [ -79.020183610296996, 35.933465251862003 ], [ -79.020178542539497, 35.933461476273301 ], [ -79.020173474825, 35.933457871029098 ], [ -79.020168407068198, 35.933454094538703 ], [ -79.020163339354795, 35.933450490195298 ], [ -79.020158692725005, 35.933446713634801 ], [ -79.020153625012597, 35.933443109291098 ], [ -79.020148557257599, 35.933439332799701 ], [ -79.020143489546101, 35.933435728455599 ], [ -79.020138421791799, 35.933431951062502 ], [ -79.020118152059993, 35.933417532781299 ], [ -79.020113084308306, 35.933413756288502 ], [ -79.020092812368901, 35.933399337102003 ], [ -79.0200826770417, 35.933392471802101 ], [ -79.020042135408403, 35.9333636343164 ], [ -79.020036645472203, 35.933360029135798 ], [ -79.020031577770695, 35.933356424786801 ], [ -79.020026510112103, 35.933352991683698 ], [ -79.020016374710906, 35.933345782083499 ], [ -79.020010884819698, 35.933342349048999 ], [ -79.020005817120506, 35.933338744699 ], [ -79.020000749464003, 35.933335311594902 ], [ -79.019995681765593, 35.933331707244399 ], [ -79.019990191876303, 35.933328274209003 ], [ -79.019985124178802, 35.933324669858102 ], [ -79.019980056524105, 35.933321236753002 ], [ -79.019974565528003, 35.933317803717102 ], [ -79.0199694978742, 35.933314370611598 ], [ -79.019964009052799, 35.9333107654274 ], [ -79.019958941400105, 35.9333073332228 ], [ -79.019953451513999, 35.933303900185699 ], [ -79.019943316210501, 35.9332970339727 ], [ -79.019937825217497, 35.933293600935002 ], [ -79.019932757566806, 35.933290167827998 ], [ -79.019921777799595, 35.933283301751104 ], [ -79.019916710192703, 35.933280040790798 ], [ -79.019911221418496, 35.933276607751601 ], [ -79.019906153769995, 35.933273174643404 ], [ -79.019900662780302, 35.933269741604001 ], [ -79.019895174049793, 35.933266480711403 ], [ -79.019890106402698, 35.933263047602601 ], [ -79.019884615456505, 35.933259785808602 ], [ -79.019879125576793, 35.933256352768097 ], [ -79.019874057973297, 35.933253091805902 ], [ -79.019868569202899, 35.933249659665996 ], [ -79.019863078258496, 35.933246397871002 ], [ -79.019858010613902, 35.9332429647609 ], [ -79.019836051275803, 35.933229919379301 ], [ -79.019830983633497, 35.933226486267998 ], [ -79.019820426327897, 35.933220479948801 ], [ -79.019815358686799, 35.933217046836802 ], [ -79.019809868855006, 35.9332137850392 ], [ -79.019804378981604, 35.933210351995299 ], [ -79.019799311384006, 35.933207091029999 ], [ -79.019788331723703, 35.933200568334399 ], [ -79.019782841852106, 35.933197135289397 ], [ -79.0197773498071, 35.933193876194601 ], [ -79.019772284427702, 35.933190613425197 ], [ -79.019744835291206, 35.9331743062274 ], [ -79.019739345507404, 35.933171217475298 ], [ -79.019728365856807, 35.933164694774099 ], [ -79.019722876074098, 35.933161605119899 ], [ -79.019717386249795, 35.933158343318198 ], [ -79.019711896468195, 35.933155254564802 ], [ -79.019706406644701, 35.933151992762397 ], [ -79.019700916863798, 35.933148903107202 ], [ -79.019695427041398, 35.933145642205702 ], [ -79.019689937261305, 35.933142552550002 ], [ -79.019684025248793, 35.933139462962203 ], [ -79.019678535469495, 35.933136373305899 ], [ -79.019673045649, 35.933133112403397 ], [ -79.019656576314901, 35.933123843432497 ], [ -79.019650664305104, 35.933120753842999 ], [ -79.0196451745703, 35.933117836332698 ], [ -79.019639684793901, 35.933114746674697 ], [ -79.019633772785696, 35.933111657985698 ], [ -79.019628283009993, 35.933108567425798 ], [ -79.019622793276795, 35.933105649914502 ], [ -79.019616880161607, 35.9331025612248 ], [ -79.019611391495403, 35.933099470664096 ], [ -79.019605900655193, 35.933096553152097 ], [ -79.019599988649304, 35.933093463560098 ], [ -79.019594500026301, 35.933090546047303 ], [ -79.019588588062902, 35.9330876277009 ], [ -79.019583097182803, 35.933084538941799 ], [ -79.0195771852202, 35.933081620594798 ], [ -79.019571696598902, 35.933078703080902 ], [ -79.019565783528904, 35.933075784733497 ], [ -79.019560294908402, 35.933072867219103 ], [ -79.019557655917197, 35.933071564369101 ], [ -79.019554382947703, 35.933069949772303 ], [ -79.019548892111402, 35.933067031356501 ], [ -79.019541714396397, 35.933063427324797 ], [ -79.019536223477999, 35.933060166416098 ], [ -79.019530734817806, 35.933057075851799 ], [ -79.019519755199795, 35.933050554032803 ], [ -79.019516783654197, 35.933048881704003 ], [ -79.019508774558105, 35.933044374705403 ], [ -79.0195032847504, 35.933041112893797 ], [ -79.019497794985, 35.933038024130603 ], [ -79.019491882987495, 35.933034934533303 ], [ -79.0194754148025, 35.9330256655375 ], [ -79.019469502807098, 35.933022576840401 ], [ -79.019458522172997, 35.933016397508297 ], [ -79.019452610219901, 35.9330134791552 ], [ -79.019447120457997, 35.933010389488501 ], [ -79.019441630738001, 35.933007471968899 ], [ -79.019435718745001, 35.9330043823688 ], [ -79.019430229025602, 35.933001463947399 ], [ -79.019424317074794, 35.932998546494197 ], [ -79.019418827315306, 35.932995457727401 ], [ -79.019412915365095, 35.9329925393724 ], [ -79.019407425647401, 35.932989620949897 ], [ -79.019401513698298, 35.932986703495601 ], [ -79.019396023981599, 35.932983785974002 ], [ -79.019390112033307, 35.932980868519003 ], [ -79.019384200126595, 35.932978122309997 ], [ -79.019378710410905, 35.932975203886201 ], [ -79.019373920115598, 35.932972839647803 ], [ -79.019372798463905, 35.932972286430498 ], [ -79.019366886558402, 35.932969540220597 ], [ -79.019361396843905, 35.932966621795998 ], [ -79.019349571926995, 35.932961130276297 ], [ -79.019343661090005, 35.9329582119177 ], [ -79.019338171418298, 35.932955465639402 ], [ -79.019314523808603, 35.932944481692701 ], [ -79.019308611948404, 35.932941907627303 ], [ -79.0192967870384, 35.932936415201098 ], [ -79.019290875179095, 35.932933840233602 ], [ -79.019284963279205, 35.9329310940197 ], [ -79.019273140671004, 35.9329259458856 ], [ -79.019267228772307, 35.932923199670803 ], [ -79.019257516462005, 35.9329190813827 ], [ -79.019172260387293, 35.932878595999803 ], [ -79.019226781966907, 35.932862219899498 ], [ -79.0192557232414, 35.932853526849698 ], [ -79.019377369167003, 35.932816988911597 ], [ -79.019561046271804, 35.932761818360298 ], [ -79.019626888412901, 35.9327420414808 ], [ -79.019697005715599, 35.932721008371097 ], [ -79.020024905985295, 35.932622648918503 ], [ -79.020095951695495, 35.932601336926098 ], [ -79.020757509520493, 35.932402828538301 ], [ -79.020809501716698, 35.932387226370999 ], [ -79.021736193631895, 35.932108993539202 ], [ -79.022171814371703, 35.9319782011762 ], [ -79.022348665010099, 35.931925102434803 ], [ -79.022547212252903, 35.931865489370999 ], [ -79.022547149081205, 35.931865474961903 ], [ -79.021640268155593, 35.931649847296697 ], [ -79.021546471737096, 35.931627545104099 ], [ -79.0215462101431, 35.931627326135398 ], [ -79.021545874282893, 35.9316270449904 ], [ -79.021521169953004, 35.931609305538998 ], [ -79.021336279117506, 35.931451472434702 ], [ -79.021333080145993, 35.931448792540003 ], [ -79.021331502829398, 35.931447471516101 ], [ -79.021087101017201, 35.9312371028605 ], [ -79.021086770692506, 35.931236788365297 ], [ -79.021086255252897, 35.931236297248098 ], [ -79.020972575426697, 35.931138446913501 ], [ -79.020858246473196, 35.931019145736201 ], [ -79.020778535990402, 35.930935991343603 ], [ -79.020633819596, 35.930789427305903 ], [ -79.020563297248103, 35.9307180718815 ], [ -79.020580572369596, 35.930581582996602 ], [ -79.021351138044693, 35.930639298514798 ], [ -79.021383512760494, 35.930359380904299 ], [ -79.021398738672303, 35.930227732204798 ], [ -79.021398747511199, 35.930227632159401 ], [ -79.021413182913605, 35.930061326945001 ], [ -79.021654971094307, 35.930077361607303 ], [ -79.0228241622833, 35.930155119698902 ], [ -79.023243431970698, 35.930183019511503 ], [ -79.023445679401604, 35.930197571011 ], [ -79.023889440112299, 35.930228383195598 ], [ -79.023915966646101, 35.929988860312797 ], [ -79.023924619220793, 35.929910030337098 ], [ -79.023942915671697, 35.929743328376603 ], [ -79.023970285282005, 35.9294965939999 ], [ -79.024003127421395, 35.929199551747502 ], [ -79.024021234624996, 35.929038497293199 ], [ -79.024055339984002, 35.928727546816901 ], [ -79.024078076033405, 35.928519102127702 ], [ -79.024115128607605, 35.928182053940098 ], [ -79.024130376136597, 35.928072269351297 ], [ -79.024131894363293, 35.928061338121303 ], [ -79.0241479888643, 35.927945447971801 ], [ -79.024184228443303, 35.927711418112501 ], [ -79.024187176078499, 35.9276890960043 ], [ -79.024216665793801, 35.927473781985299 ], [ -79.024248682505402, 35.927241985416799 ], [ -79.024281119735903, 35.927005208167103 ], [ -79.024313558918493, 35.926771864830698 ], [ -79.024345573240296, 35.9265376635148 ], [ -79.024378011945302, 35.926303977627597 ], [ -79.024410027314005, 35.926070805535602 ], [ -79.024444149676199, 35.925825100448002 ], [ -79.024474497453994, 35.925659406094098 ], [ -79.024543192526195, 35.925307480552902 ], [ -79.024543205802999, 35.925307412952897 ], [ -79.024737106851802, 35.924315648492403 ], [ -79.025348537242294, 35.9246437965556 ], [ -79.025489984649099, 35.923948532662799 ], [ -79.025490109667402, 35.923947909839498 ], [ -79.025490268149994, 35.923947988219403 ], [ -79.026140921784602, 35.924271229208301 ], [ -79.026259503299599, 35.924330139643203 ], [ -79.026263027632098, 35.924331890107197 ], [ -79.026491662946299, 35.924445472765399 ], [ -79.026599963411599, 35.924499281946801 ], [ -79.026963030749499, 35.924679670103501 ], [ -79.027325293979104, 35.924859657172199 ], [ -79.027326107467701, 35.9248600607716 ], [ -79.027620100265395, 35.924790042142199 ], [ -79.028478587961303, 35.924585575525803 ], [ -79.0292246056149, 35.924613887392901 ], [ -79.029512030550293, 35.924383739330203 ], [ -79.029746229429705, 35.924393672461001 ], [ -79.030280561633106, 35.924416332181799 ], [ -79.031113413133397, 35.924451647364499 ], [ -79.031113500626802, 35.924448650525598 ], [ -79.031116366681402, 35.924352188351897 ], [ -79.031277269552405, 35.924408933516503 ], [ -79.031477460320005, 35.924479533011201 ], [ -79.031747651910806, 35.924573677525601 ], [ -79.031791063447002, 35.924588803527698 ], [ -79.031854701811596, 35.924610976894598 ], [ -79.031974794412406, 35.924651562490901 ], [ -79.032208908718403, 35.924732887249199 ], [ -79.032291875363995, 35.924761706864501 ], [ -79.032541210096099, 35.924848317573698 ], [ -79.032543826707098, 35.924849226285801 ], [ -79.032557074894996, 35.924853828385402 ], [ -79.032567208549295, 35.924856572838202 ], [ -79.032852640811399, 35.924935643826402 ], [ -79.033009943771802, 35.924979262060702 ], [ -79.033143985001004, 35.925016429512098 ], [ -79.033510066400595, 35.925115906751103 ], [ -79.033639273698697, 35.925153814048301 ], [ -79.033810534346799, 35.925200429622997 ], [ -79.033844059716202, 35.925209554985599 ], [ -79.033939714334096, 35.925235976109299 ], [ -79.034318662945594, 35.925340701903203 ], [ -79.034319045290204, 35.925340807247601 ], [ -79.034314366910806, 35.925351434865597 ], [ -79.034288954632203, 35.925409162928801 ], [ -79.034068000779499, 35.925911081852099 ], [ -79.034027326160697, 35.926003478919299 ], [ -79.0339508267149, 35.926177253290703 ], [ -79.0339156901547, 35.926237760861 ], [ -79.033879563598006, 35.926299991975597 ], [ -79.033888433193795, 35.9263082309784 ], [ -79.033892656893897, 35.926312350538097 ], [ -79.033901948689007, 35.9263205885213 ], [ -79.033906172390402, 35.9263247080805 ], [ -79.033910818289797, 35.9263288284236 ], [ -79.033915433046104, 35.926332672978099 ], [ -79.033919651206702, 35.926336788933298 ], [ -79.033924290457094, 35.926340905672497 ], [ -79.033928929635294, 35.926344849362401 ], [ -79.033933569994403, 35.926348965199701 ], [ -79.033942848353703, 35.926356854381098 ], [ -79.033947488714304, 35.9263609702179 ], [ -79.033970685730793, 35.926380692266001 ], [ -79.033975747111299, 35.926384636737801 ], [ -79.033980386222098, 35.926388408277901 ], [ -79.033989665699096, 35.926396298356799 ], [ -79.0339947270095, 35.926400071581298 ], [ -79.033999367230095, 35.926403843120298 ], [ -79.034004428613898, 35.926407788492199 ], [ -79.034009066619504, 35.926411560932799 ], [ -79.034014127931698, 35.926415334156502 ], [ -79.034018769262701, 35.926419106595802 ], [ -79.034023830647996, 35.926423051065598 ], [ -79.034028468655805, 35.926426824406697 ], [ -79.0340335298973, 35.926430425481797 ], [ -79.034043653634598, 35.926437971025202 ], [ -79.034045531451795, 35.9264394982008 ], [ -79.034048256202993, 35.926441789440297 ], [ -79.034048718402104, 35.926442047082503 ], [ -79.034053352887597, 35.926445345439802 ], [ -79.034054619914897, 35.926446374368098 ], [ -79.0340584142035, 35.926449117760299 ], [ -79.034066006708301, 35.926453405817597 ], [ -79.034071490006397, 35.926456664280302 ], [ -79.034082456459004, 35.926462837810298 ], [ -79.034087937541798, 35.926466095371502 ], [ -79.034093421877401, 35.926469182586203 ], [ -79.034099326195104, 35.926472269683401 ], [ -79.034121258002301, 35.926484616737802 ], [ -79.034127162321795, 35.926487702932299 ], [ -79.034143612014205, 35.926496963670097 ], [ -79.034149516263497, 35.926499879518303 ], [ -79.034160482727501, 35.926506052139999 ], [ -79.034166386978001, 35.926508967987402 ], [ -79.034171870211097, 35.926512054297497 ], [ -79.034177774461995, 35.926514969243101 ], [ -79.034183257696299, 35.9265180564541 ], [ -79.034188740858099, 35.926520971517 ], [ -79.034194645183206, 35.926524058609502 ], [ -79.034200128345901, 35.926526973671898 ], [ -79.034201815285797, 35.926527831234402 ], [ -79.034206032599002, 35.926529888616002 ], [ -79.034208990869303, 35.926531461452299 ], [ -79.034211515762493, 35.926532803677901 ], [ -79.034213948620703, 35.926534004425498 ], [ -79.034217421124495, 35.926535718621103 ], [ -79.034222903181004, 35.926538634584098 ], [ -79.034234712799403, 35.926544465370803 ], [ -79.034240195964898, 35.926547380431401 ], [ -79.034246100220898, 35.926550295373602 ], [ -79.034251583387501, 35.926553211334898 ], [ -79.034263393009894, 35.926559041217601 ], [ -79.034268877212796, 35.926561785030003 ], [ -79.034274781470501, 35.926564699069502 ], [ -79.034280685656697, 35.926567443664801 ], [ -79.034286167717298, 35.926570358723602 ], [ -79.034292073011997, 35.926573102416697 ], [ -79.034297977271805, 35.926576017356297 ], [ -79.034303882567698, 35.926578761950203 ], [ -79.034309364557103, 35.926581505761398 ], [ -79.034315269926296, 35.926584420699903 ], [ -79.034332983601502, 35.926592651774698 ], [ -79.034338467809107, 35.926595395583902 ], [ -79.034362085680598, 35.926606370345397 ], [ -79.034367989799506, 35.926608942788498 ], [ -79.034373895099804, 35.926611686477699 ], [ -79.0343764254782, 35.926612886293199 ], [ -79.034379799292495, 35.926614430166801 ], [ -79.034385704520702, 35.926617002608801 ], [ -79.034391608714103, 35.926619746297298 ], [ -79.034397512834602, 35.926622317837797 ], [ -79.034403418136904, 35.926625061525499 ], [ -79.034409322258995, 35.926627634867998 ], [ -79.034415228669801, 35.926630377653503 ], [ -79.034450656733796, 35.9266458113905 ], [ -79.034456981948694, 35.926648382809198 ], [ -79.034478671047097, 35.926657830393097 ], [ -79.034480565225905, 35.9266587167347 ], [ -79.0344960984323, 35.9266650682952 ], [ -79.034522782526096, 35.926675982672798 ], [ -79.034534498656697, 35.926680769754199 ], [ -79.0345350084811, 35.926680963388897 ], [ -79.034546817702406, 35.926685764863599 ], [ -79.034553143958803, 35.926688165931701 ], [ -79.034564952074206, 35.926692967404897 ], [ -79.034571280547496, 35.926695367570197 ], [ -79.034577184606306, 35.926697768756704 ], [ -79.034583510864096, 35.926700168921897 ], [ -79.034589416031295, 35.926702569206199 ], [ -79.034747577560395, 35.926768930973999 ], [ -79.034758543294998, 35.9267732180273 ], [ -79.034764868382595, 35.926775447838203 ], [ -79.034770773486997, 35.926777676867196 ], [ -79.034776040144706, 35.926779532039298 ], [ -79.034777063134001, 35.926779950851099 ], [ -79.034777843363699, 35.926780188571399 ], [ -79.034783427061797, 35.926782306831697 ], [ -79.034789332167094, 35.926784535859802 ], [ -79.0347956571823, 35.9267865935213 ], [ -79.034801984487899, 35.9267888224283 ], [ -79.034807889594305, 35.926791051455503 ], [ -79.034814214684303, 35.926793280362602 ], [ -79.034820541917099, 35.926795338022202 ], [ -79.0348264470244, 35.926797567048403 ], [ -79.034832772041597, 35.926799624708003 ], [ -79.034839098241505, 35.9268018545148 ], [ -79.034845425475098, 35.926803911271698 ], [ -79.034851330509895, 35.926805969050299 ], [ -79.034882961145598, 35.9268162564357 ], [ -79.034889288307895, 35.9268181428452 ], [ -79.034895615544897, 35.926820201402201 ], [ -79.034901519399597, 35.9268220870308 ], [ -79.034907844420601, 35.926824144686499 ], [ -79.034920497639405, 35.926827916601702 ], [ -79.034924715723903, 35.926829116824202 ], [ -79.034926824803506, 35.926829803009298 ], [ -79.034945804080905, 35.926835461329397 ], [ -79.034952552337799, 35.926837347614999 ], [ -79.034958878394903, 35.926839233119999 ], [ -79.0349652054866, 35.926840948279001 ], [ -79.034971530436096, 35.926842833783702 ], [ -79.034984183512506, 35.926846263199202 ], [ -79.034990510679094, 35.926848148702199 ], [ -79.034996836664007, 35.9268498638599 ], [ -79.035003584848795, 35.926851577995002 ], [ -79.035022563913799, 35.926856722563599 ], [ -79.035029312024903, 35.926858264549502 ], [ -79.035035638011195, 35.926859978803897 ], [ -79.035041965031397, 35.926861521811198 ], [ -79.035048291018498, 35.926863236966398 ], [ -79.035055039131507, 35.926864780753398 ], [ -79.035060431894095, 35.926866095098497 ], [ -79.035061328495004, 35.926866367933997 ], [ -79.035066952925703, 35.926867837235498 ], [ -79.035067693246106, 35.926868033505698 ], [ -79.035074440253297, 35.926869580897097 ], [ -79.035087092080801, 35.926872666907997 ], [ -79.035093841228104, 35.926874037643501 ], [ -79.0351001671429, 35.926875581549403 ], [ -79.035106915257501, 35.926877124432202 ], [ -79.035178191799403, 35.926895127152697 ], [ -79.035179771083506, 35.926895561122798 ], [ -79.035430794742098, 35.9269628992432 ], [ -79.035838858138604, 35.927061431601103 ], [ -79.035838902445704, 35.927061390128401 ], [ -79.035843121517402, 35.9270572672566 ], [ -79.035850426520398, 35.927050118724303 ], [ -79.035858534573705, 35.927042184024302 ], [ -79.035869891384493, 35.927031071295701 ], [ -79.0358733217995, 35.927027716559998 ], [ -79.035873500135693, 35.927027549767502 ], [ -79.035873844613505, 35.927027204469397 ], [ -79.035889517957798, 35.927011866990597 ], [ -79.035893796835296, 35.927007680107401 ], [ -79.035899999711603, 35.927001610749002 ], [ -79.036014941053494, 35.926889137331401 ], [ -79.036280645177001, 35.926629137968298 ], [ -79.036450801424394, 35.926462623923101 ], [ -79.036758463646507, 35.926160031835401 ], [ -79.036788915723093, 35.926130068933297 ], [ -79.037104474913207, 35.925819587199001 ], [ -79.037375010514907, 35.925553399172998 ], [ -79.037428603491307, 35.925500672145397 ], [ -79.037433245780505, 35.925496720333001 ], [ -79.037435581838693, 35.925494645729998 ], [ -79.037437887990194, 35.925492598175097 ], [ -79.037442530279407, 35.925488648164901 ], [ -79.037446750295402, 35.925484526136302 ], [ -79.037450624894603, 35.925481085594598 ], [ -79.037451392503897, 35.925480403977801 ], [ -79.037453316544301, 35.925478766630398 ], [ -79.037456034791603, 35.9254764539672 ], [ -79.037457257649606, 35.925475368429098 ], [ -79.037460676999004, 35.9254723318084 ], [ -79.037464897013393, 35.925468209778998 ], [ -79.037469046310704, 35.925464524900697 ], [ -79.037469539219899, 35.92546408762 ], [ -79.037474181505004, 35.925460135805899 ], [ -79.037478748389603, 35.925456080365599 ], [ -79.037478823710501, 35.925456013646503 ], [ -79.0374830437231, 35.925451891616397 ], [ -79.037492328131904, 35.925443647296603 ], [ -79.037496548143096, 35.9254395252661 ], [ -79.037496699892799, 35.925439390926201 ], [ -79.037501190346404, 35.925435403105801 ], [ -79.037505410356701, 35.925431281074999 ], [ -79.037509862041304, 35.9254273275155 ], [ -79.037510052559099, 35.925427158914303 ], [ -79.037514272568501, 35.925423036883203 ], [ -79.037515609513605, 35.9254218494629 ], [ -79.037519376663894, 35.925418504489599 ], [ -79.037519502936803, 35.925418391788497 ], [ -79.037521780285502, 35.925416371279802 ], [ -79.037523270087206, 35.925415047716399 ], [ -79.037523340977302, 35.925414984603698 ], [ -79.037523556970797, 35.9254147925609 ], [ -79.037525663652204, 35.925412735151298 ], [ -79.037527776978905, 35.925410670529303 ], [ -79.037528069401006, 35.925410410865503 ], [ -79.037532419178902, 35.925406548367697 ], [ -79.0375366391862, 35.9254024263358 ], [ -79.037539757192306, 35.925399541223399 ], [ -79.037541281305195, 35.925398132025897 ], [ -79.037543767896906, 35.925395703164497 ], [ -79.037549720209299, 35.9253898879617 ], [ -79.037554363515099, 35.9253857657989 ], [ -79.037558265561302, 35.9253817952821 ], [ -79.037558583440003, 35.925381471618302 ], [ -79.037558824909596, 35.925381257035099 ], [ -79.037563225636802, 35.925377349455502 ], [ -79.037567445640903, 35.925373227422398 ], [ -79.037571665564499, 35.925368933241401 ], [ -79.037573490985096, 35.925367312145703 ], [ -79.037576307759906, 35.925364811078097 ], [ -79.037580527682593, 35.925360516896703 ], [ -79.037584746576798, 35.9253563948634 ], [ -79.037587144614903, 35.925354176931897 ], [ -79.037589389799095, 35.925352101452603 ], [ -79.037592565322399, 35.925348999108401 ], [ -79.037593609800695, 35.925347979418603 ], [ -79.037594844764797, 35.925346723530197 ], [ -79.037597829721904, 35.9253436861379 ], [ -79.037602470805993, 35.925339563072598 ], [ -79.037605469054498, 35.925336513959202 ], [ -79.037606691834497, 35.925335269791198 ], [ -79.037610911834193, 35.925331147756701 ], [ -79.037615958015394, 35.925326012408398 ], [ -79.037619351671907, 35.925322559391198 ], [ -79.037620580063404, 35.9253214684421 ], [ -79.037623992754007, 35.925318437226302 ], [ -79.037636652506706, 35.925305556479202 ], [ -79.037640840382807, 35.925301465998899 ], [ -79.037640873611906, 35.925301435344501 ], [ -79.037647608863793, 35.925294582501301 ], [ -79.037704171197902, 35.925237027079604 ], [ -79.037704700614896, 35.925236467209999 ], [ -79.037708391026698, 35.925232560745698 ], [ -79.037711219805402, 35.925229682027201 ], [ -79.037712610935799, 35.925228267460803 ], [ -79.037716409761302, 35.925223974305901 ], [ -79.037720629669195, 35.925219680119497 ], [ -79.037724849496598, 35.925215214686297 ], [ -79.037733289310495, 35.925206627213903 ], [ -79.037734828742003, 35.925204816030302 ], [ -79.037737085836795, 35.925202161009899 ], [ -79.037745525648404, 35.925193574437898 ], [ -79.037749745472695, 35.925189108102501 ], [ -79.037752241840593, 35.925186285366301 ], [ -79.037753543185801, 35.925184814045501 ], [ -79.037757763010006, 35.925180349512303 ], [ -79.037759151922998, 35.925178935847399 ], [ -79.037761982913395, 35.9251760553244 ], [ -79.037765781653306, 35.92517159002 ], [ -79.037766452850605, 35.925170907529797 ], [ -79.037770001556197, 35.9251672967331 ], [ -79.037772438063897, 35.925164429851399 ], [ -79.037773798078604, 35.925162830527803 ], [ -79.037777294660899, 35.925159131419797 ], [ -79.037778017900493, 35.925158365994001 ], [ -79.037779629437594, 35.925156726033997 ], [ -79.037782237801693, 35.925154071805203 ], [ -79.037786035430898, 35.925149605599302 ], [ -79.037787247106394, 35.925148323578398 ], [ -79.037790255251394, 35.925145141065002 ], [ -79.037791985208003, 35.925143184712702 ], [ -79.037794052960294, 35.925140847006602 ], [ -79.037794976668906, 35.925139869713497 ], [ -79.037798234015895, 35.9251364248451 ], [ -79.037798272779995, 35.925136382471997 ], [ -79.037803830326396, 35.925130053638703 ], [ -79.037803892349899, 35.925129987824697 ], [ -79.037806290225404, 35.925127449928098 ], [ -79.037809201912495, 35.925124159288302 ], [ -79.037810087933494, 35.925123157671699 ], [ -79.037810692663498, 35.9251225184641 ], [ -79.037814308858501, 35.925118691333701 ], [ -79.037818652483494, 35.9251135841345 ], [ -79.037821903002396, 35.9251097607223 ], [ -79.037826059687305, 35.925105362001098 ], [ -79.037826122818402, 35.925105295285398 ], [ -79.037826697612005, 35.925104619133798 ], [ -79.037829920443301, 35.9251008299793 ], [ -79.037834140258497, 35.9250963645421 ], [ -79.037841735505694, 35.925087433027798 ], [ -79.037845955319995, 35.925082968491502 ], [ -79.037857348186506, 35.925069571669397 ], [ -79.037858213192706, 35.925068656583598 ], [ -79.037861567998505, 35.925065106231202 ], [ -79.037864519489005, 35.925061636219503 ], [ -79.037869163240202, 35.925056175616398 ], [ -79.037871673891104, 35.9250531095228 ], [ -79.037872960779595, 35.925051538161 ], [ -79.037873997400297, 35.925050319284303 ], [ -79.037876758399804, 35.925047073754598 ], [ -79.037880978209202, 35.925042607414397 ], [ -79.037882311639805, 35.925041039643197 ], [ -79.037884775828104, 35.925038142106402 ], [ -79.037888323076899, 35.925033812070701 ], [ -79.037888536819693, 35.925033550627901 ], [ -79.037888573366203, 35.925033505551703 ], [ -79.037892267986194, 35.9250291601481 ], [ -79.037896167493798, 35.925024574935499 ], [ -79.037899966138298, 35.925019937478702 ], [ -79.037907561371497, 35.925011006861403 ], [ -79.037911358906598, 35.925006369404599 ], [ -79.037914911764702, 35.925002191685799 ], [ -79.037915156522104, 35.925001904095602 ], [ -79.037915225185699, 35.925001820253598 ], [ -79.037918954056806, 35.924997267539901 ], [ -79.037922134794698, 35.924993527967402 ], [ -79.037922751671502, 35.924992802230697 ], [ -79.037923593353, 35.924991774489399 ], [ -79.037926549204897, 35.924988164773403 ], [ -79.037928471822994, 35.924985903720398 ], [ -79.037930345710706, 35.924983699464299 ], [ -79.037932508610496, 35.924981059791399 ], [ -79.037934144351695, 35.924979062907802 ], [ -79.037935451199999, 35.9249775257884 ], [ -79.037937940856196, 35.924974596697098 ], [ -79.037941617673297, 35.924970107089699 ], [ -79.037945535919903, 35.924965323584097 ], [ -79.037949023432404, 35.924961223396103 ], [ -79.037949334639293, 35.924960857372298 ], [ -79.037950157434395, 35.924959727789997 ], [ -79.037952709980104, 35.924956220946697 ], [ -79.037954251584694, 35.924954338557001 ], [ -79.037956507510103, 35.9249515834885 ], [ -79.037960305120606, 35.924947118177997 ], [ -79.037963937635297, 35.924942680858997 ], [ -79.037967899070196, 35.924937843261198 ], [ -79.037968153771004, 35.924937493478303 ], [ -79.037971274409003, 35.924933206835099 ], [ -79.037972687575802, 35.924931545303103 ], [ -79.037975073126304, 35.924928742425102 ], [ -79.037982668180604, 35.924919467506903 ], [ -79.037986043517904, 35.9249148310804 ], [ -79.037993638569603, 35.924905556161498 ], [ -79.037997013905496, 35.924900919734696 ], [ -79.037997878883402, 35.924899951471197 ], [ -79.037998701775507, 35.9248990309897 ], [ -79.037999150284506, 35.924898445907601 ], [ -79.038000810322302, 35.924896282275299 ], [ -79.038003509233604, 35.924892986289102 ], [ -79.038004607846602, 35.924891644815503 ], [ -79.038007983181402, 35.924887008388197 ], [ -79.038008384086496, 35.9248865188585 ], [ -79.038011781813495, 35.924882371829099 ], [ -79.0380151571471, 35.924877734500399 ], [ -79.038016740832205, 35.9248757998214 ], [ -79.038018953561604, 35.924873097040397 ], [ -79.038022328894698, 35.924868460612799 ], [ -79.038025912675195, 35.924864085496502 ], [ -79.038026127524702, 35.924863823151803 ], [ -79.0380295028571, 35.924859186723999 ], [ -79.038031148559995, 35.9248571763165 ], [ -79.038033299269998, 35.9248545492635 ], [ -79.038036168523206, 35.924850607894001 ], [ -79.038036674601599, 35.924849912835498 ], [ -79.038037491915205, 35.924848913942498 ], [ -79.038040437790301, 35.924845317746097 ], [ -79.038040471013602, 35.9248452753748 ], [ -79.0380405629259, 35.924845146460498 ], [ -79.038045724400604, 35.924837888500498 ], [ -79.038047222701294, 35.924835829468599 ], [ -79.038051020220607, 35.924831192908499 ], [ -79.038052761040404, 35.924828802123102 ], [ -79.038054396657898, 35.924826555578299 ], [ -79.038058192986995, 35.9248217468703 ], [ -79.038064723272996, 35.924812776016203 ], [ -79.038064943643803, 35.924812473111302 ], [ -79.038068742187903, 35.924807664402302 ], [ -79.038072116406994, 35.924803027072301 ], [ -79.038075491653004, 35.924798218495098 ], [ -79.038078866979703, 35.924793582065803 ], [ -79.038081677739598, 35.924790150848096 ], [ -79.038082664495207, 35.924788945504602 ], [ -79.038086039739994, 35.924784136927201 ], [ -79.038089415064803, 35.924779498695003 ], [ -79.038092790308795, 35.924774690117303 ], [ -79.038096165633604, 35.924770053687503 ], [ -79.038097773525607, 35.924767763888298 ], [ -79.0380995408768, 35.924765245109597 ], [ -79.038103338389803, 35.9247606085478 ], [ -79.038105673818194, 35.924757281127199 ], [ -79.038110088874205, 35.924750991391498 ], [ -79.038113464196201, 35.924746353158604 ], [ -79.038120214678102, 35.924736736001698 ], [ -79.038121937775699, 35.9247343695558 ], [ -79.038123589999799, 35.924732099571003 ], [ -79.038133715718502, 35.924717673834699 ], [ -79.038137091038195, 35.924713036502297 ], [ -79.038147216752094, 35.9246986107647 ], [ -79.038150169800701, 35.9246938023173 ], [ -79.038152516355794, 35.924690579442803 ], [ -79.038153545118902, 35.924689165885702 ], [ -79.038156920355306, 35.924684357306099 ], [ -79.038157342137893, 35.924683498237101 ], [ -79.038160295591297, 35.924679548726402 ], [ -79.038165211165605, 35.924672545905203 ], [ -79.038167046061602, 35.924669930665502 ], [ -79.038167280799001, 35.924669547540297 ], [ -79.038169999108007, 35.924665122217498 ], [ -79.038178581149893, 35.924652895226103 ], [ -79.038180124810097, 35.924650696476903 ], [ -79.038183076746407, 35.924645887127703 ], [ -79.0381864087921, 35.924641139849001 ], [ -79.038189827211696, 35.924636269966598 ], [ -79.038191797015699, 35.924633064333896 ], [ -79.038192781363605, 35.924631461517698 ], [ -79.038196123293602, 35.924626529469499 ], [ -79.038196154298006, 35.924626481691 ], [ -79.038199531745505, 35.924621673109399 ], [ -79.038200857126398, 35.9246195140854 ], [ -79.038202484788201, 35.924616864660599 ], [ -79.038205860018607, 35.924612056079503 ], [ -79.038207136679702, 35.924609975483598 ], [ -79.038208811952401, 35.924607247630803 ], [ -79.038212187182097, 35.9246024390496 ], [ -79.038214399411601, 35.9245987096863 ], [ -79.038215141250006, 35.924597458452098 ], [ -79.038218516478906, 35.924592649870696 ], [ -79.038219021385302, 35.924591826827303 ], [ -79.038221468411194, 35.924587841421697 ], [ -79.038224843558297, 35.9245828615934 ], [ -79.038226555369604, 35.924580075144497 ], [ -79.038227797705702, 35.924578052242303 ], [ -79.038230627005206, 35.924574020750498 ], [ -79.038231172933095, 35.924573243660397 ], [ -79.038234124782903, 35.924568263964403 ], [ -79.038237500009402, 35.924563455382398 ], [ -79.038239155349203, 35.924560759080798 ], [ -79.038240453047706, 35.924558646932603 ], [ -79.038243406004497, 35.924553667235998 ], [ -79.038245935209304, 35.924550064855801 ], [ -79.038246782338007, 35.924548858653303 ], [ -79.038249734185499, 35.924543878055601 ], [ -79.038249886986605, 35.924543630150801 ], [ -79.038252688330502, 35.924539069605103 ], [ -79.038256063473199, 35.924534088874601 ], [ -79.038258110778301, 35.924530754330704 ], [ -79.038259015401195, 35.924529280424601 ], [ -79.038260212305502, 35.924527262042702 ], [ -79.038261969463406, 35.924524299825798 ], [ -79.038263283769098, 35.9245221597319 ], [ -79.038264921390706, 35.924519491375698 ], [ -79.038268296532195, 35.9245145115461 ], [ -79.038270389234398, 35.924511104883898 ], [ -79.038271250674995, 35.924509703095097 ], [ -79.038271959294605, 35.924508506850103 ], [ -79.038274202519602, 35.9245047224967 ], [ -79.038277155553502, 35.924499914045903 ], [ -79.038279424244394, 35.924496087323398 ], [ -79.038283061457605, 35.924489953749401 ], [ -79.038283958328805, 35.924488492463603 ], [ -79.038286014490396, 35.924485145298299 ], [ -79.0382872757379, 35.924483283721798 ], [ -79.038289389629199, 35.924480165467997 ], [ -79.038291898585001, 35.924475933085702 ], [ -79.038292342579695, 35.924475184868797 ], [ -79.038292933850499, 35.924474222096798 ], [ -79.038295295611505, 35.924470376417503 ], [ -79.038307107409295, 35.924450455822203 ], [ -79.038309493528402, 35.924446570477798 ], [ -79.038310060439301, 35.924445647370398 ], [ -79.038315966334807, 35.924435686170902 ], [ -79.038318468307693, 35.924430755284 ], [ -79.038318494879107, 35.924430706605499 ], [ -79.038330308881598, 35.924410786007002 ], [ -79.038333212083103, 35.924406059588399 ], [ -79.038333261908704, 35.924405977554699 ], [ -79.038333309519103, 35.9244058973241 ], [ -79.0383362148538, 35.924400996954297 ], [ -79.038338745611995, 35.9243960173877 ], [ -79.038347604444397, 35.924381076487101 ], [ -79.038350135200801, 35.924376096019003 ], [ -79.038351170418807, 35.924374290393303 ], [ -79.038353088062806, 35.924370945072802 ], [ -79.038355444216705, 35.924366971409597 ], [ -79.0383560410054, 35.924365964471903 ], [ -79.038358571760796, 35.924360984003599 ], [ -79.038364477645004, 35.924351024603901 ], [ -79.038367008399405, 35.924346044135397 ], [ -79.038368053609702, 35.924344280867402 ], [ -79.038369961340194, 35.924341063534101 ], [ -79.038372492012599, 35.924335911818801 ], [ -79.038375443844998, 35.924330932118998 ], [ -79.038376253110201, 35.9243293392704 ], [ -79.038377974598106, 35.924325951650196 ], [ -79.038380928645594, 35.924320971048203 ], [ -79.038383459398503, 35.924315991480597 ], [ -79.038386412255704, 35.924310839632199 ], [ -79.038388943007504, 35.924305859163098 ], [ -79.038391892624205, 35.9243008848713 ], [ -79.038394426615199, 35.924295726845301 ], [ -79.038397379552904, 35.924290747144603 ], [ -79.038399910303795, 35.924285767576499 ], [ -79.038402440972106, 35.924280614959301 ], [ -79.038403321206204, 35.924279130244003 ], [ -79.038405392800598, 35.924275635258603 ], [ -79.038407923550594, 35.9242706556904 ], [ -79.038410454217896, 35.924265503072903 ], [ -79.038412963161505, 35.924261272490298 ], [ -79.038413408261206, 35.92426052247 ], [ -79.0384134746824, 35.924260386352998 ], [ -79.038415911248904, 35.924255419432399 ], [ -79.038415935603894, 35.9242553707547 ], [ -79.038418347899395, 35.924250630067597 ], [ -79.038418469676799, 35.924250391185197 ], [ -79.038421000343305, 35.924245239468704 ], [ -79.038423531091297, 35.924240259900103 ], [ -79.038424770026893, 35.924238098196703 ], [ -79.038426482834694, 35.924235107149599 ], [ -79.038483079094604, 35.924118934494501 ], [ -79.038485718246307, 35.924113572739699 ], [ -79.038495350482407, 35.924094002514501 ], [ -79.038500092986297, 35.924084376954703 ], [ -79.038500264579795, 35.924084038012403 ], [ -79.038502228579802, 35.924084981052196 ], [ -79.038502586577096, 35.924085152185903 ], [ -79.039091877145495, 35.924367822905403 ], [ -79.039091913691095, 35.924367777828799 ], [ -79.039092827299996, 35.924366589625002 ], [ -79.039104536984993, 35.924351336808201 ], [ -79.0392489594403, 35.9244201379176 ], [ -79.039414488386697, 35.924487060043298 ], [ -79.039846023231107, 35.924672051070097 ], [ -79.040064374305103, 35.924765483860703 ], [ -79.039743779600997, 35.9252353127848 ], [ -79.0397437474887, 35.9252353596627 ], [ -79.039744493464596, 35.925235796549302 ], [ -79.039775352246295, 35.925253832284099 ], [ -79.040319781457896, 35.925572028112697 ], [ -79.039990936675096, 35.925962370317102 ], [ -79.039754082825795, 35.926243515579003 ], [ -79.039663501862094, 35.926351034706101 ], [ -79.039419610946894, 35.9266405293817 ], [ -79.039175695024895, 35.926930050585099 ], [ -79.039082617317604, 35.927040530816299 ], [ -79.039051858636199, 35.927077040501601 ], [ -79.039050161589401, 35.927076036999303 ], [ -79.038954023500906, 35.927190148531103 ], [ -79.039011919820496, 35.927124446192899 ], [ -79.038915503635707, 35.927238887656003 ], [ -79.038914723950299, 35.927239813537 ], [ -79.038911906265895, 35.927238177679399 ], [ -79.038911768817698, 35.927238097507797 ], [ -79.038911731163097, 35.927238143486001 ], [ -79.038911356430603, 35.927237768665798 ], [ -79.038877133844906, 35.927210465757 ], [ -79.038861504976893, 35.927192786379798 ], [ -79.038849039997899, 35.927175398915097 ], [ -79.038848830418303, 35.927175106060197 ], [ -79.038848377791396, 35.927174055291601 ], [ -79.038841222282898, 35.927157424126897 ], [ -79.038838890012698, 35.9271489697988 ], [ -79.038828924023207, 35.9271226190357 ], [ -79.038810436770007, 35.9270969415468 ], [ -79.038805301866603, 35.927090473667199 ], [ -79.038794247126802, 35.927074455719797 ], [ -79.038792627006899, 35.927072107453903 ], [ -79.038779528054604, 35.927049790987503 ], [ -79.038764403230402, 35.927029362479701 ], [ -79.038754929631807, 35.927012951060597 ], [ -79.038744182788093, 35.927001161897699 ], [ -79.038738125181794, 35.9269931449778 ], [ -79.038736416625596, 35.926991237473501 ], [ -79.038711932982807, 35.926962591195299 ], [ -79.038700527765897, 35.9269481722515 ], [ -79.038692079150806, 35.9269385598895 ], [ -79.038685741829696, 35.926931866159997 ], [ -79.038685391525803, 35.926931589572803 ], [ -79.038672226321907, 35.926921225219701 ], [ -79.0386587084338, 35.9269056055116 ], [ -79.038646398146, 35.926891728528901 ], [ -79.038645576614698, 35.926890888779802 ], [ -79.038644314933507, 35.9268895904098 ], [ -79.038628717355706, 35.926874539174001 ], [ -79.038616890418197, 35.926863382150799 ], [ -79.038595771640104, 35.926845017685601 ], [ -79.038581830923405, 35.926828024525001 ], [ -79.038569997015202, 35.9268138463502 ], [ -79.038565850214198, 35.926808877906502 ], [ -79.038565355702502, 35.926808285009102 ], [ -79.0385522606271, 35.926793866584497 ], [ -79.0385469168572, 35.9267885109603 ], [ -79.038533251443397, 35.926774814653001 ], [ -79.038516357567701, 35.926762457789799 ], [ -79.038501155486003, 35.926754049875903 ], [ -79.038479617710706, 35.926744613774801 ], [ -79.038477437765494, 35.926744101623903 ], [ -79.038476993267693, 35.926743816954001 ], [ -79.0384747901346, 35.926743478760699 ], [ -79.038455550760304, 35.926738955804602 ], [ -79.038435282126102, 35.926734842358599 ], [ -79.038424067737296, 35.926732375433403 ], [ -79.038415014438201, 35.9267303846133 ], [ -79.038390947940002, 35.926727989326999 ], [ -79.038369837407998, 35.926726793634899 ], [ -79.038363926700995, 35.926726967640803 ], [ -79.038363901236096, 35.926727014516302 ], [ -79.038343562602194, 35.927023490076898 ], [ -79.038309384783105, 35.927521987610596 ], [ -79.0380518922139, 35.927443203755203 ], [ -79.037989343945398, 35.927424009386002 ], [ -79.037987833994293, 35.927424964329802 ], [ -79.037704442243594, 35.9276042129678 ], [ -79.037576130088993, 35.927685467525997 ], [ -79.037486982329398, 35.927734293871403 ], [ -79.037381966466995, 35.927791810812302 ], [ -79.037202216031005, 35.927890900260302 ], [ -79.037093635919703, 35.9279507686187 ], [ -79.037243598190798, 35.9281201848165 ], [ -79.037138252837806, 35.928180776864998 ], [ -79.036733260751006, 35.928413718848802 ], [ -79.036681074619693, 35.928443735112701 ], [ -79.036680674651606, 35.928443904676797 ], [ -79.036591918826204, 35.928494991590199 ], [ -79.036568430927304, 35.928491501598103 ], [ -79.036568383285996, 35.928491522342199 ], [ -79.036568335644105, 35.928491542185 ], [ -79.036489442745506, 35.928479833616002 ], [ -79.035884213024701, 35.928390009556097 ], [ -79.035792655144604, 35.928435676313597 ], [ -79.035794764107095, 35.928440986136302 ], [ -79.035796455299504, 35.928446307798403 ], [ -79.035798146416198, 35.928451458214099 ], [ -79.035801528802594, 35.928462102439497 ], [ -79.035803220072196, 35.928467596249099 ], [ -79.035805758043097, 35.928478240722001 ], [ -79.035807028213199, 35.928483734655103 ], [ -79.035807874990894, 35.928489057466003 ], [ -79.035809142944899, 35.928494551399702 ], [ -79.0358108366528, 35.928505539514198 ], [ -79.035811262406099, 35.928511032793601 ], [ -79.035812109184405, 35.928516355604501 ], [ -79.035812958475503, 35.928527343065298 ], [ -79.035812960912693, 35.928532837370199 ], [ -79.035813384450407, 35.9285383315516 ], [ -79.035813386887995, 35.928543826757803 ], [ -79.035812968224604, 35.928549321186203 ], [ -79.035812970661794, 35.928554815491097 ], [ -79.035812550890199, 35.928560309919902 ], [ -79.035812553327403, 35.928565804224803 ], [ -79.035811711346796, 35.928571298777399 ], [ -79.035811291575001, 35.928576793206098 ], [ -79.035809607613501, 35.928587782311297 ], [ -79.035808765556098, 35.928593104716199 ], [ -79.035807923575007, 35.928598599268703 ], [ -79.035806659308804, 35.928603922698798 ], [ -79.035805395118402, 35.9286094173751 ], [ -79.035804130851503, 35.9286147399038 ], [ -79.035802866660802, 35.928620234580102 ], [ -79.035799493708595, 35.928630881687702 ], [ -79.035797384946207, 35.928636032316199 ], [ -79.035795275152097, 35.928641355994003 ], [ -79.0357910587351, 35.928651659053202 ], [ -79.035788527762705, 35.928656810706698 ], [ -79.035786418999393, 35.928661962236397 ], [ -79.035783888026401, 35.928667113889702 ], [ -79.035781779262507, 35.928672265419202 ], [ -79.0357741863412, 35.928687721280099 ], [ -79.0357720775758, 35.928692871908197 ], [ -79.035769546601301, 35.928698024462498 ], [ -79.035767015549894, 35.928703003967698 ], [ -79.035764485682606, 35.928708155620399 ], [ -79.035761954630999, 35.928713136026801 ], [ -79.035759423654397, 35.928718286778299 ], [ -79.035756469284195, 35.928723267308598 ], [ -79.035753929441, 35.92872841626 ], [ -79.035753906191104, 35.928728464936803 ], [ -79.035751407254594, 35.928733399367502 ], [ -79.035748454067004, 35.9287385502424 ], [ -79.035745500955699, 35.928743874166102 ], [ -79.035742547616096, 35.928748683449399 ], [ -79.035739594351298, 35.928753662176398 ], [ -79.035736735986603, 35.928757734170901 ], [ -79.035715963638907, 35.9287931585108 ], [ -79.035710062644995, 35.928803120468103 ], [ -79.035709700590303, 35.928803831697202 ], [ -79.035707531586993, 35.928808100873297 ], [ -79.035704577286197, 35.928813252648602 ], [ -79.035699516276296, 35.9288232125569 ], [ -79.035694454308896, 35.928833515859402 ], [ -79.035691923249004, 35.928838496264099 ], [ -79.035689392264004, 35.928843647013998 ], [ -79.035687704865495, 35.928846911102902 ], [ -79.035686861279601, 35.928848799566197 ], [ -79.035684330294004, 35.928853950315897 ], [ -79.035682220411104, 35.928859102745001 ], [ -79.035677152897605, 35.928869404245603 ], [ -79.035672941995202, 35.928879709100798 ], [ -79.035669146121194, 35.928888809702102 ], [ -79.035660289787003, 35.9289116484454 ], [ -79.035659025505694, 35.928916970971997 ], [ -79.035657339090093, 35.928922466670798 ], [ -79.035654850344301, 35.928932938663202 ], [ -79.035654809419, 35.928933112625401 ], [ -79.035652281007003, 35.928944101973698 ], [ -79.035651440044205, 35.9289494252777 ], [ -79.035649756053104, 35.928960414379198 ], [ -79.035648913981305, 35.928965736782203 ], [ -79.035646815056197, 35.928993208918897 ], [ -79.035646824614503, 35.929014857161498 ], [ -79.035646824759795, 35.929015186134698 ], [ -79.035647249396902, 35.929020680315297 ], [ -79.035647251822795, 35.929026174619302 ], [ -79.035647715467107, 35.929032169909398 ], [ -79.035648101097195, 35.929037162980499 ], [ -79.035648947945802, 35.929042657037698 ], [ -79.035649372583194, 35.929048151218304 ], [ -79.0356502193561, 35.929053473127802 ], [ -79.035650956180802, 35.9290582524889 ], [ -79.035651066204906, 35.9290589671851 ], [ -79.035652335265496, 35.929064461118898 ], [ -79.035653182038999, 35.929069783929698 ], [ -79.035654451099802, 35.929075277863497 ], [ -79.035655720084804, 35.929080599649701 ], [ -79.035656990253997, 35.929086093583102 ], [ -79.035658258131605, 35.929091416270801 ], [ -79.035666714119799, 35.929118026386597 ], [ -79.035668828637895, 35.929123347925398 ], [ -79.0356734003188, 35.9291344893199 ], [ -79.035651755911005, 35.929215521311001 ], [ -79.036070990855507, 35.929273276693898 ], [ -79.0361033547251, 35.929277739358497 ], [ -79.036110954858103, 35.929278423897998 ], [ -79.035960839645199, 35.929708056792897 ], [ -79.0352600726265, 35.929504901726503 ], [ -79.035237899715995, 35.929498468366504 ], [ -79.035237536584702, 35.929499268822603 ], [ -79.035236811430806, 35.929500870635898 ], [ -79.035167648178401, 35.929653552185997 ], [ -79.035167042594594, 35.929654901601403 ], [ -79.035167022669398, 35.929654952079702 ], [ -79.035166917481604, 35.929655155802998 ], [ -79.035111527772301, 35.929762609893302 ], [ -79.035095400785096, 35.929793894024499 ], [ -79.035057554079501, 35.929867310988101 ], [ -79.035057368061402, 35.929867669757499 ], [ -79.035057331511496, 35.929867715734098 ], [ -79.035051159950498, 35.930099716599202 ], [ -79.035050270194404, 35.9301331603561 ], [ -79.0350052455872, 35.930288353065301 ], [ -79.034999523721297, 35.930308076871 ], [ -79.034974935487597, 35.930392830101297 ], [ -79.034964122446794, 35.930430101798201 ], [ -79.034931842639395, 35.930541445456399 ], [ -79.034931644183203, 35.930543796995003 ], [ -79.034923160138405, 35.930644250682498 ], [ -79.034922807327206, 35.930648432797497 ], [ -79.034895717765494, 35.930969153239303 ], [ -79.034895298581802, 35.930973617478401 ], [ -79.034884680899395, 35.9312119303844 ], [ -79.034884587280999, 35.931213268835599 ], [ -79.034872553683797, 35.931483357309602 ], [ -79.034872114992694, 35.931493981009297 ], [ -79.034865610852293, 35.931639981075499 ], [ -79.034858442127899, 35.931820185497003 ], [ -79.034858162565399, 35.9318272021642 ], [ -79.034851848949302, 35.931985956392403 ], [ -79.034731140321796, 35.931976986856498 ], [ -79.034586238539006, 35.9319656022776 ], [ -79.034550346479705, 35.931969433035398 ], [ -79.034538665408405, 35.931970680129503 ], [ -79.034508940232996, 35.931973852986701 ], [ -79.034478153441597, 35.931977138798501 ], [ -79.034421175118894, 35.931969622752497 ], [ -79.034379105236894, 35.931964073615198 ], [ -79.034237892998902, 35.9319454465737 ], [ -79.033771593918701, 35.9319129919432 ], [ -79.033745194601707, 35.931911201159899 ], [ -79.033693226001901, 35.931907583295299 ], [ -79.033655539267002, 35.931904960106898 ], [ -79.033618864356896, 35.931902410534498 ], [ -79.033618842210402, 35.931902452901497 ], [ -79.033604341830397, 35.931930253755702 ], [ -79.033594198763396, 35.931949718226001 ], [ -79.033477925214001, 35.932172871322699 ], [ -79.033408355730003, 35.932305471869199 ], [ -79.033335562546597, 35.932444216480299 ], [ -79.033294677244797, 35.932522145538996 ], [ -79.033268298088103, 35.932572424290903 ], [ -79.033230978041601, 35.932632126355799 ], [ -79.033085585709699, 35.932864711791602 ], [ -79.033085554693997, 35.9328647469505 ], [ -79.033043309964199, 35.9329121692355 ], [ -79.033016063599206, 35.932942754856597 ], [ -79.032913438429702, 35.933057957303099 ], [ -79.0327902481839, 35.9331962455542 ], [ -79.032647264732404, 35.933356751390598 ], [ -79.032632072312595, 35.933373805254902 ], [ -79.032525940093507, 35.933492943349002 ], [ -79.032383441884804, 35.933652902543898 ], [ -79.032377033661703, 35.933660096578997 ], [ -79.032251800022607, 35.9338006749879 ], [ -79.032249952320996, 35.933802749356097 ], [ -79.032249913550501, 35.933802793529701 ], [ -79.032184957514801, 35.933876940391201 ], [ -79.032101389050993, 35.934008025115702 ], [ -79.032101329244, 35.934008119767398 ], [ -79.032011105256103, 35.934149643169398 ], [ -79.032011082002896, 35.934149692746701 ], [ -79.031961323810094, 35.934254563340303 ], [ -79.031961293906605, 35.934254611116799 ], [ -79.031990465506297, 35.934325948176699 ], [ -79.031975987570206, 35.934340180712802 ], [ -79.031943181188595, 35.934375858949103 ], [ -79.031910664119394, 35.934414570858998 ], [ -79.031889328079004, 35.9344421127958 ], [ -79.031867453410101, 35.934472439870198 ], [ -79.031851023390303, 35.934496834999599 ], [ -79.031835547582702, 35.9345212965736 ], [ -79.031814909404304, 35.934556573226303 ], [ -79.031775030141105, 35.934629061236002 ], [ -79.031625054242198, 35.934898861308902 ], [ -79.031620411633796, 35.934906933605703 ], [ -79.0316115515093, 35.934921873057696 ], [ -79.031609020006599, 35.934926853366399 ], [ -79.031603112515299, 35.934936812399798 ], [ -79.031600581011702, 35.9349417927084 ], [ -79.031594672410407, 35.934951752642903 ], [ -79.031592140905801, 35.934956732951299 ], [ -79.031589188266494, 35.934961712467199 ], [ -79.031586233477597, 35.934966864130999 ], [ -79.031583703080202, 35.934971844438898 ], [ -79.031580749331894, 35.9349768248562 ], [ -79.031578217825299, 35.934981804262897 ], [ -79.031575264075997, 35.934986783778903 ], [ -79.031572732636306, 35.934991936233999 ], [ -79.031569778886293, 35.9349969157497 ], [ -79.031567247378305, 35.935001895156198 ], [ -79.031564715937705, 35.935007047611101 ], [ -79.031561762186598, 35.935012027126703 ], [ -79.031559230678099, 35.935017007434297 ], [ -79.031556276993598, 35.935022159096903 ], [ -79.031553742158806, 35.935027137602603 ], [ -79.031553717796498, 35.935027186278802 ], [ -79.0315512140414, 35.935032290056299 ], [ -79.031548682531593, 35.935037270363601 ], [ -79.031545728778298, 35.935042249878698 ], [ -79.031543197335097, 35.935047402333097 ], [ -79.031540665823897, 35.935052381738998 ], [ -79.031538134379701, 35.935057533292003 ], [ -79.031535602868303, 35.935062513599 ], [ -79.031533071422999, 35.935067664250496 ], [ -79.0315301177354, 35.935072816813701 ], [ -79.031527586223007, 35.935077797120499 ], [ -79.031522523330594, 35.935088099324602 ], [ -79.031519991817206, 35.935093079631201 ], [ -79.031514928923301, 35.935103382736102 ], [ -79.031512397408903, 35.935108363042502 ], [ -79.031510289312195, 35.935113513584298 ], [ -79.031505225307399, 35.935123816689 ], [ -79.031502693791893, 35.935128796995201 ], [ -79.031500162343207, 35.935133949448598 ], [ -79.031495099309794, 35.935143908258098 ], [ -79.031492991144503, 35.935148888454798 ], [ -79.031487928243607, 35.935159191558398 ], [ -79.031485817927702, 35.935164343001397 ], [ -79.031483286476501, 35.935169494553101 ], [ -79.031481178376595, 35.935174645995502 ], [ -79.031478646924796, 35.9351797975471 ], [ -79.031476536674901, 35.935185121137202 ], [ -79.031472318256604, 35.935195424022297 ], [ -79.031470210222096, 35.9352007467104 ], [ -79.031468099904401, 35.935205899054402 ], [ -79.031465991869297, 35.935211221742399 ], [ -79.031463878225594, 35.935216372284501 ], [ -79.031463860512503, 35.935216420959001 ], [ -79.031463695593899, 35.935216961778302 ], [ -79.031462195758706, 35.935221695764099 ], [ -79.031460086614899, 35.935227019353597 ], [ -79.031458399647406, 35.935232170686902 ], [ -79.031456290502803, 35.935237493374999 ], [ -79.031442795288498, 35.9352800776132 ], [ -79.031441530629806, 35.935285400984597 ], [ -79.031439843726702, 35.935290723563597 ], [ -79.031438579134402, 35.935296218181001 ], [ -79.031437314475198, 35.935301541552398 ], [ -79.031435627571796, 35.935306865032501 ], [ -79.031434362978899, 35.935312359649899 ], [ -79.0314330983189, 35.935317682119901 ], [ -79.031431833725605, 35.935323176737199 ], [ -79.031430991309804, 35.935328499999699 ], [ -79.031430878458593, 35.935328989431703 ], [ -79.031429726716297, 35.935333994616997 ], [ -79.031428462055601, 35.9353393170869 ], [ -79.031427197461795, 35.935344811704098 ], [ -79.031426355044999, 35.935350134065303 ], [ -79.031425542541896, 35.935355432985098 ], [ -79.031425476140797, 35.935355674549101 ], [ -79.031425487363293, 35.935356034162702 ], [ -79.031425093058004, 35.9353623262014 ], [ -79.031424253954597, 35.935373314099202 ], [ -79.031424256093302, 35.935378808390197 ], [ -79.031423834879305, 35.935384302790098 ], [ -79.031423837017996, 35.9353897970811 ], [ -79.031423418020395, 35.935395291480297 ], [ -79.031423420159001, 35.935400785771201 ], [ -79.031422998944805, 35.935406280171101 ], [ -79.031423018192498, 35.935455728788597 ], [ -79.031423443684304, 35.935461222970403 ], [ -79.031423445822995, 35.9354667172611 ], [ -79.031423869098305, 35.935472211443397 ], [ -79.031423871236996, 35.935477705734201 ], [ -79.0314242967289, 35.9354831999159 ], [ -79.031424298867606, 35.935488694206597 ], [ -79.031425572018804, 35.935505175851297 ], [ -79.031425574158007, 35.935510671043197 ], [ -79.031425998475299, 35.935515993979301 ], [ -79.031426847243196, 35.935526981441797 ], [ -79.031427693872502, 35.935532475514997 ], [ -79.031428967025505, 35.9355489580607 ], [ -79.031429813655294, 35.9355544521338 ], [ -79.031430238039803, 35.9355599463156 ], [ -79.031431084669805, 35.9355654403888 ], [ -79.031431508987794, 35.935570763324598 ], [ -79.031432307843005, 35.935575949167301 ], [ -79.031432355617994, 35.935576257397699 ], [ -79.031432390146193, 35.935576699924397 ], [ -79.031432780002802, 35.935581751579498 ], [ -79.031434473263701, 35.9355927397256 ], [ -79.031435319827295, 35.935598061651298 ], [ -79.031437859719901, 35.935614543870201 ], [ -79.031487446006594, 35.9358861983483 ], [ -79.031489182024998, 35.935895959819703 ], [ -79.031489561764005, 35.9358977902506 ], [ -79.031510220693505, 35.936010970363803 ], [ -79.031510644044801, 35.936016636691903 ], [ -79.031511492829395, 35.936027624151798 ], [ -79.031514032751403, 35.936044107267698 ], [ -79.031514879324902, 35.936049429192003 ], [ -79.031515725965903, 35.936054923263598 ], [ -79.031516995895998, 35.936060245078501 ], [ -79.031518263676901, 35.936065739041197 ], [ -79.031519533607707, 35.936071061757403 ], [ -79.0315212246784, 35.936076384364902 ], [ -79.031522915815998, 35.936081877316902 ], [ -79.031524184639096, 35.936087200033299 ], [ -79.031526297891503, 35.936092350384399 ], [ -79.031527988962793, 35.936097672090398 ], [ -79.031530102283, 35.936102994588701 ], [ -79.031534235607197, 35.9361130690897 ], [ -79.031534328789704, 35.936113295290497 ], [ -79.031536442110294, 35.936118616887299 ], [ -79.031287225037303, 35.936013703670199 ], [ -79.031281862390998, 35.936011446401103 ], [ -79.031281403944703, 35.936009551997898 ], [ -79.031008493077096, 35.935896364987698 ], [ -79.030998830809196, 35.935892297196602 ], [ -79.030996818987106, 35.935891438774 ], [ -79.030862002141504, 35.935829772126098 ], [ -79.030861154150799, 35.935829321693298 ], [ -79.030859615613593, 35.935828607355901 ], [ -79.030681372086093, 35.935738365123903 ], [ -79.030677403758204, 35.935736356234898 ], [ -79.030671953261503, 35.935733221100101 ], [ -79.030666460734906, 35.935730305891397 ], [ -79.030660548112493, 35.935727215937 ], [ -79.030644076988295, 35.935717949358903 ], [ -79.030638164368099, 35.9357148603046 ], [ -79.030616202876502, 35.935702504562201 ], [ -79.030610290258196, 35.935699414605303 ], [ -79.030604799821702, 35.935696154197601 ], [ -79.030588327601606, 35.935686886710897 ], [ -79.030581148835907, 35.935682425299703 ], [ -79.030564676426394, 35.935672643170697 ], [ -79.030559608239301, 35.935669381753897 ], [ -79.030521175221494, 35.935646556174298 ], [ -79.030515685965597, 35.9356434679095 ], [ -79.030503501271298, 35.935636231758203 ], [ -79.030499213571701, 35.935633684870197 ], [ -79.030494145389994, 35.935630424351899 ], [ -79.030488655027696, 35.935627335184698 ], [ -79.030477674174605, 35.935620813456602 ], [ -79.0304721838136, 35.935617724288697 ], [ -79.030461202963195, 35.935611202559102 ], [ -79.030455712603697, 35.935608114291803 ], [ -79.030450223287701, 35.935604852975402 ], [ -79.030444309574904, 35.935601763911897 ], [ -79.030438819151797, 35.9355985034965 ], [ -79.030433328793805, 35.935595414326897 ], [ -79.030427838371594, 35.935592153911003 ], [ -79.030422348014397, 35.935589064740903 ], [ -79.030416857593096, 35.935585804324603 ], [ -79.030329042789802, 35.935639135039303 ], [ -79.030324400123007, 35.935647510119502 ], [ -79.030288853563704, 35.935711627117101 ], [ -79.030288592191397, 35.935712097657699 ], [ -79.030288505805501, 35.935712252701798 ], [ -79.030039944737297, 35.936028253855099 ], [ -79.029777358753293, 35.936362082781997 ], [ -79.029776141339099, 35.9363636306012 ], [ -79.029559153242502, 35.936640614982501 ], [ -79.029550334409606, 35.936651840933301 ], [ -79.029338743716295, 35.936921182415098 ], [ -79.0291725087191, 35.937131468905903 ], [ -79.028996183224606, 35.937354519872002 ], [ -79.028664367856294, 35.937774052262697 ], [ -79.028532755811796, 35.937940979256297 ], [ -79.028470432804298, 35.938017774113398 ], [ -79.0284572930899, 35.938033964410998 ], [ -79.0284353341018, 35.938061021856598 ], [ -79.028414152782005, 35.938087121943198 ], [ -79.028365029140801, 35.938150844911803 ], [ -79.028314086433696, 35.938216926966298 ], [ -79.028243640992997, 35.9383083056114 ], [ -79.028242278908607, 35.938308329360197 ], [ -79.028241308045807, 35.9383083358939 ], [ -79.027877407866896, 35.938312218498403 ], [ -79.027876445871499, 35.938312228632398 ], [ -79.027848405039705, 35.938312527953499 ], [ -79.027848081491101, 35.938312739831296 ], [ -79.027837453136499, 35.938319691228799 ], [ -79.027065286973595, 35.9388247153951 ], [ -79.026281267527096, 35.939335779401098 ], [ -79.0258840909881, 35.939594685015301 ], [ -79.025930567059802, 35.939705564843102 ], [ -79.025963982986994, 35.939882231902601 ], [ -79.025927736050505, 35.940090851073101 ], [ -79.026007566044399, 35.940156421175601 ], [ -79.025999701166896, 35.940516963421302 ], [ -79.025992593192996, 35.940843040024703 ], [ -79.026092698217198, 35.940938132081101 ], [ -79.026119962875995, 35.941005865601198 ], [ -79.026176799521707, 35.941147067047702 ], [ -79.026176767395, 35.941147113020499 ], [ -79.026139261156203, 35.941201047194198 ], [ -79.026109687957302, 35.941243575604197 ], [ -79.026109652505497, 35.941243621577698 ], [ -79.026110427827604, 35.9412454663576 ], [ -79.0261802687602, 35.941424355256402 ], [ -79.026191972209901, 35.941439642271199 ], [ -79.026192097504506, 35.9414398044769 ], [ -79.026193954871701, 35.941483575346702 ], [ -79.026195930624496, 35.941530118565801 ], [ -79.026282512001202, 35.941581947702602 ], [ -79.026346315883103, 35.941704695380601 ], [ -79.026346287081793, 35.941704743155299 ], [ -79.026305410748705, 35.941784068402903 ], [ -79.0262838527334, 35.9418259263593 ], [ -79.026283822823402, 35.941825973232902 ], [ -79.026286979035305, 35.941828315913398 ], [ -79.026289266114702, 35.941830066631802 ], [ -79.026359888464796, 35.941884114520597 ], [ -79.026612860327305, 35.942070303569501 ], [ -79.026623877735901, 35.942078412797301 ], [ -79.026704193346703, 35.942324433605897 ], [ -79.026721292381296, 35.942362895210998 ], [ -79.026721518653403, 35.942363405292802 ], [ -79.026729650636398, 35.9423735223194 ], [ -79.026762497925304, 35.942414388720998 ], [ -79.026776039818003, 35.942434659416598 ], [ -79.026827984105296, 35.942512411495301 ], [ -79.026911020776495, 35.942575897357102 ], [ -79.026993550931394, 35.942638995717303 ], [ -79.026999016534006, 35.942643248606998 ], [ -79.027000869214106, 35.942747826014198 ], [ -79.027002030537602, 35.942813398356499 ], [ -79.027162074425405, 35.942917589155797 ], [ -79.027163378138596, 35.942918437882703 ], [ -79.027125322857401, 35.943040916598498 ], [ -79.027077748056598, 35.943194029615803 ], [ -79.026873197646907, 35.943339764138798 ], [ -79.026510751469402, 35.943597992284097 ], [ -79.026505720392905, 35.943593999752899 ], [ -79.026483757164797, 35.943580955618202 ], [ -79.026477844240404, 35.9435782097637 ], [ -79.026466017397198, 35.943573061446102 ], [ -79.026459683464097, 35.943570831220903 ], [ -79.026453770766494, 35.943568772149398 ], [ -79.026447013606997, 35.943567056652803 ], [ -79.026440678735099, 35.943565341064399 ], [ -79.026434343975893, 35.9435639688677 ], [ -79.026427586986102, 35.943562768908798 ], [ -79.026420830052501, 35.943561740195001 ], [ -79.026414495518694, 35.943561054781597 ], [ -79.026407738697699, 35.943560369459199 ], [ -79.026400981989497, 35.9435600284298 ], [ -79.026387468797097, 35.943560031351701 ], [ -79.026380712313099, 35.943560376204204 ], [ -79.026375222746907, 35.943560892028003 ], [ -79.026347353188598, 35.943565190899001 ], [ -79.026322018471205, 35.943572924039998 ], [ -79.0262983727403, 35.943583573391898 ], [ -79.0262772639513, 35.9435973145251 ], [ -79.026272655676493, 35.943601676867601 ], [ -79.026262531653003, 35.943611260678601 ], [ -79.026261724209803, 35.943612968800103 ], [ -79.026255317304503, 35.9436180994296 ], [ -79.026255276308405, 35.943618140897797 ], [ -79.026242649386504, 35.943637328508501 ], [ -79.026232514151801, 35.943663597031502 ], [ -79.0262274706771, 35.943706696081897 ], [ -79.026213512326393, 35.943725088134499 ], [ -79.026213503468597, 35.9437251160765 ], [ -79.026159387026595, 35.943758140197303 ], [ -79.026145501915906, 35.943766612609899 ], [ -79.026145093001603, 35.943766839823098 ], [ -79.026080124386596, 35.943806485317999 ], [ -79.026059857751704, 35.943819882840302 ], [ -79.026048035388101, 35.943825208392099 ], [ -79.025946378550799, 35.943889054108404 ], [ -79.025825076299199, 35.943965237170502 ], [ -79.025782346189104, 35.9439958874135 ], [ -79.025418539995201, 35.944256822721499 ], [ -79.025394878173103, 35.944263140292001 ], [ -79.025385203978004, 35.944265723603003 ], [ -79.025383662357399, 35.944266134912503 ], [ -79.025370439441502, 35.944269665316298 ], [ -79.025360425002205, 35.944272339726602 ], [ -79.025072327826393, 35.9443492622786 ], [ -79.025072290145005, 35.944349273101899 ], [ -79.024754770285497, 35.944439822159403 ], [ -79.024540681300394, 35.9445008224302 ], [ -79.024114194804596, 35.944622649360298 ], [ -79.024097650317401, 35.9446273789994 ], [ -79.023953218455901, 35.944668664939599 ], [ -79.023851660558705, 35.944697694690298 ], [ -79.023669978856404, 35.944749627311097 ], [ -79.023574548401598, 35.944776603401699 ], [ -79.023187336465497, 35.944885711282403 ], [ -79.023158314680799, 35.9448939131345 ], [ -79.023127774537002, 35.944902578531199 ], [ -79.023080413784896, 35.944915945533097 ], [ -79.023036034331, 35.944928471049302 ], [ -79.023025609707304, 35.944931414830698 ], [ -79.022678203076794, 35.945029463744497 ], [ -79.022636728347706, 35.945041169301597 ], [ -79.022524167321805, 35.945072937205097 ], [ -79.022411025458197, 35.945104869146 ], [ -79.022337706964706, 35.945125561810002 ], [ -79.022072038106003, 35.945200130693699 ], [ -79.021799875737798, 35.945278524335301 ], [ -79.0217262721944, 35.945299664623199 ], [ -79.022449800238505, 35.945698955266799 ], [ -79.021364587578603, 35.9456662510961 ], [ -79.020840919294301, 35.945655138576399 ], [ -79.020840884933804, 35.945655137681001 ], [ -79.020784592554705, 35.945653757487896 ], [ -79.020303219470705, 35.945641951372998 ], [ -79.020247518863798, 35.945445643208998 ], [ -79.020105329383497, 35.945478875681999 ], [ -79.019872877504696, 35.9455332048163 ], [ -79.019602652301103, 35.945596361415099 ], [ -79.019533862827402, 35.945333842573 ], [ -79.019511816549496, 35.9452496465791 ], [ -79.019393786798702, 35.9452511164668 ], [ -79.0193876984372, 35.945251192241102 ], [ -79.019292890467, 35.945252373532803 ], [ -79.019291947230997, 35.945252385398703 ], [ -79.019259249858194, 35.945252792537602 ], [ -79.018579835859398, 35.9452748190431 ], [ -79.018174698208796, 35.945287951461097 ], [ -79.017860473204806, 35.945298136465098 ], [ -79.017212768009401, 35.945318488737499 ], [ -79.017213236421298, 35.945404794506103 ], [ -79.017214948528107, 35.945720125357703 ], [ -79.017214976196698, 35.945725128420101 ], [ -79.017215362739904, 35.945796537649798 ], [ -79.017147460096595, 35.945790988945802 ], [ -79.017147721479404, 35.945810922761297 ], [ -79.017151443686501, 35.946140529730101 ], [ -79.017148903971801, 35.946180532078401 ], [ -79.017147762337203, 35.946185839039202 ], [ -79.017147763864202, 35.946187809260699 ], [ -79.017145175665107, 35.946197862622199 ], [ -79.017140416453003, 35.946219989078998 ], [ -79.017137402204895, 35.946228061462797 ], [ -79.017135839538298, 35.9462341327771 ], [ -79.017133662364898, 35.946238076230003 ], [ -79.017126105139099, 35.946258317578199 ], [ -79.017106183824097, 35.946294951533602 ], [ -79.0170903892041, 35.946316478372701 ], [ -79.017088298448698, 35.946320265889298 ], [ -79.017086039975496, 35.946322405869701 ], [ -79.017080943897497, 35.946329351028403 ], [ -79.017050760996298, 35.946361007679002 ], [ -79.017016078380607, 35.946389452748697 ], [ -79.017013592565604, 35.9463910474785 ], [ -79.017012682747406, 35.946391910140598 ], [ -79.017010274451494, 35.946393176789698 ], [ -79.016977410261603, 35.946414267963497 ], [ -79.016935325175695, 35.946435086415399 ], [ -79.016919588146294, 35.9464408766868 ], [ -79.016915196020904, 35.9464431873037 ], [ -79.016904202451997, 35.946446538022997 ], [ -79.016890444877603, 35.946451600674798 ], [ -79.016873158000294, 35.946456000463101 ], [ -79.016860695884304, 35.946459799322902 ], [ -79.016857333030302, 35.946460028715201 ], [ -79.016843434364901, 35.946463566397298 ], [ -79.016794985253398, 35.9464708086348 ], [ -79.016745813558401, 35.946473218231297 ], [ -79.016664405595094, 35.9464731807021 ], [ -79.016663737235803, 35.946473225857901 ], [ -79.016274537208901, 35.946473043130098 ], [ -79.016099415763193, 35.946472960900998 ], [ -79.016097486020001, 35.946472915189602 ], [ -79.016092489327207, 35.946472913144497 ], [ -79.016095584193806, 35.946496139899899 ], [ -79.016095647468404, 35.9464966184769 ], [ -79.016068885905199, 35.946495556677 ], [ -79.014603030781998, 35.946437406597099 ], [ -79.014585749564205, 35.946436995872098 ], [ -79.014447629954503, 35.946436183110201 ], [ -79.014160171454705, 35.946434482711098 ], [ -79.014011477469097, 35.946553825353398 ], [ -79.014000547884194, 35.946562597968601 ], [ -79.014000499120996, 35.946562636729702 ], [ -79.013976302638298, 35.946582056007898 ], [ -79.013971154710006, 35.946598459186497 ], [ -79.013968104946102, 35.946608174547798 ], [ -79.013967627453795, 35.9466159157882 ], [ -79.013962630360595, 35.946696942391 ], [ -79.013966857973003, 35.946723383071102 ], [ -79.013965064108206, 35.946727136250502 ], [ -79.013946931549896, 35.946765074547798 ], [ -79.013909533994706, 35.946843320754802 ], [ -79.013893429663696, 35.946906359754202 ], [ -79.013887041756504, 35.946931362281703 ], [ -79.013912267377606, 35.946991463773202 ], [ -79.013958103610605, 35.947100671519898 ], [ -79.013957522055904, 35.9471412260542 ], [ -79.013957185829597, 35.947164686684303 ], [ -79.014144738882905, 35.947438688035803 ], [ -79.014153854845404, 35.947453188741697 ], [ -79.014182834802398, 35.9474992863815 ], [ -79.014238096162302, 35.947587191810598 ], [ -79.014247976306194, 35.947604217835099 ], [ -79.014346556223302, 35.947774100414897 ], [ -79.014500635001596, 35.948052630464304 ], [ -79.014550089190294, 35.948142028058797 ], [ -79.014612007426095, 35.948253957293403 ], [ -79.013956945497398, 35.9484926279642 ], [ -79.013946207671495, 35.9484965398889 ], [ -79.013894944736094, 35.948515216859199 ], [ -79.013890860414506, 35.948516705353903 ], [ -79.012221977700406, 35.9485562531044 ], [ -79.011348307257805, 35.948576948153303 ], [ -79.010481971965703, 35.948597463272399 ], [ -79.010478416118005, 35.948597547397597 ], [ -79.010877699135094, 35.949135375249 ], [ -79.010961232205005, 35.9492478911041 ], [ -79.010893490124005, 35.949251250867597 ], [ -79.010809301058302, 35.949255426816897 ], [ -79.010700511101504, 35.949267359564303 ], [ -79.010658664624003, 35.949271949889102 ], [ -79.0104619326316, 35.949307616524102 ], [ -79.010460887392995, 35.949307805884501 ], [ -79.010459761255603, 35.949308131346598 ], [ -79.010187738940701, 35.949386675616601 ], [ -79.010174603230396, 35.949390468438096 ], [ -79.009993309435899, 35.949464066509897 ], [ -79.009950141530595, 35.949486498630499 ], [ -79.009795170470497, 35.949567027878203 ], [ -79.009794135245301, 35.949567566031298 ], [ -79.009792889449599, 35.949568389008697 ], [ -79.009698786355898, 35.949630565679897 ], [ -79.009610691550705, 35.949688772524802 ], [ -79.009445349097106, 35.949826122137999 ], [ -79.00938218796, 35.949888938780397 ], [ -79.009359824185694, 35.949911180718303 ], [ -79.009319355505596, 35.949957634475197 ], [ -79.0092719631797, 35.950012036314803 ], [ -79.009161573116501, 35.950166304852601 ], [ -79.009152669591003, 35.950182283580098 ], [ -79.009107284163704, 35.950263731995399 ], [ -79.009077945887796, 35.950316382101001 ], [ -79.009016950034194, 35.9504488563339 ], [ -79.008964287194004, 35.950569520323903 ], [ -79.008943297148505, 35.950617613760201 ], [ -79.008930807943102, 35.9506462288074 ], [ -79.0089076890375, 35.950699198366998 ], [ -79.009133744602707, 35.950767173121498 ], [ -79.009295234574296, 35.950805597312403 ], [ -79.009266229782099, 35.950876770723198 ], [ -79.008978687953302, 35.951582362778502 ], [ -79.008941132622098, 35.951750876826097 ], [ -79.008789120933201, 35.951990061093298 ], [ -79.008787280584002, 35.951997760035098 ], [ -79.008698832618407, 35.9523678175144 ], [ -79.008613782127, 35.952724212905402 ], [ -79.008520641333305, 35.953114515225501 ], [ -79.008519798857904, 35.953114346743398 ], [ -79.008466579920295, 35.953103702624396 ], [ -79.008344338346703, 35.953158341739702 ], [ -79.007721646632106, 35.953436664520801 ], [ -79.007721608944806, 35.953436681647702 ], [ -79.007722861794306, 35.953381309115997 ], [ -79.007725616960499, 35.9532596124779 ], [ -79.007727487951797, 35.9531769669155 ], [ -79.007727496781101, 35.953176563137703 ], [ -79.007383977753705, 35.953345602113799 ], [ -79.007234993067698, 35.953418914620201 ], [ -79.006789759929305, 35.953638001926798 ], [ -79.006787708171203, 35.953638984445099 ], [ -79.0067333005357, 35.953665026577902 ], [ -79.006008116251195, 35.954012145106198 ], [ -79.005803694260095, 35.954109992527201 ], [ -79.005167393346198, 35.954415190951003 ], [ -79.005150262885806, 35.954423407816499 ], [ -79.004219459018202, 35.9543045654572 ], [ -79.0041926494509, 35.954301142387799 ], [ -79.003807046935094, 35.954145211459704 ] ] ] } },
{ "type": "Feature", "properties": { "OBJECTID": 2, "Id": 0, "NAME": "South MLK", "Area": 555.39959591000002, "Shape__Area": 3152629.53515625, "Shape__Length": 18962.285643932999 }, "geometry": { "type": "Polygon", "coordinates": [ [ [ -79.069527424434497, 35.951617889883103 ], [ -79.069358682468803, 35.951610498854002 ], [ -79.069034282450502, 35.951614416758098 ], [ -79.068892526188804, 35.951608084159297 ], [ -79.068650553237006, 35.951597273403799 ], [ -79.068490676089397, 35.951590130353402 ], [ -79.068413380233096, 35.951586676689701 ], [ -79.068383271688205, 35.951578686504597 ], [ -79.068341659018898, 35.951567642875503 ], [ -79.068299998503704, 35.951574710665298 ], [ -79.068267805224593, 35.951580172457902 ], [ -79.067842950343604, 35.951561189293798 ], [ -79.067696526302697, 35.951554646097101 ], [ -79.067663234208197, 35.951553158498598 ], [ -79.067663021372596, 35.951553148702402 ], [ -79.0676646453785, 35.9515783775906 ], [ -79.0675445625414, 35.951575092190801 ], [ -79.067419815146707, 35.9515690314756 ], [ -79.067326268192303, 35.951564486523999 ], [ -79.066950178280393, 35.951546238546101 ], [ -79.066268333395897, 35.951513151092399 ], [ -79.066268222543997, 35.951513145744798 ], [ -79.066248237035794, 35.951512156160199 ], [ -79.066194748727199, 35.951509506541299 ], [ -79.066194432799406, 35.951509491390702 ], [ -79.066143640454101, 35.951507023249498 ], [ -79.066141782535695, 35.951506883654901 ], [ -79.066041749704794, 35.9515019293436 ], [ -79.065741230459594, 35.951478023509701 ], [ -79.065665143169397, 35.951471970840998 ], [ -79.065657915448497, 35.951471396100601 ], [ -79.065449696155, 35.9514548313483 ], [ -79.065449601928904, 35.951454824188502 ], [ -79.065438639559304, 35.951453999977502 ], [ -79.065431511571404, 35.951453384612201 ], [ -79.065295868832195, 35.9514425939945 ], [ -79.065097991720904, 35.951424620704501 ], [ -79.065094800190806, 35.951424330388598 ], [ -79.065084080503198, 35.9514234050719 ], [ -79.065082859945406, 35.951423246194402 ], [ -79.065032153535299, 35.9514186396868 ], [ -79.064985855853706, 35.951414434589097 ], [ -79.064760156107695, 35.951381150937301 ], [ -79.064757196174497, 35.951380764952901 ], [ -79.064673679478901, 35.951368448942702 ], [ -79.064365996586503, 35.951323074807597 ], [ -79.064275759662095, 35.9513097670444 ], [ -79.063593404650803, 35.9512091358201 ], [ -79.062902151525194, 35.9511071876789 ], [ -79.062791828425105, 35.951090916713198 ], [ -79.0627911455298, 35.9510908161201 ], [ -79.062762799874307, 35.951086691974901 ], [ -79.062688522940604, 35.951075884922503 ], [ -79.062576559770505, 35.951060101300399 ], [ -79.062558099893295, 35.951056535346098 ], [ -79.062536474208002, 35.951052939465498 ], [ -79.062467641639103, 35.951041494080698 ], [ -79.062403436378801, 35.951029316247698 ], [ -79.062355707605604, 35.951020262848303 ], [ -79.062277423448805, 35.951003415348502 ], [ -79.062227431007699, 35.950992656912902 ], [ -79.062225151659604, 35.950992218245403 ], [ -79.062223225837698, 35.9509916820585 ], [ -79.062101436060004, 35.950961166025898 ], [ -79.062087059792105, 35.950957563673903 ], [ -79.061978920237294, 35.950926200574401 ], [ -79.061925329058099, 35.950908694986801 ], [ -79.061924141636297, 35.9509083639146 ], [ -79.061922455192402, 35.950907756399701 ], [ -79.061896149122603, 35.950899163327101 ], [ -79.061859794511193, 35.950887287436998 ], [ -79.061832597343795, 35.950877372610698 ], [ -79.061764322271401, 35.950852482913803 ], [ -79.061698155059503, 35.950828411385302 ], [ -79.061654713371098, 35.950811241236103 ], [ -79.061652979254205, 35.950810616616998 ], [ -79.061650524272295, 35.950809517382403 ], [ -79.061612238823898, 35.950793327920799 ], [ -79.061563538304, 35.950771389867803 ], [ -79.061429879241302, 35.950711178956801 ], [ -79.0612247267252, 35.950618822330597 ], [ -79.061171391496401, 35.950594843220699 ], [ -79.060822272733603, 35.950437880526998 ], [ -79.0603572403692, 35.950228800335303 ], [ -79.060046561118497, 35.9500891157466 ], [ -79.059934475482194, 35.950038720233898 ], [ -79.059583153863997, 35.9498807555171 ], [ -79.0592549446893, 35.949733192968097 ], [ -79.059207700247597, 35.949711950858699 ], [ -79.058799633729706, 35.949531657585503 ], [ -79.058794595600503, 35.949525249137302 ], [ -79.058607850329594, 35.9492877228666 ], [ -79.058579899141094, 35.949291402729102 ], [ -79.058579612081502, 35.949291440720998 ], [ -79.058551528998706, 35.949295138666201 ], [ -79.058478445140906, 35.949304762518899 ], [ -79.058477207126202, 35.949304925344201 ], [ -79.058379917122096, 35.949317735974397 ], [ -79.058311561399293, 35.949326736477403 ], [ -79.0582191835055, 35.949338901112199 ], [ -79.058218949645806, 35.949338931867601 ], [ -79.058211572535797, 35.949339903370699 ], [ -79.058188589999304, 35.9493429291417 ], [ -79.058163746896398, 35.949340516510297 ], [ -79.058163406579894, 35.949340483324796 ], [ -79.058138265285507, 35.949338041087699 ], [ -79.058134987468804, 35.949359386094599 ], [ -79.058121922526496, 35.949444470474397 ], [ -79.058121434877805, 35.949447643246899 ], [ -79.058121230770595, 35.949448970042702 ], [ -79.058101789973193, 35.949575582578802 ], [ -79.058076648814193, 35.949755209878802 ], [ -79.058066363160606, 35.949828697825303 ], [ -79.058064565836403, 35.949863409149998 ], [ -79.058064557085501, 35.949863571386302 ], [ -79.058050482304495, 35.950135307902499 ], [ -79.057944558327705, 35.950119981320498 ], [ -79.057944510659595, 35.950119975033999 ], [ -79.057944335504899, 35.950119948979797 ], [ -79.057944227973096, 35.950119932807603 ], [ -79.057933550217598, 35.9501183876569 ], [ -79.057923542039404, 35.9501169395269 ], [ -79.057908003201504, 35.950114690970402 ], [ -79.057734891006504, 35.950089579210399 ], [ -79.057651965516499, 35.950077550130203 ], [ -79.057396677459806, 35.950040517456301 ], [ -79.057255671942997, 35.950020063104198 ], [ -79.0571078765186, 35.949998623050803 ], [ -79.056972798657796, 35.9499790281331 ], [ -79.056912612323103, 35.949970296570903 ], [ -79.056870937961406, 35.949964251213103 ], [ -79.056684471514103, 35.949937201002101 ], [ -79.056672360427896, 35.949935443702202 ], [ -79.056595944753397, 35.949924358137601 ], [ -79.056491934686605, 35.949909269149998 ], [ -79.056491952388399, 35.949909221373503 ], [ -79.056536148147302, 35.949785106840402 ], [ -79.056533979908096, 35.949783369256501 ], [ -79.056533245693899, 35.949782770238897 ], [ -79.056478985375705, 35.949737665972997 ], [ -79.056371067814894, 35.949594934425598 ], [ -79.056277024639002, 35.949478622198498 ], [ -79.056176433150497, 35.949367248370798 ], [ -79.056113262511701, 35.949299805960003 ], [ -79.056032974899907, 35.949214090508796 ], [ -79.055983071354405, 35.949047427937003 ], [ -79.055961008769401, 35.948925671068402 ], [ -79.055962112740403, 35.948852079329299 ], [ -79.055963518140899, 35.948760810447702 ], [ -79.0559570552346, 35.948748582903697 ], [ -79.055890389627805, 35.948622448148697 ], [ -79.055868580766798, 35.948596251317802 ], [ -79.055750241403302, 35.948454103459497 ], [ -79.055747787447203, 35.948452664318403 ], [ -79.055663942720699, 35.948403511059098 ], [ -79.055635625290293, 35.948386977180398 ], [ -79.055503797790394, 35.948368412925397 ], [ -79.055260640638707, 35.948243049212003 ], [ -79.055002411310795, 35.948090891031804 ], [ -79.054871768128606, 35.947935198740602 ], [ -79.054749885524799, 35.947822292035298 ], [ -79.054940777118503, 35.947366145183402 ], [ -79.054961227408697, 35.947317277918003 ], [ -79.054991889503, 35.947243986481503 ], [ -79.055075932220106, 35.947043104089197 ], [ -79.055099106803993, 35.946987710221102 ], [ -79.0551180485879, 35.946942432542897 ], [ -79.055232278630399, 35.946669274496699 ], [ -79.0552478462388, 35.946632045945002 ], [ -79.055272911873601, 35.946572298845901 ], [ -79.055309442943198, 35.946485223914202 ], [ -79.055341866247304, 35.9464079379485 ], [ -79.055435039388001, 35.946184518831203 ], [ -79.055452259093499, 35.946143565361901 ], [ -79.055487319251995, 35.946060185422503 ], [ -79.055445935357696, 35.946062437624597 ], [ -79.055618786574698, 35.945640327647297 ], [ -79.055638569919907, 35.945594744845003 ], [ -79.055654789876996, 35.9455573708209 ], [ -79.0556549248859, 35.945557058912598 ], [ -79.055679007462103, 35.945501569853299 ], [ -79.055691305476103, 35.945473233055999 ], [ -79.055561325588101, 35.945478257496603 ], [ -79.055345030824697, 35.945486616983104 ], [ -79.055349275729597, 35.945298764335099 ], [ -79.055349920098195, 35.945270243582101 ], [ -79.055353260275893, 35.945122418578102 ], [ -79.055353281791596, 35.945121467706002 ], [ -79.054951387310595, 35.945118291965699 ], [ -79.054108367990693, 35.945111634853397 ], [ -79.053915035454807, 35.945110106179001 ], [ -79.053798762828706, 35.945109186784698 ], [ -79.053970117193998, 35.944882006456297 ], [ -79.053989281890793, 35.944856597787798 ], [ -79.053997046988997, 35.944846302506797 ], [ -79.053996959106598, 35.944845823959902 ], [ -79.053980878683205, 35.944757984900299 ], [ -79.0539693860173, 35.944695212328199 ], [ -79.053943566234395, 35.944554174326797 ], [ -79.053909733670295, 35.944369371330303 ], [ -79.054256220547202, 35.944046941176097 ], [ -79.0542575415122, 35.944046621531697 ], [ -79.054712936638097, 35.943937611638297 ], [ -79.054748808780701, 35.943929025172402 ], [ -79.054802796506493, 35.943916101660498 ], [ -79.054803839313394, 35.943915851534499 ], [ -79.054816371216205, 35.943903773104999 ], [ -79.054954074576003, 35.9437710419475 ], [ -79.054953284624403, 35.943769876932897 ], [ -79.054842552832397, 35.943606406258397 ], [ -79.054724348069797, 35.943431904307197 ], [ -79.054363969926698, 35.9428999596661 ], [ -79.054028341873803, 35.942404942367503 ], [ -79.054027467603305, 35.942403611545799 ], [ -79.053974661977705, 35.942323277490601 ], [ -79.053961630060499, 35.942303452118097 ], [ -79.053934922748496, 35.942262821046903 ], [ -79.053882279944801, 35.942185374616201 ], [ -79.053857670439498, 35.942149169748298 ], [ -79.053634826837396, 35.9418213263205 ], [ -79.053598536416601, 35.941767935274903 ], [ -79.0535895800313, 35.941754758706303 ], [ -79.053575838509801, 35.941734251321598 ], [ -79.053523398679999, 35.941655988060802 ], [ -79.053295247163504, 35.941315484020798 ], [ -79.053105755967096, 35.941038751690499 ], [ -79.052912008281197, 35.940755873164598 ], [ -79.052889096081799, 35.940722420796 ], [ -79.052797650419706, 35.940588797754501 ], [ -79.052730914326204, 35.940491281476604 ], [ -79.052555417140297, 35.940234701381698 ], [ -79.0525218096613, 35.940185470099301 ], [ -79.0524842961823, 35.9401306236282 ], [ -79.052467489899598, 35.940098625938298 ], [ -79.052458771056195, 35.940082026065497 ], [ -79.052922125377506, 35.9400327434441 ], [ -79.053772350349803, 35.939953515940303 ], [ -79.0538256537222, 35.939948548855497 ], [ -79.053875481624601, 35.939943905042902 ], [ -79.054143542144701, 35.939918925170403 ], [ -79.054149292835405, 35.939918389054 ], [ -79.054147280422598, 35.939864292532498 ], [ -79.054149407491195, 35.939833215903903 ], [ -79.054150239444695, 35.939821067906102 ], [ -79.054153988687204, 35.939766272127102 ], [ -79.054156263918699, 35.939733027821397 ], [ -79.054146293430804, 35.939483369523899 ], [ -79.054043457287804, 35.936908301011499 ], [ -79.054041883637595, 35.936908449520402 ], [ -79.053636354928003, 35.936946777463902 ], [ -79.0530661496569, 35.937000666303497 ], [ -79.0526623056045, 35.937038830748001 ], [ -79.052390042118702, 35.937064559980698 ], [ -79.052388637624802, 35.937221202780101 ], [ -79.052387843963999, 35.937309803923903 ], [ -79.052387518382403, 35.9373460577117 ], [ -79.052382745019301, 35.937573220075201 ], [ -79.052324974645501, 35.937542462061899 ], [ -79.052173329287001, 35.937461723271397 ], [ -79.051962317668497, 35.937349385875997 ], [ -79.051578654564906, 35.937145187397697 ], [ -79.051250257329997, 35.936970355706798 ], [ -79.051034635171902, 35.9368555148288 ], [ -79.0507512565664, 35.936781979224797 ], [ -79.050656195136895, 35.936763597161502 ], [ -79.050543061185905, 35.936741720980898 ], [ -79.050484160592404, 35.936728731569701 ], [ -79.050332150172395, 35.936695206717097 ], [ -79.050277364114393, 35.936683124013697 ], [ -79.049997876974402, 35.9366223419715 ], [ -79.049677594932106, 35.936552686433103 ], [ -79.049672951769594, 35.936551676169302 ], [ -79.049620793666705, 35.936539678625401 ], [ -79.048670639039301, 35.936321116983201 ], [ -79.048538096439501, 35.936290627601302 ], [ -79.048537538904895, 35.936290499839203 ], [ -79.048537507869099, 35.936290492641199 ], [ -79.048573683468803, 35.936114820494403 ], [ -79.048747079224597, 35.935272682741001 ], [ -79.049569419305996, 35.935313265824803 ], [ -79.049581747975694, 35.935250873202797 ], [ -79.0495949095138, 35.935182227057197 ], [ -79.049613541641804, 35.935085202322803 ], [ -79.049696094539996, 35.934812387377697 ], [ -79.049696131083806, 35.9348123413968 ], [ -79.049696585644398, 35.934810833345502 ], [ -79.049747118191505, 35.934643370208498 ], [ -79.049775348872103, 35.934548753382302 ], [ -79.0498138449734, 35.934439530478201 ], [ -79.049814019732807, 35.934438975209197 ], [ -79.049814235497607, 35.934438420824797 ], [ -79.0498225571109, 35.934414809810299 ], [ -79.049828457547207, 35.934397123093902 ], [ -79.049940192330993, 35.934113773376801 ], [ -79.049969196964994, 35.9340401716671 ], [ -79.050224715060594, 35.934059942152601 ], [ -79.050483114833199, 35.934079935333898 ], [ -79.050499116803707, 35.932946304801398 ], [ -79.050499687730706, 35.932905866142903 ], [ -79.050185996082206, 35.932891339560797 ], [ -79.049593220097904, 35.932854280838598 ], [ -79.048881211384995, 35.932806111711798 ], [ -79.048894879433107, 35.932277946139202 ], [ -79.048910505242901, 35.931593874420997 ], [ -79.048927756463698, 35.931085277911599 ], [ -79.048961729903695, 35.930691617801799 ], [ -79.049532161204198, 35.930723905505502 ], [ -79.050516536348596, 35.930779369798501 ], [ -79.052020186316696, 35.930861635809897 ], [ -79.052680628745605, 35.9308976982065 ], [ -79.053109504434005, 35.930921114584798 ], [ -79.053324108200499, 35.930931377809301 ], [ -79.053594659786796, 35.930944315484098 ], [ -79.054108467182701, 35.930971636903102 ], [ -79.054130833063596, 35.930626690126097 ], [ -79.054143701102205, 35.930428036018597 ], [ -79.054181326500199, 35.929847207703098 ], [ -79.054194130673196, 35.9296495323686 ], [ -79.054305722750598, 35.929390854807103 ], [ -79.054396898089905, 35.929179503396099 ], [ -79.054396976750397, 35.929179474519501 ], [ -79.054397303579194, 35.9291793545014 ], [ -79.054397923999005, 35.929179125295498 ], [ -79.054488107569, 35.9291458785926 ], [ -79.054706912736904, 35.9290652156009 ], [ -79.0547078766011, 35.929064860057899 ], [ -79.054709185020101, 35.929064379080302 ], [ -79.054691975645198, 35.929014337783798 ], [ -79.054677564378693, 35.9289724330391 ], [ -79.054647675209395, 35.928886059830901 ], [ -79.054473393501496, 35.928382419125903 ], [ -79.054423122641097, 35.928237143461601 ], [ -79.054407680342507, 35.928192516314297 ], [ -79.054405549644201, 35.928186358701403 ], [ -79.054375637194994, 35.928110626125203 ], [ -79.0542051238737, 35.927678914844797 ], [ -79.054184691981604, 35.927599859420198 ], [ -79.0541822043823, 35.927590234669999 ], [ -79.054181048910905, 35.927585765649901 ], [ -79.054181027801604, 35.9275856845425 ], [ -79.054178733521994, 35.927576806881703 ], [ -79.054175140448606, 35.927562905065201 ], [ -79.054162194727496, 35.927512814906102 ], [ -79.054136890082006, 35.927415093059899 ], [ -79.053807181322298, 35.927442710404399 ], [ -79.053806297072498, 35.927442784700602 ], [ -79.053805057128201, 35.927442888896401 ], [ -79.053656012037393, 35.927446735453898 ], [ -79.053555114711799, 35.9274455792414 ], [ -79.053433938607697, 35.927439796453399 ], [ -79.053359627039796, 35.927433993065002 ], [ -79.053287865138003, 35.9274295891341 ], [ -79.053287427403305, 35.927429562286299 ], [ -79.053269420641897, 35.9274270870728 ], [ -79.053213956322793, 35.927419464661902 ], [ -79.053129503222806, 35.9274004444244 ], [ -79.053035570354098, 35.9273684766058 ], [ -79.053009099808193, 35.927356169173699 ], [ -79.052959733591806, 35.927333216535999 ], [ -79.052896869074004, 35.927301739851202 ], [ -79.052794707912895, 35.927251992815201 ], [ -79.052717975721194, 35.9272146284518 ], [ -79.052649259111803, 35.927181166804999 ], [ -79.052512219578702, 35.9271144361024 ], [ -79.052338868391104, 35.927030022945402 ], [ -79.052271149735205, 35.926997047356203 ], [ -79.052208547910894, 35.9269665643316 ], [ -79.052154647749603, 35.926940317259699 ], [ -79.052011070988897, 35.926868364862003 ], [ -79.051989204864995, 35.926855738889003 ], [ -79.051917602640799, 35.926814394405902 ], [ -79.051884458188795, 35.926795255928802 ], [ -79.051868306188496, 35.926783467513701 ], [ -79.051833042094202, 35.926757729721402 ], [ -79.051771246165302, 35.926701215753702 ], [ -79.051728194531606, 35.926653553565501 ], [ -79.051684724961504, 35.926607276832598 ], [ -79.051600441752399, 35.926517549565702 ], [ -79.051537052324306, 35.926450065553603 ], [ -79.051480249764694, 35.926389593528299 ], [ -79.051425761524698, 35.926331584647897 ], [ -79.051425229260602, 35.926331016153398 ], [ -79.051423998225502, 35.926329427684301 ], [ -79.051459652991895, 35.925515126148902 ], [ -79.051480481485996, 35.925039418582799 ], [ -79.051486864325597, 35.924893635426301 ], [ -79.051487851681699, 35.924871093543103 ], [ -79.051242867868993, 35.924782496292799 ], [ -79.050979001506406, 35.924439672733598 ], [ -79.050974379507394, 35.924428982562503 ], [ -79.050967483299701, 35.924424707880902 ], [ -79.050946394323105, 35.924397307303501 ], [ -79.050308825296298, 35.923929581615802 ], [ -79.050145278901098, 35.923827469616697 ], [ -79.049801720179403, 35.923646896336599 ], [ -79.049876146851005, 35.923545523931701 ], [ -79.050026380059506, 35.923548042859998 ], [ -79.050053024707395, 35.923534710741997 ], [ -79.050322671868997, 35.9233994474233 ], [ -79.050527111167895, 35.923297082681401 ], [ -79.050606064932296, 35.923283434048798 ], [ -79.050673905761798, 35.923271707042197 ], [ -79.050659366726293, 35.923070654064801 ], [ -79.0506503542139, 35.922946269562402 ], [ -79.050638884893999, 35.922787965691398 ], [ -79.050632232014706, 35.922696137814903 ], [ -79.050628368800105, 35.922628267105097 ], [ -79.050627168828896, 35.922607184419 ], [ -79.050624375625802, 35.922558117062401 ], [ -79.0505838745962, 35.922563914787297 ], [ -79.050550976496694, 35.922570376311 ], [ -79.050533251367796, 35.922571635555897 ], [ -79.050507057428902, 35.922567944764502 ], [ -79.050483789377793, 35.922558061734897 ], [ -79.050465559640003, 35.922542668779897 ], [ -79.050439539001999, 35.922505961519903 ], [ -79.050406025942294, 35.922455640523999 ], [ -79.050386869258006, 35.922423252145002 ], [ -79.050368975470505, 35.922390344093102 ], [ -79.050465624235798, 35.922381860796797 ], [ -79.050675767944696, 35.922363413356898 ], [ -79.050810373027602, 35.922177710522199 ], [ -79.050821804751607, 35.9221051241488 ], [ -79.050838286638097, 35.9220002231948 ], [ -79.050860386174904, 35.921858042160501 ], [ -79.0508689743492, 35.921802789843603 ], [ -79.050879886489597, 35.921732287475002 ], [ -79.050888166706002, 35.921678969470598 ], [ -79.050863248893194, 35.921609181443699 ], [ -79.050841041886798, 35.921547131737199 ], [ -79.050815343413106, 35.921493891876999 ], [ -79.050743238747003, 35.921344507184799 ], [ -79.050742757221698, 35.921343509646597 ], [ -79.050803213191301, 35.921278627895603 ], [ -79.050908469705902, 35.921165663840704 ], [ -79.051062561408898, 35.921000289434602 ], [ -79.051237576015197, 35.920812459176702 ], [ -79.051237625843299, 35.920812405077797 ], [ -79.051237394168794, 35.920810515150002 ], [ -79.051226592280798, 35.920722268942001 ], [ -79.050974553672404, 35.920715339834203 ], [ -79.0508928711088, 35.920644567832603 ], [ -79.050745775891002, 35.920517117727996 ], [ -79.050683541808993, 35.9204633837724 ], [ -79.050561024066297, 35.920357701330801 ], [ -79.050561027332407, 35.9203576084956 ], [ -79.050562928435198, 35.920309344012203 ], [ -79.050564372509996, 35.920272649701403 ], [ -79.050573890941394, 35.920030790088099 ], [ -79.050576398427197, 35.919967082476902 ], [ -79.050569824566097, 35.919956708536702 ], [ -79.050545078601004, 35.919917655554102 ], [ -79.050483756713405, 35.9198208786325 ], [ -79.050391015450899, 35.919674416979397 ], [ -79.050347817878205, 35.919675043186203 ], [ -79.0503383774752, 35.919675170558698 ], [ -79.050338384095298, 35.919675125490897 ], [ -79.050328442863204, 35.919675259378302 ], [ -79.050384202264397, 35.919340799113897 ], [ -79.050384341242705, 35.919339783291498 ], [ -79.050333828801399, 35.919287385429001 ], [ -79.050238513053003, 35.919188513335897 ], [ -79.0501205226211, 35.9190661211397 ], [ -79.050030408406599, 35.918974284992501 ], [ -79.050031600342606, 35.918973796900403 ], [ -79.050798720286593, 35.918660089807702 ], [ -79.050812860573203, 35.918654307487699 ], [ -79.050820108507807, 35.918651343698301 ], [ -79.050956366918996, 35.9185956207738 ], [ -79.051006606675401, 35.918711034713297 ], [ -79.051051117361197, 35.918790261118097 ], [ -79.051051548869196, 35.9187910297466 ], [ -79.051100402001694, 35.918875510696999 ], [ -79.051078543410995, 35.9188834080269 ], [ -79.051078966112499, 35.918884266789 ], [ -79.051087416880193, 35.918896282089101 ], [ -79.0510912201064, 35.918902289464903 ], [ -79.051095445491498, 35.918908296663801 ], [ -79.051099670768807, 35.918914132615697 ], [ -79.051108122650703, 35.918926147913702 ], [ -79.051111924771902, 35.918932155289298 ], [ -79.051120375550099, 35.918944171488199 ], [ -79.051124600830505, 35.918950006537798 ], [ -79.051133051611899, 35.918962021834297 ], [ -79.051136855952606, 35.918968029208202 ], [ -79.051140887265007, 35.9189737606889 ], [ -79.051141081344497, 35.918974036405402 ], [ -79.051145306629195, 35.918979873256902 ], [ -79.051157982811205, 35.918997895748397 ], [ -79.051162208097793, 35.919003731697899 ], [ -79.051170658889802, 35.919015746090402 ], [ -79.051174884178707, 35.919021582940701 ], [ -79.051183334975093, 35.919033598233398 ], [ -79.051187560264793, 35.919039433280702 ], [ -79.051196011064903, 35.919051448572503 ], [ -79.051200236357005, 35.919057284520598 ], [ -79.051208687160795, 35.919069299811397 ], [ -79.051212912454801, 35.919075135759002 ], [ -79.051217137857904, 35.919081142953402 ], [ -79.051221363153203, 35.919086978900602 ], [ -79.051225588558196, 35.919092986995999 ], [ -79.051229813853993, 35.919098822041597 ], [ -79.051234039260294, 35.919104830136597 ], [ -79.051236055426102, 35.919107615208702 ], [ -79.051238264557398, 35.919110665181996 ], [ -79.051242489964906, 35.919116673276697 ], [ -79.051247137423204, 35.9191225090457 ], [ -79.051251362831906, 35.919128517140102 ], [ -79.051255588131497, 35.919134352184699 ], [ -79.051259813541606, 35.919140360278803 ], [ -79.051264038842902, 35.919146196224503 ], [ -79.051268264253693, 35.919152203416999 ], [ -79.051272911715898, 35.9191580391849 ], [ -79.051277137019099, 35.919163875130003 ], [ -79.051281362431695, 35.919169882322002 ], [ -79.051285587736203, 35.919175718266899 ], [ -79.051289813150703, 35.919181726359803 ], [ -79.051294461723501, 35.919187561225101 ], [ -79.051298687029899, 35.919193397169401 ], [ -79.051302912445706, 35.919199404360597 ], [ -79.051307137753795, 35.919205241205901 ], [ -79.051311784113906, 35.9192110769728 ], [ -79.051318968268504, 35.919221031514702 ], [ -79.051322348385995, 35.919225495133603 ], [ -79.051323193578995, 35.919226868359402 ], [ -79.051327841158297, 35.919232875372103 ], [ -79.051336291780601, 35.919244546356801 ], [ -79.051340939253606, 35.919250383023197 ], [ -79.051345164675496, 35.919256390212801 ], [ -79.051346159453502, 35.919257763375498 ], [ -79.051349389989099, 35.919262226155297 ], [ -79.051354037463, 35.919268061018599 ], [ -79.051358262887305, 35.919274069109001 ], [ -79.051366713518902, 35.919285740992699 ], [ -79.051370938944601, 35.919291748181301 ], [ -79.051375586422793, 35.919297584846397 ], [ -79.051379811849699, 35.919303592034602 ], [ -79.051384037168305, 35.919309427975698 ], [ -79.051388262596504, 35.919315435163703 ], [ -79.051392487916303, 35.919321271104501 ], [ -79.051396713345696, 35.919327278292101 ], [ -79.051401360827299, 35.919333114054801 ], [ -79.051405586258596, 35.919339122143398 ], [ -79.051409811580399, 35.919344957182297 ], [ -79.051414037012904, 35.919350965270503 ], [ -79.051418262336497, 35.919356801210398 ], [ -79.051422487770196, 35.919362809298299 ], [ -79.051426713094401, 35.919368644336501 ], [ -79.051435163964499, 35.919380659610397 ], [ -79.051439390399196, 35.919386495548999 ], [ -79.051447841273102, 35.919398510821701 ], [ -79.051452066601499, 35.919404346760302 ], [ -79.051460517478603, 35.919416361130899 ], [ -79.051464742808903, 35.919422197069103 ], [ -79.051477419132198, 35.919440220425798 ], [ -79.0514812211958, 35.919446056541801 ], [ -79.051498124078506, 35.919470086178798 ], [ -79.051502349414307, 35.919475922115502 ], [ -79.051506152699304, 35.919481930378403 ], [ -79.0515116460532, 35.919490168645197 ], [ -79.051515871281893, 35.919495833334501 ], [ -79.051528547627598, 35.919513855784203 ], [ -79.051532350915707, 35.919519863144899 ], [ -79.051536575257899, 35.919525870327703 ], [ -79.051540379765697, 35.919532050737303 ], [ -79.051544605217202, 35.919538057919297 ], [ -79.051548408507699, 35.919544065279503 ], [ -79.051556015310098, 35.919556424295898 ], [ -79.051559818602897, 35.919562432557001 ], [ -79.051575032216505, 35.9195871496865 ], [ -79.051578413459595, 35.919593329372297 ], [ -79.051582216865199, 35.9195995088796 ], [ -79.051585598109398, 35.919605688565099 ], [ -79.051589401626103, 35.9196120402204 ], [ -79.051592782870799, 35.919618219004398 ], [ -79.051596164226595, 35.919624570837897 ], [ -79.051599545472897, 35.919630750522998 ], [ -79.051602926829105, 35.919637101455002 ], [ -79.051606309184507, 35.9196432811394 ], [ -79.051613071900306, 35.9196559839041 ], [ -79.051616029989006, 35.919662335915902 ], [ -79.051622792707306, 35.919675037778603 ], [ -79.051628711103604, 35.919687740899398 ], [ -79.051632092574593, 35.919694263978698 ], [ -79.051638010973804, 35.919706967098897 ], [ -79.051638030947203, 35.919707012155499 ], [ -79.051640971391905, 35.919713490356102 ], [ -79.052189535341299, 35.919699204826699 ], [ -79.052207954466297, 35.919697809847797 ], [ -79.052304985461404, 35.919696242398103 ], [ -79.052304959366495, 35.919695300550998 ], [ -79.052304143798693, 35.9196661411452 ], [ -79.052299366127201, 35.919495358574402 ], [ -79.052296755377597, 35.919392373553599 ], [ -79.0522928676926, 35.9192390172201 ], [ -79.052440670970498, 35.919243491842003 ], [ -79.052454979268006, 35.919243924625803 ], [ -79.052237767517099, 35.918903373230201 ], [ -79.052208071563797, 35.918854117266299 ], [ -79.052062073646496, 35.918611959715001 ], [ -79.052020543769899, 35.918543076625902 ], [ -79.051819983969395, 35.9181666843009 ], [ -79.051758490388394, 35.918051279051497 ], [ -79.051758905787196, 35.918051112134798 ], [ -79.051791018900502, 35.918038236953102 ], [ -79.051812933130705, 35.9180294498858 ], [ -79.051816593086201, 35.918028005349797 ], [ -79.051680926607702, 35.917782203431102 ], [ -79.051679038582293, 35.917778782893798 ], [ -79.051537318428799, 35.917522010021699 ], [ -79.051536994516596, 35.917521424313101 ], [ -79.051523162769698, 35.917496362279799 ], [ -79.051386054265706, 35.917306147413001 ], [ -79.051769735824394, 35.917161536488202 ], [ -79.052023807783598, 35.917065445317803 ], [ -79.052253822692194, 35.916978634698197 ], [ -79.0523797674185, 35.9171997256597 ], [ -79.052624897014994, 35.917630404952902 ], [ -79.052624933549893, 35.917630359872099 ], [ -79.052822774602902, 35.917461537403597 ], [ -79.053081396835296, 35.9172407173794 ], [ -79.053301222904693, 35.917053022122602 ], [ -79.053302948688696, 35.917052290413899 ], [ -79.053473013199394, 35.916961212573398 ], [ -79.053671888620897, 35.917080152850801 ], [ -79.053747201458094, 35.917334402774898 ], [ -79.0539009415576, 35.917450399958597 ], [ -79.054016311316502, 35.917632003380703 ], [ -79.054442236596998, 35.917593689093103 ], [ -79.054443117665301, 35.9175939870306 ], [ -79.054451563935601, 35.917598790799502 ], [ -79.0544684573551, 35.917608054038404 ], [ -79.054476903628498, 35.917612857805501 ], [ -79.054484926527707, 35.917617490513997 ], [ -79.054493372802398, 35.917622293378699 ], [ -79.054501818962393, 35.917626924995702 ], [ -79.054518712626106, 35.917636532524298 ], [ -79.054526735530004, 35.917641165229902 ], [ -79.054552074373206, 35.917655575616102 ], [ -79.054560099612701, 35.917660379565604 ], [ -79.054576992181595, 35.917669986185103 ], [ -79.054585016316096, 35.917674790133397 ], [ -79.054593462603293, 35.917679593892402 ], [ -79.054601485631594, 35.917684397840098 ], [ -79.0546099330289, 35.917689201597497 ], [ -79.054618379434899, 35.917694176601699 ], [ -79.054626403574204, 35.9176989805473 ], [ -79.054634849866403, 35.917703784303299 ], [ -79.054642874123502, 35.9177087594949 ], [ -79.054651320417804, 35.917713563249798 ], [ -79.054659344676907, 35.917718538440198 ], [ -79.054667790973099, 35.917723342194002 ], [ -79.054675815234205, 35.9177283173833 ], [ -79.054683839380303, 35.917733121325099 ], [ -79.054692285796094, 35.917738097225403 ], [ -79.054700310060099, 35.917743072413202 ], [ -79.054708756478007, 35.917748048312397 ], [ -79.054716780627402, 35.917752851350599 ], [ -79.054724806003094, 35.917757827437498 ], [ -79.054733252423404, 35.9177628024336 ], [ -79.054757324126101, 35.917777728888801 ], [ -79.054765770667203, 35.917782876030998 ], [ -79.054970574597206, 35.917924647747498 ], [ -79.055118336454399, 35.917935051506099 ], [ -79.055381773993503, 35.917953642333501 ], [ -79.055402740448002, 35.9177381336658 ], [ -79.055422231585894, 35.917538119005002 ], [ -79.055422470339806, 35.917535665556301 ], [ -79.055426691497701, 35.9175351489964 ], [ -79.0554258188387, 35.917495451606698 ], [ -79.055425077697606, 35.917461721668197 ], [ -79.055422535393106, 35.917436727051999 ], [ -79.055422283276201, 35.9174342395767 ], [ -79.055420837542798, 35.917420024919302 ], [ -79.055393396378804, 35.917392181780201 ], [ -79.055345213785998, 35.917364962730197 ], [ -79.055296003707696, 35.917337164590201 ], [ -79.0552664446069, 35.917321381784603 ], [ -79.055222679026102, 35.917298014646903 ], [ -79.055170617026604, 35.917270216844997 ], [ -79.055101014501403, 35.917233054315503 ], [ -79.0550321291784, 35.917196272672797 ], [ -79.055025412308794, 35.917192800286003 ], [ -79.055018234421894, 35.917189198319399 ], [ -79.055011054202296, 35.917185424205002 ], [ -79.054996696215099, 35.917178219369397 ], [ -79.054989939255407, 35.917174445964299 ], [ -79.054975582379996, 35.917167241125703 ], [ -79.054968402164405, 35.917163467008699 ], [ -79.054954044185493, 35.917156263069401 ], [ -79.054946865079302, 35.917152488049297 ], [ -79.054932507104297, 35.917145284107399 ], [ -79.054925328000706, 35.917141509987303 ], [ -79.054910971136906, 35.917134305140998 ], [ -79.054903790927796, 35.917130531921501 ], [ -79.054897034092306, 35.917126928857002 ], [ -79.054889855108897, 35.917123326883299 ], [ -79.0548826760092, 35.917119552760703 ], [ -79.054861139064499, 35.917108745934399 ], [ -79.054853959967403, 35.917104971810197 ], [ -79.054839602008499, 35.917097766955798 ], [ -79.054832422913407, 35.917093992830303 ], [ -79.054810885982207, 35.917083185994997 ], [ -79.0548037068898, 35.917079411867697 ], [ -79.0547965279154, 35.917075810789697 ], [ -79.054789771089204, 35.917072207719201 ], [ -79.054782591006898, 35.917068604838299 ], [ -79.054775413025098, 35.917064830708902 ], [ -79.054746697138796, 35.9170504218811 ], [ -79.054739518052898, 35.917046648651301 ], [ -79.054710802178903, 35.917032238913698 ], [ -79.054703621987599, 35.917028464780998 ], [ -79.054674907235096, 35.917014055935802 ], [ -79.054667727047104, 35.917010281800898 ], [ -79.054631833346704, 35.916992270056703 ], [ -79.054624653162705, 35.916988495919199 ], [ -79.054595938438396, 35.916974087055102 ], [ -79.054589181629595, 35.916970483973301 ], [ -79.054582001565905, 35.9169668819818 ], [ -79.054561114094398, 35.916956228933898 ], [ -79.054550276391097, 35.9169507908234 ], [ -79.054546106680206, 35.916948698965498 ], [ -79.054533438296303, 35.916942866901898 ], [ -79.054526681145404, 35.916938749174001 ], [ -79.054520345795694, 35.916934116614598 ], [ -79.054514854394597, 35.916928968133703 ], [ -79.054509784910294, 35.916923476068398 ], [ -79.054461316388696, 35.916878876107603 ], [ -79.054440051720704, 35.916860884815499 ], [ -79.0544401015581, 35.916860851445101 ], [ -79.0544345967472, 35.916855519100999 ], [ -79.0544295275037, 35.9168503695266 ], [ -79.054424035883301, 35.916844878547202 ], [ -79.054877246898599, 35.916663204058601 ], [ -79.054873344446605, 35.916656552410203 ], [ -79.054827812930498, 35.916578946530898 ], [ -79.055059508159005, 35.916486465174103 ], [ -79.055289936773207, 35.916394497689403 ], [ -79.055517409569006, 35.916303734347899 ], [ -79.055739818415702, 35.916214688969497 ], [ -79.055522578058302, 35.9158408354645 ], [ -79.055493774162002, 35.915791432926 ], [ -79.055491451304704, 35.915787449329699 ], [ -79.055456721617006, 35.915727883699503 ], [ -79.055478949525707, 35.915719149901498 ], [ -79.055612803804607, 35.915667506602901 ], [ -79.055341443884899, 35.915204395339302 ], [ -79.055317830399503, 35.915163538336401 ], [ -79.055361536110794, 35.915146477610399 ], [ -79.055409223891502, 35.915127836881801 ], [ -79.055451458552298, 35.915111328387702 ], [ -79.055506440346804, 35.915089836193602 ], [ -79.055498631348001, 35.915076952036102 ], [ -79.055493322564303, 35.915068197405603 ], [ -79.055485732090801, 35.9150556772736 ], [ -79.0555326723251, 35.915037645214497 ], [ -79.055606789482994, 35.915009160981299 ], [ -79.055619098031102, 35.9150044316509 ], [ -79.055653601169496, 35.914991173998899 ], [ -79.055709277596407, 35.914969781440099 ], [ -79.055835589555898, 35.914921243604901 ], [ -79.055919732139202, 35.914888979040803 ], [ -79.055986057647502, 35.914863519308398 ], [ -79.056034775482502, 35.914844809361803 ], [ -79.056054197474495, 35.914837343974398 ], [ -79.056122998517296, 35.9148108825853 ], [ -79.056214444799394, 35.914775701450601 ], [ -79.056258047269296, 35.914758926161099 ], [ -79.056292554617102, 35.914745650299203 ], [ -79.0563762304308, 35.914713458638701 ], [ -79.056471582141398, 35.914676774838497 ], [ -79.056472004164107, 35.914676612408897 ], [ -79.056471670251995, 35.914676021309603 ], [ -79.056437151770993, 35.914614627095197 ], [ -79.056403931278297, 35.9145555432072 ], [ -79.056404012138501, 35.914555512525602 ], [ -79.056570535335496, 35.9144908012996 ], [ -79.056593917037802, 35.914481715251704 ], [ -79.056594284782705, 35.914481572675498 ], [ -79.056709488879804, 35.914435739377303 ], [ -79.056735462714201, 35.914425975219999 ], [ -79.056793644345504, 35.914404102405697 ], [ -79.0569032329946, 35.914362903325902 ], [ -79.057048876199502, 35.9143081515478 ], [ -79.057204993763094, 35.914243830972197 ], [ -79.057238750140598, 35.9143033100693 ], [ -79.057282851270301, 35.914381014929297 ], [ -79.0573114958611, 35.9144314851888 ], [ -79.057317944533494, 35.914442849376499 ], [ -79.057361093988703, 35.914518877328902 ], [ -79.057382079372104, 35.9145554224541 ], [ -79.057416410681697, 35.914614389285703 ], [ -79.057417525627102, 35.914616410380603 ], [ -79.057426456212198, 35.914632495313001 ], [ -79.057486393296799, 35.914740460146 ], [ -79.057488133934996, 35.914743596756701 ], [ -79.057549845158505, 35.9148548270351 ], [ -79.057566729177296, 35.9148854020345 ], [ -79.057598809845402, 35.914943494705597 ], [ -79.057638546582396, 35.915015451175599 ], [ -79.057658475994899, 35.915051539785601 ], [ -79.057674796456197, 35.9150810109399 ], [ -79.057725682732197, 35.915172896191301 ], [ -79.057792467164504, 35.915293739012803 ], [ -79.057776009381996, 35.915300100079399 ], [ -79.057810643069104, 35.915364272557603 ], [ -79.057866890059898, 35.915468491312303 ], [ -79.057867226016796, 35.915468824634402 ], [ -79.057912357339404, 35.915513579873902 ], [ -79.057915349908498, 35.915516548241499 ], [ -79.057953069153996, 35.915553954166803 ], [ -79.058020376783702, 35.915668035937799 ], [ -79.058096773403406, 35.915797521985702 ], [ -79.058136867124603, 35.915782392576297 ], [ -79.058176768146595, 35.915848917529999 ], [ -79.0582112527335, 35.915906836725298 ], [ -79.058172003986996, 35.915921451112503 ], [ -79.058243860372102, 35.916047612518298 ], [ -79.0584831533357, 35.915961473384698 ], [ -79.058544772323899, 35.916085963998697 ], [ -79.058614935555497, 35.9162277130917 ], [ -79.058557687676796, 35.916250327180599 ], [ -79.058642618214705, 35.916408599923997 ], [ -79.058454128653494, 35.916480544776803 ], [ -79.058445514186005, 35.916483863887997 ], [ -79.058461292186905, 35.916517760569299 ], [ -79.058476405477805, 35.916550229004599 ], [ -79.058528304261699, 35.916637772721998 ], [ -79.058624973438896, 35.9168008365479 ], [ -79.058646915344596, 35.9168377423875 ], [ -79.058682704371904, 35.916898112340199 ], [ -79.058722435208097, 35.916965397868204 ], [ -79.058809511621604, 35.917120225551301 ], [ -79.058809458450597, 35.917120243602902 ], [ -79.058809473982393, 35.917120270634499 ], [ -79.058810632142297, 35.917122199761302 ], [ -79.058835718508107, 35.917166399175599 ], [ -79.058882255128495, 35.917241503752599 ], [ -79.058884322881994, 35.9172448402716 ], [ -79.058812118760997, 35.917272365664203 ], [ -79.0584770252688, 35.917399960702298 ], [ -79.0584248955455, 35.917421088725099 ], [ -79.058338809775904, 35.917455979600902 ], [ -79.058726224814905, 35.918099222333197 ], [ -79.058767284327899, 35.9181673940572 ], [ -79.0586256447789, 35.9182367676786 ], [ -79.058373080580395, 35.918360471452303 ], [ -79.058194955893995, 35.918465828404699 ], [ -79.057516702857995, 35.918803439951397 ], [ -79.057492316094496, 35.9188155793383 ], [ -79.057436689248803, 35.9188147195539 ], [ -79.057452625801204, 35.918956169312999 ], [ -79.057453421972298, 35.918963251354697 ], [ -79.057461980287499, 35.9190394134963 ], [ -79.057463391992599, 35.919051976054099 ], [ -79.057462734450993, 35.919076213225303 ], [ -79.057462697918098, 35.919076258307499 ], [ -79.057458517263299, 35.919230330316097 ], [ -79.057452958880205, 35.919435193022302 ], [ -79.057447773066599, 35.9196280141703 ], [ -79.057457087883506, 35.919664750375297 ], [ -79.057225304379003, 35.919665122462298 ], [ -79.057221343148598, 35.919665128826203 ], [ -79.057220711567894, 35.919665130023702 ], [ -79.057223353654706, 35.9196955773998 ], [ -79.057224101033995, 35.919704187167397 ], [ -79.057221562085601, 35.919720775881402 ], [ -79.057197639455495, 35.919877086915001 ], [ -79.057356730797295, 35.920047074003499 ], [ -79.057357757625198, 35.920048172205298 ], [ -79.057357719983699, 35.920048217287899 ], [ -79.057030425258404, 35.920086047712601 ], [ -79.056706974798502, 35.920123392375899 ], [ -79.056705069117299, 35.920123612277202 ], [ -79.056752424632506, 35.920254359843703 ], [ -79.056762077826903, 35.9202810121946 ], [ -79.0568201825307, 35.9204414363276 ], [ -79.056881437353894, 35.920610872852698 ], [ -79.056923033784599, 35.920725904349403 ], [ -79.056945191506799, 35.920787179678001 ], [ -79.056698041067804, 35.9208183228899 ], [ -79.056703780460197, 35.920882551333598 ], [ -79.056703783813504, 35.920882592791898 ], [ -79.056705063703106, 35.920896916550198 ], [ -79.056709023989697, 35.920941233408897 ], [ -79.056734078581897, 35.921080513991498 ], [ -79.056756083044704, 35.921202839834599 ], [ -79.056802597323795, 35.921461418104698 ], [ -79.056802691880605, 35.921461946222102 ], [ -79.056932373711305, 35.921394012546301 ], [ -79.057008429514198, 35.9213541702551 ], [ -79.057008590363196, 35.9213544252476 ], [ -79.057067931521104, 35.921448580590003 ], [ -79.057109544958905, 35.9215146065347 ], [ -79.057165048137804, 35.921602671738498 ], [ -79.057141111396604, 35.921738419516601 ], [ -79.057431875587895, 35.9217740573987 ], [ -79.057431286855405, 35.9217766822591 ], [ -79.057427399802904, 35.921795441927401 ], [ -79.057423916122204, 35.921814253680999 ], [ -79.057420838026303, 35.921833113012497 ], [ -79.057418280164498, 35.921851189771303 ], [ -79.057418126760297, 35.921852057794503 ], [ -79.057418033317404, 35.921853102444302 ], [ -79.057415895247203, 35.921870947371403 ], [ -79.057414034988895, 35.921889911581403 ], [ -79.057412580300095, 35.921908899935403 ], [ -79.057411902072403, 35.9219212408427 ], [ -79.057411818516798, 35.921922165614902 ], [ -79.057411814119106, 35.9219222142872 ], [ -79.057115467311704, 35.921890213010201 ], [ -79.057123388913098, 35.922003013201 ], [ -79.057133533584704, 35.922147495713098 ], [ -79.057084382239793, 35.922167017417898 ], [ -79.056976211579695, 35.922210045511598 ], [ -79.056866196379502, 35.922253808025701 ], [ -79.056696996528501, 35.922321112841502 ], [ -79.0566239516005, 35.922350168582902 ], [ -79.056504141144899, 35.922397828022902 ], [ -79.056498991432903, 35.922401883548702 ], [ -79.056498948246301, 35.922401924127101 ], [ -79.056424717031007, 35.922460388782099 ], [ -79.056382652105498, 35.922493511131997 ], [ -79.056382579038001, 35.922493604900801 ], [ -79.056353414112294, 35.922531206143297 ], [ -79.056322353833806, 35.922571248970698 ], [ -79.056295482727407, 35.922605891977803 ], [ -79.0562386062889, 35.922679219940299 ], [ -79.056193192523494, 35.922737769407 ], [ -79.056320090878302, 35.9227948658787 ], [ -79.056393469667199, 35.922829009246598 ], [ -79.0563915616342, 35.922830714484398 ], [ -79.056389648109302, 35.922832489124602 ], [ -79.056387774494198, 35.922834290785502 ], [ -79.056385938571907, 35.922836118566501 ], [ -79.056384141450593, 35.9228379724672 ], [ -79.056382385345898, 35.922839851585302 ], [ -79.056380670256402, 35.922841754118302 ], [ -79.056378996184094, 35.922843682769901 ], [ -79.056377364234606, 35.9228456339345 ], [ -79.056375773299607, 35.922847607612603 ], [ -79.056374224487499, 35.922849603803698 ], [ -79.056372720013599, 35.922851621605503 ], [ -79.0563712587699, 35.922853661018401 ], [ -79.056369841863798, 35.922855721140699 ], [ -79.056368467078002, 35.922857800170902 ], [ -79.056367139952798, 35.922859898106204 ], [ -79.056365857164593, 35.922862015849702 ], [ -79.056364619819007, 35.9228641497956 ], [ -79.056363429026007, 35.922866302647201 ], [ -79.0563622836749, 35.922868470799898 ], [ -79.056361185983206, 35.922870656055203 ], [ -79.056360134841, 35.922872855709798 ], [ -79.056359130248794, 35.922875070665 ], [ -79.056358174421604, 35.922877299117097 ], [ -79.056357267358706, 35.922879540164899 ], [ -79.056356407952705, 35.922881794710101 ], [ -79.056355596202394, 35.922884060950302 ], [ -79.056354833215806, 35.922886338884801 ], [ -79.056354120099698, 35.922888626710503 ], [ -79.056353455745395, 35.922890923526701 ], [ -79.056352835719494, 35.922893227532803 ], [ -79.056352803617798, 35.922893274415202 ], [ -79.056352795955604, 35.9228934096136 ], [ -79.056352275539297, 35.922895545030798 ], [ -79.0563517607942, 35.922897867915601 ], [ -79.056351294809801, 35.922900197988199 ], [ -79.056350878692797, 35.922902533445601 ], [ -79.0563505146593, 35.9229048742868 ], [ -79.056350199385903, 35.922907221414498 ], [ -79.056349935086004, 35.922909571222597 ], [ -79.056349720652406, 35.922911924612798 ], [ -79.056349557193101, 35.922914281584802 ], [ -79.056349443598705, 35.922916640336297 ], [ -79.056349382084093, 35.922918999063697 ], [ -79.056349370434503, 35.922921359570701 ], [ -79.056349409756606, 35.9229237200542 ], [ -79.056349498941898, 35.922926079613298 ], [ -79.056349639096993, 35.922928436444998 ], [ -79.0563498302227, 35.922930791450597 ], [ -79.056350072318196, 35.922933143728699 ], [ -79.056350363166302, 35.922935491477901 ], [ -79.0563504433281, 35.922936035825401 ], [ -79.0563504312845, 35.922936244031 ], [ -79.056334929880293, 35.9229816757463 ], [ -79.056301463242207, 35.923079759708699 ], [ -79.056243041297805, 35.923250988342801 ], [ -79.056242910809104, 35.923251369652299 ], [ -79.056315079840402, 35.923263115444897 ], [ -79.056315721497398, 35.923263222403399 ], [ -79.056346774810706, 35.923268386932499 ], [ -79.056389639494299, 35.923275516235798 ], [ -79.056777455996396, 35.923331173686499 ], [ -79.056807600145007, 35.923335502115997 ], [ -79.056827557649299, 35.923338266120801 ], [ -79.056827886928303, 35.923338517429798 ], [ -79.057050663857297, 35.923486267933598 ], [ -79.057060559357495, 35.923492900470599 ], [ -79.056952379692504, 35.923594820278097 ], [ -79.056915718444699, 35.923629354413301 ], [ -79.056881969107707, 35.923663710525297 ], [ -79.056877750420895, 35.923668176623401 ], [ -79.056873952688093, 35.923672471278302 ], [ -79.056869734000401, 35.923676937376101 ], [ -79.056865516299098, 35.923681231325197 ], [ -79.056861718686307, 35.923685698127798 ], [ -79.0568575033234, 35.9236901669274 ], [ -79.056857462353804, 35.923690209307502 ], [ -79.056853704477902, 35.923694457977 ], [ -79.056849485788604, 35.923698924975398 ], [ -79.056841892774003, 35.9237078567757 ], [ -79.056837674082701, 35.923712322872198 ], [ -79.056830081065499, 35.923721254671797 ], [ -79.056826284676902, 35.923725891818002 ], [ -79.056818691657796, 35.9237348245181 ], [ -79.0568110988781, 35.923744099711001 ], [ -79.056807301258701, 35.923748565610502 ], [ -79.056799708476404, 35.923757840802601 ], [ -79.0567976003572, 35.923760245546902 ], [ -79.056795913071895, 35.923762306700702 ], [ -79.056792538863704, 35.9237669445506 ], [ -79.056788742470701, 35.923771581695597 ], [ -79.0567853682616, 35.923776219545303 ], [ -79.056781571867802, 35.923780856690101 ], [ -79.056778197658005, 35.923785494539601 ], [ -79.056774401384303, 35.923790303832099 ], [ -79.056771027172999, 35.923794940780098 ], [ -79.056767230778107, 35.923799578825701 ], [ -79.056767195352094, 35.923799625709698 ], [ -79.056763856687098, 35.9238043879214 ], [ -79.056760481367206, 35.9238090257709 ], [ -79.056757107275402, 35.9238138348665 ], [ -79.056753734170201, 35.923818471813398 ], [ -79.056750360077501, 35.923823280908799 ], [ -79.056746985864095, 35.923827918757397 ], [ -79.056730115393506, 35.923851965133402 ], [ -79.056727163482194, 35.923856774031798 ], [ -79.056720415290101, 35.923866392220802 ], [ -79.056717463377794, 35.923871201118899 ], [ -79.056714089400998, 35.923876181459804 ], [ -79.056711137487895, 35.923880990357802 ], [ -79.056707763390094, 35.923885799451803 ], [ -79.056706833691507, 35.923887368143198 ], [ -79.056704811597101, 35.923890780497601 ], [ -79.056701859682903, 35.9238955893953 ], [ -79.056698907888602, 35.923900569539597 ], [ -79.056695533789295, 35.9239053786333 ], [ -79.056686678404304, 35.923920320868099 ], [ -79.0566837242704, 35.923925127963699 ], [ -79.056683693277293, 35.923925175746902 ], [ -79.056680774691998, 35.923930110810304 ], [ -79.056678245080306, 35.923935091659303 ], [ -79.056669389688196, 35.9239500329913 ], [ -79.056666860075197, 35.923955013840001 ], [ -79.0566639083967, 35.92396016523 ], [ -79.056661378783105, 35.923965146078501 ], [ -79.056658426984399, 35.923970127123098 ], [ -79.056655897370007, 35.923975107971501 ], [ -79.056652946798195, 35.923980259360697 ], [ -79.056650417183306, 35.9239852402089 ], [ -79.056647887688101, 35.9239903923038 ], [ -79.056645358071904, 35.923995372250701 ], [ -79.056642828576798, 35.924000525246697 ], [ -79.056640298959906, 35.924005505193499 ], [ -79.056635239966795, 35.924015809382702 ], [ -79.056632710349604, 35.9240207902305 ], [ -79.056625121855902, 35.924036245612299 ], [ -79.056623014543305, 35.924041398412101 ], [ -79.056620477286103, 35.924046547806 ], [ -79.056620452942695, 35.924046597388703 ], [ -79.056616689929101, 35.924054622493202 ], [ -79.056616269815194, 35.924055996267001 ], [ -79.056577095041206, 35.924169590654003 ], [ -79.056546329083304, 35.924258804612101 ], [ -79.056525116320998, 35.924319979249901 ], [ -79.056471295810994, 35.924475223961402 ], [ -79.055966819512093, 35.924376289195202 ], [ -79.055966887042203, 35.924382591042203 ], [ -79.055970307628897, 35.924540662776003 ], [ -79.0559687359967, 35.924554559713698 ], [ -79.055936045530402, 35.924843685035 ], [ -79.055969465895402, 35.924848196933901 ], [ -79.055887635757102, 35.925232953533403 ], [ -79.055808025481895, 35.9253852101861 ], [ -79.055805572634199, 35.925395584346298 ], [ -79.055715995580698, 35.925550986509897 ], [ -79.055615736632205, 35.925588408162596 ], [ -79.055513612455897, 35.925622359682599 ], [ -79.055409803643499, 35.925652778793697 ], [ -79.055437044569203, 35.925802891104603 ], [ -79.055433667722497, 35.925803923723201 ], [ -79.0556541850532, 35.925993543852897 ], [ -79.055601622654507, 35.926002145461503 ], [ -79.055154361493507, 35.926075336398803 ], [ -79.055153093915706, 35.926075509119499 ], [ -79.055143385576997, 35.926077059232 ], [ -79.055136631147505, 35.9260780915656 ], [ -79.055130299031802, 35.926079296757301 ], [ -79.055123544720004, 35.926080502139399 ], [ -79.055117212603406, 35.926081706429102 ], [ -79.055110457300003, 35.926083083057399 ], [ -79.055103702987694, 35.926084288438403 ], [ -79.055097372096, 35.9260856648744 ], [ -79.055091039105406, 35.9260872134588 ], [ -79.055084284909199, 35.9260885900852 ], [ -79.055077954134305, 35.926090138668002 ], [ -79.055071200054499, 35.926091686540197 ], [ -79.055058535178404, 35.926094782804299 ], [ -79.055051781215298, 35.926096502823199 ], [ -79.055039117679897, 35.926099942479198 ], [ -79.055007459422598, 35.9261094014511 ], [ -79.0549884659236, 35.926115592011399 ], [ -79.054982556699699, 35.926117826286799 ], [ -79.054976225162804, 35.926119889505799 ], [ -79.054969893742197, 35.926122123970799 ], [ -79.054963984517798, 35.926124359146698 ], [ -79.054957653214402, 35.926126766660197 ], [ -79.054951743988696, 35.926129000934203 ], [ -79.054945411575702, 35.926131407546301 ], [ -79.054939502466596, 35.926133813967503 ], [ -79.054933594582295, 35.926136392535803 ], [ -79.054927263276298, 35.926138799146401 ], [ -79.054909535187093, 35.926146533949201 ], [ -79.054903626309198, 35.926149283762904 ], [ -79.054897717314006, 35.9261518614287 ], [ -79.054885900665099, 35.926157361955603 ], [ -79.054880414098307, 35.926160282824902 ], [ -79.054874505219104, 35.9261630335386 ], [ -79.054868596455194, 35.926165954597202 ], [ -79.054863109887805, 35.926168876367001 ], [ -79.054857201123099, 35.926171797424999 ], [ -79.054846228218906, 35.926177983456398 ], [ -79.054840319570502, 35.926181077562802 ], [ -79.054829346663794, 35.926187263592603 ], [ -79.054823860326096, 35.926190527853699 ], [ -79.054818373872195, 35.926193621769301 ], [ -79.0548128875336, 35.9261968860298 ], [ -79.054807400203401, 35.926200322438397 ], [ -79.054802336060902, 35.9262035874102 ], [ -79.054796850945905, 35.926207023817298 ], [ -79.054791364606203, 35.926210288978297 ], [ -79.054786300578698, 35.9262137251959 ], [ -79.054781236666898, 35.926217332659697 ], [ -79.054775750442005, 35.926220769066397 ], [ -79.054770686529906, 35.926224377431197 ], [ -79.054765622500696, 35.926227813647998 ], [ -79.054760558587702, 35.9262314220123 ], [ -79.054755493682293, 35.926235201623399 ], [ -79.054750430875899, 35.926238809085497 ], [ -79.054745367078297, 35.926242589597102 ], [ -79.054740303163598, 35.926246197960502 ], [ -79.0547356615605, 35.926249976479603 ], [ -79.054730597877594, 35.926253928237003 ], [ -79.054725956274197, 35.926257707657101 ], [ -79.054720892474293, 35.926261488167498 ], [ -79.054702326520001, 35.926277292633799 ], [ -79.054693043772701, 35.926285538260103 ], [ -79.054688824478703, 35.926289488735897 ], [ -79.054679541728703, 35.926297734361199 ], [ -79.054675322666398, 35.926302029132302 ], [ -79.0546711045954, 35.926306151754801 ], [ -79.054666884424094, 35.926310446526003 ], [ -79.054662243163605, 35.926314741485697 ], [ -79.054658024098899, 35.926319035354801 ], [ -79.054654227230898, 35.926323329034702 ], [ -79.054650008166007, 35.926327623804802 ], [ -79.054645789216593, 35.926332089821301 ], [ -79.054641570150196, 35.926336383689801 ], [ -79.054633976643998, 35.926345316245303 ], [ -79.054629757692695, 35.926349782261198 ], [ -79.054625962046302, 35.926354248087399 ], [ -79.054625924401094, 35.9263542940704 ], [ -79.054622164299701, 35.926358886062303 ], [ -79.054618367543796, 35.9263633509876 ], [ -79.054614570905102, 35.926367989863003 ], [ -79.054611196462105, 35.926372626746897 ], [ -79.054607399704906, 35.926377091671696 ], [ -79.054603603180695, 35.926381901793398 ], [ -79.054596855400504, 35.926391176461102 ], [ -79.054593057766397, 35.926395985681602 ], [ -79.054589683320899, 35.926400622564699 ], [ -79.054586308991404, 35.926405431595597 ], [ -79.0545833579679, 35.926410241338402 ], [ -79.054576609307006, 35.926419859399701 ], [ -79.0545736560655, 35.926424668241999 ], [ -79.054570281849806, 35.926429648518898 ], [ -79.054567329716207, 35.926434458261703 ], [ -79.054561425678898, 35.9264444193389 ], [ -79.054558474651799, 35.926449228179699 ], [ -79.054552570612302, 35.926459189256299 ], [ -79.054550040905795, 35.926464341303003 ], [ -79.054547087776697, 35.926469321390996 ], [ -79.054544557953804, 35.926474302190996 ], [ -79.054542028246402, 35.926479454237501 ], [ -79.054539498422301, 35.926484434136 ], [ -79.0545319104057, 35.926499891175702 ], [ -79.054529802894606, 35.926505043033202 ], [ -79.054527273185201, 35.926510195079302 ], [ -79.054523058161607, 35.926520498794098 ], [ -79.054520528451306, 35.926525650839999 ], [ -79.054518842557599, 35.9265299444737 ], [ -79.054518421055107, 35.9265309748451 ], [ -79.054515469660899, 35.926538530839998 ], [ -79.054513363255893, 35.926543682696597 ], [ -79.054511254749997, 35.926549005800702 ], [ -79.054511234837094, 35.926549055381003 ], [ -79.054511198329607, 35.926549145526998 ], [ -79.054509148345105, 35.926554158558602 ], [ -79.054507039838597, 35.926559481662601 ], [ -79.054505355630198, 35.926564632429198 ], [ -79.054503248232606, 35.926569957335303 ], [ -79.054493137026498, 35.926601897527703 ], [ -79.054491874023, 35.9266072202538 ], [ -79.054490188936896, 35.926612715316203 ], [ -79.0544876629301, 35.926623362571 ], [ -79.054486400041995, 35.926628857444797 ], [ -79.054485137037602, 35.926634180170801 ], [ -79.054483875257304, 35.9266396750441 ], [ -79.054482611144493, 35.926644997770602 ], [ -79.054481770454501, 35.926650492455799 ], [ -79.054480929648804, 35.926655815894499 ], [ -79.054479667867895, 35.926661310767798 ], [ -79.054477985378995, 35.926672300138598 ], [ -79.054477144572203, 35.926677622676003 ], [ -79.054476726080495, 35.926683117172701 ], [ -79.054475044698805, 35.926694106543003 ], [ -79.054473789223294, 35.926710590934199 ], [ -79.054473370615099, 35.926715913282997 ], [ -79.054472547908702, 35.9267267129974 ], [ -79.054472497092604, 35.926726947357402 ], [ -79.054472533867099, 35.926727252880902 ], [ -79.054472537337503, 35.926732396584399 ], [ -79.054472118845098, 35.926737891080997 ], [ -79.054472137379406, 35.926765362621502 ], [ -79.054472564393905, 35.926770856740703 ], [ -79.054472568100707, 35.926776351048701 ], [ -79.054472992898994, 35.926781845168797 ], [ -79.054472996605895, 35.926787339476903 ], [ -79.054473848418795, 35.926798327716 ], [ -79.054474696525006, 35.926803821647098 ], [ -79.054475548338303, 35.926814809886203 ], [ -79.054476396444699, 35.926820303817301 ], [ -79.054476823459694, 35.926825797936303 ], [ -79.054477671450798, 35.926831120620903 ], [ -79.054480215770695, 35.926847601512598 ], [ -79.0544814859621, 35.9268529240086 ], [ -79.054482334069306, 35.926858417939599 ], [ -79.054483604260298, 35.926863739534298 ], [ -79.054484874568303, 35.926869234178 ], [ -79.054485722559804, 35.926874555961099 ], [ -79.054486992867496, 35.926880049703598 ], [ -79.054488685259201, 35.926885371109698 ], [ -79.054489955567306, 35.926890864851998 ], [ -79.054491225760003, 35.926896187347801 ], [ -79.054492918152306, 35.9269015087539 ], [ -79.054494102773006, 35.926906467163697 ], [ -79.054494151806594, 35.926906875429502 ], [ -79.054494312717694, 35.926907217850697 ], [ -79.054502651420606, 35.9269334400812 ], [ -79.054504764906696, 35.926938761298899 ], [ -79.0545064573014, 35.926944083606003 ], [ -79.054508572888594, 35.926949233576103 ], [ -79.054510686375394, 35.926954554793802 ], [ -79.054512801963099, 35.926959704763902 ], [ -79.054514915450497, 35.926965025981303 ], [ -79.054521259999802, 35.926980475892201 ], [ -79.054526333363199, 35.9269907754557 ], [ -79.054528446737095, 35.926995926327699 ], [ -79.054530983418999, 35.927001075207997 ], [ -79.054533519986094, 35.927006053743 ], [ -79.054536056669093, 35.927011203524401 ], [ -79.054539016545107, 35.927016180968899 ], [ -79.054541553228802, 35.9270213307502 ], [ -79.054544089797204, 35.927026309284997 ], [ -79.054558883646195, 35.927051198310501 ], [ -79.054561842301098, 35.927056004508302 ], [ -79.054564801072203, 35.927060981952501 ], [ -79.054568181928801, 35.927065787961503 ], [ -79.054570896526101, 35.927070197697397 ], [ -79.054571104046602, 35.927070639240299 ], [ -79.054571501076595, 35.927071106836202 ], [ -79.054584662907999, 35.927089817292703 ], [ -79.054588043651194, 35.927094452054497 ], [ -79.054591424510505, 35.927099258062803 ], [ -79.054594806362005, 35.927103891922698 ], [ -79.054598609307504, 35.927108526495402 ], [ -79.054601990052305, 35.927113161256898 ], [ -79.054609595944299, 35.927122428598999 ], [ -79.054613398775103, 35.927126891023498 ], [ -79.054617201722195, 35.927131524694303 ], [ -79.054624807385906, 35.927140449542598 ], [ -79.054629032419896, 35.927144911777603 ], [ -79.054632835252804, 35.927149374201399 ], [ -79.054637060287604, 35.927153836436098 ], [ -79.054640863005503, 35.927158127613197 ], [ -79.054645087924698, 35.927162417699797 ], [ -79.054649312960805, 35.927166879934099 ], [ -79.054657762801995, 35.927175461007799 ], [ -79.054661988715097, 35.9271795798469 ], [ -79.054666213636594, 35.927183869932797 ], [ -79.054670556831596, 35.927187720132402 ], [ -79.054670822997807, 35.927188033664699 ], [ -79.054671264274504, 35.927188383170403 ], [ -79.054675084342307, 35.927192107422499 ], [ -79.054684378359596, 35.927200344721903 ], [ -79.054688603167307, 35.927204463560599 ], [ -79.054693249943796, 35.9272082379143 ], [ -79.054693250060495, 35.9272084100621 ], [ -79.054819616654996, 35.927305901683503 ], [ -79.054823166837195, 35.927308713939098 ], [ -79.054973904660301, 35.927425007226397 ], [ -79.055042276551703, 35.927477756380704 ], [ -79.055092867597594, 35.927519680831303 ], [ -79.055126729270697, 35.927597686339297 ], [ -79.055174108369499, 35.927718108884299 ], [ -79.055174274796201, 35.927718408039702 ], [ -79.055185307449406, 35.927747487011402 ], [ -79.055203587532802, 35.927783235006899 ], [ -79.055240478415101, 35.927845653874897 ], [ -79.055265802714004, 35.927887375172901 ], [ -79.055271719817398, 35.927896472890701 ], [ -79.055274677437595, 35.927901279070298 ], [ -79.055278058371599, 35.927906085058098 ], [ -79.055281018208206, 35.927910890335099 ], [ -79.055284055387304, 35.927915362097202 ], [ -79.055284362722702, 35.9279159135518 ], [ -79.055285399786698, 35.927917290264098 ], [ -79.055287780196096, 35.927920674457901 ], [ -79.055290737818098, 35.927925480637001 ], [ -79.055300880626703, 35.9279398976973 ], [ -79.055303840466607, 35.927944703875099 ], [ -79.055307221404107, 35.927949509862003 ], [ -79.055310602224793, 35.927954144602303 ], [ -79.055324125980803, 35.9279733685484 ], [ -79.055327506802797, 35.927978002387 ], [ -79.055334268684007, 35.927987614359303 ], [ -79.055337649507194, 35.927992248197498 ], [ -79.055341030449398, 35.927997055084703 ], [ -79.055344411273396, 35.928001688922699 ], [ -79.055347791107707, 35.9280064949089 ], [ -79.055351595246407, 35.9280111285548 ], [ -79.055354976189705, 35.928015934540198 ], [ -79.055361737841807, 35.928025203116697 ], [ -79.055365540992199, 35.928030008910397 ], [ -79.055368921818996, 35.928034642747598 ], [ -79.055373148589297, 35.928041508714003 ], [ -79.055396811448304, 35.928069656300003 ], [ -79.055424949013897, 35.928102597650998 ], [ -79.055425508032897, 35.928103340066002 ], [ -79.055425933876194, 35.928103795027603 ], [ -79.055465267001395, 35.928154270525198 ], [ -79.0554804798183, 35.928172119206899 ], [ -79.055484704954097, 35.928176582311799 ], [ -79.055488506892402, 35.928181215954197 ], [ -79.055496112750802, 35.928190139843402 ], [ -79.055500337888304, 35.928194602947698 ], [ -79.0555041418081, 35.928198892293203 ], [ -79.055508366946597, 35.928203355397201 ], [ -79.055512168769795, 35.928207817792398 ], [ -79.055516393907894, 35.9282122790936 ], [ -79.055520197948994, 35.928216742388798 ], [ -79.055527803696407, 35.928225495029501 ], [ -79.055531606629899, 35.928229957423497 ], [ -79.0555358317702, 35.928234418724003 ], [ -79.055539634705198, 35.928238882019002 ], [ -79.055543859846495, 35.928243343319203 ], [ -79.055547662782402, 35.928247806614003 ], [ -79.0555518878068, 35.928252096667499 ], [ -79.055556112949404, 35.928256557967202 ], [ -79.0555599157681, 35.928260849113897 ], [ -79.055564140912296, 35.928265311314703 ], [ -79.055585266048794, 35.928286763380299 ], [ -79.055589490959306, 35.928290882185998 ], [ -79.055593717096897, 35.9282951731388 ], [ -79.055598363225499, 35.928299462998901 ], [ -79.055606813049593, 35.928307700609302 ], [ -79.055611460287693, 35.928311990468302 ], [ -79.055615685200806, 35.928316109273098 ], [ -79.055620332321894, 35.928320227885301 ], [ -79.055624557235902, 35.928324346689799 ], [ -79.055629204239295, 35.928328293154102 ], [ -79.055638498484697, 35.9283365303774 ], [ -79.055643145489597, 35.928340476841001 ], [ -79.055647371513899, 35.928344595644198 ], [ -79.055656665526399, 35.928352489471997 ], [ -79.055660889970497, 35.928355921487103 ], [ -79.055661311424799, 35.928356435935498 ], [ -79.055666089038397, 35.928360156113101 ], [ -79.055666380640204, 35.928360383106998 ], [ -79.055666854100295, 35.928360784869497 ], [ -79.055680322772901, 35.928372223395002 ], [ -79.055685391871407, 35.928375998417998 ], [ -79.055690037772706, 35.928379944880398 ], [ -79.0556946846649, 35.928383720996898 ], [ -79.055704822864698, 35.928391270140303 ], [ -79.055709470866503, 35.928395046255801 ], [ -79.055719609069001, 35.928402595397799 ], [ -79.055724254855207, 35.9284063706125 ], [ -79.055729323839202, 35.928409973485998 ], [ -79.055734392942995, 35.9284137494082 ], [ -79.055764807967705, 35.928435367544203 ], [ -79.055770299163996, 35.928438971124301 ], [ -79.055775368033807, 35.928442402749504 ], [ -79.055780435914002, 35.928446005621304 ], [ -79.055785928101002, 35.928449437052599 ], [ -79.055796065843595, 35.928456300301299 ], [ -79.0558070480037, 35.928463162261899 ], [ -79.055812116876496, 35.928466593885503 ], [ -79.0558176078397, 35.928469854069398 ], [ -79.055823098921607, 35.9284732854995 ], [ -79.055828167676694, 35.9284765449747 ], [ -79.055854957334006, 35.928492449621999 ], [ -79.055855585964196, 35.928492889167202 ], [ -79.055964196502401, 35.928556671066303 ], [ -79.0560578165517, 35.928611649575998 ], [ -79.056088778998898, 35.928629832535698 ], [ -79.056089542832595, 35.928630280129198 ], [ -79.056089622607004, 35.928630261165402 ], [ -79.056148527829805, 35.9286650701073 ], [ -79.056414978656306, 35.928822219937103 ], [ -79.056814400097295, 35.929057655278598 ], [ -79.057087722485207, 35.929218701231299 ], [ -79.057084018114395, 35.9292190373449 ], [ -79.0569432893532, 35.9292659173354 ], [ -79.056863002479403, 35.929292675509998 ], [ -79.056856403768506, 35.9292948750441 ], [ -79.056677221256706, 35.929354428641297 ], [ -79.056612820517799, 35.929375832780501 ], [ -79.056601868799206, 35.9293794727893 ], [ -79.056573967147798, 35.929388789810901 ], [ -79.056362951839105, 35.929459255273201 ], [ -79.056362791191205, 35.929459308523903 ], [ -79.056191014378797, 35.929516407357703 ], [ -79.056131210131994, 35.9295362859338 ], [ -79.056128245346301, 35.9295372724145 ], [ -79.056035743104999, 35.929568044626002 ], [ -79.055903267079898, 35.929612113885199 ], [ -79.055893727899004, 35.929615290817999 ], [ -79.055798831297196, 35.929646907559103 ], [ -79.055757214505505, 35.929660773197099 ], [ -79.055741470958395, 35.929666014217297 ], [ -79.055741383025307, 35.9296718735864 ], [ -79.055737873905102, 35.929905305579403 ], [ -79.055734548024304, 35.9301264888501 ], [ -79.055734499282906, 35.930129726329099 ], [ -79.055737236987099, 35.930128840005899 ], [ -79.055737235902001, 35.930128873354299 ], [ -79.055748494782094, 35.930202346400598 ], [ -79.055753704550696, 35.930236340018801 ], [ -79.055757857898698, 35.930263442806996 ], [ -79.055761588236294, 35.930287789623797 ], [ -79.055772053247907, 35.930355794861399 ], [ -79.055771794146196, 35.930364124760501 ], [ -79.055757305298997, 35.930830428709903 ], [ -79.056011820562304, 35.930824567314097 ], [ -79.056004096299404, 35.931100694643099 ], [ -79.055998299018, 35.931307943117702 ], [ -79.055997905389106, 35.931322007121203 ], [ -79.0559948007446, 35.931433013961502 ], [ -79.055962696202798, 35.931434598743301 ], [ -79.055738392126003, 35.931445672857102 ], [ -79.055695736766793, 35.931447778829003 ], [ -79.055541630244306, 35.931455386590997 ], [ -79.055517446855902, 35.931456623355899 ], [ -79.055499626503405, 35.931457503013498 ], [ -79.055499578852704, 35.931457505738997 ], [ -79.055508164666605, 35.931490602829697 ], [ -79.055508204668399, 35.931490757834503 ], [ -79.055678721607293, 35.932151788772998 ], [ -79.055679569733002, 35.932157110537403 ], [ -79.055679973818499, 35.932159728617101 ], [ -79.055684463300494, 35.932187226002497 ], [ -79.055685082419302, 35.932189902568297 ], [ -79.055685930545806, 35.932195224332602 ], [ -79.055687627036505, 35.932206212155798 ], [ -79.055688475163905, 35.932211534821199 ], [ -79.055690592775093, 35.9322225224522 ], [ -79.055692289148197, 35.932233338127901 ], [ -79.0556952571051, 35.932249648423003 ], [ -79.055696953598201, 35.9322606362459 ], [ -79.055699308612503, 35.932273583185001 ], [ -79.055703152896797, 35.932294320244203 ], [ -79.055708101748806, 35.932321016165901 ], [ -79.055709635683797, 35.9323292929651 ], [ -79.055710090256397, 35.932331197195403 ], [ -79.055710593415498, 35.932334454248299 ], [ -79.0557128325799, 35.932346531489301 ], [ -79.055713058219794, 35.9323475065883 ], [ -79.055728736855002, 35.932428883723297 ], [ -79.055730007334702, 35.932434377441403 ], [ -79.055730582772398, 35.932437986867598 ], [ -79.055733857338097, 35.932453744526399 ], [ -79.055735515040297, 35.932461503023397 ], [ -79.055736785402104, 35.932466824594002 ], [ -79.055737284109298, 35.932470051004501 ], [ -79.055738904015897, 35.932477640075099 ], [ -79.055740174497004, 35.932483133792999 ], [ -79.055742293865094, 35.9324934355352 ], [ -79.056046056228496, 35.933960267293401 ], [ -79.0560497258016, 35.933978129277399 ], [ -79.056076946285202, 35.9341106044483 ], [ -79.056166381204093, 35.934545867175899 ], [ -79.056269433428994, 35.9350341845158 ], [ -79.056269473457903, 35.935034373769199 ], [ -79.056272716934203, 35.935049745658503 ], [ -79.056407832315102, 35.935046418802997 ], [ -79.056323965249206, 35.935325510989003 ], [ -79.056324439008407, 35.935327866754598 ], [ -79.056541167393306, 35.936404878340902 ], [ -79.056598121303196, 35.936687898895897 ], [ -79.057116444608297, 35.939263526185997 ], [ -79.0571214373537, 35.939288337356203 ], [ -79.057268497217606, 35.940019064010002 ], [ -79.057549038532997, 35.941413101397004 ], [ -79.0578221651772, 35.9427800012148 ], [ -79.057822459128502, 35.942783426886997 ], [ -79.057848433023594, 35.942911228617803 ], [ -79.057885153879795, 35.943094999082099 ], [ -79.057927268631602, 35.943304094168603 ], [ -79.057981947392605, 35.943575568878103 ], [ -79.057986019643707, 35.9435957865254 ], [ -79.0579864421791, 35.943597674531098 ], [ -79.058036433574102, 35.943848458655097 ], [ -79.058037037597899, 35.943851489412097 ], [ -79.0580415394124, 35.943874078149904 ], [ -79.058101879270794, 35.944177698228302 ], [ -79.058109776226701, 35.944217436924802 ], [ -79.058183231825595, 35.944585334396997 ], [ -79.058187816010403, 35.944608295317302 ], [ -79.058191152086806, 35.944625002770302 ], [ -79.058191577220796, 35.944627406312101 ], [ -79.058268289831602, 35.945010422187998 ], [ -79.058301272408599, 35.945175101211298 ], [ -79.058302684622802, 35.945181416786397 ], [ -79.058330049255304, 35.945354243443298 ], [ -79.058520792006107, 35.945167518161902 ], [ -79.058833283, 35.945156722809202 ], [ -79.059640692114101, 35.945126284669698 ], [ -79.060005554910305, 35.945124045518398 ], [ -79.060343812097699, 35.945121989676402 ], [ -79.060456563290003, 35.945119702292899 ], [ -79.0604592414238, 35.9451200632857 ], [ -79.060680943956498, 35.945118061474503 ], [ -79.060680940243103, 35.945117545036297 ], [ -79.060682490865304, 35.9451175298449 ], [ -79.060938858528004, 35.945115971789903 ], [ -79.061021170303405, 35.945115471916097 ], [ -79.0613594284073, 35.945113242014301 ], [ -79.061528599895396, 35.945111098317 ], [ -79.061697826337806, 35.945109807880399 ], [ -79.062033550227, 35.945107056444897 ], [ -79.062033546658697, 35.9451067400935 ], [ -79.062036786457497, 35.945106718618703 ], [ -79.062366598591097, 35.945104490217901 ], [ -79.062370540003897, 35.945104475586099 ], [ -79.062374691995501, 35.945104441919597 ], [ -79.062711752577997, 35.945101719481301 ], [ -79.062711753378295, 35.945102749656897 ], [ -79.062716618020204, 35.946062735854198 ], [ -79.062722237947298, 35.947171508183999 ], [ -79.062722238214803, 35.947171852476899 ], [ -79.062712811617601, 35.9480341580079 ], [ -79.0627127275622, 35.948037249476997 ], [ -79.062712778549795, 35.948037249450898 ], [ -79.062713902492504, 35.948037246169598 ], [ -79.062828774070695, 35.948036886074398 ], [ -79.063034469954601, 35.9480362419702 ], [ -79.064689496198596, 35.9480310437078 ], [ -79.066740803043501, 35.9480249454624 ], [ -79.066762943820393, 35.948024879278897 ], [ -79.066873314426601, 35.948026319519002 ], [ -79.067080688982998, 35.948029025885802 ], [ -79.067389463578493, 35.948033054042497 ], [ -79.067466224109495, 35.948034055340599 ], [ -79.068053325420195, 35.948036142232503 ], [ -79.068063038598794, 35.948036178276901 ], [ -79.068072142243096, 35.948036333630803 ], [ -79.069274140584099, 35.948056813475098 ], [ -79.069966550488502, 35.948060170682297 ], [ -79.071678392795107, 35.948068882698898 ], [ -79.071716646728106, 35.948239653858899 ], [ -79.071729753815902, 35.948298166940603 ], [ -79.071731055847096, 35.948303981300803 ], [ -79.071734762735005, 35.948320526813099 ], [ -79.071748193686105, 35.948380483567803 ], [ -79.071767468234299, 35.948466529238203 ], [ -79.071798592486601, 35.948605472769998 ], [ -79.071832540160798, 35.948757012859502 ], [ -79.071832701713504, 35.9487579446985 ], [ -79.071895502651898, 35.949117822616699 ], [ -79.071948535573696, 35.949438096320797 ], [ -79.071948583494802, 35.949438385606499 ], [ -79.071950763349093, 35.949451547661504 ], [ -79.071960583374604, 35.949604806223697 ], [ -79.071961457908799, 35.949618446730597 ], [ -79.071961574813002, 35.949620269971099 ], [ -79.071962861888906, 35.949640349049702 ], [ -79.071968503354498, 35.949786435796199 ], [ -79.0719729261601, 35.949826309855702 ], [ -79.071977313214305, 35.9498658639776 ], [ -79.071972744128999, 35.9503071137853 ], [ -79.071971085019101, 35.950384470650199 ], [ -79.071970403937101, 35.950416245115903 ], [ -79.071970214509406, 35.950425080569602 ], [ -79.071967088911407, 35.950570825444103 ], [ -79.0719585938851, 35.9506792510766 ], [ -79.071952036556993, 35.950762946882399 ], [ -79.071934861311405, 35.950898982314001 ], [ -79.071924324327597, 35.950982438009198 ], [ -79.071900152920506, 35.951173889717197 ], [ -79.071843041123699, 35.951426607907401 ], [ -79.071771363244196, 35.951743774081798 ], [ -79.071652827031201, 35.951742541344998 ], [ -79.071515556258902, 35.951741113073503 ], [ -79.071504208541299, 35.951740857445003 ], [ -79.071454337663297, 35.951739102992001 ], [ -79.071411821768095, 35.951737606491797 ], [ -79.071360722460298, 35.951735580529601 ], [ -79.071344329711394, 35.951734930366499 ], [ -79.071233338749394, 35.951730982636597 ], [ -79.071055730620103, 35.951724666252098 ], [ -79.070889470703193, 35.951697687275498 ], [ -79.070786189125499, 35.9516809282445 ], [ -79.070785698887903, 35.951676805130802 ], [ -79.070785243269398, 35.951672974014699 ], [ -79.070619037366399, 35.951665695918201 ], [ -79.070580755750498, 35.951664019125403 ], [ -79.070495653599195, 35.951660292794301 ], [ -79.0699609616088, 35.951636877532501 ], [ -79.069809136666706, 35.9516302282045 ], [ -79.069800175402193, 35.951629835859698 ], [ -79.069796986194106, 35.951629696180603 ], [ -79.069527424434497, 35.951617889883103 ] ] ] } },
{ "type": "Feature", "properties": { "OBJECTID": 3, "Id": 0, "NAME": "North MLK", "Area": 257.08150722, "Shape__Area": 1590084.02734375, "Shape__Length": 7672.18248759365 }, "geometry": { "type": "Polygon", "coordinates": [ [ [ -79.056372566951495, 35.9683106174028 ], [ -79.055881777258506, 35.968142421063199 ], [ -79.055881626478595, 35.968142426539899 ], [ -79.055691417684699, 35.968077073951001 ], [ -79.055591413443693, 35.968042713924902 ], [ -79.055398720388197, 35.967961018134403 ], [ -79.055156217106699, 35.967858142753101 ], [ -79.055001824897204, 35.967792684574597 ], [ -79.054628123332606, 35.967692329469202 ], [ -79.054441228579904, 35.967642194317001 ], [ -79.054217659509902, 35.967582155639597 ], [ -79.054216539488493, 35.9675818001298 ], [ -79.054078400998094, 35.967537955353599 ], [ -79.0540717928791, 35.967535858289096 ], [ -79.053870245906396, 35.967470140145899 ], [ -79.053506931409601, 35.9673516161496 ], [ -79.053269541253798, 35.967272302426302 ], [ -79.053159188868406, 35.967235433034801 ], [ -79.052768903845205, 35.967092504596998 ], [ -79.051615708622904, 35.966908441614102 ], [ -79.051553502756803, 35.966898513212797 ], [ -79.050423957606498, 35.9668646630805 ], [ -79.0480326538555, 35.96679492682 ], [ -79.047631802491296, 35.966819815067801 ], [ -79.045537354130701, 35.967312551880298 ], [ -79.044430022057696, 35.967732425289903 ], [ -79.043430819987705, 35.968157915643097 ], [ -79.043239395429595, 35.968244358965201 ], [ -79.043200421275301, 35.968259120458399 ], [ -79.042932195891495, 35.968361729721302 ], [ -79.042788347154797, 35.968416776966301 ], [ -79.042788284917407, 35.968412312481597 ], [ -79.042786955984496, 35.968316894087501 ], [ -79.042785957841502, 35.968245218080298 ], [ -79.042785179812398, 35.968189290117799 ], [ -79.042784940036995, 35.9681720044887 ], [ -79.042784936594302, 35.968171784576803 ], [ -79.042784517044694, 35.968141642203697 ], [ -79.042777927508297, 35.968144857587497 ], [ -79.042739188702399, 35.965985292612103 ], [ -79.043006685427997, 35.965992249437697 ], [ -79.043074167544304, 35.965993132343499 ], [ -79.043128198868104, 35.965995408842304 ], [ -79.043156098900994, 35.965995889283498 ], [ -79.043386400296399, 35.965999851733599 ], [ -79.043774767494497, 35.9660098039014 ], [ -79.044144720885399, 35.966023928128699 ], [ -79.0443274963107, 35.966030906351101 ], [ -79.044327492497601, 35.966023964662497 ], [ -79.044275920684001, 35.966022643163598 ], [ -79.044332100187304, 35.966024036895 ], [ -79.0443280338054, 35.965134394215397 ], [ -79.0443270383319, 35.964916603699798 ], [ -79.044327231127795, 35.964236222090904 ], [ -79.044345297865206, 35.964236555315203 ], [ -79.044524722190801, 35.964239413789102 ], [ -79.044791251605304, 35.964239511889303 ], [ -79.044934670559698, 35.964236797701702 ], [ -79.045029072136003, 35.964234917094501 ], [ -79.045068729042299, 35.964233844355498 ], [ -79.045104352741106, 35.964232880346302 ], [ -79.045247879200403, 35.964226190184299 ], [ -79.045252416758899, 35.964225933439202 ], [ -79.045356499572193, 35.964221050416299 ], [ -79.045454951704301, 35.964214485801001 ], [ -79.045459155568693, 35.964214248099402 ], [ -79.045608183465404, 35.9642043108406 ], [ -79.045608183441402, 35.964204268480202 ], [ -79.045608220025301, 35.964204265762703 ], [ -79.045608220008504, 35.964204236020301 ], [ -79.045640125193501, 35.9641756777079 ], [ -79.045659914530404, 35.964157964570902 ], [ -79.045870490191305, 35.964140518791197 ], [ -79.045967271768902, 35.964132566411699 ], [ -79.046137636388593, 35.9641185673945 ], [ -79.046196743384101, 35.964113691628199 ], [ -79.046331199438001, 35.9641026945813 ], [ -79.046410979437297, 35.964096017308698 ], [ -79.046446311471101, 35.9640931026386 ], [ -79.046779156809805, 35.964065244847802 ], [ -79.046784700885595, 35.964064780364602 ], [ -79.046788380305898, 35.964064469814097 ], [ -79.046787490082707, 35.964064505305302 ], [ -79.046934105007296, 35.964048648614899 ], [ -79.046948977679193, 35.964047037709101 ], [ -79.0471437440156, 35.964032424042102 ], [ -79.047308275458207, 35.964020021818399 ], [ -79.047331897457397, 35.964018241639501 ], [ -79.047359288687204, 35.964016176990597 ], [ -79.047378258447793, 35.964028898476798 ], [ -79.047454120913599, 35.964079773582199 ], [ -79.047523092795998, 35.964077204233803 ], [ -79.047525366582093, 35.9640771195293 ], [ -79.047561338076704, 35.964075779733399 ], [ -79.047727006265504, 35.964069607084603 ], [ -79.047725723513906, 35.9640339103995 ], [ -79.047875942597798, 35.964031452372801 ], [ -79.047926618758495, 35.964031307214299 ], [ -79.048000285998299, 35.964031097119303 ], [ -79.048110872983301, 35.9640320567269 ], [ -79.048213587764906, 35.964033510543103 ], [ -79.048258147985393, 35.964034140964003 ], [ -79.048258193283004, 35.964032024729399 ], [ -79.048258195436802, 35.964031918377003 ], [ -79.048258443499094, 35.964020335868 ], [ -79.0482588533295, 35.964001179798899 ], [ -79.048249367520498, 35.963987814790002 ], [ -79.0482160989649, 35.963738669536497 ], [ -79.048216593182801, 35.963741984267202 ], [ -79.048218155197404, 35.963738167610103 ], [ -79.048242828596202, 35.963677893449002 ], [ -79.048243058858105, 35.963677331857603 ], [ -79.048275377323407, 35.963598381846303 ], [ -79.048350318192604, 35.963415310228903 ], [ -79.048350480924299, 35.963414912697701 ], [ -79.048357971007306, 35.963396615448403 ], [ -79.048357554164298, 35.963396623725103 ], [ -79.048364491391993, 35.9633789242462 ], [ -79.048366699050803, 35.963379526331401 ], [ -79.049019075428703, 35.963557607043001 ], [ -79.049296136066005, 35.963510962159397 ], [ -79.0492961726235, 35.963510917080399 ], [ -79.049280760125498, 35.963174745785501 ], [ -79.049272692162305, 35.963172232653399 ], [ -79.049231716813097, 35.963159186856402 ], [ -79.049291575469297, 35.9629833445101 ], [ -79.049291607622905, 35.962983349904803 ], [ -79.049320312940495, 35.962987970017899 ], [ -79.049320338410396, 35.962987923140801 ], [ -79.049340126902493, 35.962925292951198 ], [ -79.049297839486897, 35.962845816677302 ], [ -79.049319757296104, 35.962782625028602 ], [ -79.049319788332795, 35.962782616904398 ], [ -79.049416052863094, 35.962755454705601 ], [ -79.049416077227505, 35.9627554132367 ], [ -79.049499550242601, 35.962502174140603 ], [ -79.049500111251305, 35.962502246016001 ], [ -79.049504212615105, 35.962503153750198 ], [ -79.049510971639293, 35.962504524568502 ], [ -79.049517729343904, 35.962505551096001 ], [ -79.049524066774893, 35.962506407450697 ], [ -79.049530825378199, 35.962507091488703 ], [ -79.049537583875903, 35.962507603380899 ], [ -79.049543715875799, 35.9625079127376 ], [ -79.049544342268604, 35.962507944028502 ], [ -79.049544732504799, 35.962507943870101 ], [ -79.0495511004506, 35.962507941286098 ], [ -79.049557858526796, 35.962507766397998 ], [ -79.049564616497705, 35.962507420265197 ], [ -79.049571374257695, 35.962506730742398 ], [ -79.0495781319119, 35.962505869073901 ], [ -79.049584889460604, 35.962504836160697 ], [ -79.049591224517101, 35.9625036312734 ], [ -79.049597559520706, 35.9625023407635 ], [ -79.049597945297506, 35.962502300049003 ], [ -79.049598179157101, 35.962502201713903 ], [ -79.049604316594795, 35.962500536349303 ], [ -79.049610651227795, 35.9624986437804 ], [ -79.049616985755904, 35.962496580868198 ], [ -79.049622897792005, 35.962494346883197 ], [ -79.049629232108302, 35.962491940580797 ], [ -79.049635143932093, 35.962489362304296 ], [ -79.049640633263706, 35.962486612954997 ], [ -79.049646544875998, 35.962483692189601 ], [ -79.049652033889799, 35.962480427304698 ], [ -79.049657352237503, 35.962477264334296 ], [ -79.049657486346206, 35.9624772074988 ], [ -79.049657522903104, 35.962477162419702 ], [ -79.049662589319098, 35.962473555217798 ], [ -79.049667655733998, 35.9624699471144 ], [ -79.049672299551503, 35.962465996694199 ], [ -79.049676943367999, 35.962462045372703 ], [ -79.049681587078695, 35.962457922806699 ], [ -79.0496858082968, 35.962453628266999 ], [ -79.049689607128897, 35.962449334800297 ], [ -79.049693828134707, 35.962444696870698 ], [ -79.049697171138106, 35.962440106165097 ], [ -79.049697204368499, 35.962440060185997 ], [ -79.049700580601296, 35.962435422599903 ], [ -79.049703956622906, 35.962430442525402 ], [ -79.049706910468998, 35.962425805111103 ], [ -79.049709440503307, 35.962420653235299 ], [ -79.049711971645806, 35.962415501358997 ], [ -79.049714081510899, 35.962410349654199 ], [ -79.049715767775595, 35.962405026877498 ], [ -79.049717454039097, 35.962399702298299 ], [ -79.049719140303395, 35.962394379521598 ], [ -79.049720403073195, 35.962389056917303 ], [ -79.049721244459604, 35.962383562338999 ], [ -79.049721664568906, 35.962378067932399 ], [ -79.049722082460804, 35.962372573526501 ], [ -79.049722502569907, 35.9623670791199 ], [ -79.049722075689999, 35.962361584156703 ], [ -79.049722482549299, 35.962336384051703 ], [ -79.050140982856306, 35.962258606832897 ], [ -79.050557928538694, 35.962340842132498 ], [ -79.050548425372696, 35.962386789990703 ], [ -79.050548461929097, 35.9623867449112 ], [ -79.050844146733297, 35.962075766998197 ], [ -79.0508445555419, 35.962075335112203 ], [ -79.050845878354806, 35.9620739393714 ], [ -79.050845861679505, 35.962073866374197 ], [ -79.050845689364195, 35.9620731057611 ], [ -79.050760776427197, 35.961776348665602 ], [ -79.0507665692693, 35.961745141947603 ], [ -79.050768737027497, 35.961733465792598 ], [ -79.050856073893002, 35.961392417202902 ], [ -79.050920255529505, 35.961144256569597 ], [ -79.050997523088199, 35.9608475399451 ], [ -79.051079709669196, 35.960558993140303 ], [ -79.051155604765697, 35.960332259985996 ], [ -79.051155726716999, 35.960332268947802 ], [ -79.051155814300103, 35.960332275220097 ], [ -79.051155897798907, 35.960332833982498 ], [ -79.051194751107005, 35.960335121385199 ], [ -79.051195215625299, 35.960335147327797 ], [ -79.051225897107997, 35.960336858619797 ], [ -79.051273301243, 35.960339493911398 ], [ -79.051455527711596, 35.960349721657103 ], [ -79.051593758879903, 35.960369262692303 ], [ -79.051619050511704, 35.960372901310002 ], [ -79.051780085706298, 35.960396068279401 ], [ -79.051834581606002, 35.9604039079763 ], [ -79.051875152092606, 35.960395704364998 ], [ -79.051905655604202, 35.960389536519003 ], [ -79.052093179106905, 35.960351619766499 ], [ -79.052096255059993, 35.960350997467998 ], [ -79.052136081956903, 35.960346739016401 ], [ -79.052136150674798, 35.960346715553499 ], [ -79.052136398983293, 35.9603466893102 ], [ -79.052136118511498, 35.960346693936401 ], [ -79.052225492373907, 35.960338038545203 ], [ -79.052241699755896, 35.9603273099125 ], [ -79.052289869762504, 35.960295422520403 ], [ -79.052320010625706, 35.960275469554801 ], [ -79.052367195452803, 35.960244234183598 ], [ -79.052613786645395, 35.9600330559688 ], [ -79.052626917235202, 35.960021810369902 ], [ -79.052697596998399, 35.959961281048301 ], [ -79.052720041478906, 35.959934048910199 ], [ -79.052809557939, 35.959962831556901 ], [ -79.052862659543095, 35.959979903273897 ], [ -79.052860070843096, 35.959989845581703 ], [ -79.052855308875905, 35.960017755069302 ], [ -79.052855246402501, 35.9600459320067 ], [ -79.052859886412406, 35.960073855449203 ], [ -79.052869142102494, 35.960101009898302 ], [ -79.052882841315196, 35.960126891608397 ], [ -79.052900732090905, 35.960151023906903 ], [ -79.052901070387307, 35.960151291442401 ], [ -79.052912144178293, 35.9601598218239 ], [ -79.052934684551104, 35.960175713445501 ], [ -79.052938028409201, 35.960177920146897 ], [ -79.052944780257604, 35.960182079358702 ], [ -79.052950633574198, 35.960187057327701 ], [ -79.052955439725096, 35.960192728839601 ], [ -79.052959075561105, 35.960198948840898 ], [ -79.052961451182497, 35.960205559645601 ], [ -79.052962503288995, 35.960212393642003 ], [ -79.052962207376495, 35.960219275991399 ], [ -79.052960569982005, 35.960226032742398 ], [ -79.052942878596795, 35.9602862093749 ], [ -79.052952023558007, 35.960281380824703 ], [ -79.053106552633807, 35.960294482402503 ], [ -79.053209707540503, 35.960299666754302 ], [ -79.053210318439895, 35.960294718427399 ], [ -79.053217466267299, 35.960233594594001 ], [ -79.053218337150099, 35.960226153196203 ], [ -79.053220722291698, 35.960215226766003 ], [ -79.053225185321196, 35.960204880759598 ], [ -79.053225203005198, 35.960204799636202 ], [ -79.053225242886001, 35.960204756357001 ], [ -79.053231773839002, 35.960195011507999 ], [ -79.053240153465893, 35.960186250958301 ], [ -79.053250116990597, 35.960178744307498 ], [ -79.053250162417399, 35.9601787055324 ], [ -79.053250239975497, 35.960178639704701 ], [ -79.053276829829002, 35.9601588331576 ], [ -79.053299584133796, 35.960135968412501 ], [ -79.053302504826206, 35.960131928474198 ], [ -79.053304019379297, 35.9601305749825 ], [ -79.053309281008893, 35.960122555744903 ], [ -79.053317915711503, 35.960110613537999 ], [ -79.053320363542596, 35.960105667111897 ], [ -79.053326165932802, 35.960093945153702 ], [ -79.053331421406796, 35.960083328410903 ], [ -79.053333499763696, 35.960076233479597 ], [ -79.053335755473995, 35.960070784219297 ], [ -79.053336070331, 35.960067454730599 ], [ -79.053339800085894, 35.960054717026097 ], [ -79.053342868145805, 35.960025412167603 ], [ -79.053341582473195, 35.960009084127101 ], [ -79.053341145344405, 35.960003532395099 ], [ -79.0533405572871, 35.959996060989297 ], [ -79.053332918940498, 35.9599673132956 ], [ -79.053322248009493, 35.9599443775178 ], [ -79.053321752552094, 35.9599428248181 ], [ -79.053321025714396, 35.959941748999697 ], [ -79.053320120927694, 35.959939803517898 ], [ -79.053302447455394, 35.959914141701198 ], [ -79.053302135635093, 35.959913677674898 ], [ -79.053295520812298, 35.959903810576797 ], [ -79.053291074991705, 35.9598931710306 ], [ -79.053290828583599, 35.9598927150872 ], [ -79.053290791720499, 35.959892291498797 ], [ -79.053288617002394, 35.959881047099401 ], [ -79.053288833415195, 35.959869654746697 ], [ -79.053288805483902, 35.959869326690701 ], [ -79.053288882936897, 35.959869102236603 ], [ -79.053291532711299, 35.959857721439803 ], [ -79.053296580633898, 35.959846749681397 ], [ -79.053296607207301, 35.959846700099099 ], [ -79.053300836142199, 35.959839480752599 ], [ -79.053308191093507, 35.959826917216297 ], [ -79.053334139384603, 35.9597826148743 ], [ -79.053374696749799, 35.959713367548602 ], [ -79.053432372334996, 35.959614893014397 ], [ -79.053492698228993, 35.959506116486097 ], [ -79.053515694898294, 35.959449558799299 ], [ -79.053545538034797, 35.959364430028899 ], [ -79.053569959323696, 35.959294766097699 ], [ -79.053591157380495, 35.959234297597902 ], [ -79.0536399864814, 35.959095008464899 ], [ -79.053718522087493, 35.9588709771878 ], [ -79.053761875927606, 35.9587473051864 ], [ -79.053800302543195, 35.958637707123899 ], [ -79.053870443657701, 35.958437658142401 ], [ -79.053886480944897, 35.9583839361771 ], [ -79.053893330022106, 35.958356217684504 ], [ -79.054123248663601, 35.9583930921738 ], [ -79.054464548721498, 35.958447827867602 ], [ -79.054844176716401, 35.958508709296197 ], [ -79.054967022019099, 35.958528409358102 ], [ -79.055217205231401, 35.9585685308123 ], [ -79.055277428361293, 35.958578190591801 ], [ -79.055526359061602, 35.9586181173011 ], [ -79.055734700617904, 35.958651483545601 ], [ -79.057183633193404, 35.958879870140798 ], [ -79.057226624146296, 35.958886646601101 ], [ -79.057431070749601, 35.958918870744903 ], [ -79.057441098890806, 35.9587334596497 ], [ -79.057455686402605, 35.958480896026302 ], [ -79.057477106343399, 35.958311422398303 ], [ -79.057512033988701, 35.958132499611096 ], [ -79.057577314743597, 35.957873894133002 ], [ -79.057659099913295, 35.957547869035103 ], [ -79.057809929785805, 35.957550257325799 ], [ -79.057943624493006, 35.957552374164401 ], [ -79.058203393613994, 35.957556486657701 ], [ -79.058440581176299, 35.957560241683701 ], [ -79.058679196600593, 35.957564019897603 ], [ -79.058707834310596, 35.957564472997703 ], [ -79.058751381189794, 35.957565161364101 ], [ -79.058876814876299, 35.957567146863902 ], [ -79.059181634201707, 35.957571970092602 ], [ -79.0593582949801, 35.957574765749797 ], [ -79.059432266606294, 35.957575936588697 ], [ -79.059370939661306, 35.957801440502401 ], [ -79.059369545537194, 35.9578065677007 ], [ -79.059345858651696, 35.957893661564498 ], [ -79.059315519465997, 35.9580052186788 ], [ -79.059313302788297, 35.958013373698499 ], [ -79.0592601012074, 35.958208995911697 ], [ -79.059258736918395, 35.958214011334 ], [ -79.059221535124195, 35.958350803266001 ], [ -79.059202011566498, 35.9584225912146 ], [ -79.059201152525304, 35.958425750641297 ], [ -79.059174400582094, 35.958524116527897 ], [ -79.059156939399301, 35.958694911612398 ], [ -79.059156445188904, 35.958699740044601 ], [ -79.059133690722206, 35.958922307582299 ], [ -79.059133013806701, 35.958928939577099 ], [ -79.059095681584907, 35.959294091363901 ], [ -79.059095554870098, 35.959295145930497 ], [ -79.059050557643801, 35.959671045596401 ], [ -79.059042343024302, 35.959671059483099 ], [ -79.059050703810399, 35.959673847624998 ], [ -79.059057750745595, 35.959808194463498 ], [ -79.059072901503498, 35.960097025946197 ], [ -79.059048881637395, 35.960134925834097 ], [ -79.0589022671668, 35.960366254059203 ], [ -79.058853429817802, 35.9604433105319 ], [ -79.058877754088002, 35.960629423388099 ], [ -79.058908580403497, 35.960826137620003 ], [ -79.059157131415304, 35.961051524596002 ], [ -79.0592055642622, 35.9610954424125 ], [ -79.059203993956601, 35.961123447928102 ], [ -79.059202504665507, 35.961145527449702 ], [ -79.059185330703897, 35.961400280602099 ], [ -79.059209975397593, 35.961646955961903 ], [ -79.059224628043907, 35.961793616871603 ], [ -79.059233439755104, 35.961881807900397 ], [ -79.059235925803094, 35.961906692992002 ], [ -79.0592755679844, 35.962020206893797 ], [ -79.059320885053296, 35.962149965494703 ], [ -79.0593300682457, 35.962176259642398 ], [ -79.059504040475801, 35.9623666652721 ], [ -79.059520180657202, 35.962384328908797 ], [ -79.059688062912798, 35.962538657875598 ], [ -79.059744093328902, 35.962590165069003 ], [ -79.059945231692495, 35.962645585665598 ], [ -79.0602007386765, 35.962715984635899 ], [ -79.060520864860493, 35.962804187494399 ], [ -79.060633388605595, 35.962835189960899 ], [ -79.060820137648804, 35.962861985127503 ], [ -79.061126584325194, 35.962905954521801 ], [ -79.061192970856695, 35.962915480301497 ], [ -79.061201162758806, 35.963276857305303 ], [ -79.061205944350903, 35.963686205960101 ], [ -79.0612065905257, 35.963741536421701 ], [ -79.061206750396394, 35.963749143186597 ], [ -79.0612071496097, 35.963768279969898 ], [ -79.061202109946095, 35.963768581722597 ], [ -79.061210654216197, 35.964031620142997 ], [ -79.061213801982205, 35.9641285021792 ], [ -79.061131485186607, 35.964127483507099 ], [ -79.061038064067503, 35.964126326125303 ], [ -79.060596600678196, 35.964120861600797 ], [ -79.059682453156498, 35.964109540153203 ], [ -79.059649409234197, 35.964113134400499 ], [ -79.059441382553501, 35.964135759854003 ], [ -79.059158436640999, 35.964129697325902 ], [ -79.058943893504903, 35.964122459213797 ], [ -79.058761266045906, 35.964210975893003 ], [ -79.058372076208201, 35.964354091003102 ], [ -79.058327562534203, 35.964370667072302 ], [ -79.058294775223899, 35.964382877111902 ], [ -79.058361430340597, 35.964560219901898 ], [ -79.058432849953704, 35.964750234227601 ], [ -79.058477375087506, 35.964868550676002 ], [ -79.058488189842507, 35.964897328018402 ], [ -79.058591291382001, 35.965171631394 ], [ -79.0586180352242, 35.965242782175203 ], [ -79.058813688137903, 35.965739255209101 ], [ -79.058886872575201, 35.965924609596101 ], [ -79.059077508804094, 35.966362170264802 ], [ -79.059170687580604, 35.966557026914003 ], [ -79.059173830828499, 35.966563259572098 ], [ -79.059252428837297, 35.966719108431001 ], [ -79.059255827380298, 35.966725729415998 ], [ -79.059280882433995, 35.966773896287698 ], [ -79.059379293293404, 35.967002349166897 ], [ -79.059451889136497, 35.9671710044272 ], [ -79.059455512989601, 35.967179416146699 ], [ -79.059474526930202, 35.9672319373094 ], [ -79.059511433933594, 35.967333886062299 ], [ -79.059511647128701, 35.967334328488597 ], [ -79.059526492833797, 35.9673753368712 ], [ -79.059584566735396, 35.9674857212052 ], [ -79.059585256202595, 35.967487032236498 ], [ -79.059663930999093, 35.967567500982298 ], [ -79.059720779212498, 35.967625727659502 ], [ -79.059722552165098, 35.967628922743998 ], [ -79.05979679424, 35.967762681958803 ], [ -79.0597986060544, 35.967765946421899 ], [ -79.059800918343996, 35.967769820808797 ], [ -79.059867075657095, 35.967880650773701 ], [ -79.059869416815403, 35.967884573814302 ], [ -79.059871192784101, 35.967887335377497 ], [ -79.059967824499097, 35.968037550845899 ], [ -79.059969633773704, 35.968040363764302 ], [ -79.059971873531495, 35.968043589259103 ], [ -79.060060412888902, 35.968171055719502 ], [ -79.060062678180202, 35.968174316350101 ], [ -79.060065638070199, 35.968178315691198 ], [ -79.060146850376597, 35.968288051133399 ], [ -79.060151423403198, 35.968294230332901 ], [ -79.060306121361407, 35.968500083305997 ], [ -79.060436048435605, 35.9686729744312 ], [ -79.060441336642199, 35.968679917102499 ], [ -79.060549591372606, 35.9688220472095 ], [ -79.060552451342502, 35.968825801438499 ], [ -79.060691628001607, 35.969004098086302 ], [ -79.060766205609497, 35.969099637566003 ], [ -79.060780673908496, 35.969118173363803 ], [ -79.060833922674604, 35.9691863883981 ], [ -79.060948187366705, 35.969332768735804 ], [ -79.060932678694599, 35.969343913178903 ], [ -79.060858419183305, 35.969397274619404 ], [ -79.060840302524795, 35.969410292765602 ], [ -79.060840037684002, 35.969410483068202 ], [ -79.060773177694699, 35.969400590531301 ], [ -79.060669647145005, 35.9693852715316 ], [ -79.060566946049093, 35.969370074607099 ], [ -79.060395819408797, 35.9693447530966 ], [ -79.060221006280798, 35.969320779681098 ], [ -79.059926115602593, 35.969280338173697 ], [ -79.0596293613211, 35.969239702186599 ], [ -79.059578523663703, 35.9692327492671 ], [ -79.059520611679005, 35.969224829093001 ], [ -79.059288831472003, 35.969186506630699 ], [ -79.059279870873198, 35.969185076138402 ], [ -79.059275565161798, 35.969184313039101 ], [ -79.059258679558297, 35.969181520947899 ], [ -79.0591540140463, 35.9691628971093 ], [ -79.058873763792704, 35.969113082535898 ], [ -79.058564076811194, 35.969059297768297 ], [ -79.058557330532693, 35.969058125730299 ], [ -79.058499907561199, 35.969042342944597 ], [ -79.058264380684093, 35.968977607327403 ], [ -79.057990403042297, 35.968902303048502 ], [ -79.057965545166695, 35.968895416429397 ], [ -79.0579244547813, 35.968884122120002 ], [ -79.057766017151195, 35.968841963042799 ], [ -79.0577571011316, 35.968837665435601 ], [ -79.057756793957594, 35.968837580860303 ], [ -79.057640014046598, 35.968781299530598 ], [ -79.057383140517501, 35.968657500376999 ], [ -79.057245959636603, 35.968610420439802 ], [ -79.057204433894199, 35.968596167178099 ], [ -79.057022492656003, 35.9685337257472 ], [ -79.056695244887806, 35.968421417795099 ], [ -79.056372566951495, 35.9683106174028 ] ] ] } },
{ "type": "Feature", "properties": { "OBJECTID": 4, "Id": 0, "NAME": "North MLK", "Area": 774.18019106999998, "Shape__Area": 4787402.953125, "Shape__Length": 17986.442535787701 }, "geometry": { "type": "Polygon", "coordinates": [ [ [ -79.072192356275906, 35.9797591910229 ], [ -79.072189683291796, 35.979753536173099 ], [ -79.072189218772806, 35.979753641897297 ], [ -79.071376647601994, 35.978391493660297 ], [ -79.071375159539699, 35.978388994379401 ], [ -79.071131451675797, 35.9781016210435 ], [ -79.070792430123802, 35.977701938980204 ], [ -79.070749061997503, 35.977650799337198 ], [ -79.070484479989901, 35.977338803829902 ], [ -79.070484497472904, 35.9773385081999 ], [ -79.070498546400799, 35.977101252465303 ], [ -79.070504081839005, 35.977007549457198 ], [ -79.070203586787301, 35.976524460474799 ], [ -79.070129676109801, 35.976405638450402 ], [ -79.070111543868805, 35.976363807810102 ], [ -79.069968667587602, 35.9760342048829 ], [ -79.069891351981795, 35.975855843330102 ], [ -79.069888778882202, 35.975852519076497 ], [ -79.069718333374496, 35.975626157069897 ], [ -79.0696964026411, 35.975597032979202 ], [ -79.069693000722197, 35.975592421263798 ], [ -79.069692971310801, 35.9755923888345 ], [ -79.069646525632606, 35.975551258338598 ], [ -79.069187624110597, 35.975144877431802 ], [ -79.069180539045405, 35.9751386031217 ], [ -79.069090421771506, 35.975058797932199 ], [ -79.0689066873652, 35.974849937912502 ], [ -79.068796558165104, 35.9747247480569 ], [ -79.0684223210921, 35.974334750388799 ], [ -79.068263560938306, 35.974183453710999 ], [ -79.068137425894705, 35.974063248150401 ], [ -79.068057742227197, 35.973987310953902 ], [ -79.067894160780696, 35.973840609393498 ], [ -79.067500032204094, 35.9735080251575 ], [ -79.067258332039501, 35.973319075934803 ], [ -79.067173314641906, 35.973252612647102 ], [ -79.066991631083496, 35.973117836540801 ], [ -79.066865595003094, 35.973027124912001 ], [ -79.066732389562006, 35.972933318461102 ], [ -79.066078646151993, 35.972507124276902 ], [ -79.0657077509006, 35.972247694805702 ], [ -79.065585378467006, 35.972162098236197 ], [ -79.065503948235204, 35.972105139456097 ], [ -79.065467674593094, 35.972079766186297 ], [ -79.065461364399596, 35.972075352385403 ], [ -79.065234576193305, 35.971916719207599 ], [ -79.065025503410993, 35.9717842079435 ], [ -79.064618444160999, 35.971526210260897 ], [ -79.064510906034101, 35.9714368590123 ], [ -79.064448420951706, 35.9713849420923 ], [ -79.064213917600796, 35.971190096622799 ], [ -79.063778518073704, 35.970703722387903 ], [ -79.063776847947494, 35.970701856703997 ], [ -79.063668524063999, 35.970580850249299 ], [ -79.063590082833599, 35.970493224262597 ], [ -79.063560616646598, 35.970460307636799 ], [ -79.063251707521999, 35.970115226284697 ], [ -79.063232475278696, 35.9700937424535 ], [ -79.063132398086907, 35.969981945940603 ], [ -79.063101063542106, 35.969946940989999 ], [ -79.063054653800407, 35.969895097037202 ], [ -79.063029256193403, 35.9698667251469 ], [ -79.062778709717904, 35.969750311123398 ], [ -79.062673368281395, 35.969701365186303 ], [ -79.062410173299, 35.969579073315799 ], [ -79.0624176344636, 35.969556871804699 ], [ -79.062423662020294, 35.969538936798003 ], [ -79.062424088566104, 35.969537099765297 ], [ -79.062424285903305, 35.969537079836201 ], [ -79.062425202924103, 35.969534352085198 ], [ -79.062446152904002, 35.969532349538397 ], [ -79.0624525619547, 35.969531736993602 ], [ -79.062968403193096, 35.969482439592902 ], [ -79.063178972120795, 35.969484468674999 ], [ -79.063213996907905, 35.969484805654602 ], [ -79.063764093441904, 35.969490103100803 ], [ -79.064274413233093, 35.969495016138303 ], [ -79.064330437378501, 35.969495546334301 ], [ -79.064329430936098, 35.969468078462803 ], [ -79.065410541416597, 35.969478207791703 ], [ -79.065444266771394, 35.969478523196898 ], [ -79.065569780575998, 35.969479698735903 ], [ -79.066415653130704, 35.969487617237299 ], [ -79.0670373748858, 35.969493433277101 ], [ -79.067304279614305, 35.969495929024802 ], [ -79.067354333261406, 35.9694963971329 ], [ -79.067368721259598, 35.969496531598899 ], [ -79.067370654885707, 35.969496549459102 ], [ -79.067370138932702, 35.969482793461303 ], [ -79.067360668522596, 35.969317118529403 ], [ -79.067363231000698, 35.969015901088802 ], [ -79.067363751360105, 35.968953924064003 ], [ -79.067364942295299, 35.968812026279203 ], [ -79.067365077676101, 35.9687988863962 ], [ -79.0673664406754, 35.968638657306997 ], [ -79.067366923232896, 35.968581871685998 ], [ -79.0673686295371, 35.9683813379025 ], [ -79.067369060065502, 35.968331292101901 ], [ -79.067370475074, 35.9681643222562 ], [ -79.067371931022095, 35.967993276773001 ], [ -79.067372321710494, 35.967947307492203 ], [ -79.067374055208504, 35.967743522714699 ], [ -79.067374575094405, 35.967682326171399 ], [ -79.067375428491701, 35.967215871723504 ], [ -79.0673754336526, 35.967212757785198 ], [ -79.067375805650698, 35.967008963787102 ], [ -79.067380146215896, 35.967009026284401 ], [ -79.067380187478605, 35.967022593287702 ], [ -79.0674062453662, 35.967023062895699 ], [ -79.067662754200299, 35.967027681613096 ], [ -79.067705408123899, 35.967028246509201 ], [ -79.067897471359402, 35.967031779251599 ], [ -79.067952301363803, 35.967032894284102 ], [ -79.068191124183301, 35.967037178342999 ], [ -79.068232091956304, 35.967037926957403 ], [ -79.068421250956305, 35.967039411880599 ], [ -79.068726170296102, 35.967043463162902 ], [ -79.069014656496194, 35.9670472904413 ], [ -79.069307327074995, 35.9670513048342 ], [ -79.069597906615101, 35.967055224181401 ], [ -79.069817530395198, 35.967058185705703 ], [ -79.070037154192093, 35.967061147736203 ], [ -79.070256778005202, 35.967064109371798 ], [ -79.070552278345303, 35.967068423786799 ], [ -79.070725661595404, 35.967070791203497 ], [ -79.071606737994301, 35.967087421035401 ], [ -79.071774156452193, 35.9670859158417 ], [ -79.071814696448399, 35.967085551321198 ], [ -79.071919634491906, 35.967082530646401 ], [ -79.071921394733906, 35.967082131242201 ], [ -79.071925363829294, 35.967082118990298 ], [ -79.072336063204503, 35.967080861546499 ], [ -79.072315515352997, 35.9670567742873 ], [ -79.072311635516996, 35.967052465744104 ], [ -79.072307481560898, 35.967047850926598 ], [ -79.072304626117798, 35.967044739582903 ], [ -79.072299447924806, 35.967039099710497 ], [ -79.072291909103498, 35.967030725838796 ], [ -79.072291414136203, 35.9670301763487 ], [ -79.072290918059593, 35.967029625957899 ], [ -79.072283380349504, 35.967021252986299 ], [ -79.072278421524601, 35.967015439936603 ], [ -79.072275768974293, 35.967012329373297 ], [ -79.072271632779902, 35.967007735273498 ], [ -79.072267735191005, 35.967003406009901 ], [ -79.072120314638894, 35.966820431585901 ], [ -79.072119689755894, 35.9668196559495 ], [ -79.072118538614404, 35.966818050541299 ], [ -79.072059194448997, 35.966735346805301 ], [ -79.072058364120295, 35.966734190046601 ], [ -79.072057372722, 35.966732685487301 ], [ -79.072051849531903, 35.966724300496303 ], [ -79.071992382348498, 35.966634037728497 ], [ -79.071992365694896, 35.966634011601002 ], [ -79.0719881480981, 35.966627609563197 ], [ -79.071984558343999, 35.966621574879099 ], [ -79.0719301957798, 35.966530179759097 ], [ -79.071929345254603, 35.966528749021002 ], [ -79.071928743355897, 35.9665276344872 ], [ -79.071864873180999, 35.966409190189097 ], [ -79.071864185772895, 35.966407915276697 ], [ -79.071862875098901, 35.966405184255898 ], [ -79.071854115796498, 35.966386928493201 ], [ -79.071819254128101, 35.966314276660903 ], [ -79.071818238913295, 35.9663121610429 ], [ -79.071775219692896, 35.9662171071679 ], [ -79.071726749598596, 35.966110010812798 ], [ -79.071726428560297, 35.966109300789498 ], [ -79.071673721796103, 35.965992840751703 ], [ -79.0716251431069, 35.965885502866897 ], [ -79.071578896214902, 35.965783314431398 ], [ -79.071520221308504, 35.9656536675148 ], [ -79.071484834276802, 35.965575476580703 ], [ -79.071421373069398, 35.965435254032897 ], [ -79.071382099411807, 35.965348473391103 ], [ -79.071381510669198, 35.965347173181797 ], [ -79.071371024378905, 35.965324002781202 ], [ -79.071330251206902, 35.965233910774899 ], [ -79.071263591345101, 35.965086614911698 ], [ -79.071205587280701, 35.964958449130201 ], [ -79.0711459604872, 35.964826694443602 ], [ -79.071095867112405, 35.964716208094799 ], [ -79.071094588450805, 35.964713258934502 ], [ -79.071042241213405, 35.964592574933199 ], [ -79.071041418029793, 35.964590677306603 ], [ -79.070983853305606, 35.964455759615802 ], [ -79.070949209407402, 35.964386851292602 ], [ -79.070922498528205, 35.964333720748698 ], [ -79.070870160513294, 35.964243163899702 ], [ -79.070864964136604, 35.964234172993997 ], [ -79.070855346639505, 35.964219065830797 ], [ -79.070809130968698, 35.964146469809201 ], [ -79.070755842073197, 35.9640699248313 ], [ -79.070732125118198, 35.964038691925502 ], [ -79.070691985701799, 35.963985833178697 ], [ -79.070639570689394, 35.963922014684499 ], [ -79.070631941730497, 35.963912725948497 ], [ -79.070623940551201, 35.963903760087199 ], [ -79.070561015477494, 35.963833350229599 ], [ -79.070560487246098, 35.963832759291897 ], [ -79.070476776853496, 35.963746445606198 ], [ -79.0703973015587, 35.963671463078299 ], [ -79.070352731484803, 35.9636327993028 ], [ -79.070300287477295, 35.9635873037968 ], [ -79.070192114646005, 35.963505126467503 ], [ -79.070083289642398, 35.963424911512099 ], [ -79.069958785340106, 35.963333123927299 ], [ -79.069803503702602, 35.9632186558445 ], [ -79.069666085100295, 35.963117354159401 ], [ -79.069662951151003, 35.963114971146602 ], [ -79.069541704620306, 35.963022778392997 ], [ -79.069540589713796, 35.9630219309186 ], [ -79.069526928246503, 35.963010603233499 ], [ -79.069461497706001, 35.962956352455301 ], [ -79.069357010050894, 35.9628697172176 ], [ -79.069356068087004, 35.962868860630302 ], [ -79.069279600404499, 35.962799288762099 ], [ -79.069262460904497, 35.9627836954337 ], [ -79.069261988259498, 35.962783265788701 ], [ -79.069259553576899, 35.962780529064901 ], [ -79.069203345069795, 35.962717333964299 ], [ -79.069184773156394, 35.962696454496403 ], [ -79.069182923288594, 35.962694373575303 ], [ -79.069177901522394, 35.962688281928799 ], [ -79.069177879326602, 35.962688254902801 ], [ -79.0691088697927, 35.9626045429372 ], [ -79.069107661241603, 35.962603076328598 ], [ -79.069106644602599, 35.9626017493106 ], [ -79.069044462078907, 35.9625205615475 ], [ -79.069043385507598, 35.962519154348399 ], [ -79.069042406519998, 35.962517775935297 ], [ -79.068976656831097, 35.962425219534701 ], [ -79.068975722243906, 35.962423903284602 ], [ -79.068974618849296, 35.962422240134998 ], [ -79.068970793595497, 35.962416468660997 ], [ -79.068939036030301, 35.962368567950499 ], [ -79.068930890452293, 35.962356281719103 ], [ -79.068929581573101, 35.962354160832 ], [ -79.068926164501605, 35.962348626164101 ], [ -79.068879697694598, 35.962273351784297 ], [ -79.068879678821901, 35.962273321151201 ], [ -79.068876327255197, 35.962267890993999 ], [ -79.068875084833095, 35.9622656961633 ], [ -79.068875070398704, 35.9622656700341 ], [ -79.068816678864906, 35.962162521986698 ], [ -79.0688141429533, 35.962158041322802 ], [ -79.068807152450404, 35.9621442808293 ], [ -79.068807139124601, 35.962144254699503 ], [ -79.068764519866903, 35.962060352798801 ], [ -79.068764493216193, 35.962060301440502 ], [ -79.0687625254414, 35.962056427921901 ], [ -79.068762071129797, 35.9620553880942 ], [ -79.068759876214003, 35.962050361057898 ], [ -79.0687358743468, 35.961995399755303 ], [ -79.068735648857299, 35.961994883445598 ], [ -79.068722482883899, 35.961955810210902 ], [ -79.068698760599602, 35.961885406113403 ], [ -79.068668242008499, 35.961794836861003 ], [ -79.068667904005395, 35.961793680701497 ], [ -79.068641290702402, 35.961702603621603 ], [ -79.068641071665994, 35.961701852072501 ], [ -79.068620021835898, 35.961609928253601 ], [ -79.068619790213603, 35.961608716154501 ], [ -79.068610418197594, 35.961559403966099 ], [ -79.068589516071597, 35.961449438114997 ], [ -79.068552726463807, 35.961255887815497 ], [ -79.068552256525706, 35.961253409543197 ], [ -79.068481243433396, 35.960866640002799 ], [ -79.068477923265306, 35.9608484656302 ], [ -79.068477916583902, 35.9608484304838 ], [ -79.068459055904796, 35.9607451717077 ], [ -79.068428162103103, 35.960576041063803 ], [ -79.068427836882904, 35.960574261205998 ], [ -79.068417579381702, 35.960509313066801 ], [ -79.068412130194105, 35.960474808578198 ], [ -79.068411846858396, 35.960472742087802 ], [ -79.068398624800295, 35.960376172178101 ], [ -79.068398473090895, 35.960375062779697 ], [ -79.068387376286296, 35.960264154013799 ], [ -79.068387345746302, 35.960263436607001 ], [ -79.068384628104795, 35.960198769040602 ], [ -79.068384602064896, 35.960198129142 ], [ -79.068384589626802, 35.960197841638703 ], [ -79.068390972845194, 35.960114037369998 ], [ -79.068397545705494, 35.960027718403502 ], [ -79.0684126762132, 35.959918389305798 ], [ -79.0684239932081, 35.9598366065512 ], [ -79.068447166941894, 35.959742236991403 ], [ -79.0684475404436, 35.959740820861199 ], [ -79.068475811622605, 35.9596336429574 ], [ -79.068475853614302, 35.959633484307403 ], [ -79.068510776183203, 35.959541923757598 ], [ -79.068511130184405, 35.959541044804602 ], [ -79.068526875538396, 35.959502014771502 ], [ -79.068548923241707, 35.959447397052998 ], [ -79.068594620399693, 35.959356350465399 ], [ -79.068629653231497, 35.959286551373403 ], [ -79.068629677578997, 35.959286502690198 ], [ -79.068671360838096, 35.959201200420999 ], [ -79.068684424878796, 35.959174464518 ], [ -79.068788937378898, 35.958961147748603 ], [ -79.068833694662302, 35.958869673472599 ], [ -79.068928052780706, 35.958676924239001 ], [ -79.069029489631902, 35.958469743116801 ], [ -79.069115117767396, 35.958294901806703 ], [ -79.069207647533901, 35.958105923432299 ], [ -79.069227715112106, 35.958064944958402 ], [ -79.069286929506504, 35.957944023548997 ], [ -79.069287201737097, 35.957943469103 ], [ -79.069355005552197, 35.957805026266499 ], [ -79.069361919694401, 35.957790889256401 ], [ -79.069362124418703, 35.957790470942903 ], [ -79.069458637943498, 35.9575933532577 ], [ -79.069461558304496, 35.957587398594903 ], [ -79.069461582650902, 35.957587349911499 ], [ -79.069474678288898, 35.957560581442998 ], [ -79.069563689542704, 35.957378750151697 ], [ -79.069572140727303, 35.9573615181327 ], [ -79.069577586320307, 35.957350373316999 ], [ -79.069630601638096, 35.957242178712001 ], [ -79.069691688396503, 35.957117542696302 ], [ -79.069706040986702, 35.957088215627103 ], [ -79.069821130479497, 35.956853332066501 ], [ -79.069821180276094, 35.9568532301926 ], [ -79.069830091669701, 35.956835030807603 ], [ -79.069854487608595, 35.9567852189208 ], [ -79.069856928735106, 35.956780217181603 ], [ -79.069941761594094, 35.956606434644797 ], [ -79.069948801697095, 35.956592057780298 ], [ -79.069953155005393, 35.9565831658877 ], [ -79.070012155923294, 35.956462738986197 ], [ -79.070018914935105, 35.956448942707198 ], [ -79.070022663051802, 35.956441430128699 ], [ -79.070029454367997, 35.956427818594399 ], [ -79.070113767149294, 35.956241931018901 ], [ -79.070182882914494, 35.956089546661502 ], [ -79.070190003809699, 35.956073845742203 ], [ -79.070190642212907, 35.956072439366402 ], [ -79.0701949151901, 35.956063016651299 ], [ -79.070195114367806, 35.956062603747 ], [ -79.070172464412806, 35.9560622400287 ], [ -79.069803244233896, 35.956056307597898 ], [ -79.069099452245595, 35.956049345319698 ], [ -79.069049718716499, 35.955721400264203 ], [ -79.069049766383301, 35.955721400237302 ], [ -79.069052476725503, 35.9557213761722 ], [ -79.069372473418198, 35.955718617990797 ], [ -79.069436980671696, 35.955718052265503 ], [ -79.069437008346299, 35.955718007185297 ], [ -79.069458352096902, 35.955662689322502 ], [ -79.069480022044999, 35.955606453758101 ], [ -79.069480053076006, 35.9556064447276 ], [ -79.069480097405602, 35.955606431183 ], [ -79.0696194555387, 35.955564295004898 ], [ -79.069755709345202, 35.955523097780002 ], [ -79.069755745887704, 35.955523052694801 ], [ -79.069772825267506, 35.955504114989502 ], [ -79.069810733886897, 35.955462081588998 ], [ -79.069805122153397, 35.955341187842897 ], [ -79.069805008056207, 35.955338718379302 ], [ -79.069805044598596, 35.955338673294001 ], [ -79.069808045932504, 35.9553354638944 ], [ -79.069818017889204, 35.955324799561602 ], [ -79.069908989169804, 35.955227512959297 ], [ -79.069903071847605, 35.955189104356002 ], [ -79.069893537041196, 35.955127223777403 ], [ -79.069890063355899, 35.955104679145698 ], [ -79.069894757119897, 35.955088352330598 ], [ -79.069924627184093, 35.954984450066902 ], [ -79.069924663725502, 35.954984404080299 ], [ -79.069934207080294, 35.954972985603902 ], [ -79.069945380486203, 35.954959615805599 ], [ -79.069976974963197, 35.954921813903901 ], [ -79.070016426214494, 35.954874611560001 ], [ -79.0700130035152, 35.954830362982101 ], [ -79.070010435087099, 35.954797152890002 ], [ -79.070000756707699, 35.9546720244985 ], [ -79.069999533597795, 35.954656209395402 ], [ -79.069999542102394, 35.954655790291497 ], [ -79.070001649592498, 35.954553769572399 ], [ -79.070001746421298, 35.9545491044492 ], [ -79.070001806655, 35.954546979177103 ], [ -79.070003144673706, 35.9544997355869 ], [ -79.070006394034706, 35.954385061021298 ], [ -79.069939871379404, 35.954284472115702 ], [ -79.069939793681201, 35.954284354091399 ], [ -79.069897733571906, 35.954115629068397 ], [ -79.069875202285999, 35.954092933104697 ], [ -79.069835405329002, 35.954052844938303 ], [ -79.069793547005801, 35.954010680467199 ], [ -79.069793584656097, 35.954010635381202 ], [ -79.069834734889, 35.953968529795297 ], [ -79.069742576987494, 35.9538789520469 ], [ -79.069642862915103, 35.953782027627803 ], [ -79.069597470342302, 35.953737911107801 ], [ -79.069496763676398, 35.953640021850298 ], [ -79.069366968339295, 35.953595499908999 ], [ -79.069287387599303, 35.953568201806902 ], [ -79.069135171882195, 35.953477048855497 ], [ -79.069019396488002, 35.9534743167603 ], [ -79.068890359629606, 35.953447664630502 ], [ -79.068872865191494, 35.953454082662198 ], [ -79.068790930410998, 35.953484139060002 ], [ -79.068626750212204, 35.953481587075302 ], [ -79.068525827058295, 35.953462493183402 ], [ -79.068419590915994, 35.953483950255801 ], [ -79.068318310700704, 35.953456797971697 ], [ -79.068255928139394, 35.953464049480601 ], [ -79.068236077931203, 35.953466357059703 ], [ -79.068169983354295, 35.953432051283201 ], [ -79.068109183713602, 35.953431391223901 ], [ -79.068051269490297, 35.953430716006601 ], [ -79.068030758701696, 35.953430493102303 ], [ -79.067981807942601, 35.953429961569803 ], [ -79.067976709801499, 35.953421894270697 ], [ -79.0677623067497, 35.953400688068101 ], [ -79.067701606893493, 35.953394732680103 ], [ -79.067572399310805, 35.953381953687803 ], [ -79.067399159523305, 35.953384638848902 ], [ -79.067246166912199, 35.953389160255398 ], [ -79.067183609100894, 35.953391008989598 ], [ -79.067071162213907, 35.953394330775701 ], [ -79.067071115658393, 35.9533943326038 ], [ -79.067071349168401, 35.953395204922899 ], [ -79.067109009731297, 35.953535615797101 ], [ -79.067109258807605, 35.953536543987397 ], [ -79.067109605416505, 35.953537453197001 ], [ -79.067161920041102, 35.953674594228602 ], [ -79.067162289980004, 35.953675563811501 ], [ -79.067162779648598, 35.953676546847802 ], [ -79.067226492079897, 35.953804325298997 ], [ -79.067227010619305, 35.953805366001603 ], [ -79.067227605570494, 35.953806316533303 ], [ -79.067309054178693, 35.953936561006898 ], [ -79.067309677991403, 35.953937557487897 ], [ -79.0673106812024, 35.953938899854499 ], [ -79.067377051919905, 35.954027735685202 ], [ -79.067378078438196, 35.954029109583402 ], [ -79.067379483197399, 35.9540307698826 ], [ -79.067436007588199, 35.954097558389201 ], [ -79.067437446746695, 35.9540992583253 ], [ -79.067439470489205, 35.954101435621297 ], [ -79.067480132978503, 35.954145314006297 ], [ -79.067482212139097, 35.954147479554202 ], [ -79.067484294623796, 35.954149643297598 ], [ -79.067486382647303, 35.954151802531499 ], [ -79.067488475104298, 35.954153960861603 ], [ -79.067490533231407, 35.954156159768701 ], [ -79.067517425450603, 35.954184995138398 ], [ -79.067560509877396, 35.954241821865701 ], [ -79.067560207006906, 35.954282580091203 ], [ -79.067539986219103, 35.954313893019801 ], [ -79.0675399419125, 35.9543139336023 ], [ -79.067497972878499, 35.954340916145902 ], [ -79.067497687016996, 35.954341077634503 ], [ -79.067462276581594, 35.954299883097001 ], [ -79.067351643041704, 35.954171653904098 ], [ -79.067339911709993, 35.9541544367558 ], [ -79.067327299638805, 35.954139174085 ], [ -79.067254207166101, 35.954041368707202 ], [ -79.067252845427902, 35.954039452417 ], [ -79.067239201002906, 35.954011775058099 ], [ -79.067186089362906, 35.953941638997897 ], [ -79.067162565224706, 35.9539503845239 ], [ -79.067007569268895, 35.953825038285302 ], [ -79.066897153632894, 35.953781514329997 ], [ -79.066881168186498, 35.953775213167603 ], [ -79.066865958950402, 35.953769218015999 ], [ -79.0667187502209, 35.953822565596703 ], [ -79.066480625389204, 35.953673365518 ], [ -79.0665519084057, 35.953555818492703 ], [ -79.066538784433007, 35.953545915077598 ], [ -79.066537308320804, 35.953545072276 ], [ -79.0665354074509, 35.953543985456697 ], [ -79.066453788602004, 35.953494438311402 ], [ -79.066453495754899, 35.953494192419001 ], [ -79.066395360336401, 35.9534739558718 ], [ -79.066327309888393, 35.953450267340898 ], [ -79.066254799814004, 35.953425026469397 ], [ -79.066173911560696, 35.953396869019599 ], [ -79.066172830463202, 35.953396491965698 ], [ -79.065909190106396, 35.953298692446801 ], [ -79.065872082934504, 35.953284926362997 ], [ -79.065871609462107, 35.953284750867198 ], [ -79.065864801701906, 35.953296405497497 ], [ -79.065864769593702, 35.953296452381899 ], [ -79.065829098006404, 35.953357522204897 ], [ -79.065791196958997, 35.953422413779599 ], [ -79.065771764338095, 35.9534556917109 ], [ -79.065758204110494, 35.953478911701303 ], [ -79.065717908598899, 35.953547907205099 ], [ -79.065717879817498, 35.953547955890102 ], [ -79.065413360987705, 35.954069354338799 ], [ -79.065290029314099, 35.954255784239699 ], [ -79.064921225535798, 35.9548132924361 ], [ -79.064819189285501, 35.9549675354016 ], [ -79.064736270243003, 35.954889572917402 ], [ -79.064620823880801, 35.954782324917502 ], [ -79.064436976957893, 35.954611535158598 ], [ -79.063515278016695, 35.953755278738399 ], [ -79.063290159397994, 35.953546139900403 ], [ -79.063253282373594, 35.953385722446001 ], [ -79.063225319376699, 35.953264079197702 ], [ -79.063189602827507, 35.953263172065199 ], [ -79.063160537405295, 35.953262433627799 ], [ -79.062936630580893, 35.953256746760196 ], [ -79.062526425805103, 35.953246327732202 ], [ -79.062517880219602, 35.953246110391397 ], [ -79.061686331471506, 35.953224983557099 ], [ -79.061539333964305, 35.953221247993099 ], [ -79.061119119616393, 35.953210568809403 ], [ -79.060221765477806, 35.953187759687403 ], [ -79.059581452888693, 35.953171479323302 ], [ -79.059429961642707, 35.9531676271462 ], [ -79.059313584947205, 35.9531646680283 ], [ -79.058862057770696, 35.953153185125103 ], [ -79.058861387084605, 35.953153123259597 ], [ -79.057860736120901, 35.953061456547402 ], [ -79.057756159274504, 35.953051875794998 ], [ -79.057755735801393, 35.953051837239997 ], [ -79.057733210793003, 35.953049773127198 ], [ -79.057342844017398, 35.9530140092021 ], [ -79.057342115688598, 35.953013942848798 ], [ -79.057230863802701, 35.953006202508803 ], [ -79.057185888809698, 35.9530030636652 ], [ -79.0571470385716, 35.953000368977499 ], [ -79.056993686220693, 35.9529896982026 ], [ -79.056852904860605, 35.9529799019409 ], [ -79.056852872712994, 35.952979900153302 ], [ -79.056852007172907, 35.952978602700703 ], [ -79.056805791896096, 35.952909444900499 ], [ -79.056737230354699, 35.952806845236701 ], [ -79.056731785253305, 35.952798696511998 ], [ -79.056731767499002, 35.952798670382897 ], [ -79.056570926768202, 35.952786641609897 ], [ -79.056108452981903, 35.952752052663399 ], [ -79.055508808908897, 35.952707201948201 ], [ -79.055511397702801, 35.952657917401602 ], [ -79.055525378919896, 35.952391796514803 ], [ -79.0555312370753, 35.952280339569 ], [ -79.055546725209794, 35.951986129285203 ], [ -79.055547607101502, 35.951969354994802 ], [ -79.055549675039302, 35.951929991158501 ], [ -79.055550847958102, 35.951907655782101 ], [ -79.0555521980245, 35.951881796284901 ], [ -79.055549220850594, 35.9518466581832 ], [ -79.055549261866105, 35.951846660868398 ], [ -79.0556528396327, 35.951853572549403 ], [ -79.055670508502502, 35.951854751491503 ], [ -79.055816390047397, 35.951864489105802 ], [ -79.056097345059896, 35.951883240536397 ], [ -79.056413030509901, 35.951904308714603 ], [ -79.056419277091194, 35.951904730335201 ], [ -79.056420210468502, 35.951904783079897 ], [ -79.056422640968094, 35.951867743484598 ], [ -79.056426020179401, 35.951816226945702 ], [ -79.056438160548396, 35.951631190292701 ], [ -79.056450333762996, 35.951445648888402 ], [ -79.056346849628994, 35.951429304947403 ], [ -79.056382827025601, 35.951357415932598 ], [ -79.056386311634796, 35.9513504545681 ], [ -79.056530492863203, 35.951062361985102 ], [ -79.056582411756494, 35.950958621164098 ], [ -79.056417636430396, 35.9509340480584 ], [ -79.056114470277706, 35.950888785328701 ], [ -79.056172577031305, 35.950735649369399 ], [ -79.056210583025205, 35.9506354887071 ], [ -79.056219553650607, 35.950614563845797 ], [ -79.056303209538001, 35.950419418652899 ], [ -79.056311324788396, 35.950397483832099 ], [ -79.056332769604296, 35.9503395165152 ], [ -79.056374400096004, 35.950226984815899 ], [ -79.056491934686605, 35.949909269149998 ], [ -79.056595944753397, 35.949924358137601 ], [ -79.056672360427896, 35.949935443702202 ], [ -79.056684471514103, 35.949937201002101 ], [ -79.056870937961406, 35.949964251213103 ], [ -79.056912612323103, 35.949970296570903 ], [ -79.056972798657796, 35.9499790281331 ], [ -79.0571078765186, 35.949998623050803 ], [ -79.057255671942997, 35.950020063104198 ], [ -79.057396677459806, 35.950040517456301 ], [ -79.057651965516499, 35.950077550130203 ], [ -79.057734891006504, 35.950089579210399 ], [ -79.057908003201504, 35.950114690970402 ], [ -79.057923542039404, 35.9501169395269 ], [ -79.057933550217598, 35.9501183876569 ], [ -79.057944227973096, 35.950119932807603 ], [ -79.057944335504899, 35.950119948979797 ], [ -79.057944510659595, 35.950119975033999 ], [ -79.057944558327705, 35.950119981320498 ], [ -79.058050482304495, 35.950135307902499 ], [ -79.058183966549507, 35.950154653630499 ], [ -79.058244502337203, 35.950163404226998 ], [ -79.058278913524305, 35.950168378245799 ], [ -79.058347935454293, 35.950178355 ], [ -79.058400009541899, 35.950185882006799 ], [ -79.058595870012397, 35.9502141923004 ], [ -79.058603681489302, 35.9500999392762 ], [ -79.058605617351802, 35.950071620727599 ], [ -79.058617095756205, 35.949904208770803 ], [ -79.058617097950801, 35.949904178125898 ], [ -79.058741715565802, 35.949850597842897 ], [ -79.0603994382423, 35.950563585099403 ], [ -79.0608765588903, 35.950775001528903 ], [ -79.061023170345095, 35.950839978898003 ], [ -79.061221029288703, 35.950927699675297 ], [ -79.061221065833905, 35.950927654592498 ], [ -79.061266282142697, 35.950838213187403 ], [ -79.061274169224603, 35.9508226106135 ], [ -79.061279834284505, 35.950825125972699 ], [ -79.061312943122303, 35.950839824701603 ], [ -79.061413631363706, 35.950884524012899 ], [ -79.061428863512205, 35.950891285934297 ], [ -79.061474911809597, 35.950910710778103 ], [ -79.061571824094003, 35.950951592194897 ], [ -79.0615771853045, 35.950953913916202 ], [ -79.061581274489001, 35.9509554305262 ], [ -79.061683299042102, 35.950994740130199 ], [ -79.061758187595302, 35.951021423696801 ], [ -79.061785033150798, 35.951030989918202 ], [ -79.061789065794599, 35.951032484918898 ], [ -79.061790685632701, 35.951032962683698 ], [ -79.061880567491599, 35.951062650694297 ], [ -79.061907079419697, 35.951070763278203 ], [ -79.061979637998803, 35.951092964876601 ], [ -79.0620513936598, 35.951113170484 ], [ -79.062077647902996, 35.951120563031402 ], [ -79.062144221469097, 35.9511378276081 ], [ -79.062162415092502, 35.951142545608199 ], [ -79.062164014933998, 35.951142960288003 ], [ -79.062165275496298, 35.951143261577997 ], [ -79.062223912159098, 35.951157268386197 ], [ -79.062251123462801, 35.9511637690334 ], [ -79.062350421377403, 35.951185353811098 ], [ -79.062439571442397, 35.951202830213902 ], [ -79.062544210817194, 35.951221089048097 ], [ -79.062556766861803, 35.951223027597301 ], [ -79.062585446439897, 35.951227455353497 ], [ -79.062622151204707, 35.951233121864703 ], [ -79.062623275368097, 35.951233345709099 ], [ -79.062623328580997, 35.951233353793398 ], [ -79.062625169968996, 35.9512336340511 ], [ -79.062639158312194, 35.951235765634301 ], [ -79.062639227045807, 35.951235776414499 ], [ -79.063002081486701, 35.951292229425903 ], [ -79.063029686704994, 35.9512962736828 ], [ -79.063195610744103, 35.951320583104597 ], [ -79.063204062745996, 35.951321871178102 ], [ -79.063298411235195, 35.951335694040303 ], [ -79.063514821112406, 35.951367399860203 ], [ -79.063755107113295, 35.951402601549098 ], [ -79.064186233807803, 35.951465761516502 ], [ -79.064493136445606, 35.951510721921402 ], [ -79.064668545485603, 35.951536418623299 ], [ -79.064670697248303, 35.951536683363898 ], [ -79.064950935110303, 35.951577736130901 ], [ -79.065074522521698, 35.951590245105699 ], [ -79.065186562030902, 35.951601585741997 ], [ -79.065252346609896, 35.951608244474201 ], [ -79.065254594823301, 35.951608520869598 ], [ -79.065335150336395, 35.951614396552799 ], [ -79.065359763291895, 35.951616192266002 ], [ -79.065359778774706, 35.951616148094502 ], [ -79.065398722998097, 35.951619033896897 ], [ -79.065619775181901, 35.951635159219698 ], [ -79.065728484406094, 35.951643089769 ], [ -79.065732467361101, 35.951643332775298 ], [ -79.066020767233596, 35.951664364717999 ], [ -79.066023350079902, 35.951664480488802 ], [ -79.066024568340694, 35.9516645348086 ], [ -79.066263900428794, 35.951676310271999 ], [ -79.066316300266706, 35.951678888348503 ], [ -79.066320276573606, 35.951679130437903 ], [ -79.066531808076306, 35.951689491030301 ], [ -79.066740213613798, 35.951699715067697 ], [ -79.066795046681904, 35.951702403368401 ], [ -79.066823016919599, 35.951703768837397 ], [ -79.066841844063205, 35.951704685957701 ], [ -79.067038625652003, 35.9517142723288 ], [ -79.067036487473999, 35.951733048256699 ], [ -79.067035730359805, 35.951739692975899 ], [ -79.0670355509872, 35.9517412694291 ], [ -79.067035311089896, 35.951743377676003 ], [ -79.067034931429504, 35.951746706345297 ], [ -79.0670339498256, 35.951755325912103 ], [ -79.067066059185507, 35.9517567413275 ], [ -79.067150903013797, 35.951760481006502 ], [ -79.067558086543997, 35.951778427257203 ], [ -79.067558361549601, 35.951769279921798 ], [ -79.067558533010995, 35.951763561147402 ], [ -79.0688382755813, 35.951811354561798 ], [ -79.068980688657007, 35.951816672901899 ], [ -79.069139053724598, 35.9518269896055 ], [ -79.069262745872905, 35.951835047320401 ], [ -79.069270149685906, 35.9518353720904 ], [ -79.069367129780602, 35.951839631498203 ], [ -79.069394597821102, 35.9518408254185 ], [ -79.069446685004905, 35.951843088680498 ], [ -79.069615083648998, 35.951850262572698 ], [ -79.069696868070906, 35.951853747162097 ], [ -79.069698847887096, 35.9518538298518 ], [ -79.069699582835995, 35.951853860977302 ], [ -79.069699924360705, 35.951851424597898 ], [ -79.069703616117707, 35.951825071500501 ], [ -79.069703626053595, 35.951825024627801 ], [ -79.069703715844298, 35.951825029082997 ], [ -79.069707656673103, 35.951825243142402 ], [ -79.071439299676697, 35.951919025324599 ], [ -79.071593434324399, 35.951925743373799 ], [ -79.071719980059001, 35.951931258895598 ], [ -79.072088707693695, 35.9519465610284 ], [ -79.072338083073006, 35.951956909037598 ], [ -79.072507115952405, 35.951962499506699 ], [ -79.072812670406705, 35.951972877160799 ], [ -79.073033495550703, 35.951980376476897 ], [ -79.0732062488797, 35.951985061561899 ], [ -79.073914037468796, 35.952004255269401 ], [ -79.075143216319503, 35.952037578151902 ], [ -79.075440613023702, 35.9520456388383 ], [ -79.075484840375196, 35.9520468372545 ], [ -79.075603100715099, 35.952050042067498 ], [ -79.075825220760393, 35.952056061924601 ], [ -79.075848286652203, 35.952056686610902 ], [ -79.075878702909094, 35.952057329257002 ], [ -79.076435719887499, 35.952069093319103 ], [ -79.077225020986603, 35.952085759858697 ], [ -79.077378832233094, 35.952087299212103 ], [ -79.077532605671905, 35.952084092207201 ], [ -79.077686117365801, 35.952076142592198 ], [ -79.077692746672795, 35.952075593093802 ], [ -79.077839148928305, 35.952063462223798 ], [ -79.077860068126299, 35.952061073987899 ], [ -79.077991476437703, 35.9520460701739 ], [ -79.078099291069293, 35.952030347664 ], [ -79.078142884844894, 35.952023990016102 ], [ -79.078293152459807, 35.951997254342302 ], [ -79.078346453997099, 35.9519860324476 ], [ -79.078442064250595, 35.9519659029515 ], [ -79.078589405189504, 35.951929978347501 ], [ -79.078673474710101, 35.9519062166925 ], [ -79.078734826601107, 35.951888875995401 ], [ -79.078878642612906, 35.951844193684899 ], [ -79.078966172356402, 35.951814485589701 ], [ -79.079020718013993, 35.951795972066698 ], [ -79.079070255775804, 35.951777699703001 ], [ -79.079085870814197, 35.951771939363802 ], [ -79.079160922031704, 35.9517442553948 ], [ -79.079240884032103, 35.9517123375404 ], [ -79.079299123897002, 35.951689090627298 ], [ -79.079371871454498, 35.9516579290474 ], [ -79.079382242430597, 35.951653486159003 ], [ -79.079388621075296, 35.951650580761303 ], [ -79.079464203045205, 35.951616150109203 ], [ -79.079462483927401, 35.951627540820397 ], [ -79.079453947782, 35.951684080644696 ], [ -79.079389345417596, 35.952112025919902 ], [ -79.079265932719395, 35.952929521099598 ], [ -79.079203994705694, 35.953339800887697 ], [ -79.079105068978706, 35.953342222795101 ], [ -79.078674212977603, 35.953352769577599 ], [ -79.076904310367794, 35.953393513403803 ], [ -79.076940773489696, 35.954551790263601 ], [ -79.076663029748701, 35.954507005115602 ], [ -79.076657079383494, 35.954595865055303 ], [ -79.076651547062198, 35.954680209275502 ], [ -79.076619865869503, 35.9550401441509 ], [ -79.076582029634807, 35.9554711232446 ], [ -79.076537069998494, 35.955983236137698 ], [ -79.076537065606303, 35.955983280303499 ], [ -79.076537170752303, 35.955990120110201 ], [ -79.076542416993405, 35.956329776994501 ], [ -79.0765432130476, 35.956381335554198 ], [ -79.076549797540096, 35.9567889756621 ], [ -79.076557279443193, 35.9572520956863 ], [ -79.076559665024106, 35.957252067151899 ], [ -79.077867845597396, 35.957236480377802 ], [ -79.077867872960098, 35.9572372653816 ], [ -79.077882492043599, 35.957657172991802 ], [ -79.077888700260502, 35.957835512124703 ], [ -79.077893192839795, 35.957963719148701 ], [ -79.0779288808193, 35.958982058624898 ], [ -79.0779317034211, 35.959062590394801 ], [ -79.077932305184902, 35.959102570186303 ], [ -79.077942863977199, 35.959803483178902 ], [ -79.077955434285002, 35.960637874277701 ], [ -79.077955814564703, 35.960663154209698 ], [ -79.077980703649004, 35.9621637342279 ], [ -79.077981106305998, 35.962188063274297 ], [ -79.0779811074582, 35.962188108337898 ], [ -79.078082461588195, 35.9621864428834 ], [ -79.0780630105195, 35.963049153140403 ], [ -79.078055156946306, 35.963278384746701 ], [ -79.078030082183801, 35.964010307364397 ], [ -79.078004803183006, 35.964748181084303 ], [ -79.078004802117107, 35.964748225248002 ], [ -79.078004443982806, 35.964748185820199 ], [ -79.076862007465394, 35.964764524137202 ], [ -79.076616507613906, 35.9647669334367 ], [ -79.076616516643199, 35.964767101971297 ], [ -79.076659394602203, 35.965571907753898 ], [ -79.076676903402401, 35.965900535684398 ], [ -79.076679680267006, 35.965952661520802 ], [ -79.076683254072094, 35.966019744569401 ], [ -79.076736982533305, 35.9670281386624 ], [ -79.076766050237893, 35.967574868001201 ], [ -79.076807930995898, 35.968401667510904 ], [ -79.076824778986307, 35.968734819019602 ], [ -79.076861513959003, 35.969461200421101 ], [ -79.076863720080198, 35.969463281897703 ], [ -79.077020154123304, 35.969610880190899 ], [ -79.077020204051195, 35.969610917112099 ], [ -79.077020241743398, 35.969610912581899 ], [ -79.077312406593705, 35.969576857743199 ], [ -79.077630014639993, 35.969539836133698 ], [ -79.078263194475596, 35.969466027875498 ], [ -79.078434610585404, 35.969450029176002 ], [ -79.078633294704204, 35.969422843078803 ], [ -79.078681082440497, 35.969421335094601 ], [ -79.078697016453404, 35.969492418037099 ], [ -79.078698881677397, 35.969500738381697 ], [ -79.078802153668903, 35.969484907440901 ], [ -79.078891138554198, 35.969471265847197 ], [ -79.079082603826294, 35.969438565125998 ], [ -79.079273194329105, 35.969402647992702 ], [ -79.079462830229204, 35.969363530726099 ], [ -79.079583895665394, 35.969336377341101 ], [ -79.079651428368507, 35.969321230509102 ], [ -79.080796111376898, 35.969054086233797 ], [ -79.081352468356698, 35.968924239404998 ], [ -79.081816277929093, 35.968815990043304 ], [ -79.0817917671164, 35.968746585113202 ], [ -79.081788428073594, 35.968737131985897 ], [ -79.0817951519129, 35.968735547532503 ], [ -79.081795139683294, 35.968735514193199 ], [ -79.082100396842606, 35.968663589718602 ], [ -79.083369802283499, 35.9683699279122 ], [ -79.083370301068001, 35.968369798688101 ], [ -79.083370395282898, 35.968369774289101 ], [ -79.083382679786794, 35.9683665879759 ], [ -79.083395541723505, 35.968363205688597 ], [ -79.083408384766301, 35.968359780151197 ], [ -79.083417955771395, 35.968357191436297 ], [ -79.083421211131807, 35.968356310460997 ], [ -79.083428777018597, 35.968354236846601 ], [ -79.083434019714005, 35.968352799322503 ], [ -79.083446810512001, 35.968349245834602 ], [ -79.083453304530906, 35.968347416297597 ], [ -79.083459582415301, 35.968345648195204 ], [ -79.0834723365342, 35.968342008206399 ], [ -79.083475866708795, 35.968340988244201 ], [ -79.083485073978594, 35.968338326768603 ], [ -79.083497790311597, 35.9683346020824 ], [ -79.083510488860398, 35.968330835046501 ], [ -79.083517139029297, 35.9683288368593 ], [ -79.083523167406398, 35.9683270247615 ], [ -79.083535827060402, 35.968323173028999 ], [ -79.083541058484798, 35.968321561560401 ], [ -79.083548467821302, 35.968319278947803 ], [ -79.083561087471693, 35.968315342519404 ], [ -79.083567390621894, 35.9683133526784 ], [ -79.083573688229095, 35.968311363742203 ], [ -79.083586072809197, 35.968307405841301 ], [ -79.083586267876797, 35.9683073435192 ], [ -79.083586344352298, 35.968307319132201 ], [ -79.083598827521897, 35.968303280047003 ], [ -79.083608279359794, 35.968300186679798 ], [ -79.083611367166895, 35.968299176029397 ], [ -79.083615094465003, 35.968297941422698 ], [ -79.083623884592697, 35.968295029665398 ], [ -79.083636382017502, 35.968290841854703 ], [ -79.083644827385896, 35.968287978100101 ], [ -79.083648858331699, 35.968286611697003 ], [ -79.083661312428504, 35.968282340995302 ], [ -79.0836737454146, 35.968278027946603 ], [ -79.083681511287395, 35.968275302551397 ], [ -79.0836861561814, 35.968273672551398 ], [ -79.083698252140195, 35.968269380460598 ], [ -79.083698544730595, 35.968269276612503 ], [ -79.083710911061502, 35.968264839228503 ], [ -79.083723254065106, 35.968260360400201 ], [ -79.083735574851303, 35.968255841028103 ], [ -79.083747873418005, 35.968251279309698 ], [ -79.083760148659394, 35.968246677949502 ], [ -79.083770237231604, 35.968242854093297 ], [ -79.083772399463797, 35.968242034244497 ], [ -79.083786073224402, 35.968236793813603 ], [ -79.083798459539594, 35.968232392458297 ], [ -79.083810833637997, 35.9682279721832 ], [ -79.083814702682901, 35.968226582452303 ], [ -79.083823197734304, 35.968223530282799 ], [ -79.083835550720593, 35.968219067659398 ], [ -79.083847891488205, 35.9682145843135 ], [ -79.083859377741803, 35.968210388161303 ], [ -79.083860184605598, 35.968210125333698 ], [ -79.083860791911107, 35.968209870754698 ], [ -79.0838698410288, 35.968206546915098 ], [ -79.083872540802403, 35.968205555451497 ], [ -79.0838848471315, 35.968201009936998 ], [ -79.083888199668806, 35.968199765665197 ], [ -79.083897142352498, 35.968196445501803 ], [ -79.083904568896997, 35.968193672557497 ], [ -79.0839094253529, 35.9681918585418 ], [ -79.083913706606197, 35.9681902513151 ], [ -79.083921698352995, 35.968187251759097 ], [ -79.083933959135294, 35.9681826251554 ], [ -79.083946207698006, 35.968177976927898 ], [ -79.083947504367003, 35.9681774821332 ], [ -79.083958444042906, 35.9681733088795 ], [ -79.083970669277804, 35.968168620107903 ], [ -79.083976504263504, 35.968166370997899 ], [ -79.083982883403607, 35.968163911514402 ], [ -79.083995084201902, 35.9681591821994 ], [ -79.083999787633104, 35.9681573493584 ], [ -79.084007273890194, 35.968154432161299 ], [ -79.084012969196095, 35.968152201171399 ], [ -79.084019451360703, 35.968149662302103 ], [ -79.084026695985997, 35.968146809261199 ], [ -79.084031616612506, 35.968144871720597 ], [ -79.084043770754207, 35.968140060415998 ], [ -79.084051306814402, 35.968137061165002 ], [ -79.084055910460606, 35.968135229291804 ], [ -79.084061198990099, 35.968133113943999 ], [ -79.084068039057996, 35.968130378345897 ], [ -79.084080156545198, 35.968125506676799 ], [ -79.084092259597199, 35.968120615188298 ], [ -79.084104351539096, 35.968115702976696 ], [ -79.084113621895696, 35.968111917509397 ], [ -79.084116430154296, 35.968110770944797 ], [ -79.084119191860594, 35.968109637030203 ], [ -79.084128497659506, 35.968105818189798 ], [ -79.084140551838203, 35.9681008456146 ], [ -79.084145317200495, 35.968098869421198 ], [ -79.084152593798905, 35.968095853218301 ], [ -79.084164622432098, 35.968090840100601 ], [ -79.084176638847396, 35.9680858071617 ], [ -79.084186788998807, 35.968081534389199 ], [ -79.084188641936095, 35.968080754402699 ], [ -79.084200632805903, 35.968075680921302 ], [ -79.084210447534502, 35.968071903182803 ], [ -79.084218000309505, 35.968068996742197 ], [ -79.084224446836799, 35.968066318187603 ], [ -79.084239113045896, 35.968060225307902 ], [ -79.084245188184795, 35.968057574046902 ], [ -79.084250935297405, 35.968055066315998 ], [ -79.084262756617605, 35.968050078567501 ], [ -79.084275001280403, 35.9680449183805 ], [ -79.084286824816999, 35.9680399324305 ], [ -79.084298647061601, 35.968034772532597 ], [ -79.084310890612102, 35.968029613243999 ], [ -79.084316533549796, 35.968027150646101 ], [ -79.084322712853606, 35.968024453343801 ], [ -79.084326455233693, 35.968022820337403 ], [ -79.084334535094698, 35.968019294343698 ], [ -79.084345821144893, 35.968014539487797 ], [ -79.084346779749197, 35.968014135050701 ], [ -79.0843492255011, 35.968013031992697 ], [ -79.084358601808106, 35.968008804804398 ], [ -79.084363379241395, 35.968006719538799 ], [ -79.084370424043598, 35.968003644899497 ], [ -79.084379263014895, 35.967999787607297 ], [ -79.084382246278494, 35.967998485894697 ], [ -79.084384112452298, 35.9679976446089 ], [ -79.084394069440506, 35.967993154743098 ], [ -79.084405120199605, 35.9679881711183 ], [ -79.084405890383593, 35.967987823591699 ], [ -79.084417712613899, 35.967982664583502 ], [ -79.084417770239, 35.967982638406397 ], [ -79.084535445627694, 35.967928700795198 ], [ -79.084535511009804, 35.967928671007499 ], [ -79.084570975274701, 35.967911989828004 ], [ -79.084577137546702, 35.968316193229001 ], [ -79.084596837877797, 35.969608315208902 ], [ -79.084586776314595, 35.970877673636998 ], [ -79.084551576666598, 35.975318326382499 ], [ -79.084549810482599, 35.975536442126497 ], [ -79.084549810530802, 35.975536488091699 ], [ -79.081994512766798, 35.9754887717489 ], [ -79.081766501690495, 35.975488924622198 ], [ -79.081766660169293, 35.975484468582799 ], [ -79.081067060305898, 35.9754715203172 ], [ -79.079458323433897, 35.975441730364103 ], [ -79.0772209669462, 35.975391976409298 ], [ -79.0772210336835, 35.975391036331096 ], [ -79.077239075683906, 35.975135739766301 ], [ -79.077167232161202, 35.9751357806771 ], [ -79.076538377911305, 35.975136136758501 ], [ -79.076514940776207, 35.975395258030197 ], [ -79.076512190945294, 35.975425661763701 ], [ -79.076506161284897, 35.975492333295499 ], [ -79.076453791098402, 35.976071341712299 ], [ -79.076448147591705, 35.9761337364056 ], [ -79.076393402452297, 35.977205658223397 ], [ -79.076385102705899, 35.977369459400499 ], [ -79.076377486201196, 35.977519451624303 ], [ -79.076358643255702, 35.977890287032402 ], [ -79.076342615182995, 35.978205718942199 ], [ -79.076324708081401, 35.9785581134743 ], [ -79.076314193441107, 35.978765034073 ], [ -79.076283089806097, 35.9793780012225 ], [ -79.076275620467499, 35.979521026339903 ], [ -79.0762621132113, 35.979891499402299 ], [ -79.076258960373195, 35.979977962907903 ], [ -79.0759722299033, 35.979991062346798 ], [ -79.0759308599783, 35.979993057369498 ], [ -79.075562952518595, 35.980010794702501 ], [ -79.075468759658506, 35.980015335906899 ], [ -79.074071972181599, 35.980082667597401 ], [ -79.072431313935098, 35.980161734858299 ], [ -79.072386483205094, 35.980163894765397 ], [ -79.072383761143399, 35.980164129809999 ], [ -79.072383654700104, 35.980164138885897 ], [ -79.072377841107496, 35.980153243160601 ], [ -79.072361850356501, 35.980123839385499 ], [ -79.072355152836707, 35.980111522865101 ], [ -79.072355844761006, 35.980110275985901 ], [ -79.072357168826898, 35.980107889515097 ], [ -79.072319521226405, 35.980028237818601 ], [ -79.072285897639503, 35.979957099915303 ], [ -79.072192356275906, 35.9797591910229 ] ] ] } },
{ "type": "Feature", "properties": { "OBJECTID": 5, "Id": 0, "NAME": "NC-54", "Area": 158.61287756, "Shape__Area": 987738.40234375, "Shape__Length": 8294.4902803819605 }, "geometry": { "type": "Polygon", "coordinates": [ [ [ -79.022446227263202, 35.907517080183197 ], [ -79.021624348691702, 35.907206429293701 ], [ -79.021597653645401, 35.907248259931798 ], [ -79.021593229569802, 35.907255193544501 ], [ -79.021188388815105, 35.907084196131301 ], [ -79.0211209943743, 35.907055729314699 ], [ -79.021085135489898, 35.907040582794401 ], [ -79.020060205754604, 35.906607659185802 ], [ -79.019805385208798, 35.906500022911501 ], [ -79.019672897363094, 35.906444059837497 ], [ -79.019671202989798, 35.906446714451498 ], [ -79.019669644830799, 35.906449156335697 ], [ -79.019669590566494, 35.906449241067101 ], [ -79.019242632830696, 35.906272986109002 ], [ -79.019061941986095, 35.906198393691803 ], [ -79.018893166464196, 35.906128719380703 ], [ -79.018901163448504, 35.9060882964475 ], [ -79.018911006849095, 35.906013208162001 ], [ -79.018911168172096, 35.9060114010218 ], [ -79.018910757119301, 35.9060112289363 ], [ -79.018785248066806, 35.9059606094429 ], [ -79.018645690463998, 35.905904861742798 ], [ -79.018402127338902, 35.905806089625202 ], [ -79.017655797402696, 35.905503426514102 ], [ -79.017653298989501, 35.905502390375503 ], [ -79.017651968342093, 35.9055018065227 ], [ -79.016913199369696, 35.905177397374501 ], [ -79.016818767415202, 35.905135929687198 ], [ -79.016763878903404, 35.905106039164998 ], [ -79.016763712708595, 35.905105947254697 ], [ -79.016689109159998, 35.905065322163701 ], [ -79.0166771237094, 35.905034301798601 ], [ -79.016672753173395, 35.905022991022697 ], [ -79.016671920743505, 35.9050208379197 ], [ -79.016647346894104, 35.904957239811203 ], [ -79.016437790506998, 35.904868275203597 ], [ -79.016359840656904, 35.904888206317104 ], [ -79.016357218547597, 35.904888876338099 ], [ -79.016304913717207, 35.904902250589103 ], [ -79.016303997484599, 35.904901988431902 ], [ -79.016173520267103, 35.904864615173402 ], [ -79.014242954135895, 35.904045155140203 ], [ -79.014070340286395, 35.9039718837534 ], [ -79.013983552649194, 35.903935043877098 ], [ -79.012237957480707, 35.903194050416502 ], [ -79.012174476920805, 35.903167102333299 ], [ -79.012020088916998, 35.903106844656101 ], [ -79.011735589874604, 35.902984631023401 ], [ -79.011658737513002, 35.902951538855802 ], [ -79.011247850036995, 35.902774565567498 ], [ -79.011247256217203, 35.902774308750303 ], [ -79.011242267483098, 35.902772265950802 ], [ -79.010953823087505, 35.902653774136802 ], [ -79.010953576104797, 35.902654199575103 ], [ -79.010953538448305, 35.902654264472403 ], [ -79.010952038387401, 35.902653571503301 ], [ -79.010950969289297, 35.902653076782599 ], [ -79.010633561853396, 35.902506342593597 ], [ -79.0105399314089, 35.902463040287302 ], [ -79.010515073453405, 35.902454563851798 ], [ -79.010499082738306, 35.902449111429597 ], [ -79.010444188758996, 35.9024303951253 ], [ -79.010433848087601, 35.902426869201797 ], [ -79.010433092534001, 35.902426611492999 ], [ -79.010411470630501, 35.902419243365301 ], [ -79.010371913017593, 35.902400002961301 ], [ -79.010345192307398, 35.902387007503499 ], [ -79.010338613778302, 35.902383808426698 ], [ -79.010332344345102, 35.902380758940097 ], [ -79.010330390077598, 35.902379918187499 ], [ -79.010329750841606, 35.902379643343501 ], [ -79.010328391495506, 35.902379057609998 ], [ -79.010276677647497, 35.902356803336502 ], [ -79.009630568812, 35.902078760027102 ], [ -79.009605731855302, 35.902068071599601 ], [ -79.009578709111906, 35.902056442375503 ], [ -79.009568647668701, 35.902052728884698 ], [ -79.009552803279206, 35.902046880653103 ], [ -79.009552665906497, 35.902046829289297 ], [ -79.009552901681801, 35.902045263703101 ], [ -79.009552918285806, 35.902045154643801 ], [ -79.009554213397806, 35.902036625487298 ], [ -79.009554243279993, 35.902036385737702 ], [ -79.009554467986604, 35.902034899467097 ], [ -79.009381527069195, 35.9019619990667 ], [ -79.009175265196205, 35.901879868856099 ], [ -79.0091461699013, 35.901868282954098 ], [ -79.009134663884794, 35.9018640918435 ], [ -79.008893322528294, 35.901776188208203 ], [ -79.008884396632396, 35.901772420499398 ], [ -79.008884361181501, 35.901772406081101 ], [ -79.008479389830896, 35.9016014842449 ], [ -79.008479256890197, 35.901601428373198 ], [ -79.008462758955403, 35.9015944651293 ], [ -79.008203496157705, 35.901484073783401 ], [ -79.008144539823704, 35.901452622161401 ], [ -79.008140367670805, 35.901450396214599 ], [ -79.007734967560197, 35.9012341227116 ], [ -79.007703741950806, 35.901217464048401 ], [ -79.007688334582298, 35.901214293324998 ], [ -79.007664762684499, 35.901209443078798 ], [ -79.0076052834807, 35.901197204363697 ], [ -79.007495835633506, 35.901174683898802 ], [ -79.007358451236797, 35.901146415593502 ], [ -79.006576249556502, 35.901212310580803 ], [ -79.005998933533803, 35.901260910811402 ], [ -79.005680664795705, 35.901278532157598 ], [ -79.005472026398095, 35.901290082917399 ], [ -79.005097744971806, 35.901403530276603 ], [ -79.005093258578995, 35.901423384428497 ], [ -79.005073271898496, 35.901511825892896 ], [ -79.004518006368698, 35.901653520372101 ], [ -79.004252850479006, 35.9017453405121 ], [ -79.0042504477167, 35.901746061640402 ], [ -79.004007851587204, 35.901818863808003 ], [ -79.003972727321596, 35.901829403924502 ], [ -79.003263518061104, 35.902042216016703 ], [ -79.003011304583694, 35.902117896123301 ], [ -79.002384808991394, 35.902307928629703 ], [ -79.002366317767496, 35.902313536912899 ], [ -79.002026280173396, 35.902416140446299 ], [ -79.002025570078402, 35.9024163549688 ], [ -79.001875468536198, 35.902461646168 ], [ -79.001823162939502, 35.902477639725703 ], [ -79.001822455059099, 35.902477855148298 ], [ -79.001663858725905, 35.9025263458472 ], [ -79.001346832726298, 35.902620907518397 ], [ -79.001032000612199, 35.902720633725302 ], [ -79.000869060866194, 35.9027818399409 ], [ -79.000862710948098, 35.902784224840097 ], [ -79.0007596332905, 35.902822944703601 ], [ -79.000708950202494, 35.902841980578202 ], [ -79.000699172759894, 35.902721224643301 ], [ -79.000690070405994, 35.902259945573398 ], [ -79.000680484959105, 35.901775056725199 ], [ -79.000677885894106, 35.9016214354887 ], [ -79.000677680850799, 35.901609291296097 ], [ -79.000676430932799, 35.901569869090601 ], [ -79.000668766140805, 35.901570144031197 ], [ -79.000584946056705, 35.901222007879198 ], [ -79.000571079509101, 35.901164412696303 ], [ -79.000669910379301, 35.9011574622225 ], [ -79.000668964041793, 35.900989086563598 ], [ -79.000678315643796, 35.900823266941302 ], [ -79.000692226114495, 35.900575706031603 ], [ -79.000694519966203, 35.900534893977103 ], [ -79.000671533638595, 35.900535643091501 ], [ -79.000655724583794, 35.900536157823502 ], [ -79.0006398330287, 35.9004705905921 ], [ -79.000639588166194, 35.9004649988902 ], [ -79.000638285188302, 35.900435279228702 ], [ -79.000635599461404, 35.900374019266501 ], [ -79.000627596914995, 35.9003746790642 ], [ -79.000703328698506, 35.899993368435801 ], [ -79.000736315318093, 35.899818840188203 ], [ -79.000751776158793, 35.8995556315909 ], [ -79.000724967208399, 35.899554560100199 ], [ -79.000731921760107, 35.899435222578703 ], [ -79.000758730662696, 35.899435414392798 ], [ -79.000790295326894, 35.898885756896 ], [ -79.001354901519406, 35.898768666781301 ], [ -79.001558600555398, 35.898724874360902 ], [ -79.001726652161906, 35.898689340783299 ], [ -79.001903272018893, 35.898651995213697 ], [ -79.002055203448293, 35.898619869273901 ], [ -79.002156467680805, 35.898596311873199 ], [ -79.002403914834403, 35.898538748895 ], [ -79.002787969067995, 35.898451367138399 ], [ -79.003325398346504, 35.898329085990497 ], [ -79.003822813636802, 35.898215906028703 ], [ -79.004313722952602, 35.8981042051118 ], [ -79.004313861418694, 35.898104173561102 ], [ -79.004319339135094, 35.898102926859799 ], [ -79.0045823261473, 35.898087883463297 ], [ -79.004768653187199, 35.898077218366197 ], [ -79.0048862351005, 35.898070488160101 ], [ -79.005304316146805, 35.898046480608301 ], [ -79.005701433039405, 35.898023704691902 ], [ -79.006116889378205, 35.897999876541903 ], [ -79.006502621620797, 35.897977751134 ], [ -79.006893327379203, 35.897955339412398 ], [ -79.007205479755697, 35.897920085678201 ], [ -79.007462116565307, 35.897898358664797 ], [ -79.007513618267396, 35.8978939976841 ], [ -79.007540489585296, 35.897891722929799 ], [ -79.007546068137401, 35.897891499060698 ], [ -79.007855194876996, 35.898005603933498 ], [ -79.007889938415502, 35.8980773916891 ], [ -79.007934393563701, 35.898160150410298 ], [ -79.007945983987796, 35.898195078902702 ], [ -79.007961930255902, 35.898243135545002 ], [ -79.008021707987893, 35.898393732790097 ], [ -79.008043867953006, 35.898466670484702 ], [ -79.008071746566799, 35.898577005716298 ], [ -79.008071793108101, 35.898577164343202 ], [ -79.008077574909507, 35.898603943586501 ], [ -79.0080780270833, 35.898606066133901 ], [ -79.008079079980504, 35.898611423431397 ], [ -79.008087450991596, 35.898653208358098 ], [ -79.008090847208507, 35.898673899431202 ], [ -79.008094825350597, 35.898698128995797 ], [ -79.008097738490903, 35.898717808834299 ], [ -79.008106110428002, 35.898790683430803 ], [ -79.008112753634293, 35.898846038540903 ], [ -79.008116422221207, 35.898898284339602 ], [ -79.008116270781002, 35.899022725051303 ], [ -79.008112365322205, 35.8991378050371 ], [ -79.008109391695001, 35.899221968339297 ], [ -79.008106842233204, 35.899294102773901 ], [ -79.008105736524598, 35.8993255575433 ], [ -79.008105748718094, 35.8993256377587 ], [ -79.008483853917099, 35.899331561572303 ], [ -79.008488584054206, 35.899331635150403 ], [ -79.008508760681394, 35.899351823010299 ], [ -79.008794185922696, 35.899637403347 ], [ -79.0086778033738, 35.900535373188703 ], [ -79.008677794518604, 35.900535438984697 ], [ -79.009597891390399, 35.900525206033798 ], [ -79.009600511267806, 35.900525118400999 ], [ -79.009658257225894, 35.900533236413402 ], [ -79.009812054486503, 35.900554857289102 ], [ -79.009808396949694, 35.900575877843998 ], [ -79.0103083486554, 35.900578623460603 ], [ -79.010478253894306, 35.900579674329002 ], [ -79.010601229287303, 35.900580435222203 ], [ -79.010732429924403, 35.900581246642801 ], [ -79.010905541080106, 35.900582316462803 ], [ -79.010905950890702, 35.900565418739397 ], [ -79.010906016249393, 35.900565418733599 ], [ -79.011310914027206, 35.900567386369097 ], [ -79.0127788337212, 35.900579045842598 ], [ -79.014403683810002, 35.900591931057001 ], [ -79.014701133150794, 35.9005942876421 ], [ -79.014727702846301, 35.901491604809301 ], [ -79.014765465048896, 35.902696873864002 ], [ -79.014766062320405, 35.902715950821801 ], [ -79.015656310778894, 35.903074407029202 ], [ -79.016021281339604, 35.903221358929301 ], [ -79.016029380092405, 35.903224619689198 ], [ -79.016375184154995, 35.903363853360602 ], [ -79.016696994772502, 35.903516964923703 ], [ -79.016718725616897, 35.903527304424202 ], [ -79.0167553048869, 35.903544708114602 ], [ -79.016785238831105, 35.903558950028803 ], [ -79.017562244226696, 35.903968984026598 ], [ -79.017745931376794, 35.904065916230799 ], [ -79.017750687815195, 35.904068426574497 ], [ -79.017915173455606, 35.904155225237403 ], [ -79.017903985699803, 35.904170968170199 ], [ -79.017731697917299, 35.904413404687297 ], [ -79.017652746227597, 35.904524501054397 ], [ -79.018495643048396, 35.904519826399302 ], [ -79.018530625912106, 35.904499704868897 ], [ -79.018530976064795, 35.9045000473116 ], [ -79.0187382217905, 35.904517525306503 ], [ -79.019397941874203, 35.904530114374801 ], [ -79.019561289067198, 35.904534206356402 ], [ -79.019574796062997, 35.904535577778603 ], [ -79.019588304250107, 35.904537291695 ], [ -79.019594634599201, 35.904538149621999 ], [ -79.019621648760307, 35.904541578350397 ], [ -79.0196279802595, 35.904542607523403 ], [ -79.019648241007602, 35.904545693935098 ], [ -79.019654573615497, 35.904546724007801 ], [ -79.019661327198506, 35.904547752209702 ], [ -79.019668080823905, 35.904548953461799 ], [ -79.019674411216201, 35.904549981731201 ], [ -79.019681165949805, 35.904551182982402 ], [ -79.019687496384606, 35.904552384301702 ], [ -79.019701003636698, 35.904554784999902 ], [ -79.019707336329503, 35.9045561575657 ], [ -79.019714089956096, 35.904557357913902 ], [ -79.0197204204337, 35.904558730479401 ], [ -79.019727174102698, 35.904560102976099 ], [ -79.019733506796399, 35.904561475540497 ], [ -79.019740260465895, 35.904562848036498 ], [ -79.019746592052201, 35.904564220600399 ], [ -79.019753345763803, 35.904565763442299 ], [ -79.0197596762427, 35.904567136005703 ], [ -79.019766429955197, 35.904568680649398 ], [ -79.019779093213998, 35.904571769171298 ], [ -79.0197858480349, 35.904573312912497 ], [ -79.019798511295093, 35.904576401432401 ], [ -79.019804842967702, 35.9045781173904 ], [ -79.019811595615906, 35.904579832378403 ], [ -79.019817928354897, 35.904581377087602 ], [ -79.0198218337177, 35.904582435486297 ], [ -79.019824258920394, 35.904583093044799 ], [ -79.019830591743897, 35.904584980249197 ], [ -79.019836923417898, 35.904586696205499 ], [ -79.019843677175601, 35.904588412092799 ], [ -79.019856340609294, 35.904592187400901 ], [ -79.019862672284106, 35.9045939024546 ], [ -79.019875334611697, 35.904597677760897 ], [ -79.019881667479893, 35.904599737111802 ], [ -79.019887999198303, 35.904601624313401 ], [ -79.019894330959403, 35.904603683663801 ], [ -79.019900662678296, 35.904605570864703 ], [ -79.019906572356405, 35.904607630283401 ], [ -79.019925567643398, 35.9046138083309 ], [ -79.019931899448594, 35.904616038927202 ], [ -79.019937809128294, 35.9046180983444 ], [ -79.019950472740703, 35.904622560436898 ], [ -79.019956382463803, 35.904624792002302 ], [ -79.019969046078103, 35.904629253191501 ], [ -79.019974955801999, 35.9046314838548 ], [ -79.019981287652797, 35.904633887499102 ], [ -79.019987197377205, 35.904636117260502 ], [ -79.019993529228501, 35.904638520002798 ], [ -79.020005349872505, 35.904643325624797 ], [ -79.020011680617102, 35.904645728366397 ], [ -79.020017590428495, 35.904648302424697 ], [ -79.020035741864007, 35.904655682032597 ], [ -79.020059381118401, 35.9046659800618 ], [ -79.020065290975595, 35.904668726266898 ], [ -79.020071200790397, 35.904671300322498 ], [ -79.020106661051997, 35.904687776644003 ], [ -79.020112147720596, 35.904690522916503 ], [ -79.020123967528093, 35.904696358718503 ], [ -79.0201294564135, 35.904699104989902 ], [ -79.020135366318499, 35.904702023340697 ], [ -79.020140853031407, 35.904704939958599 ], [ -79.020146762979905, 35.9047080295569 ], [ -79.020152250801999, 35.904710947976596 ], [ -79.020158160708604, 35.904713866326396 ], [ -79.020169136440103, 35.904720044759202 ], [ -79.020175046348001, 35.9047229631081 ], [ -79.020191511057604, 35.904732231205003 ], [ -79.020196997860793, 35.904735492118697 ], [ -79.020202908921405, 35.904738581714 ], [ -79.020208396833297, 35.904741842626997 ], [ -79.020213884702997, 35.904744933193101 ], [ -79.020219372615799, 35.904748194105601 ], [ -79.0202244384446, 35.904751455087798 ], [ -79.020235413164698, 35.904757977813098 ], [ -79.020240902230199, 35.904761410873597 ], [ -79.020246389037396, 35.904764671785003 ], [ -79.020251454911502, 35.904768104915298 ], [ -79.020256943935493, 35.904771366727303 ], [ -79.020262431894693, 35.904774798885597 ], [ -79.020267497770206, 35.904778232015197 ], [ -79.0202729857305, 35.904781665074502 ], [ -79.0202831174837, 35.9047885313325 ], [ -79.020290716213196, 35.904793336727103 ], [ -79.020428764968898, 35.904900451780698 ], [ -79.0204958912325, 35.904958472826898 ], [ -79.020564287406103, 35.905026108739001 ], [ -79.020748794909906, 35.9052139174944 ], [ -79.020866574823103, 35.905303859320803 ], [ -79.021368534374901, 35.9056693081953 ], [ -79.021566533157497, 35.905815212567603 ], [ -79.021982361744506, 35.906064264286101 ], [ -79.022432806617104, 35.906324982799099 ], [ -79.022616444150799, 35.906418350151 ], [ -79.022721561118402, 35.906474472858299 ], [ -79.022727893147007, 35.906476704209297 ], [ -79.0227338030341, 35.906478763489702 ], [ -79.022740135014899, 35.906480822691002 ], [ -79.0227464670443, 35.906483053139802 ], [ -79.022752798977194, 35.906484940191397 ], [ -79.022759130959003, 35.906486999391802 ], [ -79.022778126760798, 35.906492661445 ], [ -79.022790790533307, 35.906496093049 ], [ -79.022797544513395, 35.906497808771697 ], [ -79.022803876351702, 35.906499352423701 ], [ -79.022810208238894, 35.9065010682245 ], [ -79.022816962171504, 35.906502612698397 ], [ -79.022823293962205, 35.9065039851017 ], [ -79.022829625801506, 35.906505528752398 ], [ -79.022836379686098, 35.906506901076 ], [ -79.022842711477495, 35.906508273478302 ], [ -79.022849465313797, 35.9065094736521 ], [ -79.022855797056906, 35.906510673904599 ], [ -79.022869304730904, 35.9065130751518 ], [ -79.022875636425795, 35.906514103254104 ], [ -79.022895897792793, 35.906517190025703 ], [ -79.022902229440007, 35.906518047780203 ], [ -79.022915736921505, 35.906519761327097 ], [ -79.0229359979989, 35.9065218179014 ], [ -79.022942751642702, 35.9065223312763 ], [ -79.022949083193296, 35.906522845631599 ], [ -79.0229625904812, 35.906523872379601 ], [ -79.022969344076699, 35.906524214505197 ], [ -79.022982007031402, 35.906524726765397 ], [ -79.0230303869415, 35.906523959646201 ], [ -79.023078307092007, 35.9065231998052 ], [ -79.023102725263996, 35.906522813031103 ], [ -79.023896666600905, 35.906462379090897 ], [ -79.0239207476708, 35.906464748407302 ], [ -79.023937189337602, 35.9064683801424 ], [ -79.023943943339603, 35.906470094900399 ], [ -79.023962939067701, 35.9064752421245 ], [ -79.023969271028506, 35.906477129113 ], [ -79.023975602938705, 35.906478844853297 ], [ -79.023981934899993, 35.906480731841199 ], [ -79.0239886889551, 35.906482618745699 ], [ -79.024001352879793, 35.906486394522297 ], [ -79.024007684893206, 35.906488452756498 ], [ -79.024013594762906, 35.906490340727103 ], [ -79.024024148120006, 35.906493771717201 ], [ -79.024053677383904, 35.906506428321499 ], [ -79.024529713532004, 35.906710470820002 ], [ -79.024846919025705, 35.906846431446802 ], [ -79.024854517692205, 35.9068495204708 ], [ -79.0248722480748, 35.906857242835997 ], [ -79.024878580298306, 35.906859816570702 ], [ -79.025022954947005, 35.906917989656698 ], [ -79.025028865031302, 35.906920392222297 ], [ -79.025060494341005, 35.906830587906803 ], [ -79.025241825997895, 35.9062960501291 ], [ -79.025420202924295, 35.9057652908606 ], [ -79.025425686386697, 35.9057570472892 ], [ -79.025428640607998, 35.905752239115799 ], [ -79.025435391012707, 35.905742622593202 ], [ -79.025438766268806, 35.905737986480901 ], [ -79.025442141470194, 35.9057331782193 ], [ -79.025445937707104, 35.905728542018998 ], [ -79.025449312961598, 35.905723905005097 ], [ -79.025456907648504, 35.905714631702097 ], [ -79.025468299837897, 35.905701235940803 ], [ -79.025472519322904, 35.905696770899098 ], [ -79.025476317826005, 35.905692305945202 ], [ -79.025480537364402, 35.905688013052298 ], [ -79.025484756848002, 35.905683548010202 ], [ -79.025488976385205, 35.905679254215698 ], [ -79.025493195976296, 35.905675132570202 ], [ -79.025497414404796, 35.905670838775698 ], [ -79.025502056084093, 35.905666717041697 ], [ -79.025506275673905, 35.905662595395697 ], [ -79.025510917352406, 35.905658473661298 ], [ -79.025515559084695, 35.905654524075999 ], [ -79.025520200762202, 35.905650402341202 ], [ -79.025529484224094, 35.905642501366899 ], [ -79.025534127116501, 35.905638723028403 ], [ -79.025539189881897, 35.9056349446018 ], [ -79.0255438316115, 35.905630995015301 ], [ -79.025548895537895, 35.905627387835899 ], [ -79.025553959409507, 35.905623608507099 ], [ -79.025569151185195, 35.905612788769602 ], [ -79.025574637198204, 35.905609181500701 ], [ -79.025579701176397, 35.905605746469099 ], [ -79.025585187242996, 35.905602311348801 ], [ -79.025590251220294, 35.905598876316802 ], [ -79.025606709579094, 35.9055890855985 ], [ -79.025623168097397, 35.905579810424101 ], [ -79.025629076412301, 35.905576889857997 ], [ -79.025634562583903, 35.905573798132401 ], [ -79.025640470952595, 35.905571049714901 ], [ -79.025646379266604, 35.905568130049197 ], [ -79.025651865545896, 35.905565381719803 ], [ -79.025663682280396, 35.905559883981503 ], [ -79.025675499122599, 35.905554730540203 ], [ -79.025693646580706, 35.9055473432337 ], [ -79.025699977143304, 35.905544938121302 ], [ -79.025705885671599, 35.9055427043454 ], [ -79.025712216233401, 35.905540299232499 ], [ -79.025718546849404, 35.905538065366997 ], [ -79.025724455376903, 35.905535832491502 ], [ -79.025730786046793, 35.905533769873202 ], [ -79.025737116771495, 35.905531880305098 ], [ -79.025743447441101, 35.905529818587397 ], [ -79.025756108888601, 35.905526038548103 ], [ -79.025768770444699, 35.9055226019046 ], [ -79.025775523310301, 35.905520882591802 ], [ -79.025788184974303, 35.9055177893432 ], [ -79.025794937894204, 35.9055162421785 ], [ -79.025801268780498, 35.905514867251803 ], [ -79.025808021754898, 35.905513492235599 ], [ -79.025814352695704, 35.905512289457299 ], [ -79.025821105669607, 35.905510914440399 ], [ -79.025827436609504, 35.905509709858897 ], [ -79.025840942776, 35.905507646617103 ], [ -79.025847273770694, 35.905506615085002 ], [ -79.025854026853494, 35.905505583463103 ], [ -79.025860779991305, 35.905504723990099 ], [ -79.025867533183799, 35.905504035764501 ], [ -79.025874286320999, 35.905503175389399 ], [ -79.025881039513195, 35.905502487163098 ], [ -79.0258873706168, 35.905501798124597 ], [ -79.025907630357594, 35.905500248087101 ], [ -79.025921136961401, 35.905499558424403 ], [ -79.025948150388601, 35.905498864987102 ], [ -79.025954903800596, 35.905498863550598 ], [ -79.025961657267899, 35.905499034263002 ], [ -79.025968410679596, 35.905499031924499 ], [ -79.025975164146999, 35.905499202636001 ], [ -79.025981918777305, 35.905499544594903 ], [ -79.025988671136602, 35.905499714404598 ], [ -79.025995424714694, 35.905500228512103 ], [ -79.026002178236993, 35.905500569568702 ], [ -79.026015685393403, 35.9055015977818 ], [ -79.026022439026704, 35.905502282234302 ], [ -79.026029192604796, 35.905502795438501 ], [ -79.026035946294002, 35.905503652940801 ], [ -79.0260422789475, 35.905504338383302 ], [ -79.0260490315288, 35.905505194983697 ], [ -79.026055785273797, 35.905506223732601 ], [ -79.026062538963203, 35.905507080332001 ], [ -79.026068870620193, 35.905508109170398 ], [ -79.026075624421196, 35.905509310067401 ], [ -79.0260823792743, 35.905510337913398 ], [ -79.026088709934797, 35.905511710147998 ], [ -79.026095463736098, 35.905512910142498 ], [ -79.026101796612707, 35.905514282375897 ], [ -79.026108549362206, 35.905515654519199 ], [ -79.026114881131505, 35.9055170267522 ], [ -79.026121635044603, 35.905518570142299 ], [ -79.026127966870106, 35.905520114523803 ], [ -79.026140630632099, 35.905523544879998 ], [ -79.026147384602396, 35.905525261319198 ], [ -79.026172712353699, 35.905532809721699 ], [ -79.026179044347998, 35.905534868745299 ], [ -79.026184954309699, 35.905537099107001 ], [ -79.026191287412502, 35.905539158129699 ], [ -79.026197618355695, 35.905541389301803 ], [ -79.026203528318106, 35.9055436187613 ], [ -79.026209861533403, 35.905546021180001 ], [ -79.026221681572196, 35.9055508261985 ], [ -79.026860792653693, 35.905754995766202 ], [ -79.027640039064295, 35.905953289854402 ], [ -79.027648903731404, 35.905955519475498 ], [ -79.027655236728094, 35.905957063777201 ], [ -79.027661567567606, 35.9059587784255 ], [ -79.027668321547594, 35.905960322631103 ], [ -79.027674653495893, 35.905962038179901 ], [ -79.027680985385402, 35.905963581579201 ], [ -79.027687739425005, 35.9059652970315 ], [ -79.027700403322996, 35.9059687272253 ], [ -79.027706735213897, 35.905970271524602 ], [ -79.027713068271595, 35.905971987070998 ], [ -79.027719822371296, 35.905973873769398 ], [ -79.027738817115207, 35.905979019505601 ], [ -79.027745149125593, 35.905980907199798 ], [ -79.027757813028899, 35.905984338289002 ], [ -79.027764567130603, 35.905986224984801 ], [ -79.027770900249706, 35.905988111776097 ], [ -79.027777231094802, 35.905989828221003 ], [ -79.027821555184303, 35.9060030375529 ], [ -79.027827888365394, 35.906005096490397 ], [ -79.027834219271696, 35.9060069832789 ], [ -79.027840552453398, 35.9060090422157 ], [ -79.027846883360695, 35.906010929904802 ], [ -79.027853216542994, 35.906012988840999 ], [ -79.027859548558396, 35.906014875627903 ], [ -79.027865458542294, 35.9060169337587 ], [ -79.027884453661599, 35.906023110564199 ], [ -79.027890786786401, 35.906024997349199 ], [ -79.027897117814703, 35.906027228432698 ], [ -79.027903027800306, 35.906029286561697 ], [ -79.027915693063207, 35.906033404428001 ], [ -79.027922024092902, 35.906035635510101 ], [ -79.027928357278796, 35.906037693541002 ], [ -79.027934267266303, 35.906039752569797 ], [ -79.027946931543397, 35.90604421383 ], [ -79.027952841531899, 35.9060462728578 ], [ -79.027965505810798, 35.906050733214897 ], [ -79.027971415859895, 35.906052964391002 ], [ -79.027984080140996, 35.906057425647298 ], [ -79.027989989083295, 35.906059656822698 ], [ -79.0279963223321, 35.906061886097802 ], [ -79.028002232382903, 35.9060641172725 ], [ -79.028008563476803, 35.9060665195979 ], [ -79.028014474635697, 35.9060687498703 ], [ -79.0280208067784, 35.906070980045698 ], [ -79.028026716890295, 35.906073383368202 ], [ -79.028033049093096, 35.906075784790801 ], [ -79.028038959145604, 35.906078015062299 ], [ -79.028045291349798, 35.906080418286898 ], [ -79.028051201462503, 35.906082819805498 ], [ -79.028057533666995, 35.906085222128198 ], [ -79.028069353894793, 35.906090026966602 ], [ -79.028075686100493, 35.9060924292883 ], [ -79.028081596215202, 35.906094831706802 ], [ -79.028087928421698, 35.906097234027897 ], [ -79.028093838536805, 35.9060996355445 ], [ -79.028099748712194, 35.906102209209898 ], [ -79.028117901213193, 35.906109588512898 ], [ -79.028123811390103, 35.906112162177102 ], [ -79.028136053777203, 35.906117139060903 ], [ -79.028177425031799, 35.906135156501001 ], [ -79.028183758471997, 35.906137902213601 ], [ -79.028195578834797, 35.906143050436697 ], [ -79.0282014879689, 35.906145796246498 ], [ -79.028207398151096, 35.906148369906703 ], [ -79.028219218636593, 35.906153860623 ], [ -79.028224706728594, 35.906156435281297 ], [ -79.028260169305597, 35.906172909224203 ], [ -79.028265656352303, 35.9061756551286 ], [ -79.0282715666592, 35.906178573083899 ], [ -79.028283388261698, 35.906184064694997 ], [ -79.028288875369597, 35.906186980944902 ], [ -79.028294785618201, 35.906189727651203 ], [ -79.028300695926603, 35.906192643802399 ], [ -79.028306185252106, 35.9061955618536 ], [ -79.028312095501605, 35.906198307657696 ], [ -79.028318005811599, 35.906201224709399 ], [ -79.028323492922596, 35.906204142760302 ], [ -79.028329403233698, 35.906207060712703 ], [ -79.028334892560494, 35.90620997696 ], [ -79.028340802872506, 35.906212894911803 ], [ -79.028346291092603, 35.906215812060097 ], [ -79.028352201405397, 35.906218730011403 ], [ -79.028357688578595, 35.906221818407303 ], [ -79.028363598892298, 35.906224736357998 ], [ -79.028369088221794, 35.906227653504999 ], [ -79.028374998596504, 35.906230742702903 ], [ -79.028380485711196, 35.906233659850002 ], [ -79.028386397194893, 35.906236749948398 ], [ -79.028391885418301, 35.906239667094702 ], [ -79.028397373702305, 35.906242755488499 ], [ -79.028403284079502, 35.906245845586298 ], [ -79.028465406875, 35.906280164491903 ], [ -79.028469143286301, 35.906282228508204 ], [ -79.028427795402294, 35.906331001412198 ], [ -79.028415530992305, 35.9063454404589 ], [ -79.028403214530698, 35.906359941706498 ], [ -79.0282958645316, 35.906647810755601 ], [ -79.028029319158705, 35.907081817734102 ], [ -79.027516967702994, 35.9079160432957 ], [ -79.027112859113402, 35.908606924379498 ], [ -79.026301976375294, 35.908413014270998 ], [ -79.0262964388087, 35.908411889736399 ], [ -79.0262791823871, 35.908408384679603 ], [ -79.0259854787368, 35.908348299090498 ], [ -79.025742652760698, 35.908298622040299 ], [ -79.025060908409202, 35.908150601375198 ], [ -79.024661994809094, 35.908061923176298 ], [ -79.024453038191297, 35.908015443542702 ], [ -79.024429704713199, 35.9080102458921 ], [ -79.023913160244405, 35.9078948822062 ], [ -79.023815600896, 35.907873095145703 ], [ -79.023610359846401, 35.907826227582902 ], [ -79.023268983218401, 35.907751768864102 ], [ -79.022854483079598, 35.907661359014703 ], [ -79.022446227263202, 35.907517080183197 ] ] ] } },
{ "type": "Feature", "properties": { "OBJECTID": 6, "Id": 0, "NAME": "South Columbia Gateway", "Area": 8.82087335, "Shape__Area": 81691.61328125, "Shape__Length": 1798.8639421103601 }, "geometry": { "type": "Polygon", "coordinates": [ [ [ -79.0633043040215, 35.880046003009298 ], [ -79.063332971328293, 35.880011860813802 ], [ -79.063347665703802, 35.880012046965497 ], [ -79.063437281682297, 35.8800131820121 ], [ -79.063462278705202, 35.879983291385301 ], [ -79.063519102824799, 35.879915340662798 ], [ -79.063573525750499, 35.879850132957898 ], [ -79.063684244859999, 35.879717866998199 ], [ -79.063695958822606, 35.879703873404203 ], [ -79.063982647026904, 35.879361391111601 ], [ -79.064087502650494, 35.879233013398903 ], [ -79.064114884277402, 35.879201182651897 ], [ -79.064219856383104, 35.879079150903401 ], [ -79.064253198392194, 35.879040389491401 ], [ -79.064254309145298, 35.879038934186603 ], [ -79.064273720768398, 35.879013504220502 ], [ -79.064295221979805, 35.878987805459602 ], [ -79.064338640952499, 35.878935241406403 ], [ -79.064380794717195, 35.878882161551999 ], [ -79.064422101767704, 35.878828397131002 ], [ -79.064461722773203, 35.878774118936199 ], [ -79.064519577767896, 35.878691412672197 ], [ -79.064519596572694, 35.878691384721499 ], [ -79.064519624220694, 35.878691336035999 ], [ -79.064519648547005, 35.878691288253499 ], [ -79.064606640082999, 35.8785200854905 ], [ -79.064606665515896, 35.878520036806101 ], [ -79.064688544126398, 35.878353779485401 ], [ -79.064688566236796, 35.8783537308028 ], [ -79.064716757410494, 35.878292134503198 ], [ -79.064716779520097, 35.878292084919202 ], [ -79.064829616738706, 35.878045526550999 ], [ -79.064829638848295, 35.878045476967003 ], [ -79.064860968396601, 35.877977021764998 ], [ -79.0648609938292, 35.8779769730805 ], [ -79.064969827605196, 35.8777067644086 ], [ -79.064985994165596, 35.877666620295798 ], [ -79.065011232623903, 35.877603948416002 ], [ -79.065303971625795, 35.876877092400399 ], [ -79.065587743694294, 35.876943857292403 ], [ -79.065798717161499, 35.876993494390902 ], [ -79.065896608559797, 35.877031931254002 ], [ -79.065950862187407, 35.877063877845401 ], [ -79.066001057061399, 35.877099918573798 ], [ -79.066046722241893, 35.877139718410398 ], [ -79.066087431053305, 35.877182904447302 ], [ -79.066122805520706, 35.877229074006998 ], [ -79.066152513047101, 35.877277793742401 ], [ -79.066176276389697, 35.877328610446902 ], [ -79.066193874765005, 35.877381048350102 ], [ -79.066205142750505, 35.8774346190323 ], [ -79.066209974714099, 35.877488820520597 ], [ -79.066208324822, 35.877543146302401 ], [ -79.066200210364698, 35.877597088928297 ], [ -79.066185707332096, 35.877650145422699 ], [ -79.066182241381696, 35.877660102313698 ], [ -79.066075070541103, 35.877968023939097 ], [ -79.066074939060897, 35.8779684007594 ], [ -79.066165695411499, 35.877989445905598 ], [ -79.066255220682805, 35.878015000925103 ], [ -79.066657023031098, 35.878125285758699 ], [ -79.066659762420102, 35.878126037759799 ], [ -79.067080709571201, 35.878241630282197 ], [ -79.066957713943793, 35.878507489812399 ], [ -79.066879794837504, 35.878676659523499 ], [ -79.066477362749495, 35.879232758205298 ], [ -79.066477294163505, 35.879232852880598 ], [ -79.065898132259505, 35.879073753680203 ], [ -79.0658940836, 35.879071395327898 ], [ -79.065868917011599, 35.879065730647298 ], [ -79.065868155088594, 35.879065759900797 ], [ -79.065867248100204, 35.879065807258897 ], [ -79.065866343336396, 35.879065866332802 ], [ -79.065865439691905, 35.8790659398272 ], [ -79.065864538271796, 35.879066025037403 ], [ -79.065863636862005, 35.8790661228659 ], [ -79.065862739894001, 35.8790662351131 ], [ -79.065861845149698, 35.879066358174903 ], [ -79.065860951523803, 35.879066494755698 ], [ -79.065860062338203, 35.879066643952598 ], [ -79.065859176485304, 35.879066805766001 ], [ -79.065858293965903, 35.879066981097203 ], [ -79.065857414777696, 35.879067167242397 ], [ -79.065856540030495, 35.879067366904998 ], [ -79.065855669722694, 35.879067578282203 ], [ -79.065854804963394, 35.879067803176099 ], [ -79.065853944642797, 35.879068038883403 ], [ -79.065853088762296, 35.8790682872066 ], [ -79.065852239537094, 35.879068548144602 ], [ -79.0658513958588, 35.879068820796697 ], [ -79.065850556619907, 35.879069105163502 ], [ -79.065849725142996, 35.8790694012431 ], [ -79.065848900321299, 35.879069709937603 ], [ -79.065848081046497, 35.879070030346099 ], [ -79.065847268425301, 35.879070361566797 ], [ -79.065846464673598, 35.879070704499703 ], [ -79.065845667576298, 35.879071059146099 ], [ -79.065844878240199, 35.879071424604099 ], [ -79.065844096665899, 35.879071801774998 ], [ -79.065843323959697, 35.879072188855503 ], [ -79.065842559015195, 35.879072587648899 ], [ -79.065841804046897, 35.879072997252699 ], [ -79.065841055732307, 35.8790734176686 ], [ -79.065840317393196, 35.879073847993602 ], [ -79.065839589030901, 35.879074290030204 ], [ -79.065838870643205, 35.879074741074703 ], [ -79.065838160016696, 35.879075202930601 ], [ -79.065837461579903, 35.879075673793203 ], [ -79.065836772011707, 35.879076155466599 ], [ -79.0658360935263, 35.879076647048599 ], [ -79.065835426123201, 35.879077147637702 ], [ -79.0658347686946, 35.879077657234603 ], [ -79.065834122349003, 35.879078176739903 ], [ -79.065833488193704, 35.879078706153102 ], [ -79.065832864012293, 35.879079243672699 ], [ -79.065832252020599, 35.879079790198901 ], [ -79.065831652217, 35.879080343928898 ], [ -79.065831064603799, 35.879080907566802 ], [ -79.065830489179405, 35.879081479310003 ], [ -79.065829924835796, 35.879082058257801 ], [ -79.0658293737892, 35.879082646211401 ], [ -79.065828787357603, 35.879083300881398 ], [ -79.065761965481897, 35.879245473266998 ], [ -79.065750680366094, 35.879272861246697 ], [ -79.065741413239095, 35.879293641511502 ], [ -79.065725442690905, 35.879325541283499 ], [ -79.0657199576697, 35.879335501045901 ], [ -79.065719931129706, 35.879335549731103 ], [ -79.065593974432602, 35.8795575776156 ], [ -79.065593131503505, 35.879558780420702 ], [ -79.065592709558601, 35.8795601542488 ], [ -79.0655918667685, 35.879561528303199 ], [ -79.065591446899504, 35.8795627308807 ], [ -79.065590604109403, 35.879564104935099 ], [ -79.065590182164499, 35.879565478763197 ], [ -79.065589339374299, 35.879566852817597 ], [ -79.065587656024206, 35.879572348127603 ], [ -79.065587236433899, 35.879573894105199 ], [ -79.065585972813594, 35.879578015588301 ], [ -79.065585973928705, 35.879579389188898 ], [ -79.065585554337602, 35.8795809342651 ], [ -79.065585555452699, 35.879582307865697 ], [ -79.065585132400102, 35.879583681694399 ], [ -79.065585133654295, 35.879585226544499 ], [ -79.065583113261596, 35.879598457104699 ], [ -79.065573151308797, 35.879591516941801 ], [ -79.065568601618196, 35.879588628876398 ], [ -79.065561090909199, 35.879584874437903 ], [ -79.065554269445101, 35.879581596423101 ], [ -79.065547379397003, 35.879578416687998 ], [ -79.065540420764904, 35.879575335232403 ], [ -79.065533397978001, 35.879572351152703 ], [ -79.065526312148293, 35.8795694698562 ], [ -79.065519165487501, 35.8795666877364 ], [ -79.065511960214593, 35.879564009298598 ], [ -79.065504698542796, 35.879561432739102 ], [ -79.065497382687894, 35.879558958958 ], [ -79.065490015974603, 35.879556590657302 ], [ -79.065482598402696, 35.879554327837099 ], [ -79.0654751332941, 35.879552169594398 ], [ -79.0654676228651, 35.879550117730403 ], [ -79.065460069332005, 35.879548174046697 ], [ -79.065452476016006, 35.879546336738898 ], [ -79.065444845134095, 35.879544608509498 ], [ -79.065437176685606, 35.879542988457402 ], [ -79.065429476208607, 35.879541477480998 ], [ -79.065421743704505, 35.8795400773827 ], [ -79.065413982494306, 35.879538786358303 ], [ -79.065373717979298, 35.879533814670303 ], [ -79.065341017506796, 35.8795341954213 ], [ -79.065326679652401, 35.879533796608897 ], [ -79.065319503110899, 35.879533768004997 ], [ -79.065305135909, 35.879534055104997 ], [ -79.065290754586499, 35.879534684710002 ], [ -79.065283979381306, 35.879535183157302 ], [ -79.065269568711003, 35.879536499576098 ], [ -79.065262356316197, 35.879537329939403 ], [ -79.065257616744503, 35.879537917427498 ], [ -79.065255565883106, 35.879538171793598 ], [ -79.065248345873897, 35.879539173409697 ], [ -79.065227509142304, 35.879542715898999 ], [ -79.065220267397294, 35.879544231273599 ], [ -79.065208551190807, 35.879546856753599 ], [ -79.065206628940203, 35.879547287707602 ], [ -79.0652007615423, 35.879548748267503 ], [ -79.065192974146896, 35.879550687549198 ], [ -79.065186141349798, 35.879552557820503 ], [ -79.065179299832195, 35.8795546011482 ], [ -79.065172880275497, 35.879556655065699 ], [ -79.065166032250403, 35.879558869645599 ], [ -79.065159605079501, 35.879561095717399 ], [ -79.065152749440003, 35.879563482451402 ], [ -79.065146315761595, 35.879565879775399 ], [ -79.0651334331763, 35.8795710187322 ], [ -79.0651274062309, 35.879573770955403 ], [ -79.065120958430398, 35.879576511685997 ], [ -79.065114924978602, 35.8795794369641 ], [ -79.065106697590096, 35.879583733409 ], [ -79.065079647497797, 35.879597858802697 ], [ -79.065079124906603, 35.879598036640203 ], [ -79.065078614487604, 35.879598201852801 ], [ -79.065078100741005, 35.879598360758003 ], [ -79.065077582558004, 35.879598511553802 ], [ -79.065077062153406, 35.879598654238897 ], [ -79.065076538421295, 35.879598790616598 ], [ -79.065076012468396, 35.879598919785003 ], [ -79.065075483186504, 35.879599040843303 ], [ -79.065074951683798, 35.879599154692301 ], [ -79.065074416852198, 35.879599260431299 ], [ -79.065073880907207, 35.879599358960398 ], [ -79.065073342740703, 35.879599449378802 ], [ -79.065041134489704, 35.879622491502197 ], [ -79.065012616570797, 35.879648531220099 ], [ -79.064988211736093, 35.8796771843502 ], [ -79.064968281795501, 35.879708026183799 ], [ -79.064953120977805, 35.879740600501997 ], [ -79.064942953720902, 35.879774424984397 ], [ -79.064941029645695, 35.879789127325999 ], [ -79.064936835365998, 35.879816420416802 ], [ -79.064935996011997, 35.8798220865175 ], [ -79.064935156797006, 35.879827925670099 ], [ -79.064933903904006, 35.879845439750703 ], [ -79.064933922672907, 35.879868790958596 ], [ -79.064934350288496, 35.879874456384698 ], [ -79.064934775827595, 35.8798802939626 ], [ -79.0649356244285, 35.879886131315303 ], [ -79.064935762165604, 35.879888016788797 ], [ -79.064936052182802, 35.879891968891897 ], [ -79.064936900784005, 35.8798978062446 ], [ -79.064938170094607, 35.8799034721238 ], [ -79.064939018695398, 35.879909308575101 ], [ -79.064940290221301, 35.879914974453001 ], [ -79.064941560777598, 35.879920811581002 ], [ -79.064942831196504, 35.879926477459399 ], [ -79.064947908316498, 35.879943472618102 ], [ -79.064950022507105, 35.879948965896403 ], [ -79.064952136835601, 35.879954630424002 ], [ -79.064956365218293, 35.8799656169804 ], [ -79.064961437511698, 35.879976603087101 ], [ -79.064964396028401, 35.879982611466403 ], [ -79.065040470930995, 35.880134008628197 ], [ -79.065040893991807, 35.8801353811022 ], [ -79.065041739008905, 35.880136754252497 ], [ -79.065042585132105, 35.8801395010032 ], [ -79.065042586376606, 35.880141046754197 ], [ -79.065043009438199, 35.880142420129502 ], [ -79.065043009546301, 35.880142554425099 ], [ -79.065043011788603, 35.880145339480897 ], [ -79.065042590938802, 35.880146713306303 ], [ -79.065042592044705, 35.880148086906601 ], [ -79.065042171333502, 35.880149632882599 ], [ -79.065040487933999, 35.880155128183901 ], [ -79.065039644712598, 35.880155985782103 ], [ -79.065039223725506, 35.8801571892594 ], [ -79.065038380504006, 35.880158046857602 ], [ -79.065036694616694, 35.8801604524594 ], [ -79.065035429716602, 35.880161654584001 ], [ -79.065034163571795, 35.880162686360997 ], [ -79.065033320488695, 35.880163716109898 ], [ -79.065032056558806, 35.8801647478858 ], [ -79.065030369564099, 35.880165778084603 ], [ -79.065027839211993, 35.880167497335997 ], [ -79.065026572651306, 35.880168012660903 ], [ -79.065025308444106, 35.8801687001353 ], [ -79.065023621034996, 35.880169215684496 ], [ -79.065021933764399, 35.880169903384498 ], [ -79.065014089336699, 35.880172615109899 ], [ -79.064830316992001, 35.880236135609401 ], [ -79.064748560953205, 35.880264394635702 ], [ -79.064663978197203, 35.880293630326101 ], [ -79.064578782742402, 35.880318470578899 ], [ -79.064578153989302, 35.880317467750601 ], [ -79.064398451438905, 35.879959140347502 ], [ -79.064391351089, 35.879944980863499 ], [ -79.064337822723203, 35.8799089430698 ], [ -79.064263429155702, 35.879858857566298 ], [ -79.064228192840801, 35.8798584119494 ], [ -79.063983034884799, 35.879855312291802 ], [ -79.063937660491803, 35.879854738514197 ], [ -79.063793938739806, 35.879852921008897 ], [ -79.063791405468606, 35.879856574454202 ], [ -79.063647761900697, 35.880015846604998 ], [ -79.063413732860596, 35.880347341599801 ], [ -79.063158771131498, 35.880708498332602 ], [ -79.063139649601794, 35.880739056424801 ], [ -79.063134045985805, 35.8807480120647 ], [ -79.063088780089402, 35.880820349607603 ], [ -79.0630040519099, 35.880955750737598 ], [ -79.062986327407401, 35.880945855366598 ], [ -79.062729602373395, 35.880802527525702 ], [ -79.062706175843999, 35.880788927946497 ], [ -79.062719093464295, 35.880771406095 ], [ -79.062754159973196, 35.880723840207501 ], [ -79.062886925766094, 35.880543750828899 ], [ -79.0628909207352, 35.880538332780503 ], [ -79.062911175865693, 35.880514209513997 ], [ -79.063159727881796, 35.880218189970599 ], [ -79.0633043040215, 35.880046003009298 ] ] ] } },
{ "type": "Feature", "properties": { "OBJECTID": 7, "Id": 0, "NAME": "South Columbia Gateway", "Area": 21.74282187, "Shape__Area": 134501.6015625, "Shape__Length": 1308.1248174128 }, "geometry": { "type": "Polygon", "coordinates": [ [ [ -79.058289543292403, 35.896547172424803 ], [ -79.058130760578806, 35.896490469412498 ], [ -79.058005474496895, 35.896494049551698 ], [ -79.057877522562407, 35.8964905150034 ], [ -79.057750175863603, 35.896479806527502 ], [ -79.0577307023988, 35.896477053236097 ], [ -79.057624040391701, 35.896461973411299 ], [ -79.057499717732796, 35.896437102801897 ], [ -79.057485022219495, 35.8964332710581 ], [ -79.057377799523294, 35.896405312497599 ], [ -79.057310261887494, 35.8963834163294 ], [ -79.057299583241601, 35.896379954014897 ], [ -79.0572698906726, 35.896370327570502 ], [ -79.057266178963502, 35.896369124264503 ], [ -79.057258867450699, 35.896366753652003 ], [ -79.057223868255605, 35.896353059381703 ], [ -79.057143488822703, 35.896321610776099 ], [ -79.057032213240205, 35.896270098133797 ], [ -79.056925570383299, 35.8962124615459 ], [ -79.056824067793102, 35.8961489756866 ], [ -79.056728191978607, 35.896079943181597 ], [ -79.056638397338105, 35.896005692809901 ], [ -79.056555112805199, 35.895926579501101 ], [ -79.056478734091499, 35.895842978930197 ], [ -79.056409627010297, 35.8957552893187 ], [ -79.056373512571696, 35.895701646650402 ], [ -79.056348119722699, 35.895663929635099 ], [ -79.056294504949193, 35.895569335087202 ], [ -79.056249038862305, 35.895471956221002 ], [ -79.056248879052703, 35.895471525469397 ], [ -79.0562479557138, 35.895469044594499 ], [ -79.056246107927095, 35.895464081042398 ], [ -79.056211938870305, 35.895372257118503 ], [ -79.056183380292893, 35.895270712695698 ], [ -79.056163499683606, 35.895167806898101 ], [ -79.056152391505606, 35.895064029997599 ], [ -79.056150109239596, 35.894959877691498 ], [ -79.056156664272393, 35.894855844793099 ], [ -79.056172023684596, 35.894752427936901 ], [ -79.056196114676993, 35.894650119267403 ], [ -79.056211462128701, 35.894602862016697 ], [ -79.056212001526504, 35.894601199755797 ], [ -79.056228823465403, 35.894549407341103 ], [ -79.056269993061207, 35.894450771719498 ], [ -79.056272445492795, 35.894446004470403 ], [ -79.056291193258005, 35.894409564941903 ], [ -79.0563194288099, 35.8943546811646 ], [ -79.056376892854402, 35.894261595443602 ], [ -79.056442112991505, 35.894171957213899 ], [ -79.056514777135106, 35.894086193828002 ], [ -79.056594541068307, 35.894004714626597 ], [ -79.056681021795001, 35.8939279064357 ], [ -79.056773809726096, 35.893856136264198 ], [ -79.056872462028906, 35.893789744999403 ], [ -79.056976507060796, 35.893729051009501 ], [ -79.0570854510092, 35.893674342029598 ], [ -79.057198773463199, 35.893625878769001 ], [ -79.057315935165505, 35.893583893105699 ], [ -79.057436378009001, 35.893548583579403 ], [ -79.057559526147202, 35.893520119898398 ], [ -79.057684795958593, 35.893498637527003 ], [ -79.057793339662794, 35.893486311233602 ], [ -79.0578115871851, 35.893484238591199 ], [ -79.057939297330805, 35.893476990970598 ], [ -79.058067318339496, 35.8934769301028 ], [ -79.058195039914693, 35.893484056278098 ], [ -79.0582283272513, 35.893487804259301 ], [ -79.058321851733993, 35.893498334637997 ], [ -79.0584331417664, 35.893517308908699 ], [ -79.058447151204604, 35.893519697875902 ], [ -79.0585703412454, 35.8935480444351 ], [ -79.058690833609901, 35.8935832394085 ], [ -79.058692871162606, 35.8935839675868 ], [ -79.058808055531401, 35.893625113633803 ], [ -79.058921448617994, 35.893673469102097 ], [ -79.059030469956895, 35.893728074450202 ], [ -79.059134603193698, 35.8937886694615 ], [ -79.059190386960097, 35.893826121519098 ], [ -79.059233350780104, 35.893854966872297 ], [ -79.059235679341398, 35.893856763852099 ], [ -79.0593262406164, 35.893926648763099 ], [ -79.059412832703998, 35.894003374666397 ], [ -79.059492712496294, 35.894084777964899 ], [ -79.059565500872296, 35.894170472195299 ], [ -79.059625773567504, 35.894253090924103 ], [ -79.059630849704902, 35.894260048345899 ], [ -79.059637989523296, 35.894271580701101 ], [ -79.059688447402095, 35.894353079360698 ], [ -79.059736074337494, 35.8944453527211 ], [ -79.059736813119102, 35.894446784538196 ], [ -79.059737168089001, 35.894447472062602 ], [ -79.059738020017306, 35.894449122842097 ], [ -79.059779332356399, 35.894547719247598 ], [ -79.059812184660998, 35.8946484000029 ], [ -79.059836423684999, 35.894750685693801 ], [ -79.059851931618994, 35.894854087874201 ], [ -79.059858634957394, 35.894958114468999 ], [ -79.059856503390506, 35.895062268873701 ], [ -79.059845544271298, 35.895166056266099 ], [ -79.059825811476301, 35.895268980898102 ], [ -79.059824735423703, 35.895272829109601 ], [ -79.059797398764303, 35.895370552407996 ], [ -79.059760440886095, 35.895470286721398 ], [ -79.059715115802106, 35.895567708754498 ], [ -79.059661636930699, 35.8956623542202 ], [ -79.059600260904901, 35.895753772328803 ], [ -79.059531279819794, 35.895841527594499 ], [ -79.059484848864301, 35.895892472329997 ], [ -79.059456968127407, 35.8959230645901 ], [ -79.059455021234299, 35.895925200736997 ], [ -79.059371850389695, 35.896004393187198 ], [ -79.0593276595975, 35.896041019496202 ], [ -79.059282162457507, 35.896078728893997 ], [ -79.059186384753403, 35.896147852520997 ], [ -79.059084974526598, 35.896211434855402 ], [ -79.058978414527502, 35.896269172810797 ], [ -79.058867213010203, 35.896320791230004 ], [ -79.0587518993011, 35.896366043788802 ], [ -79.058633022693101, 35.896404715700697 ], [ -79.058622860197303, 35.896407375836503 ], [ -79.058622633158294, 35.896407435431897 ], [ -79.058573878421797, 35.896420199733697 ], [ -79.058517866163399, 35.896434863848498 ], [ -79.058516820674797, 35.896435137446097 ], [ -79.058512098256102, 35.896436373601198 ], [ -79.058511150228497, 35.896436621915498 ], [ -79.058387386144901, 35.896461505924698 ], [ -79.058386863377095, 35.896461610726497 ], [ -79.058345731337496, 35.896467466371099 ], [ -79.058331663710902, 35.896492577218297 ], [ -79.058294805214103, 35.8965490518409 ], [ -79.058289543292403, 35.896547172424803 ] ] ] } },
{ "type": "Feature", "properties": { "OBJECTID": 8, "Id": 0, "NAME": "Downtown", "Area": 156.5123729, "Shape__Area": 666334.23828125, "Shape__Length": 4865.5345314507604 }, "geometry": { "type": "Polygon", "coordinates": [ [ [ -79.053546494272496, 35.915602156301603 ], [ -79.053356221595394, 35.9152717594935 ], [ -79.053189547512204, 35.915335787698702 ], [ -79.053075861078895, 35.915379461084299 ], [ -79.053074993750201, 35.915379794041797 ], [ -79.052643828690606, 35.9155454254769 ], [ -79.052577590257499, 35.915429722442298 ], [ -79.052575679035598, 35.915426384845702 ], [ -79.052412662210202, 35.915141632026298 ], [ -79.052408693250499, 35.915127680683902 ], [ -79.052401349772097, 35.915112596051998 ], [ -79.052362084079505, 35.915047423577697 ], [ -79.052331111687494, 35.914996014912703 ], [ -79.052157354724898, 35.914695665684697 ], [ -79.052051036211296, 35.914510068192001 ], [ -79.054459214363703, 35.913594548335801 ], [ -79.054415872695301, 35.913521155726798 ], [ -79.054477062848903, 35.913495028522803 ], [ -79.054425504733402, 35.913406971793798 ], [ -79.054369539780097, 35.9133081049848 ], [ -79.054365067204103, 35.913300203460103 ], [ -79.054351355870395, 35.913276492706402 ], [ -79.054296180062707, 35.9131810774944 ], [ -79.054288571409401, 35.913167344134997 ], [ -79.054256453437105, 35.913113446134801 ], [ -79.054261403608194, 35.913111589053997 ], [ -79.0545573544847, 35.913000501398002 ], [ -79.054635849092705, 35.912970932410097 ], [ -79.054744412114403, 35.912931467107498 ], [ -79.054751432541707, 35.912928915075298 ], [ -79.054886866443397, 35.912879681891098 ], [ -79.055036040127504, 35.912822811033998 ], [ -79.055048605376896, 35.912818020352901 ], [ -79.055062036812103, 35.912812900304303 ], [ -79.055065803949105, 35.912811463731401 ], [ -79.055114916286001, 35.912792740439698 ], [ -79.055343712196404, 35.912705515211897 ], [ -79.055461727002594, 35.912660523602298 ], [ -79.055450523787101, 35.912641584221902 ], [ -79.055411970345503, 35.912576407838799 ], [ -79.055390958263203, 35.912540885338998 ], [ -79.054321876675601, 35.910733527830203 ], [ -79.055890658021198, 35.9101380639434 ], [ -79.058152263009802, 35.909279572984701 ], [ -79.058167760311093, 35.909305807947 ], [ -79.058203594602205, 35.909366472910598 ], [ -79.058225573454095, 35.909406982318998 ], [ -79.058289395004294, 35.909520615209303 ], [ -79.0583798373397, 35.909674068425197 ], [ -79.0584330900396, 35.909766415701 ], [ -79.0584711305696, 35.909834732484804 ], [ -79.058501561731006, 35.909888802399003 ], [ -79.058572565192506, 35.910011187837902 ], [ -79.058613986695704, 35.910081744488998 ], [ -79.058644414202107, 35.910133572823803 ], [ -79.058673997624197, 35.910182492149502 ], [ -79.0588305590842, 35.910124297138601 ], [ -79.059381687389205, 35.909919437971901 ], [ -79.059386048332698, 35.909927288002798 ], [ -79.059443397407605, 35.910030495341402 ], [ -79.059455388769294, 35.910052241548797 ], [ -79.059467913751007, 35.910074952790701 ], [ -79.059813535720593, 35.909957679346803 ], [ -79.059896818611193, 35.910127274559301 ], [ -79.0598990599524, 35.9101318169281 ], [ -79.060054227837398, 35.910075169468399 ], [ -79.060626454120097, 35.909866262759799 ], [ -79.060665501414803, 35.909851980229803 ], [ -79.060737860819899, 35.909825512615697 ], [ -79.060888936035099, 35.909770319025803 ], [ -79.060930127084106, 35.909754643728597 ], [ -79.061016798804005, 35.909721662292398 ], [ -79.061069968266096, 35.909701374396498 ], [ -79.061239183914196, 35.909634667054704 ], [ -79.061278428529107, 35.909619364854301 ], [ -79.061451708051294, 35.909551785417001 ], [ -79.061485622956894, 35.909538558831002 ], [ -79.061580151931494, 35.909506230082599 ], [ -79.0615890119726, 35.909502104852102 ], [ -79.061589433689207, 35.909501589995102 ], [ -79.061632898608394, 35.909485427508798 ], [ -79.061868831029301, 35.909389954724197 ], [ -79.061882709780093, 35.909384337974302 ], [ -79.061850852396105, 35.909329612565102 ], [ -79.061840443315603, 35.909311731475199 ], [ -79.062446827929904, 35.9090739517316 ], [ -79.062571013750699, 35.9090252546792 ], [ -79.062986329412595, 35.908862234042701 ], [ -79.063014279318296, 35.908910595276303 ], [ -79.063016391389695, 35.9089097298355 ], [ -79.063344275803601, 35.908775382101503 ], [ -79.063431083050205, 35.908739813928598 ], [ -79.0634385269571, 35.908752517537998 ], [ -79.063452449730207, 35.908776416474701 ], [ -79.063633924312299, 35.908705022547601 ], [ -79.063664377339904, 35.908693041857198 ], [ -79.064087123706898, 35.9085267265204 ], [ -79.064104876334994, 35.908557279500599 ], [ -79.064424727307895, 35.908428158823398 ], [ -79.064491809084998, 35.908401077966701 ], [ -79.064550899331294, 35.9085191229114 ], [ -79.064581791089495, 35.908580835049598 ], [ -79.064895464011798, 35.909207454939398 ], [ -79.065184629808101, 35.909785105650798 ], [ -79.065787911908501, 35.911002925402698 ], [ -79.065894714880301, 35.910995626707198 ], [ -79.065900880573906, 35.911069093078403 ], [ -79.065913608045605, 35.911220738512199 ], [ -79.065930922686405, 35.911427051776698 ], [ -79.065753889846206, 35.911440958863302 ], [ -79.065754788363805, 35.911536193626198 ], [ -79.065331828848699, 35.911541923263698 ], [ -79.065293623221095, 35.911542052770599 ], [ -79.065281884662696, 35.911541955401297 ], [ -79.065281885838402, 35.911542039221899 ], [ -79.065234559614098, 35.911541987019604 ], [ -79.065235242347001, 35.911639673441002 ], [ -79.065146181756404, 35.911648132878298 ], [ -79.064980723170805, 35.911663851490701 ], [ -79.064851142001004, 35.911676113248298 ], [ -79.064789110507505, 35.911682008271903 ], [ -79.064654870836193, 35.911694764405503 ], [ -79.064377135342596, 35.911721180613199 ], [ -79.064179175616701, 35.911740009452402 ], [ -79.064176643775596, 35.911725787327697 ], [ -79.064077020478194, 35.911737661166804 ], [ -79.064060955986406, 35.911743851635897 ], [ -79.063890078999506, 35.911809704766398 ], [ -79.0637360516656, 35.911869195574397 ], [ -79.0635866659578, 35.911926795539301 ], [ -79.063457117037501, 35.911976672560101 ], [ -79.0634486671769, 35.911979924347001 ], [ -79.063448365912905, 35.911980043475502 ], [ -79.0634484114656, 35.911980205686298 ], [ -79.063448664790002, 35.9119811167714 ], [ -79.063483815533502, 35.912107160063201 ], [ -79.0634847099425, 35.9121103682347 ], [ -79.063467502340202, 35.912117063948799 ], [ -79.063447521314799, 35.912124838159102 ], [ -79.063223720276994, 35.912211914683802 ], [ -79.063063506083097, 35.912274250546602 ], [ -79.063019504736701, 35.912145500595201 ], [ -79.0629457162959, 35.912173934214202 ], [ -79.062817790353705, 35.9122232148545 ], [ -79.062516062168299, 35.912339616187602 ], [ -79.062515421625406, 35.9123293975493 ], [ -79.062467919537397, 35.912346078845303 ], [ -79.062456635072095, 35.9121639899885 ], [ -79.062406610660403, 35.912182569794403 ], [ -79.062391655611705, 35.912188124057003 ], [ -79.062234855647802, 35.9122463615683 ], [ -79.062049174368497, 35.912315482371604 ], [ -79.061964773585601, 35.912346775215802 ], [ -79.061955041512107, 35.912349726514897 ], [ -79.061875908847895, 35.912373719678399 ], [ -79.061809877787496, 35.912393740424299 ], [ -79.061777782836103, 35.912407957597203 ], [ -79.061784361429105, 35.912414748283702 ], [ -79.061998766730099, 35.912636068787599 ], [ -79.061999189514395, 35.912636926612599 ], [ -79.061987287390494, 35.912641895229598 ], [ -79.0614674812347, 35.912858868187797 ], [ -79.061413820403203, 35.912773229133997 ], [ -79.060950573399793, 35.912966418483101 ], [ -79.060938559960107, 35.912947354731699 ], [ -79.060885308211596, 35.912862852687503 ], [ -79.060875568807802, 35.912847396608498 ], [ -79.060832723343594, 35.912863371925802 ], [ -79.060733038511799, 35.912900539006898 ], [ -79.060686510105, 35.912917886986101 ], [ -79.060591045231504, 35.912953480882102 ], [ -79.060672709135901, 35.913082508575897 ], [ -79.060859682968399, 35.913377924479803 ], [ -79.060873003114295, 35.913398969547202 ], [ -79.060917230975207, 35.913468848855302 ], [ -79.060941638363204, 35.9135074132951 ], [ -79.060890207998398, 35.913524672764403 ], [ -79.060802863502303, 35.913553985197296 ], [ -79.060575815638003, 35.913627292849597 ], [ -79.060510281168604, 35.913656806950499 ], [ -79.060304343862796, 35.913749552818501 ], [ -79.060208547536803, 35.913784972616298 ], [ -79.060107109369198, 35.913616416073403 ], [ -79.060059945330707, 35.913538119760702 ], [ -79.059972282317702, 35.913392590885898 ], [ -79.059965500181804, 35.913395085417697 ], [ -79.059616523663095, 35.913523435072896 ], [ -79.059616500367397, 35.913523396328301 ], [ -79.059506634606393, 35.913341490598199 ], [ -79.059448479658599, 35.913364462488097 ], [ -79.059378510696206, 35.913392099830901 ], [ -79.059123532848105, 35.9134928152491 ], [ -79.059031607042101, 35.913529125441102 ], [ -79.058951273658096, 35.913560856757499 ], [ -79.058851501179603, 35.913600229622098 ], [ -79.058855905142295, 35.913607615470099 ], [ -79.058824234336697, 35.913619890250303 ], [ -79.0587628730907, 35.9136435744838 ], [ -79.0586767337944, 35.913676822600998 ], [ -79.058602757485104, 35.913705375342502 ], [ -79.058592274725001, 35.913709420912703 ], [ -79.058537200262606, 35.913730565749603 ], [ -79.058524605195402, 35.913735400966402 ], [ -79.058447087285899, 35.913764844896299 ], [ -79.058363181001297, 35.913797579781502 ], [ -79.058291935693106, 35.913824745725996 ], [ -79.058209385764201, 35.913856415419197 ], [ -79.058139977292001, 35.913885043211103 ], [ -79.058139230755401, 35.913885359022402 ], [ -79.058062609899395, 35.913917733312502 ], [ -79.057997532024302, 35.913941299954899 ], [ -79.057987315980597, 35.913945010061703 ], [ -79.057908413266006, 35.913973663863302 ], [ -79.057903199984096, 35.913973201265399 ], [ -79.057902619375895, 35.913973149265502 ], [ -79.057752813610705, 35.914029411917902 ], [ -79.057747868091397, 35.914020697768599 ], [ -79.057688720304995, 35.914043354729202 ], [ -79.057579827547499, 35.914085067031998 ], [ -79.057427063586701, 35.914143583932201 ], [ -79.057274298296704, 35.914202100640402 ], [ -79.057197916123002, 35.9142313593727 ], [ -79.057204993763094, 35.914243830972197 ], [ -79.057048876199502, 35.9143081515478 ], [ -79.0569032329946, 35.914362903325902 ], [ -79.056793644345504, 35.914404102405697 ], [ -79.056735462714201, 35.914425975219999 ], [ -79.056709488879804, 35.914435739377303 ], [ -79.056594284782705, 35.914481572675498 ], [ -79.056593917037802, 35.914481715251704 ], [ -79.056570535335496, 35.9144908012996 ], [ -79.056404012138501, 35.914555512525602 ], [ -79.056403931278297, 35.9145555432072 ], [ -79.056437151770993, 35.914614627095197 ], [ -79.056471670251995, 35.914676021309603 ], [ -79.056472004164107, 35.914676612408897 ], [ -79.056471582141398, 35.914676774838497 ], [ -79.0563762304308, 35.914713458638701 ], [ -79.056292554617102, 35.914745650299203 ], [ -79.056258047269296, 35.914758926161099 ], [ -79.056214444799394, 35.914775701450601 ], [ -79.056122998517296, 35.9148108825853 ], [ -79.056054197474495, 35.914837343974398 ], [ -79.056034775482502, 35.914844809361803 ], [ -79.055986057647502, 35.914863519308398 ], [ -79.055835629478395, 35.914921294960799 ], [ -79.055653278855502, 35.914991328268499 ], [ -79.055621633527906, 35.915003480523502 ], [ -79.0555326723251, 35.915037645214497 ], [ -79.055485732090801, 35.9150556772736 ], [ -79.055493322564303, 35.915068197405603 ], [ -79.055498631348001, 35.915076952036102 ], [ -79.055506440346804, 35.915089836193602 ], [ -79.055451458552298, 35.915111328387702 ], [ -79.055409223891502, 35.915127836881801 ], [ -79.055361536110794, 35.915146477610399 ], [ -79.055317830399503, 35.915163538336401 ], [ -79.055289822721406, 35.915174483815498 ], [ -79.055215722238898, 35.915203434720901 ], [ -79.055014431022798, 35.915282110101899 ], [ -79.054992363766502, 35.915290734686998 ], [ -79.054986664737697, 35.9152929616669 ], [ -79.054609177876998, 35.9154404867366 ], [ -79.054470006878503, 35.915494874873097 ], [ -79.054404108252896, 35.915520628310198 ], [ -79.054360864209798, 35.915448879663401 ], [ -79.054285096911897, 35.915323160225299 ], [ -79.054255380979299, 35.915273750580802 ], [ -79.053894966620007, 35.915412648508202 ], [ -79.053919054319394, 35.915452813373399 ], [ -79.053848415573199, 35.9154818304145 ], [ -79.053670905756803, 35.915554745475902 ], [ -79.053546494272496, 35.915602156301603 ] ] ] } }
]
}
